ISO-10303-21;
HEADER;
/* Generated by software containing ST-Developer
 * from STEP Tools, Inc. (www.steptools.com) 
 */

FILE_DESCRIPTION(
/* description */ (''),
/* implementation_level */ '2;1');

FILE_NAME(
/* name */ '',
/* time_stamp */ '2026-07-21T20:47:42+08:00',
/* author */ (''),
/* organization */ (''),
/* preprocessor_version */ 'ST-DEVELOPER v20.1',
/* originating_system */ 'Autodesk Translation Framework v15.8.0.0',
/* authorisation */ '');

FILE_SCHEMA (('AUTOMOTIVE_DESIGN { 1 0 10303 214 3 1 1 }'));
ENDSEC;

DATA;
#10=MECHANICAL_DESIGN_GEOMETRIC_PRESENTATION_REPRESENTATION('',(#315,#316,
#317,#318,#319,#320,#321,#322,#323,#324,#325,#326,#327,#328),#9524);
#11=ITEM_DEFINED_TRANSFORMATION($,$,#3608,#3836);
#12=ITEM_DEFINED_TRANSFORMATION($,$,#3622,#3837);
#13=ITEM_DEFINED_TRANSFORMATION($,$,#3635,#3838);
#14=ITEM_DEFINED_TRANSFORMATION($,$,#3669,#3839);
#15=ITEM_DEFINED_TRANSFORMATION($,$,#3686,#3840);
#16=ITEM_DEFINED_TRANSFORMATION($,$,#3711,#3841);
#17=ITEM_DEFINED_TRANSFORMATION($,$,#3774,#3842);
#18=(
REPRESENTATION_RELATIONSHIP($,$,#9553,#9552)
REPRESENTATION_RELATIONSHIP_WITH_TRANSFORMATION(#11)
SHAPE_REPRESENTATION_RELATIONSHIP()
);
#19=(
REPRESENTATION_RELATIONSHIP($,$,#9554,#9552)
REPRESENTATION_RELATIONSHIP_WITH_TRANSFORMATION(#12)
SHAPE_REPRESENTATION_RELATIONSHIP()
);
#20=(
REPRESENTATION_RELATIONSHIP($,$,#9555,#9552)
REPRESENTATION_RELATIONSHIP_WITH_TRANSFORMATION(#13)
SHAPE_REPRESENTATION_RELATIONSHIP()
);
#21=(
REPRESENTATION_RELATIONSHIP($,$,#9556,#9552)
REPRESENTATION_RELATIONSHIP_WITH_TRANSFORMATION(#14)
SHAPE_REPRESENTATION_RELATIONSHIP()
);
#22=(
REPRESENTATION_RELATIONSHIP($,$,#9557,#9552)
REPRESENTATION_RELATIONSHIP_WITH_TRANSFORMATION(#15)
SHAPE_REPRESENTATION_RELATIONSHIP()
);
#23=(
REPRESENTATION_RELATIONSHIP($,$,#9558,#9552)
REPRESENTATION_RELATIONSHIP_WITH_TRANSFORMATION(#16)
SHAPE_REPRESENTATION_RELATIONSHIP()
);
#24=(
REPRESENTATION_RELATIONSHIP($,$,#9559,#9552)
REPRESENTATION_RELATIONSHIP_WITH_TRANSFORMATION(#17)
SHAPE_REPRESENTATION_RELATIONSHIP()
);
#25=CONTEXT_DEPENDENT_SHAPE_REPRESENTATION(#18,#9545);
#26=CONTEXT_DEPENDENT_SHAPE_REPRESENTATION(#19,#9546);
#27=CONTEXT_DEPENDENT_SHAPE_REPRESENTATION(#20,#9547);
#28=CONTEXT_DEPENDENT_SHAPE_REPRESENTATION(#21,#9548);
#29=CONTEXT_DEPENDENT_SHAPE_REPRESENTATION(#22,#9549);
#30=CONTEXT_DEPENDENT_SHAPE_REPRESENTATION(#23,#9550);
#31=CONTEXT_DEPENDENT_SHAPE_REPRESENTATION(#24,#9551);
#32=NEXT_ASSEMBLY_USAGE_OCCURRENCE('\X2\96F690E84EF6\X0\1:1',
'\X2\96F690E84EF6\X0\1:1','\X2\96F690E84EF6\X0\1:1',#9561,#9562,
'\X2\96F690E84EF6\X0\1:1');
#33=NEXT_ASSEMBLY_USAGE_OCCURRENCE('\X2\96F690E84EF6\X0\2:1',
'\X2\96F690E84EF6\X0\2:1','\X2\96F690E84EF6\X0\2:1',#9561,#9563,
'\X2\96F690E84EF6\X0\2:1');
#34=NEXT_ASSEMBLY_USAGE_OCCURRENCE('\X2\96F690E84EF6\X0\3:1',
'\X2\96F690E84EF6\X0\3:1','\X2\96F690E84EF6\X0\3:1',#9561,#9564,
'\X2\96F690E84EF6\X0\3:1');
#35=NEXT_ASSEMBLY_USAGE_OCCURRENCE('\X2\96F690E84EF6\X0\4:1',
'\X2\96F690E84EF6\X0\4:1','\X2\96F690E84EF6\X0\4:1',#9561,#9565,
'\X2\96F690E84EF6\X0\4:1');
#36=NEXT_ASSEMBLY_USAGE_OCCURRENCE('\X2\96F690E84EF6\X0\5:1',
'\X2\96F690E84EF6\X0\5:1','\X2\96F690E84EF6\X0\5:1',#9561,#9566,
'\X2\96F690E84EF6\X0\5:1');
#37=NEXT_ASSEMBLY_USAGE_OCCURRENCE('\X2\96F690E84EF6\X0\6:1',
'\X2\96F690E84EF6\X0\6:1','\X2\96F690E84EF6\X0\6:1',#9561,#9567,
'\X2\96F690E84EF6\X0\6:1');
#38=NEXT_ASSEMBLY_USAGE_OCCURRENCE('\X2\96F690E84EF6\X0\7:1',
'\X2\96F690E84EF6\X0\7:1','\X2\96F690E84EF6\X0\7:1',#9561,#9568,
'\X2\96F690E84EF6\X0\7:1');
#39=B_SPLINE_CURVE_WITH_KNOTS('',3,(#4575,#4576,#4577,#4578,#4579,#4580,
#4581,#4582,#4583,#4584,#4585,#4586,#4587,#4588,#4589,#4590,#4591,#4592,
#4593,#4594,#4595,#4596,#4597,#4598,#4599,#4600),.UNSPECIFIED.,.F.,.F.,
(4,2,2,2,2,2,2,2,2,2,2,2,4),(0.,0.0753612869151763,0.150722573830353,0.226083315804909,
0.301444057779465,0.376805907806138,0.452167757832811,0.527529157022814,
0.602890556212818,0.678251955402821,0.753613354592824,0.828975204619497,
0.90433705464617),.UNSPECIFIED.);
#40=B_SPLINE_CURVE_WITH_KNOTS('',3,(#4601,#4602,#4603,#4604,#4605,#4606,
#4607,#4608,#4609,#4610),.UNSPECIFIED.,.F.,.F.,(4,2,2,2,4),(0.90433705464617,
0.979697796620726,1.05505853859528,1.13041982551046,1.20578111242564),
 .UNSPECIFIED.);
#41=B_SPLINE_CURVE_WITH_KNOTS('',3,(#4614,#4615,#4616,#4617,#4618,#4619,
#4620,#4621,#4622,#4623),.UNSPECIFIED.,.F.,.F.,(4,2,2,2,4),(0.,0.0753648429776055,
0.150729685955211,0.226093894796915,0.30145810363862),.UNSPECIFIED.);
#42=B_SPLINE_CURVE_WITH_KNOTS('',3,(#4624,#4625,#4626,#4627,#4628,#4629,
#4630,#4631,#4632,#4633,#4634,#4635,#4636,#4637,#4638,#4639,#4640,#4641,
#4642,#4643,#4644,#4645,#4646,#4647,#4648,#4649),.UNSPECIFIED.,.F.,.F.,
(4,2,2,2,2,2,2,2,2,2,2,2,4),(0.30145810363862,0.3768235848157,0.452189065992781,
0.52755403827062,0.602919010548459,0.678283982826298,0.753648955104137,
0.829014436281217,0.904379917458298,0.979744126300002,1.05510833514171,
1.13047317811931,1.20583802109692),.UNSPECIFIED.);
#43=B_SPLINE_CURVE_WITH_KNOTS('',3,(#4653,#4654,#4655,#4656,#4657,#4658,
#4659,#4660,#4661,#4662,#4663,#4664,#4665,#4666,#4667,#4668,#4669,#4670,
#4671,#4672,#4673,#4674,#4675,#4676,#4677,#4678),.UNSPECIFIED.,.F.,.F.,
(4,2,2,2,2,2,2,2,2,2,2,2,4),(0.,0.0753648429776055,0.150729685955211,0.226093894796915,
0.30145810363862,0.3768235848157,0.452189065992781,0.52755403827062,0.602919010548459,
0.678283982826297,0.753648955104136,0.829014436281217,0.904379917458298),
 .UNSPECIFIED.);
#44=B_SPLINE_CURVE_WITH_KNOTS('',3,(#4679,#4680,#4681,#4682,#4683,#4684,
#4685,#4686,#4687,#4688),.UNSPECIFIED.,.F.,.F.,(4,2,2,2,4),(0.904379917458298,
0.979744126300002,1.05510833514171,1.13047317811931,1.20583802109692),
 .UNSPECIFIED.);
#45=B_SPLINE_CURVE_WITH_KNOTS('',3,(#4692,#4693,#4694,#4695,#4696,#4697,
#4698,#4699,#4700,#4701),.UNSPECIFIED.,.F.,.F.,(4,2,2,2,4),(0.,0.0753612869151763,
0.150722573830353,0.226083315804909,0.301444057779465),.UNSPECIFIED.);
#46=B_SPLINE_CURVE_WITH_KNOTS('',3,(#4702,#4703,#4704,#4705,#4706,#4707,
#4708,#4709,#4710,#4711,#4712,#4713,#4714,#4715,#4716,#4717,#4718,#4719,
#4720,#4721,#4722,#4723,#4724,#4725,#4726,#4727),.UNSPECIFIED.,.F.,.F.,
(4,2,2,2,2,2,2,2,2,2,2,2,4),(0.301444057779465,0.376805907806138,0.452167757832811,
0.527529157022814,0.602890556212818,0.678251955402821,0.753613354592824,
0.828975204619497,0.90433705464617,0.979697796620726,1.05505853859528,1.13041982551046,
1.20578111242564),.UNSPECIFIED.);
#47=B_SPLINE_CURVE_WITH_KNOTS('',3,(#4731,#4732,#4733,#4734,#4735,#4736,
#4737,#4738,#4739,#4740,#4741,#4742,#4743,#4744,#4745,#4746,#4747,#4748,
#4749,#4750,#4751,#4752,#4753,#4754,#4755,#4756),.UNSPECIFIED.,.F.,.F.,
(4,2,2,2,2,2,2,2,2,2,2,2,4),(0.,0.0753613432047296,0.150722686409459,0.226083979208502,
0.301445272007546,0.376806564806589,0.452167857605632,0.527529200810362,
0.602890544015091,0.678251887219821,0.753613230424551,0.828974523223594,
0.904335816022637),.UNSPECIFIED.);
#48=B_SPLINE_CURVE_WITH_KNOTS('',3,(#4757,#4758,#4759,#4760,#4761,#4762,
#4763,#4764,#4765,#4766),.UNSPECIFIED.,.F.,.F.,(4,2,2,2,4),(0.904335816022637,
0.97969710882168,1.05505840162072,1.13041974482545,1.20578108803018),
 .UNSPECIFIED.);
#49=B_SPLINE_CURVE_WITH_KNOTS('',3,(#4770,#4771,#4772,#4773,#4774,#4775,
#4776,#4777,#4778,#4779),.UNSPECIFIED.,.F.,.F.,(4,2,2,2,4),(0.,0.0753649078012071,
0.150729815602414,0.226094656934443,0.301459498266472),.UNSPECIFIED.);
#50=B_SPLINE_CURVE_WITH_KNOTS('',3,(#4780,#4781,#4782,#4783,#4784,#4785,
#4786,#4787,#4788,#4789,#4790,#4791,#4792,#4793,#4794,#4795,#4796,#4797,
#4798,#4799,#4800,#4801,#4802,#4803,#4804,#4805),.UNSPECIFIED.,.F.,.F.,
(4,2,2,2,2,2,2,2,2,2,2,2,4),(0.301459498266472,0.3768243395985,0.452189180930529,
0.527554088731736,0.602918996532943,0.67828390433415,0.753648812135357,
0.829013653467386,0.904378494799415,0.979743336131444,1.05510817746347,
1.13047308526468,1.20583799306589),.UNSPECIFIED.);
#51=B_SPLINE_CURVE_WITH_KNOTS('',3,(#4809,#4810,#4811,#4812,#4813,#4814,
#4815,#4816,#4817,#4818),.UNSPECIFIED.,.F.,.F.,(4,2,2,2,4),(0.,0.0753649078012071,
0.150729815602414,0.226094656934443,0.301459498266472),.UNSPECIFIED.);
#52=B_SPLINE_CURVE_WITH_KNOTS('',3,(#4820,#4821,#4822,#4823,#4824,#4825,
#4826,#4827,#4828,#4829),.UNSPECIFIED.,.F.,.F.,(4,2,2,2,4),(0.904378494799415,
0.979743336131444,1.05510817746347,1.13047308526468,1.20583799306589),
 .UNSPECIFIED.);
#53=B_SPLINE_CURVE_WITH_KNOTS('',3,(#4833,#4834,#4835,#4836,#4837,#4838,
#4839,#4840,#4841,#4842),.UNSPECIFIED.,.F.,.F.,(4,2,2,2,4),(0.,0.0753613432047297,
0.150722686409459,0.226083979208503,0.301445272007546),.UNSPECIFIED.);
#54=B_SPLINE_CURVE_WITH_KNOTS('',3,(#4844,#4845,#4846,#4847,#4848,#4849,
#4850,#4851,#4852,#4853),.UNSPECIFIED.,.F.,.F.,(4,2,2,2,4),(0.904335816022637,
0.97969710882168,1.05505840162072,1.13041974482545,1.20578108803018),
 .UNSPECIFIED.);
#55=B_SPLINE_CURVE_WITH_KNOTS('',3,(#4854,#4855,#4856,#4857,#4858,#4859,
#4860,#4861,#4862,#4863,#4864,#4865,#4866,#4867,#4868,#4869,#4870,#4871),
 .UNSPECIFIED.,.F.,.F.,(4,2,2,2,2,2,2,2,4),(0.301445272007546,0.376806564806589,
0.452167857605632,0.527529200810362,0.602890544015091,0.678251887219821,
0.753613230424551,0.828974523223594,0.904335816022637),.UNSPECIFIED.);
#56=B_SPLINE_CURVE_WITH_KNOTS('',3,(#4872,#4873,#4874,#4875,#4876,#4877,
#4878,#4879,#4880,#4881,#4882,#4883,#4884,#4885,#4886,#4887,#4888,#4889),
 .UNSPECIFIED.,.F.,.F.,(4,2,2,2,2,2,2,2,4),(0.301459498266472,0.3768243395985,
0.452189180930529,0.527554088731736,0.602918996532943,0.67828390433415,
0.753648812135357,0.829013653467386,0.904378494799415),.UNSPECIFIED.);
#57=B_SPLINE_CURVE_WITH_KNOTS('',3,(#4910,#4911,#4912,#4913,#4914,#4915,
#4916,#4917,#4918,#4919,#4920,#4921,#4922,#4923,#4924,#4925,#4926,#4927,
#4928,#4929,#4930,#4931,#4932,#4933,#4934,#4935),.UNSPECIFIED.,.F.,.F.,
(4,2,2,2,2,2,2,2,2,2,2,2,4),(0.,0.0753653426027445,0.150730685205489,0.226095380969377,
0.301460076733265,0.376826067908943,0.452192059084622,0.527557533386976,
0.60292300768933,0.678288481991684,0.753653956294038,0.829019947469716,
0.904385938645395),.UNSPECIFIED.);
#58=B_SPLINE_CURVE_WITH_KNOTS('',3,(#4936,#4937,#4938,#4939,#4940,#4941,
#4942,#4943,#4944,#4945),.UNSPECIFIED.,.F.,.F.,(4,2,2,2,4),(0.904385938645395,
0.979750634409283,1.05511533017317,1.13048067277592,1.20584601537866),
 .UNSPECIFIED.);
#59=B_SPLINE_CURVE_WITH_KNOTS('',3,(#4949,#4950,#4951,#4952,#4953,#4954,
#4955,#4956,#4957,#4958),.UNSPECIFIED.,.F.,.F.,(4,2,2,2,4),(0.,0.0753790793547532,
0.150758158709506,0.226136225482513,0.301514292255519),.UNSPECIFIED.);
#60=B_SPLINE_CURVE_WITH_KNOTS('',3,(#4959,#4960,#4961,#4962,#4963,#4964,
#4965,#4966,#4967,#4968,#4969,#4970,#4971,#4972,#4973,#4974,#4975,#4976,
#4977,#4978,#4979,#4980,#4981,#4982,#4983,#4984),.UNSPECIFIED.,.F.,.F.,
(4,2,2,2,2,2,2,2,2,2,2,2,4),(0.301514292255519,0.376894288394073,0.452274284532628,
0.527653562261594,0.60303283999056,0.678412117719525,0.753791395448491,
0.829171391587046,0.9045513877256,0.979929454498606,1.05530752127161,1.13068660062637,
1.20606567998112),.UNSPECIFIED.);
#61=B_SPLINE_CURVE_WITH_KNOTS('',3,(#4988,#4989,#4990,#4991,#4992,#4993,
#4994,#4995,#4996,#4997),.UNSPECIFIED.,.F.,.F.,(4,2,2,2,4),(0.,0.0753790793547532,
0.150758158709506,0.226136225482513,0.300664018720565),.UNSPECIFIED.);
#62=B_SPLINE_CURVE_WITH_KNOTS('',3,(#4999,#5000,#5001,#5002,#5003,#5004,
#5005,#5006,#5007,#5008),.UNSPECIFIED.,.F.,.F.,(4,2,2,2,4),(0.905401661260554,
0.979929454498606,1.05530752127161,1.13068660062637,1.20606567998112),
 .UNSPECIFIED.);
#63=B_SPLINE_CURVE_WITH_KNOTS('',3,(#5010,#5011,#5012,#5013),
 .UNSPECIFIED.,.F.,.F.,(4,4),(0.9045513877256,0.905401661260554),
 .UNSPECIFIED.);
#64=B_SPLINE_CURVE_WITH_KNOTS('',3,(#5017,#5018,#5019,#5020),
 .UNSPECIFIED.,.F.,.F.,(4,4),(0.300609804406048,0.301460076733265),
 .UNSPECIFIED.);
#65=B_SPLINE_CURVE_WITH_KNOTS('',3,(#5022,#5023,#5024,#5025,#5026,#5027,
#5028,#5029,#5030,#5031),.UNSPECIFIED.,.F.,.F.,(4,2,2,2,4),(0.,0.0753653426027445,
0.150730685205489,0.226095380969377,0.300609804406048),.UNSPECIFIED.);
#66=B_SPLINE_CURVE_WITH_KNOTS('',3,(#5033,#5034,#5035,#5036,#5037,#5038,
#5039,#5040,#5041,#5042),.UNSPECIFIED.,.F.,.F.,(4,2,2,2,4),(0.905236210972611,
0.979750634409283,1.05511533017317,1.13048067277592,1.20584601537866),
 .UNSPECIFIED.);
#67=B_SPLINE_CURVE_WITH_KNOTS('',3,(#5043,#5044,#5045,#5046,#5047,#5048,
#5049,#5050,#5051,#5052,#5053,#5054,#5055,#5056,#5057,#5058,#5059,#5060,
#5061,#5062),.UNSPECIFIED.,.F.,.F.,(4,2,2,2,2,2,2,2,2,4),(0.301460076733265,
0.376826067908943,0.452192059084622,0.527557533386976,0.60292300768933,
0.678288481991684,0.753653956294038,0.829019947469716,0.904385938645395,
0.905236210972611),.UNSPECIFIED.);
#68=B_SPLINE_CURVE_WITH_KNOTS('',3,(#5063,#5064,#5065,#5066,#5067,#5068,
#5069,#5070,#5071,#5072,#5073,#5074,#5075,#5076,#5077,#5078,#5079,#5080,
#5081,#5082),.UNSPECIFIED.,.F.,.F.,(4,2,2,2,2,2,2,2,2,4),(0.300664018720565,
0.301514292255519,0.376894288394074,0.452274284532628,0.527653562261594,
0.60303283999056,0.678412117719525,0.753791395448491,0.829171391587046,
0.9045513877256),.UNSPECIFIED.);
#69=B_SPLINE_CURVE_WITH_KNOTS('',3,(#5086,#5087,#5088,#5089,#5090,#5091,
#5092,#5093,#5094,#5095,#5096,#5097,#5098,#5099,#5100,#5101,#5102,#5103,
#5104,#5105,#5106,#5107,#5108,#5109,#5110,#5111),.UNSPECIFIED.,.F.,.F.,
(4,2,2,2,2,2,2,2,2,2,2,2,4),(0.,0.075365408629008,0.150730817258016,0.226096156983579,
0.301461496709142,0.376826836434704,0.452192176160267,0.527557584789275,
0.602922993418283,0.678288402047291,0.753653810676299,0.829019150401862,
0.904384490127425),.UNSPECIFIED.);
#70=B_SPLINE_CURVE_WITH_KNOTS('',3,(#5112,#5113,#5114,#5115,#5116,#5117,
#5118,#5119,#5120,#5121),.UNSPECIFIED.,.F.,.F.,(4,2,2,2,4),(0.904384490127425,
0.979749829852987,1.05511516957855,1.13048057820756,1.20584598683657),
 .UNSPECIFIED.);
#71=B_SPLINE_CURVE_WITH_KNOTS('',3,(#5125,#5126,#5127,#5128,#5129,#5130,
#5131,#5132,#5133,#5134),.UNSPECIFIED.,.F.,.F.,(4,2,2,2,4),(0.,0.0753791787975462,
0.150758357595092,0.226137383467749,0.301516409340405),.UNSPECIFIED.);
#72=B_SPLINE_CURVE_WITH_KNOTS('',3,(#5135,#5136,#5137,#5138,#5139,#5140,
#5141,#5142,#5143,#5144,#5145,#5146,#5147,#5148,#5149,#5150,#5151,#5152,
#5153,#5154,#5155,#5156,#5157,#5158,#5159,#5160),.UNSPECIFIED.,.F.,.F.,
(4,2,2,2,2,2,2,2,2,2,2,2,4),(0.301516409340405,0.376895435213061,0.452274461085717,
0.527653639883263,0.60303281868081,0.678411997478356,0.753791176275902,
0.829170202148558,0.904549228021214,0.979928253893871,1.05530727976653,
1.13068645856407,1.20606563736162),.UNSPECIFIED.);
#73=B_SPLINE_CURVE_WITH_KNOTS('',3,(#5164,#5165,#5166,#5167,#5168,#5169,
#5170,#5171,#5172,#5173,#5174,#5175,#5176,#5177,#5178,#5179,#5180,#5181,
#5182,#5183,#5184,#5185,#5186,#5187,#5188,#5189),.UNSPECIFIED.,.F.,.F.,
(4,2,2,2,2,2,2,2,2,2,2,2,4),(0.,0.0753791787975462,0.150758357595092,0.226137383467749,
0.301516409340405,0.376895435213061,0.452274461085717,0.527653639883263,
0.60303281868081,0.678411997478356,0.753791176275902,0.829170202148558,
0.904549228021214),.UNSPECIFIED.);
#74=B_SPLINE_CURVE_WITH_KNOTS('',3,(#5190,#5191,#5192,#5193,#5194,#5195,
#5196,#5197,#5198,#5199),.UNSPECIFIED.,.F.,.F.,(4,2,2,2,4),(0.904549228021214,
0.979928253893871,1.05530727976653,1.13068645856407,1.20606563736162),
 .UNSPECIFIED.);
#75=B_SPLINE_CURVE_WITH_KNOTS('',3,(#5203,#5204,#5205,#5206,#5207,#5208,
#5209,#5210,#5211,#5212),.UNSPECIFIED.,.F.,.F.,(4,2,2,2,4),(0.,0.075365408629008,
0.150730817258016,0.226096156983579,0.301461496709141),.UNSPECIFIED.);
#76=B_SPLINE_CURVE_WITH_KNOTS('',3,(#5213,#5214,#5215,#5216,#5217,#5218,
#5219,#5220,#5221,#5222,#5223,#5224,#5225,#5226,#5227,#5228,#5229,#5230,
#5231,#5232,#5233,#5234,#5235,#5236,#5237,#5238),.UNSPECIFIED.,.F.,.F.,
(4,2,2,2,2,2,2,2,2,2,2,2,4),(0.301461496709141,0.376826836434704,0.452192176160267,
0.527557584789275,0.602922993418283,0.678288402047291,0.753653810676299,
0.829019150401862,0.904384490127425,0.979749829852987,1.05511516957855,
1.13048057820756,1.20584598683657),.UNSPECIFIED.);
#77=B_SPLINE_CURVE_WITH_KNOTS('',3,(#5242,#5243,#5244,#5245,#5246,#5247,
#5248,#5249,#5250,#5251,#5252,#5253,#5254,#5255,#5256,#5257,#5258,#5259,
#5260,#5261,#5262,#5263,#5264,#5265,#5266,#5267),.UNSPECIFIED.,.F.,.F.,
(4,2,2,2,2,2,2,2,2,2,2,2,4),(0.,0.075365408629008,0.150730817258016,0.226096156983579,
0.301461496709141,0.376826836434704,0.452192176160267,0.527557584789275,
0.602922993418283,0.678288402047291,0.753653810676299,0.829019150401862,
0.904384490127424),.UNSPECIFIED.);
#78=B_SPLINE_CURVE_WITH_KNOTS('',3,(#5268,#5269,#5270,#5271,#5272,#5273,
#5274,#5275,#5276,#5277),.UNSPECIFIED.,.F.,.F.,(4,2,2,2,4),(0.904384490127424,
0.979749829852987,1.05511516957855,1.13048057820756,1.20584598683657),
 .UNSPECIFIED.);
#79=B_SPLINE_CURVE_WITH_KNOTS('',3,(#5281,#5282,#5283,#5284,#5285,#5286,
#5287,#5288,#5289,#5290),.UNSPECIFIED.,.F.,.F.,(4,2,2,2,4),(0.,0.0753791787975462,
0.150758357595092,0.226137383467749,0.301516409340405),.UNSPECIFIED.);
#80=B_SPLINE_CURVE_WITH_KNOTS('',3,(#5291,#5292,#5293,#5294,#5295,#5296,
#5297,#5298,#5299,#5300,#5301,#5302,#5303,#5304,#5305,#5306,#5307,#5308,
#5309,#5310,#5311,#5312,#5313,#5314,#5315,#5316),.UNSPECIFIED.,.F.,.F.,
(4,2,2,2,2,2,2,2,2,2,2,2,4),(0.301516409340405,0.376895435213061,0.452274461085717,
0.527653639883263,0.60303281868081,0.678411997478356,0.753791176275902,
0.829170202148558,0.904549228021214,0.979928253893871,1.05530727976653,
1.13068645856407,1.20606563736162),.UNSPECIFIED.);
#81=B_SPLINE_CURVE_WITH_KNOTS('',3,(#5320,#5321,#5322,#5323,#5324,#5325,
#5326,#5327,#5328,#5329),.UNSPECIFIED.,.F.,.F.,(4,2,2,2,4),(0.,0.0753791787975462,
0.150758357595092,0.226137383467749,0.301516409340405),.UNSPECIFIED.);
#82=B_SPLINE_CURVE_WITH_KNOTS('',3,(#5331,#5332,#5333,#5334,#5335,#5336,
#5337,#5338,#5339,#5340),.UNSPECIFIED.,.F.,.F.,(4,2,2,2,4),(0.904549228021214,
0.979928253893871,1.05530727976653,1.13068645856407,1.20606563736162),
 .UNSPECIFIED.);
#83=B_SPLINE_CURVE_WITH_KNOTS('',3,(#5344,#5345,#5346,#5347,#5348,#5349,
#5350,#5351,#5352,#5353),.UNSPECIFIED.,.F.,.F.,(4,2,2,2,4),(0.,0.075365408629008,
0.150730817258016,0.226096156983579,0.301461496709141),.UNSPECIFIED.);
#84=B_SPLINE_CURVE_WITH_KNOTS('',3,(#5355,#5356,#5357,#5358,#5359,#5360,
#5361,#5362,#5363,#5364),.UNSPECIFIED.,.F.,.F.,(4,2,2,2,4),(0.904384490127424,
0.979749829852987,1.05511516957855,1.13048057820756,1.20584598683657),
 .UNSPECIFIED.);
#85=B_SPLINE_CURVE_WITH_KNOTS('',3,(#5365,#5366,#5367,#5368,#5369,#5370,
#5371,#5372,#5373,#5374,#5375,#5376,#5377,#5378,#5379,#5380,#5381,#5382),
 .UNSPECIFIED.,.F.,.F.,(4,2,2,2,2,2,2,2,4),(0.301461496709141,0.376826836434704,
0.452192176160267,0.527557584789275,0.602922993418283,0.678288402047291,
0.753653810676299,0.829019150401862,0.904384490127424),.UNSPECIFIED.);
#86=B_SPLINE_CURVE_WITH_KNOTS('',3,(#5383,#5384,#5385,#5386,#5387,#5388,
#5389,#5390,#5391,#5392,#5393,#5394,#5395,#5396,#5397,#5398,#5399,#5400),
 .UNSPECIFIED.,.F.,.F.,(4,2,2,2,2,2,2,2,4),(0.301516409340405,0.376895435213061,
0.452274461085717,0.527653639883263,0.603032818680809,0.678411997478356,
0.753791176275902,0.829170202148558,0.904549228021214),.UNSPECIFIED.);
#87=B_SPLINE_CURVE_WITH_KNOTS('',3,(#5404,#5405,#5406,#5407,#5408,#5409,
#5410,#5411,#5412,#5413,#5414,#5415,#5416,#5417,#5418,#5419,#5420,#5421,
#5422,#5423,#5424,#5425,#5426,#5427,#5428,#5429),.UNSPECIFIED.,.F.,.F.,
(4,2,2,2,2,2,2,2,2,2,2,2,4),(0.,0.0753653426027445,0.150730685205489,0.226095380969377,
0.301460076733265,0.376826067908943,0.452192059084622,0.527557533386976,
0.60292300768933,0.678288481991684,0.753653956294038,0.829019947469717,
0.904385938645395),.UNSPECIFIED.);
#88=B_SPLINE_CURVE_WITH_KNOTS('',3,(#5430,#5431,#5432,#5433,#5434,#5435,
#5436,#5437,#5438,#5439),.UNSPECIFIED.,.F.,.F.,(4,2,2,2,4),(0.904385938645395,
0.979750634409283,1.05511533017317,1.13048067277592,1.20584601537866),
 .UNSPECIFIED.);
#89=B_SPLINE_CURVE_WITH_KNOTS('',3,(#5443,#5444,#5445,#5446,#5447,#5448,
#5449,#5450,#5451,#5452),.UNSPECIFIED.,.F.,.F.,(4,2,2,2,4),(0.,0.0753790793547532,
0.150758158709506,0.226136225482513,0.301514292255519),.UNSPECIFIED.);
#90=B_SPLINE_CURVE_WITH_KNOTS('',3,(#5453,#5454,#5455,#5456,#5457,#5458,
#5459,#5460,#5461,#5462,#5463,#5464,#5465,#5466,#5467,#5468,#5469,#5470,
#5471,#5472,#5473,#5474,#5475,#5476,#5477,#5478),.UNSPECIFIED.,.F.,.F.,
(4,2,2,2,2,2,2,2,2,2,2,2,4),(0.301514292255519,0.376894288394074,0.452274284532628,
0.527653562261594,0.60303283999056,0.678412117719525,0.753791395448491,
0.829171391587046,0.9045513877256,0.979929454498606,1.05530752127161,1.13068660062637,
1.20606567998112),.UNSPECIFIED.);
#91=B_SPLINE_CURVE_WITH_KNOTS('',3,(#5482,#5483,#5484,#5485,#5486,#5487,
#5488,#5489,#5490,#5491,#5492,#5493,#5494,#5495,#5496,#5497,#5498,#5499,
#5500,#5501,#5502,#5503,#5504,#5505,#5506,#5507),.UNSPECIFIED.,.F.,.F.,
(4,2,2,2,2,2,2,2,2,2,2,2,4),(0.,0.0753790793547532,0.150758158709506,0.226136225482513,
0.301514292255519,0.376894288394074,0.452274284532628,0.527653562261594,
0.60303283999056,0.678412117719525,0.753791395448491,0.829171391587046,
0.9045513877256),.UNSPECIFIED.);
#92=B_SPLINE_CURVE_WITH_KNOTS('',3,(#5508,#5509,#5510,#5511,#5512,#5513,
#5514,#5515,#5516,#5517),.UNSPECIFIED.,.F.,.F.,(4,2,2,2,4),(0.9045513877256,
0.979929454498606,1.05530752127161,1.13068660062637,1.20606567998112),
 .UNSPECIFIED.);
#93=B_SPLINE_CURVE_WITH_KNOTS('',3,(#5521,#5522,#5523,#5524,#5525,#5526,
#5527,#5528,#5529,#5530),.UNSPECIFIED.,.F.,.F.,(4,2,2,2,4),(0.,0.0753653426027445,
0.150730685205489,0.226095380969377,0.301460076733265),.UNSPECIFIED.);
#94=B_SPLINE_CURVE_WITH_KNOTS('',3,(#5531,#5532,#5533,#5534,#5535,#5536,
#5537,#5538,#5539,#5540,#5541,#5542,#5543,#5544,#5545,#5546,#5547,#5548,
#5549,#5550,#5551,#5552,#5553,#5554,#5555,#5556),.UNSPECIFIED.,.F.,.F.,
(4,2,2,2,2,2,2,2,2,2,2,2,4),(0.301460076733265,0.376826067908943,0.452192059084622,
0.527557533386976,0.60292300768933,0.678288481991684,0.753653956294038,
0.829019947469717,0.904385938645395,0.979750634409283,1.05511533017317,
1.13048067277592,1.20584601537866),.UNSPECIFIED.);
#95=B_SPLINE_CURVE_WITH_KNOTS('',3,(#5608,#5609,#5610,#5611,#5612,#5613,
#5614,#5615,#5616,#5617,#5618,#5619,#5620,#5621,#5622,#5623,#5624,#5625,
#5626,#5627,#5628,#5629,#5630,#5631,#5632,#5633),.UNSPECIFIED.,.F.,.F.,
(4,2,2,2,2,2,2,2,2,2,2,2,4),(0.,0.0753612869151764,0.150722573830353,0.226083315804911,
0.301444057779469,0.376805907806143,0.452167757832817,0.527529157022822,
0.602890556212827,0.678251955402833,0.753613354592838,0.828975204619512,
0.904337054646186),.UNSPECIFIED.);
#96=B_SPLINE_CURVE_WITH_KNOTS('',3,(#5634,#5635,#5636,#5637,#5638,#5639,
#5640,#5641,#5642,#5643),.UNSPECIFIED.,.F.,.F.,(4,2,2,2,4),(0.904337054646186,
0.979697796620744,1.0550585385953,1.13041982551048,1.20578111242565),
 .UNSPECIFIED.);
#97=B_SPLINE_CURVE_WITH_KNOTS('',3,(#5647,#5648,#5649,#5650,#5651,#5652,
#5653,#5654,#5655,#5656),.UNSPECIFIED.,.F.,.F.,(4,2,2,2,4),(0.,0.07536484297802,
0.15072968595604,0.226093894798146,0.301458103640251),.UNSPECIFIED.);
#98=B_SPLINE_CURVE_WITH_KNOTS('',3,(#5657,#5658,#5659,#5660,#5661,#5662,
#5663,#5664,#5665,#5666,#5667,#5668,#5669,#5670,#5671,#5672,#5673,#5674,
#5675,#5676,#5677,#5678,#5679,#5680,#5681,#5682),.UNSPECIFIED.,.F.,.F.,
(4,2,2,2,2,2,2,2,2,2,2,2,4),(0.301458103640251,0.376823584817753,0.452189065995254,
0.527554038273509,0.602919010551763,0.678283982830018,0.753648955108272,
0.829014436285773,0.904379917463275,0.979744126305381,1.05510833514749,
1.13047317812551,1.20583802110353),.UNSPECIFIED.);
#99=B_SPLINE_CURVE_WITH_KNOTS('',3,(#5686,#5687,#5688,#5689,#5690,#5691,
#5692,#5693,#5694,#5695),.UNSPECIFIED.,.F.,.F.,(4,2,2,2,4),(0.,0.07536484297802,
0.15072968595604,0.226093894798146,0.300607831357039),.UNSPECIFIED.);
#100=B_SPLINE_CURVE_WITH_KNOTS('',3,(#5697,#5698,#5699,#5700,#5701,#5702,
#5703,#5704,#5705,#5706),.UNSPECIFIED.,.F.,.F.,(4,2,2,2,4),(0.905230189746488,
0.979744126305381,1.05510833514749,1.13047317812551,1.20583802110353),
 .UNSPECIFIED.);
#101=B_SPLINE_CURVE_WITH_KNOTS('',3,(#5708,#5709,#5710,#5711),
 .UNSPECIFIED.,.F.,.F.,(4,4),(0.904379917463275,0.905230189746488),
 .UNSPECIFIED.);
#102=B_SPLINE_CURVE_WITH_KNOTS('',3,(#5715,#5716,#5717,#5718),
 .UNSPECIFIED.,.F.,.F.,(4,4),(0.300593785809605,0.301444057779469),
 .UNSPECIFIED.);
#103=B_SPLINE_CURVE_WITH_KNOTS('',3,(#5720,#5721,#5722,#5723,#5724,#5725,
#5726,#5727,#5728,#5729),.UNSPECIFIED.,.F.,.F.,(4,2,2,2,4),(0.,0.0753612869151764,
0.150722573830353,0.226083315804911,0.300593785809605),.UNSPECIFIED.);
#104=B_SPLINE_CURVE_WITH_KNOTS('',3,(#5731,#5732,#5733,#5734,#5735,#5736,
#5737,#5738,#5739,#5740),.UNSPECIFIED.,.F.,.F.,(4,2,2,2,4),(0.90518732661605,
0.979697796620744,1.0550585385953,1.13041982551048,1.20578111242565),
 .UNSPECIFIED.);
#105=B_SPLINE_CURVE_WITH_KNOTS('',3,(#5741,#5742,#5743,#5744,#5745,#5746,
#5747,#5748,#5749,#5750,#5751,#5752,#5753,#5754,#5755,#5756,#5757,#5758,
#5759,#5760),.UNSPECIFIED.,.F.,.F.,(4,2,2,2,2,2,2,2,2,4),(0.301444057779469,
0.376805907806143,0.452167757832817,0.527529157022822,0.602890556212827,
0.678251955402833,0.753613354592838,0.828975204619512,0.904337054646186,
0.90518732661605),.UNSPECIFIED.);
#106=B_SPLINE_CURVE_WITH_KNOTS('',3,(#5761,#5762,#5763,#5764,#5765,#5766,
#5767,#5768,#5769,#5770,#5771,#5772,#5773,#5774,#5775,#5776,#5777,#5778,
#5779,#5780),.UNSPECIFIED.,.F.,.F.,(4,2,2,2,2,2,2,2,2,4),(0.300607831357039,
0.301458103640251,0.376823584817753,0.452189065995254,0.527554038273509,
0.602919010551763,0.678283982830018,0.753648955108272,0.829014436285774,
0.904379917463275),.UNSPECIFIED.);
#107=B_SPLINE_CURVE_WITH_KNOTS('',3,(#5784,#5785,#5786,#5787,#5788,#5789,
#5790,#5791,#5792,#5793,#5794,#5795,#5796,#5797,#5798,#5799,#5800,#5801,
#5802,#5803,#5804,#5805,#5806,#5807,#5808,#5809),.UNSPECIFIED.,.F.,.F.,
(4,2,2,2,2,2,2,2,2,2,2,2,4),(0.,0.0753613432047298,0.15072268640946,0.226083979208505,
0.30144527200755,0.376806564806595,0.45216785760564,0.52752920081037,0.6028905440151,
0.678251887219829,0.753613230424559,0.828974523223604,0.904335816022649),
 .UNSPECIFIED.);
#108=B_SPLINE_CURVE_WITH_KNOTS('',3,(#5810,#5811,#5812,#5813,#5814,#5815,
#5816,#5817,#5818,#5819),.UNSPECIFIED.,.F.,.F.,(4,2,2,2,4),(0.904335816022649,
0.979697108821694,1.05505840162074,1.13041974482547,1.2057810880302),
 .UNSPECIFIED.);
#109=B_SPLINE_CURVE_WITH_KNOTS('',3,(#5823,#5824,#5825,#5826,#5827,#5828,
#5829,#5830,#5831,#5832),.UNSPECIFIED.,.F.,.F.,(4,2,2,2,4),(0.,0.0753649078016195,
0.150729815603239,0.22609465693568,0.301459498268121),.UNSPECIFIED.);
#110=B_SPLINE_CURVE_WITH_KNOTS('',3,(#5833,#5834,#5835,#5836,#5837,#5838,
#5839,#5840,#5841,#5842,#5843,#5844,#5845,#5846,#5847,#5848,#5849,#5850,
#5851,#5852,#5853,#5854,#5855,#5856,#5857,#5858),.UNSPECIFIED.,.F.,.F.,
(4,2,2,2,2,2,2,2,2,2,2,2,4),(0.301459498268121,0.376824339600562,0.452189180933003,
0.527554088734623,0.602918996536242,0.678283904337862,0.753648812139481,
0.829013653471922,0.904378494804363,0.979743336136804,1.05510817746925,
1.13047308527086,1.20583799307248),.UNSPECIFIED.);
#111=B_SPLINE_CURVE_WITH_KNOTS('',3,(#5862,#5863,#5864,#5865,#5866,#5867,
#5868,#5869,#5870,#5871,#5872,#5873,#5874,#5875,#5876,#5877,#5878,#5879,
#5880,#5881,#5882,#5883,#5884,#5885,#5886,#5887),.UNSPECIFIED.,.F.,.F.,
(4,2,2,2,2,2,2,2,2,2,2,2,4),(0.,0.0753649078016195,0.150729815603239,0.22609465693568,
0.301459498268121,0.376824339600562,0.452189180933003,0.527554088734623,
0.602918996536242,0.678283904337862,0.753648812139481,0.829013653471922,
0.904378494804363),.UNSPECIFIED.);
#112=B_SPLINE_CURVE_WITH_KNOTS('',3,(#5888,#5889,#5890,#5891,#5892,#5893,
#5894,#5895,#5896,#5897),.UNSPECIFIED.,.F.,.F.,(4,2,2,2,4),(0.904378494804363,
0.979743336136804,1.05510817746925,1.13047308527086,1.20583799307248),
 .UNSPECIFIED.);
#113=B_SPLINE_CURVE_WITH_KNOTS('',3,(#5901,#5902,#5903,#5904,#5905,#5906,
#5907,#5908,#5909,#5910),.UNSPECIFIED.,.F.,.F.,(4,2,2,2,4),(0.,0.0753613432047298,
0.15072268640946,0.226083979208505,0.30144527200755),.UNSPECIFIED.);
#114=B_SPLINE_CURVE_WITH_KNOTS('',3,(#5911,#5912,#5913,#5914,#5915,#5916,
#5917,#5918,#5919,#5920,#5921,#5922,#5923,#5924,#5925,#5926,#5927,#5928,
#5929,#5930,#5931,#5932,#5933,#5934,#5935,#5936),.UNSPECIFIED.,.F.,.F.,
(4,2,2,2,2,2,2,2,2,2,2,2,4),(0.30144527200755,0.376806564806595,0.45216785760564,
0.52752920081037,0.6028905440151,0.678251887219829,0.753613230424559,0.828974523223604,
0.904335816022649,0.979697108821694,1.05505840162074,1.13041974482547,1.2057810880302),
 .UNSPECIFIED.);
#115=B_SPLINE_CURVE_WITH_KNOTS('',3,(#5940,#5941,#5942,#5943,#5944,#5945,
#5946,#5947,#5948,#5949,#5950,#5951,#5952,#5953,#5954,#5955,#5956,#5957,
#5958,#5959,#5960,#5961,#5962,#5963,#5964,#5965),.UNSPECIFIED.,.F.,.F.,
(4,2,2,2,2,2,2,2,2,2,2,2,4),(0.,0.0753612869151763,0.150722573830353,0.226083315804909,
0.301444057779465,0.376805907806138,0.452167757832811,0.527529157022814,
0.602890556212817,0.678251955402821,0.753613354592824,0.828975204619497,
0.904337054646169),.UNSPECIFIED.);
#116=B_SPLINE_CURVE_WITH_KNOTS('',3,(#5966,#5967,#5968,#5969,#5970,#5971,
#5972,#5973,#5974,#5975),.UNSPECIFIED.,.F.,.F.,(4,2,2,2,4),(0.904337054646169,
0.979697796620726,1.05505853859528,1.13041982551046,1.20578111242563),
 .UNSPECIFIED.);
#117=B_SPLINE_CURVE_WITH_KNOTS('',3,(#5979,#5980,#5981,#5982,#5983,#5984,
#5985,#5986,#5987,#5988),.UNSPECIFIED.,.F.,.F.,(4,2,2,2,4),(0.,0.0753648429780164,
0.150729685956033,0.226093894798138,0.301458103640244),.UNSPECIFIED.);
#118=B_SPLINE_CURVE_WITH_KNOTS('',3,(#5989,#5990,#5991,#5992,#5993,#5994,
#5995,#5996,#5997,#5998,#5999,#6000,#6001,#6002,#6003,#6004,#6005,#6006,
#6007,#6008,#6009,#6010,#6011,#6012,#6013,#6014),.UNSPECIFIED.,.F.,.F.,
(4,2,2,2,2,2,2,2,2,2,2,2,4),(0.301458103640244,0.376823584817745,0.452189065995246,
0.527554038273497,0.602919010551747,0.678283982829998,0.753648955108249,
0.82901443628575,0.904379917463251,0.979744126305357,1.05510833514746,1.13047317812548,
1.20583802110349),.UNSPECIFIED.);
#119=B_SPLINE_CURVE_WITH_KNOTS('',3,(#6018,#6019,#6020,#6021,#6022,#6023,
#6024,#6025,#6026,#6027),.UNSPECIFIED.,.F.,.F.,(4,2,2,2,4),(0.,0.0753648429780164,
0.150729685956033,0.226093894798138,0.300607831357031),.UNSPECIFIED.);
#120=B_SPLINE_CURVE_WITH_KNOTS('',3,(#6029,#6030,#6031,#6032,#6033,#6034,
#6035,#6036,#6037,#6038),.UNSPECIFIED.,.F.,.F.,(4,2,2,2,4),(0.905230189746464,
0.979744126305357,1.05510833514746,1.13047317812548,1.2058380211035),
 .UNSPECIFIED.);
#121=B_SPLINE_CURVE_WITH_KNOTS('',3,(#6040,#6041,#6042,#6043),
 .UNSPECIFIED.,.F.,.F.,(4,4),(0.904379917463252,0.905230189746464),
 .UNSPECIFIED.);
#122=B_SPLINE_CURVE_WITH_KNOTS('',3,(#6047,#6048,#6049,#6050),
 .UNSPECIFIED.,.F.,.F.,(4,4),(0.300593785809601,0.301444057779465),
 .UNSPECIFIED.);
#123=B_SPLINE_CURVE_WITH_KNOTS('',3,(#6052,#6053,#6054,#6055,#6056,#6057,
#6058,#6059,#6060,#6061),.UNSPECIFIED.,.F.,.F.,(4,2,2,2,4),(0.,0.0753612869151763,
0.150722573830353,0.226083315804909,0.300593785809601),.UNSPECIFIED.);
#124=B_SPLINE_CURVE_WITH_KNOTS('',3,(#6063,#6064,#6065,#6066,#6067,#6068,
#6069,#6070,#6071,#6072),.UNSPECIFIED.,.F.,.F.,(4,2,2,2,4),(0.905187326616034,
0.979697796620726,1.05505853859528,1.13041982551046,1.20578111242564),
 .UNSPECIFIED.);
#125=B_SPLINE_CURVE_WITH_KNOTS('',3,(#6073,#6074,#6075,#6076,#6077,#6078,
#6079,#6080,#6081,#6082,#6083,#6084,#6085,#6086,#6087,#6088,#6089,#6090,
#6091,#6092),.UNSPECIFIED.,.F.,.F.,(4,2,2,2,2,2,2,2,2,4),(0.301444057779465,
0.376805907806138,0.452167757832811,0.527529157022814,0.602890556212818,
0.678251955402821,0.753613354592824,0.828975204619497,0.90433705464617,
0.905187326616034),.UNSPECIFIED.);
#126=B_SPLINE_CURVE_WITH_KNOTS('',3,(#6093,#6094,#6095,#6096,#6097,#6098,
#6099,#6100,#6101,#6102,#6103,#6104,#6105,#6106,#6107,#6108,#6109,#6110,
#6111,#6112),.UNSPECIFIED.,.F.,.F.,(4,2,2,2,2,2,2,2,2,4),(0.300607831357031,
0.301458103640244,0.376823584817745,0.452189065995246,0.527554038273497,
0.602919010551748,0.678283982829998,0.753648955108249,0.82901443628575,
0.904379917463252),.UNSPECIFIED.);
#127=B_SPLINE_CURVE_WITH_KNOTS('',3,(#6116,#6117,#6118,#6119,#6120,#6121,
#6122,#6123,#6124,#6125,#6126,#6127,#6128,#6129,#6130,#6131,#6132,#6133,
#6134,#6135,#6136,#6137,#6138,#6139,#6140,#6141),.UNSPECIFIED.,.F.,.F.,
(4,2,2,2,2,2,2,2,2,2,2,2,4),(0.,0.0753613432047296,0.150722686409459,0.226083979208502,
0.301445272007546,0.376806564806589,0.452167857605632,0.527529200810362,
0.602890544015091,0.678251887219821,0.753613230424551,0.828974523223594,
0.904335816022637),.UNSPECIFIED.);
#128=B_SPLINE_CURVE_WITH_KNOTS('',3,(#6142,#6143,#6144,#6145,#6146,#6147,
#6148,#6149,#6150,#6151),.UNSPECIFIED.,.F.,.F.,(4,2,2,2,4),(0.904335816022637,
0.97969710882168,1.05505840162072,1.13041974482545,1.20578108803018),
 .UNSPECIFIED.);
#129=B_SPLINE_CURVE_WITH_KNOTS('',3,(#6155,#6156,#6157,#6158,#6159,#6160,
#6161,#6162,#6163,#6164),.UNSPECIFIED.,.F.,.F.,(4,2,2,2,4),(0.,0.0753649078016194,
0.150729815603239,0.226094656935678,0.301459498268117),.UNSPECIFIED.);
#130=B_SPLINE_CURVE_WITH_KNOTS('',3,(#6165,#6166,#6167,#6168,#6169,#6170,
#6171,#6172,#6173,#6174,#6175,#6176,#6177,#6178,#6179,#6180,#6181,#6182,
#6183,#6184,#6185,#6186,#6187,#6188,#6189,#6190),.UNSPECIFIED.,.F.,.F.,
(4,2,2,2,2,2,2,2,2,2,2,2,4),(0.301459498268117,0.376824339600556,0.452189180932995,
0.527554088734615,0.602918996536234,0.678283904337853,0.753648812139473,
0.829013653471912,0.904378494804351,0.97974333613679,1.05510817746923,1.13047308527085,
1.20583799307247),.UNSPECIFIED.);
#131=B_SPLINE_CURVE_WITH_KNOTS('',3,(#6194,#6195,#6196,#6197,#6198,#6199,
#6200,#6201,#6202,#6203,#6204,#6205,#6206,#6207,#6208,#6209,#6210,#6211,
#6212,#6213,#6214,#6215,#6216,#6217,#6218,#6219),.UNSPECIFIED.,.F.,.F.,
(4,2,2,2,2,2,2,2,2,2,2,2,4),(0.,0.0753649078016194,0.150729815603239,0.226094656935678,
0.301459498268117,0.376824339600556,0.452189180932995,0.527554088734615,
0.602918996536234,0.678283904337853,0.753648812139473,0.829013653471912,
0.904378494804351),.UNSPECIFIED.);
#132=B_SPLINE_CURVE_WITH_KNOTS('',3,(#6220,#6221,#6222,#6223,#6224,#6225,
#6226,#6227,#6228,#6229),.UNSPECIFIED.,.F.,.F.,(4,2,2,2,4),(0.904378494804351,
0.97974333613679,1.05510817746923,1.13047308527085,1.20583799307247),
 .UNSPECIFIED.);
#133=B_SPLINE_CURVE_WITH_KNOTS('',3,(#6233,#6234,#6235,#6236,#6237,#6238,
#6239,#6240,#6241,#6242),.UNSPECIFIED.,.F.,.F.,(4,2,2,2,4),(0.,0.0753613432047297,
0.150722686409459,0.226083979208503,0.301445272007546),.UNSPECIFIED.);
#134=B_SPLINE_CURVE_WITH_KNOTS('',3,(#6243,#6244,#6245,#6246,#6247,#6248,
#6249,#6250,#6251,#6252,#6253,#6254,#6255,#6256,#6257,#6258,#6259,#6260,
#6261,#6262,#6263,#6264,#6265,#6266,#6267,#6268),.UNSPECIFIED.,.F.,.F.,
(4,2,2,2,2,2,2,2,2,2,2,2,4),(0.301445272007546,0.376806564806589,0.452167857605632,
0.527529200810362,0.602890544015091,0.678251887219821,0.753613230424551,
0.828974523223594,0.904335816022637,0.97969710882168,1.05505840162072,1.13041974482545,
1.20578108803018),.UNSPECIFIED.);
#135=B_SPLINE_CURVE_WITH_KNOTS('',3,(#6291,#6292,#6293,#6294,#6295,#6296,
#6297,#6298,#6299,#6300,#6301,#6302,#6303,#6304,#6305,#6306,#6307,#6308,
#6309,#6310,#6311,#6312,#6313,#6314,#6315,#6316),.UNSPECIFIED.,.F.,.F.,
(4,2,2,2,2,2,2,2,2,2,2,2,4),(0.,0.075361263509426,0.150722527018852,0.226083042709083,
0.301443558399313,0.37680564111203,0.452167723824746,0.527529146114785,
0.602890568404824,0.678251990694863,0.753613412984902,0.828975495697618,
0.904337578410334),.UNSPECIFIED.);
#136=B_SPLINE_CURVE_WITH_KNOTS('',3,(#6317,#6318,#6319,#6320,#6321,#6322,
#6323,#6324,#6325,#6326),.UNSPECIFIED.,.F.,.F.,(4,2,2,2,4),(0.904337578410334,
0.979698094100565,1.0550586097908,1.13041987330022,1.20578113680965),
 .UNSPECIFIED.);
#137=B_SPLINE_CURVE_WITH_KNOTS('',3,(#6330,#6331,#6332,#6333,#6334,#6335,
#6336,#6337,#6338,#6339),.UNSPECIFIED.,.F.,.F.,(4,2,2,2,4),(0.,0.075364816025553,
0.150729632051106,0.226093581061156,0.301457530071206),.UNSPECIFIED.);
#138=B_SPLINE_CURVE_WITH_KNOTS('',3,(#6340,#6341,#6342,#6343,#6344,#6345,
#6346,#6347,#6348,#6349,#6350,#6351,#6352,#6353,#6354,#6355,#6356,#6357,
#6358,#6359,#6360,#6361,#6362,#6363,#6364,#6365),.UNSPECIFIED.,.F.,.F.,
(4,2,2,2,2,2,2,2,2,2,2,2,4),(0.301457530071206,0.376823278435494,0.452189026799782,
0.527554025683529,0.602919024567275,0.678284023451022,0.753649022334768,
0.829014770699056,0.904380519063344,0.979744468073394,1.05510841708344,
1.130473233109,1.20583804913455),.UNSPECIFIED.);
#139=B_SPLINE_CURVE_WITH_KNOTS('',3,(#6369,#6370,#6371,#6372,#6373,#6374,
#6375,#6376,#6377,#6378,#6379,#6380,#6381,#6382,#6383,#6384,#6385,#6386,
#6387,#6388,#6389,#6390,#6391,#6392,#6393,#6394),.UNSPECIFIED.,.F.,.F.,
(4,2,2,2,2,2,2,2,2,2,2,2,4),(0.,0.075364816025553,0.150729632051106,0.226093581061156,
0.301457530071206,0.376823278435494,0.452189026799782,0.527554025683529,
0.602919024567276,0.678284023451022,0.753649022334769,0.829014770699057,
0.904380519063345),.UNSPECIFIED.);
#140=B_SPLINE_CURVE_WITH_KNOTS('',3,(#6395,#6396,#6397,#6398,#6399,#6400,
#6401,#6402,#6403,#6404),.UNSPECIFIED.,.F.,.F.,(4,2,2,2,4),(0.904380519063345,
0.979744468073395,1.05510841708345,1.130473233109,1.20583804913455),
 .UNSPECIFIED.);
#141=B_SPLINE_CURVE_WITH_KNOTS('',3,(#6408,#6409,#6410,#6411,#6412,#6413,
#6414,#6415,#6416,#6417),.UNSPECIFIED.,.F.,.F.,(4,2,2,2,4),(0.,0.075361263509426,
0.150722527018852,0.226083042709082,0.301443558399313),.UNSPECIFIED.);
#142=B_SPLINE_CURVE_WITH_KNOTS('',3,(#6418,#6419,#6420,#6421,#6422,#6423,
#6424,#6425,#6426,#6427,#6428,#6429,#6430,#6431,#6432,#6433,#6434,#6435,
#6436,#6437,#6438,#6439,#6440,#6441,#6442,#6443),.UNSPECIFIED.,.F.,.F.,
(4,2,2,2,2,2,2,2,2,2,2,2,4),(0.301443558399313,0.376805641112029,0.452167723824746,
0.527529146114785,0.602890568404824,0.678251990694863,0.753613412984901,
0.828975495697618,0.904337578410334,0.979698094100565,1.0550586097908,1.13041987330022,
1.20578113680965),.UNSPECIFIED.);
#143=B_SPLINE_CURVE_WITH_KNOTS('',3,(#6447,#6448,#6449,#6450,#6451,#6452,
#6453,#6454,#6455,#6456,#6457,#6458,#6459,#6460,#6461,#6462,#6463,#6464,
#6465,#6466,#6467,#6468,#6469,#6470,#6471,#6472),.UNSPECIFIED.,.F.,.F.,
(4,2,2,2,2,2,2,2,2,2,2,2,4),(0.,0.0753613432040121,0.150722686408024,0.226083979206355,
0.301445272004685,0.376806564803015,0.452167857601346,0.527529200805358,
0.60289054400937,0.678251887213382,0.753613230417394,0.828974523215725,
0.904335816014055),.UNSPECIFIED.);
#144=B_SPLINE_CURVE_WITH_KNOTS('',3,(#6473,#6474,#6475,#6476,#6477,#6478,
#6479,#6480,#6481,#6482),.UNSPECIFIED.,.F.,.F.,(4,2,2,2,4),(0.904335816014055,
0.979697108812385,1.05505840161072,1.13041974481473,1.20578108801874),
 .UNSPECIFIED.);
#145=B_SPLINE_CURVE_WITH_KNOTS('',3,(#6486,#6487,#6488,#6489,#6490,#6491,
#6492,#6493,#6494,#6495),.UNSPECIFIED.,.F.,.F.,(4,2,2,2,4),(0.,0.0753649078016196,
0.150729815603239,0.22609465693568,0.301459498268121),.UNSPECIFIED.);
#146=B_SPLINE_CURVE_WITH_KNOTS('',3,(#6496,#6497,#6498,#6499,#6500,#6501,
#6502,#6503,#6504,#6505,#6506,#6507,#6508,#6509,#6510,#6511,#6512,#6513,
#6514,#6515,#6516,#6517,#6518,#6519,#6520,#6521),.UNSPECIFIED.,.F.,.F.,
(4,2,2,2,2,2,2,2,2,2,2,2,4),(0.301459498268121,0.376824339600562,0.452189180933003,
0.527554088734622,0.602918996536242,0.678283904337861,0.753648812139481,
0.829013653471922,0.904378494804362,0.979743336136803,1.05510817746924,
1.13047308527086,1.20583799307248),.UNSPECIFIED.);
#147=B_SPLINE_CURVE_WITH_KNOTS('',3,(#6525,#6526,#6527,#6528,#6529,#6530,
#6531,#6532,#6533,#6534,#6535,#6536,#6537,#6538,#6539,#6540,#6541,#6542,
#6543,#6544,#6545,#6546,#6547,#6548,#6549,#6550),.UNSPECIFIED.,.F.,.F.,
(4,2,2,2,2,2,2,2,2,2,2,2,4),(0.,0.0753649078016195,0.150729815603239,0.22609465693568,
0.301459498268121,0.376824339600562,0.452189180933003,0.527554088734622,
0.602918996536242,0.678283904337861,0.753648812139481,0.829013653471922,
0.904378494804363),.UNSPECIFIED.);
#148=B_SPLINE_CURVE_WITH_KNOTS('',3,(#6551,#6552,#6553,#6554,#6555,#6556,
#6557,#6558,#6559,#6560),.UNSPECIFIED.,.F.,.F.,(4,2,2,2,4),(0.904378494804363,
0.979743336136804,1.05510817746925,1.13047308527086,1.20583799307248),
 .UNSPECIFIED.);
#149=B_SPLINE_CURVE_WITH_KNOTS('',3,(#6564,#6565,#6566,#6567,#6568,#6569,
#6570,#6571,#6572,#6573),.UNSPECIFIED.,.F.,.F.,(4,2,2,2,4),(0.,0.0753613432040121,
0.150722686408024,0.226083979206355,0.301445272004685),.UNSPECIFIED.);
#150=B_SPLINE_CURVE_WITH_KNOTS('',3,(#6574,#6575,#6576,#6577,#6578,#6579,
#6580,#6581,#6582,#6583,#6584,#6585,#6586,#6587,#6588,#6589,#6590,#6591,
#6592,#6593,#6594,#6595,#6596,#6597,#6598,#6599),.UNSPECIFIED.,.F.,.F.,
(4,2,2,2,2,2,2,2,2,2,2,2,4),(0.301445272004685,0.376806564803015,0.452167857601346,
0.527529200805358,0.60289054400937,0.678251887213382,0.753613230417394,
0.828974523215725,0.904335816014055,0.979697108812386,1.05505840161072,
1.13041974481473,1.20578108801874),.UNSPECIFIED.);
#151=B_SPLINE_CURVE_WITH_KNOTS('',3,(#6603,#6604,#6605,#6606,#6607,#6608,
#6609,#6610,#6611,#6612,#6613,#6614,#6615,#6616,#6617,#6618,#6619,#6620,
#6621,#6622,#6623,#6624,#6625,#6626,#6627,#6628),.UNSPECIFIED.,.F.,.F.,
(4,2,2,2,2,2,2,2,2,2,2,2,4),(0.,0.0753612635094294,0.150722527018859,0.226083042709088,
0.301443558399317,0.376805641112033,0.452167723824749,0.527529146114788,
0.602890568404827,0.678251990694866,0.753613412984905,0.828975495697622,
0.904337578410338),.UNSPECIFIED.);
#152=B_SPLINE_CURVE_WITH_KNOTS('',3,(#6629,#6630,#6631,#6632,#6633,#6634,
#6635,#6636,#6637,#6638),.UNSPECIFIED.,.F.,.F.,(4,2,2,2,4),(0.904337578410338,
0.979698094100567,1.0550586097908,1.13041987330023,1.20578113680965),
 .UNSPECIFIED.);
#153=B_SPLINE_CURVE_WITH_KNOTS('',3,(#6642,#6643,#6644,#6645,#6646,#6647,
#6648,#6649,#6650,#6651),.UNSPECIFIED.,.F.,.F.,(4,2,2,2,4),(0.,0.0753648160255564,
0.150729632051113,0.226093581061162,0.30145753007121),.UNSPECIFIED.);
#154=B_SPLINE_CURVE_WITH_KNOTS('',3,(#6652,#6653,#6654,#6655,#6656,#6657,
#6658,#6659,#6660,#6661,#6662,#6663,#6664,#6665,#6666,#6667,#6668,#6669,
#6670,#6671,#6672,#6673,#6674,#6675,#6676,#6677),.UNSPECIFIED.,.F.,.F.,
(4,2,2,2,2,2,2,2,2,2,2,2,4),(0.30145753007121,0.376823278435498,0.452189026799786,
0.527554025683532,0.602919024567279,0.678284023451026,0.753649022334772,
0.82901477069906,0.904380519063348,0.979744468073396,1.05510841708345,1.130473233109,
1.20583804913456),.UNSPECIFIED.);
#155=B_SPLINE_CURVE_WITH_KNOTS('',3,(#6681,#6682,#6683,#6684,#6685,#6686,
#6687,#6688,#6689,#6690,#6691,#6692,#6693,#6694,#6695,#6696,#6697,#6698,
#6699,#6700,#6701,#6702,#6703,#6704,#6705,#6706),.UNSPECIFIED.,.F.,.F.,
(4,2,2,2,2,2,2,2,2,2,2,2,4),(0.,0.0753648160255565,0.150729632051113,0.226093581061162,
0.30145753007121,0.376823278435498,0.452189026799786,0.527554025683533,
0.60291902456728,0.678284023451026,0.753649022334773,0.829014770699061,
0.904380519063349),.UNSPECIFIED.);
#156=B_SPLINE_CURVE_WITH_KNOTS('',3,(#6707,#6708,#6709,#6710,#6711,#6712,
#6713,#6714,#6715,#6716),.UNSPECIFIED.,.F.,.F.,(4,2,2,2,4),(0.904380519063349,
0.979744468073398,1.05510841708345,1.130473233109,1.20583804913456),
 .UNSPECIFIED.);
#157=B_SPLINE_CURVE_WITH_KNOTS('',3,(#6720,#6721,#6722,#6723,#6724,#6725,
#6726,#6727,#6728,#6729),.UNSPECIFIED.,.F.,.F.,(4,2,2,2,4),(0.,0.0753612635094294,
0.150722527018859,0.226083042709088,0.301443558399317),.UNSPECIFIED.);
#158=B_SPLINE_CURVE_WITH_KNOTS('',3,(#6730,#6731,#6732,#6733,#6734,#6735,
#6736,#6737,#6738,#6739,#6740,#6741,#6742,#6743,#6744,#6745,#6746,#6747,
#6748,#6749,#6750,#6751,#6752,#6753,#6754,#6755),.UNSPECIFIED.,.F.,.F.,
(4,2,2,2,2,2,2,2,2,2,2,2,4),(0.301443558399317,0.376805641112033,0.452167723824749,
0.527529146114788,0.602890568404827,0.678251990694866,0.753613412984905,
0.828975495697622,0.904337578410338,0.979698094100567,1.0550586097908,1.13041987330023,
1.20578113680965),.UNSPECIFIED.);
#159=B_SPLINE_CURVE_WITH_KNOTS('',3,(#6759,#6760,#6761,#6762,#6763,#6764,
#6765,#6766,#6767,#6768,#6769,#6770,#6771,#6772,#6773,#6774,#6775,#6776,
#6777,#6778,#6779,#6780,#6781,#6782,#6783,#6784),.UNSPECIFIED.,.F.,.F.,
(4,2,2,2,2,2,2,2,2,2,2,2,4),(0.,0.0753613432040155,0.150722686408031,0.22608397920636,
0.301445272004689,0.376806564803018,0.452167857601347,0.527529200805362,
0.602890544009378,0.678251887213393,0.753613230417409,0.828974523215738,
0.904335816014067),.UNSPECIFIED.);
#160=B_SPLINE_CURVE_WITH_KNOTS('',3,(#6785,#6786,#6787,#6788,#6789,#6790,
#6791,#6792,#6793,#6794),.UNSPECIFIED.,.F.,.F.,(4,2,2,2,4),(0.904335816014067,
0.979697108812396,1.05505840161072,1.13041974481474,1.20578108801876),
 .UNSPECIFIED.);
#161=B_SPLINE_CURVE_WITH_KNOTS('',3,(#6798,#6799,#6800,#6801,#6802,#6803,
#6804,#6805,#6806,#6807),.UNSPECIFIED.,.F.,.F.,(4,2,2,2,4),(0.,0.075364907801623,
0.150729815603246,0.226094656935685,0.301459498268125),.UNSPECIFIED.);
#162=B_SPLINE_CURVE_WITH_KNOTS('',3,(#6808,#6809,#6810,#6811,#6812,#6813,
#6814,#6815,#6816,#6817,#6818,#6819,#6820,#6821,#6822,#6823,#6824,#6825,
#6826,#6827,#6828,#6829,#6830,#6831,#6832,#6833),.UNSPECIFIED.,.F.,.F.,
(4,2,2,2,2,2,2,2,2,2,2,2,4),(0.301459498268125,0.376824339600564,0.452189180933004,
0.527554088734627,0.60291899653625,0.678283904337873,0.753648812139496,
0.829013653471935,0.904378494804374,0.979743336136814,1.05510817746925,
1.13047308527088,1.2058379930725),.UNSPECIFIED.);
#163=B_SPLINE_CURVE_WITH_KNOTS('',3,(#6837,#6838,#6839,#6840,#6841,#6842,
#6843,#6844,#6845,#6846,#6847,#6848,#6849,#6850,#6851,#6852,#6853,#6854,
#6855,#6856,#6857,#6858,#6859,#6860,#6861,#6862),.UNSPECIFIED.,.F.,.F.,
(4,2,2,2,2,2,2,2,2,2,2,2,4),(0.,0.075364907801623,0.150729815603246,0.226094656935685,
0.301459498268125,0.376824339600564,0.452189180933004,0.527554088734627,
0.602918996536249,0.678283904337872,0.753648812139495,0.829013653471935,
0.904378494804374),.UNSPECIFIED.);
#164=B_SPLINE_CURVE_WITH_KNOTS('',3,(#6863,#6864,#6865,#6866,#6867,#6868,
#6869,#6870,#6871,#6872),.UNSPECIFIED.,.F.,.F.,(4,2,2,2,4),(0.904378494804374,
0.979743336136814,1.05510817746925,1.13047308527088,1.2058379930725),
 .UNSPECIFIED.);
#165=B_SPLINE_CURVE_WITH_KNOTS('',3,(#6876,#6877,#6878,#6879,#6880,#6881,
#6882,#6883,#6884,#6885),.UNSPECIFIED.,.F.,.F.,(4,2,2,2,4),(0.,0.0753613432040156,
0.150722686408031,0.22608397920636,0.301445272004689),.UNSPECIFIED.);
#166=B_SPLINE_CURVE_WITH_KNOTS('',3,(#6886,#6887,#6888,#6889,#6890,#6891,
#6892,#6893,#6894,#6895,#6896,#6897,#6898,#6899,#6900,#6901,#6902,#6903,
#6904,#6905,#6906,#6907,#6908,#6909,#6910,#6911),.UNSPECIFIED.,.F.,.F.,
(4,2,2,2,2,2,2,2,2,2,2,2,4),(0.301445272004689,0.376806564803018,0.452167857601347,
0.527529200805362,0.602890544009378,0.678251887213393,0.753613230417409,
0.828974523215738,0.904335816014067,0.979697108812396,1.05505840161072,
1.13041974481474,1.20578108801876),.UNSPECIFIED.);
#167=B_SPLINE_CURVE_WITH_KNOTS('',3,(#6915,#6916,#6917,#6918,#6919,#6920,
#6921,#6922,#6923,#6924,#6925,#6926,#6927,#6928,#6929,#6930,#6931,#6932,
#6933,#6934,#6935,#6936,#6937,#6938,#6939,#6940),.UNSPECIFIED.,.F.,.F.,
(4,2,2,2,2,2,2,2,2,2,2,2,4),(0.,0.0753612869144608,0.150722573828922,0.226083315802782,
0.301444057776642,0.376805907802584,0.452167757828527,0.527529157017812,
0.602890556207098,0.678251955396383,0.753613354585669,0.828975204611611,
0.904337054637554),.UNSPECIFIED.);
#168=B_SPLINE_CURVE_WITH_KNOTS('',3,(#6941,#6942,#6943,#6944,#6945,#6946,
#6947,#6948,#6949,#6950),.UNSPECIFIED.,.F.,.F.,(4,2,2,2,4),(0.904337054637554,
0.979697796611414,1.05505853858527,1.13041982549974,1.2057811124142),
 .UNSPECIFIED.);
#169=B_SPLINE_CURVE_WITH_KNOTS('',3,(#6954,#6955,#6956,#6957,#6958,#6959,
#6960,#6961,#6962,#6963),.UNSPECIFIED.,.F.,.F.,(4,2,2,2,4),(0.,0.07536484297802,
0.15072968595604,0.226093894798146,0.301458103640251),.UNSPECIFIED.);
#170=B_SPLINE_CURVE_WITH_KNOTS('',3,(#6964,#6965,#6966,#6967,#6968,#6969,
#6970,#6971,#6972,#6973,#6974,#6975,#6976,#6977,#6978,#6979,#6980,#6981,
#6982,#6983,#6984,#6985,#6986,#6987,#6988,#6989),.UNSPECIFIED.,.F.,.F.,
(4,2,2,2,2,2,2,2,2,2,2,2,4),(0.301458103640251,0.376823584817753,0.452189065995254,
0.527554038273509,0.602919010551763,0.678283982830018,0.753648955108272,
0.829014436285773,0.904379917463275,0.979744126305381,1.05510833514749,
1.13047317812551,1.20583802110353),.UNSPECIFIED.);
#171=B_SPLINE_CURVE_WITH_KNOTS('',3,(#6993,#6994,#6995,#6996,#6997,#6998,
#6999,#7000,#7001,#7002),.UNSPECIFIED.,.F.,.F.,(4,2,2,2,4),(0.,0.07536484297802,
0.15072968595604,0.226093894798146,0.300607831357039),.UNSPECIFIED.);
#172=B_SPLINE_CURVE_WITH_KNOTS('',3,(#7004,#7005,#7006,#7007,#7008,#7009,
#7010,#7011,#7012,#7013),.UNSPECIFIED.,.F.,.F.,(4,2,2,2,4),(0.905230189746488,
0.979744126305381,1.05510833514749,1.13047317812551,1.20583802110353),
 .UNSPECIFIED.);
#173=B_SPLINE_CURVE_WITH_KNOTS('',3,(#7015,#7016,#7017,#7018),
 .UNSPECIFIED.,.F.,.F.,(4,4),(0.904379917463275,0.905230189746488),
 .UNSPECIFIED.);
#174=B_SPLINE_CURVE_WITH_KNOTS('',3,(#7022,#7023,#7024,#7025),
 .UNSPECIFIED.,.F.,.F.,(4,4),(0.300593785806777,0.301444057776642),
 .UNSPECIFIED.);
#175=B_SPLINE_CURVE_WITH_KNOTS('',3,(#7027,#7028,#7029,#7030,#7031,#7032,
#7033,#7034,#7035,#7036),.UNSPECIFIED.,.F.,.F.,(4,2,2,2,4),(0.,0.0753612869144608,
0.150722573828922,0.226083315802782,0.300593785806777),.UNSPECIFIED.);
#176=B_SPLINE_CURVE_WITH_KNOTS('',3,(#7038,#7039,#7040,#7041,#7042,#7043,
#7044,#7045,#7046,#7047),.UNSPECIFIED.,.F.,.F.,(4,2,2,2,4),(0.905187326607419,
0.979697796611414,1.05505853858527,1.13041982549974,1.2057811124142),
 .UNSPECIFIED.);
#177=B_SPLINE_CURVE_WITH_KNOTS('',3,(#7048,#7049,#7050,#7051,#7052,#7053,
#7054,#7055,#7056,#7057,#7058,#7059,#7060,#7061,#7062,#7063,#7064,#7065,
#7066,#7067),.UNSPECIFIED.,.F.,.F.,(4,2,2,2,2,2,2,2,2,4),(0.301444057776642,
0.376805907802584,0.452167757828527,0.527529157017812,0.602890556207098,
0.678251955396383,0.753613354585669,0.828975204611611,0.904337054637554,
0.905187326607419),.UNSPECIFIED.);
#178=B_SPLINE_CURVE_WITH_KNOTS('',3,(#7068,#7069,#7070,#7071,#7072,#7073,
#7074,#7075,#7076,#7077,#7078,#7079,#7080,#7081,#7082,#7083,#7084,#7085,
#7086,#7087),.UNSPECIFIED.,.F.,.F.,(4,2,2,2,2,2,2,2,2,4),(0.300607831357039,
0.301458103640251,0.376823584817753,0.452189065995254,0.527554038273509,
0.602919010551763,0.678283982830018,0.753648955108272,0.829014436285774,
0.904379917463275),.UNSPECIFIED.);
#179=B_SPLINE_CURVE_WITH_KNOTS('',3,(#7091,#7092,#7093,#7094,#7095,#7096,
#7097,#7098,#7099,#7100,#7101,#7102,#7103,#7104,#7105,#7106,#7107,#7108,
#7109,#7110,#7111,#7112,#7113,#7114,#7115,#7116),.UNSPECIFIED.,.F.,.F.,
(4,2,2,2,2,2,2,2,2,2,2,2,4),(0.,0.0753612869144608,0.150722573828922,0.226083315802782,
0.301444057776642,0.376805907802584,0.452167757828527,0.527529157017812,
0.602890556207098,0.678251955396383,0.753613354585669,0.828975204611611,
0.904337054637554),.UNSPECIFIED.);
#180=B_SPLINE_CURVE_WITH_KNOTS('',3,(#7117,#7118,#7119,#7120,#7121,#7122,
#7123,#7124,#7125,#7126),.UNSPECIFIED.,.F.,.F.,(4,2,2,2,4),(0.904337054637554,
0.979697796611414,1.05505853858527,1.13041982549974,1.2057811124142),
 .UNSPECIFIED.);
#181=B_SPLINE_CURVE_WITH_KNOTS('',3,(#7130,#7131,#7132,#7133,#7134,#7135,
#7136,#7137,#7138,#7139),.UNSPECIFIED.,.F.,.F.,(4,2,2,2,4),(0.,0.07536484297802,
0.15072968595604,0.226093894798146,0.301458103640251),.UNSPECIFIED.);
#182=B_SPLINE_CURVE_WITH_KNOTS('',3,(#7140,#7141,#7142,#7143,#7144,#7145,
#7146,#7147,#7148,#7149,#7150,#7151,#7152,#7153,#7154,#7155,#7156,#7157,
#7158,#7159,#7160,#7161,#7162,#7163,#7164,#7165),.UNSPECIFIED.,.F.,.F.,
(4,2,2,2,2,2,2,2,2,2,2,2,4),(0.301458103640251,0.376823584817753,0.452189065995254,
0.527554038273509,0.602919010551763,0.678283982830018,0.753648955108272,
0.829014436285773,0.904379917463275,0.979744126305381,1.05510833514749,
1.13047317812551,1.20583802110353),.UNSPECIFIED.);
#183=B_SPLINE_CURVE_WITH_KNOTS('',3,(#7169,#7170,#7171,#7172,#7173,#7174,
#7175,#7176,#7177,#7178),.UNSPECIFIED.,.F.,.F.,(4,2,2,2,4),(0.,0.07536484297802,
0.15072968595604,0.226093894798146,0.300607831357039),.UNSPECIFIED.);
#184=B_SPLINE_CURVE_WITH_KNOTS('',3,(#7180,#7181,#7182,#7183,#7184,#7185,
#7186,#7187,#7188,#7189),.UNSPECIFIED.,.F.,.F.,(4,2,2,2,4),(0.905230189746488,
0.979744126305381,1.05510833514749,1.13047317812551,1.20583802110353),
 .UNSPECIFIED.);
#185=B_SPLINE_CURVE_WITH_KNOTS('',3,(#7191,#7192,#7193,#7194),
 .UNSPECIFIED.,.F.,.F.,(4,4),(0.904379917463275,0.905230189746488),
 .UNSPECIFIED.);
#186=B_SPLINE_CURVE_WITH_KNOTS('',3,(#7198,#7199,#7200,#7201),
 .UNSPECIFIED.,.F.,.F.,(4,4),(0.300593785806777,0.301444057776642),
 .UNSPECIFIED.);
#187=B_SPLINE_CURVE_WITH_KNOTS('',3,(#7203,#7204,#7205,#7206,#7207,#7208,
#7209,#7210,#7211,#7212),.UNSPECIFIED.,.F.,.F.,(4,2,2,2,4),(0.,0.0753612869144608,
0.150722573828922,0.226083315802782,0.300593785806777),.UNSPECIFIED.);
#188=B_SPLINE_CURVE_WITH_KNOTS('',3,(#7214,#7215,#7216,#7217,#7218,#7219,
#7220,#7221,#7222,#7223),.UNSPECIFIED.,.F.,.F.,(4,2,2,2,4),(0.905187326607419,
0.979697796611414,1.05505853858527,1.13041982549974,1.2057811124142),
 .UNSPECIFIED.);
#189=B_SPLINE_CURVE_WITH_KNOTS('',3,(#7224,#7225,#7226,#7227,#7228,#7229,
#7230,#7231,#7232,#7233,#7234,#7235,#7236,#7237,#7238,#7239,#7240,#7241,
#7242,#7243),.UNSPECIFIED.,.F.,.F.,(4,2,2,2,2,2,2,2,2,4),(0.301444057776642,
0.376805907802584,0.452167757828527,0.527529157017812,0.602890556207098,
0.678251955396383,0.753613354585669,0.828975204611611,0.904337054637554,
0.905187326607419),.UNSPECIFIED.);
#190=B_SPLINE_CURVE_WITH_KNOTS('',3,(#7244,#7245,#7246,#7247,#7248,#7249,
#7250,#7251,#7252,#7253,#7254,#7255,#7256,#7257,#7258,#7259,#7260,#7261,
#7262,#7263),.UNSPECIFIED.,.F.,.F.,(4,2,2,2,2,2,2,2,2,4),(0.300607831357039,
0.301458103640251,0.376823584817753,0.452189065995254,0.527554038273509,
0.602919010551763,0.678283982830018,0.753648955108272,0.829014436285774,
0.904379917463275),.UNSPECIFIED.);
#191=B_SPLINE_CURVE_WITH_KNOTS('',3,(#7267,#7268,#7269,#7270,#7271,#7272,
#7273,#7274,#7275,#7276,#7277,#7278,#7279,#7280,#7281,#7282,#7283,#7284,
#7285,#7286,#7287,#7288,#7289,#7290,#7291,#7292),.UNSPECIFIED.,.F.,.F.,
(4,2,2,2,2,2,2,2,2,2,2,2,4),(0.,0.0753613432040121,0.150722686408024,0.226083979206355,
0.301445272004685,0.376806564803016,0.452167857601346,0.527529200805358,
0.60289054400937,0.678251887213382,0.753613230417395,0.828974523215725,
0.904335816014056),.UNSPECIFIED.);
#192=B_SPLINE_CURVE_WITH_KNOTS('',3,(#7293,#7294,#7295,#7296,#7297,#7298,
#7299,#7300,#7301,#7302),.UNSPECIFIED.,.F.,.F.,(4,2,2,2,4),(0.904335816014056,
0.979697108812386,1.05505840161072,1.13041974481473,1.20578108801874),
 .UNSPECIFIED.);
#193=B_SPLINE_CURVE_WITH_KNOTS('',3,(#7306,#7307,#7308,#7309,#7310,#7311,
#7312,#7313,#7314,#7315),.UNSPECIFIED.,.F.,.F.,(4,2,2,2,4),(0.,0.0753649078016195,
0.150729815603239,0.22609465693568,0.301459498268121),.UNSPECIFIED.);
#194=B_SPLINE_CURVE_WITH_KNOTS('',3,(#7316,#7317,#7318,#7319,#7320,#7321,
#7322,#7323,#7324,#7325,#7326,#7327,#7328,#7329,#7330,#7331,#7332,#7333,
#7334,#7335,#7336,#7337,#7338,#7339,#7340,#7341),.UNSPECIFIED.,.F.,.F.,
(4,2,2,2,2,2,2,2,2,2,2,2,4),(0.301459498268121,0.376824339600562,0.452189180933003,
0.527554088734623,0.602918996536242,0.678283904337862,0.753648812139481,
0.829013653471922,0.904378494804363,0.979743336136804,1.05510817746925,
1.13047308527086,1.20583799307248),.UNSPECIFIED.);
#195=B_SPLINE_CURVE_WITH_KNOTS('',3,(#7345,#7346,#7347,#7348,#7349,#7350,
#7351,#7352,#7353,#7354,#7355,#7356,#7357,#7358,#7359,#7360,#7361,#7362,
#7363,#7364,#7365,#7366,#7367,#7368,#7369,#7370),.UNSPECIFIED.,.F.,.F.,
(4,2,2,2,2,2,2,2,2,2,2,2,4),(0.,0.0753649078016195,0.150729815603239,0.22609465693568,
0.301459498268121,0.376824339600562,0.452189180933003,0.527554088734623,
0.602918996536242,0.678283904337862,0.753648812139481,0.829013653471922,
0.904378494804363),.UNSPECIFIED.);
#196=B_SPLINE_CURVE_WITH_KNOTS('',3,(#7371,#7372,#7373,#7374,#7375,#7376,
#7377,#7378,#7379,#7380),.UNSPECIFIED.,.F.,.F.,(4,2,2,2,4),(0.904378494804363,
0.979743336136804,1.05510817746925,1.13047308527086,1.20583799307248),
 .UNSPECIFIED.);
#197=B_SPLINE_CURVE_WITH_KNOTS('',3,(#7384,#7385,#7386,#7387,#7388,#7389,
#7390,#7391,#7392,#7393),.UNSPECIFIED.,.F.,.F.,(4,2,2,2,4),(0.,0.0753613432040121,
0.150722686408024,0.226083979206355,0.301445272004685),.UNSPECIFIED.);
#198=B_SPLINE_CURVE_WITH_KNOTS('',3,(#7394,#7395,#7396,#7397,#7398,#7399,
#7400,#7401,#7402,#7403,#7404,#7405,#7406,#7407,#7408,#7409,#7410,#7411,
#7412,#7413,#7414,#7415,#7416,#7417,#7418,#7419),.UNSPECIFIED.,.F.,.F.,
(4,2,2,2,2,2,2,2,2,2,2,2,4),(0.301445272004685,0.376806564803016,0.452167857601346,
0.527529200805358,0.60289054400937,0.678251887213382,0.753613230417395,
0.828974523215725,0.904335816014056,0.979697108812386,1.05505840161072,
1.13041974481473,1.20578108801874),.UNSPECIFIED.);
#199=B_SPLINE_CURVE_WITH_KNOTS('',3,(#7423,#7424,#7425,#7426,#7427,#7428,
#7429,#7430,#7431,#7432,#7433,#7434,#7435,#7436,#7437,#7438,#7439,#7440,
#7441,#7442,#7443,#7444,#7445,#7446,#7447,#7448),.UNSPECIFIED.,.F.,.F.,
(4,2,2,2,2,2,2,2,2,2,2,2,4),(0.,0.0753613432040121,0.150722686408024,0.226083979206355,
0.301445272004685,0.376806564803016,0.452167857601346,0.527529200805358,
0.60289054400937,0.678251887213382,0.753613230417395,0.828974523215725,
0.904335816014056),.UNSPECIFIED.);
#200=B_SPLINE_CURVE_WITH_KNOTS('',3,(#7449,#7450,#7451,#7452,#7453,#7454,
#7455,#7456,#7457,#7458),.UNSPECIFIED.,.F.,.F.,(4,2,2,2,4),(0.904335816014056,
0.979697108812386,1.05505840161072,1.13041974481473,1.20578108801874),
 .UNSPECIFIED.);
#201=B_SPLINE_CURVE_WITH_KNOTS('',3,(#7462,#7463,#7464,#7465,#7466,#7467,
#7468,#7469,#7470,#7471),.UNSPECIFIED.,.F.,.F.,(4,2,2,2,4),(0.,0.0753649078016195,
0.150729815603239,0.22609465693568,0.301459498268121),.UNSPECIFIED.);
#202=B_SPLINE_CURVE_WITH_KNOTS('',3,(#7472,#7473,#7474,#7475,#7476,#7477,
#7478,#7479,#7480,#7481,#7482,#7483,#7484,#7485,#7486,#7487,#7488,#7489,
#7490,#7491,#7492,#7493,#7494,#7495,#7496,#7497),.UNSPECIFIED.,.F.,.F.,
(4,2,2,2,2,2,2,2,2,2,2,2,4),(0.301459498268121,0.376824339600562,0.452189180933003,
0.527554088734623,0.602918996536242,0.678283904337862,0.753648812139481,
0.829013653471922,0.904378494804363,0.979743336136804,1.05510817746925,
1.13047308527086,1.20583799307248),.UNSPECIFIED.);
#203=B_SPLINE_CURVE_WITH_KNOTS('',3,(#7501,#7502,#7503,#7504,#7505,#7506,
#7507,#7508,#7509,#7510,#7511,#7512,#7513,#7514,#7515,#7516,#7517,#7518,
#7519,#7520,#7521,#7522,#7523,#7524,#7525,#7526),.UNSPECIFIED.,.F.,.F.,
(4,2,2,2,2,2,2,2,2,2,2,2,4),(0.,0.0753649078016195,0.150729815603239,0.22609465693568,
0.301459498268121,0.376824339600562,0.452189180933003,0.527554088734623,
0.602918996536242,0.678283904337862,0.753648812139481,0.829013653471922,
0.904378494804363),.UNSPECIFIED.);
#204=B_SPLINE_CURVE_WITH_KNOTS('',3,(#7527,#7528,#7529,#7530,#7531,#7532,
#7533,#7534,#7535,#7536),.UNSPECIFIED.,.F.,.F.,(4,2,2,2,4),(0.904378494804363,
0.979743336136804,1.05510817746925,1.13047308527086,1.20583799307248),
 .UNSPECIFIED.);
#205=B_SPLINE_CURVE_WITH_KNOTS('',3,(#7540,#7541,#7542,#7543,#7544,#7545,
#7546,#7547,#7548,#7549),.UNSPECIFIED.,.F.,.F.,(4,2,2,2,4),(0.,0.0753613432040121,
0.150722686408024,0.226083979206355,0.301445272004685),.UNSPECIFIED.);
#206=B_SPLINE_CURVE_WITH_KNOTS('',3,(#7550,#7551,#7552,#7553,#7554,#7555,
#7556,#7557,#7558,#7559,#7560,#7561,#7562,#7563,#7564,#7565,#7566,#7567,
#7568,#7569,#7570,#7571,#7572,#7573,#7574,#7575),.UNSPECIFIED.,.F.,.F.,
(4,2,2,2,2,2,2,2,2,2,2,2,4),(0.301445272004685,0.376806564803016,0.452167857601346,
0.527529200805358,0.60289054400937,0.678251887213382,0.753613230417395,
0.828974523215725,0.904335816014056,0.979697108812386,1.05505840161072,
1.13041974481473,1.20578108801874),.UNSPECIFIED.);
#207=B_SPLINE_CURVE_WITH_KNOTS('',3,(#7603,#7604,#7605,#7606,#7607,#7608,
#7609,#7610,#7611,#7612),.UNSPECIFIED.,.F.,.F.,(4,2,2,2,4),(0.,0.0753608684918205,
0.150721736983641,0.226081870780166,0.301442004576692),.UNSPECIFIED.);
#208=B_SPLINE_CURVE_WITH_KNOTS('',3,(#7613,#7614,#7615,#7616,#7617,#7618,
#7619,#7620,#7621,#7622,#7623,#7624,#7625,#7626,#7627,#7628,#7629,#7630,
#7631,#7632,#7633,#7634,#7635,#7636,#7637,#7638),.UNSPECIFIED.,.F.,.F.,
(4,2,2,2,2,2,2,2,2,2,2,2,4),(0.301442004576692,0.376803679556149,0.452165354535607,
0.527526379138748,0.602887403741889,0.678248428345029,0.75360945294817,
0.828971127927628,0.904332802907085,0.979692936703611,1.05505307050014,
1.13041393899196,1.20577480748378),.UNSPECIFIED.);
#209=B_SPLINE_CURVE_WITH_KNOTS('',3,(#7641,#7642,#7643,#7644,#7645,#7646,
#7647,#7648,#7649,#7650,#7651,#7652,#7653,#7654,#7655,#7656,#7657,#7658,
#7659,#7660,#7661,#7662,#7663,#7664,#7665,#7666),.UNSPECIFIED.,.F.,.F.,
(4,2,2,2,2,2,2,2,2,2,2,2,4),(0.,0.0753608684918205,0.150721736983641,0.226081870780166,
0.301442004576692,0.376803679556149,0.452165354535607,0.527526379138748,
0.602887403741889,0.67824842834503,0.75360945294817,0.828971127927628,0.904332802907086),
 .UNSPECIFIED.);
#210=B_SPLINE_CURVE_WITH_KNOTS('',3,(#7667,#7668,#7669,#7670,#7671,#7672,
#7673,#7674,#7675,#7676),.UNSPECIFIED.,.F.,.F.,(4,2,2,2,4),(0.904332802907086,
0.979692936703611,1.05505307050014,1.13041393899196,1.20577480748378),
 .UNSPECIFIED.);
#211=B_SPLINE_CURVE_WITH_KNOTS('',3,(#7680,#7681,#7682,#7683,#7684,#7685,
#7686,#7687,#7688,#7689,#7690,#7691,#7692,#7693,#7694,#7695,#7696,#7697,
#7698,#7699,#7700,#7701,#7702,#7703,#7704,#7705),.UNSPECIFIED.,.F.,.F.,
(4,2,2,2,2,2,2,2,2,2,2,2,4),(0.,0.0753590329628827,0.150718065925765,0.226076424834771,
0.301434783743777,0.37679456375201,0.452154343760242,0.527513520452015,
0.602872697143787,0.678231873835559,0.753591050527332,0.828950830535564,
0.904310610543797),.UNSPECIFIED.);
#212=B_SPLINE_CURVE_WITH_KNOTS('',3,(#7706,#7707,#7708,#7709,#7710,#7711,
#7712,#7713,#7714,#7715),.UNSPECIFIED.,.F.,.F.,(4,2,2,2,4),(0.904310610543797,
0.979668969452803,1.05502732836181,1.13038636132469,1.20574539428757),
 .UNSPECIFIED.);
#213=B_SPLINE_CURVE_WITH_KNOTS('',3,(#7721,#7722,#7723,#7724,#7725,#7726,
#7727,#7728,#7729,#7730),.UNSPECIFIED.,.F.,.F.,(4,2,2,2,4),(0.,0.0753590329628828,
0.150718065925766,0.226076424834772,0.301434783743777),.UNSPECIFIED.);
#214=B_SPLINE_CURVE_WITH_KNOTS('',3,(#7731,#7732,#7733,#7734,#7735,#7736,
#7737,#7738,#7739,#7740,#7741,#7742,#7743,#7744,#7745,#7746,#7747,#7748,
#7749,#7750,#7751,#7752,#7753,#7754,#7755,#7756),.UNSPECIFIED.,.F.,.F.,
(4,2,2,2,2,2,2,2,2,2,2,2,4),(0.301434783743777,0.37679456375201,0.452154343760242,
0.527513520452014,0.602872697143786,0.678231873835559,0.753591050527331,
0.828950830535563,0.904310610543795,0.979668969452801,1.05502732836181,
1.13038636132469,1.20574539428757),.UNSPECIFIED.);
#215=B_SPLINE_CURVE_WITH_KNOTS('',3,(#7890,#7891,#7892,#7893,#7894,#7895,
#7896,#7897,#7898,#7899,#7900,#7901,#7902,#7903,#7904,#7905,#7906,#7907,
#7908,#7909,#7910,#7911,#7912,#7913,#7914,#7915),.UNSPECIFIED.,.F.,.F.,
(4,2,2,2,2,2,2,2,2,2,2,2,4),(0.,0.075360946846973,0.150721893693946,0.226082791784593,
0.301443689875239,0.376804587965886,0.452165486056533,0.527526432903506,
0.602887379750479,0.678248326597452,0.753609273444425,0.828970171535071,
0.904331069625718),.UNSPECIFIED.);
#216=B_SPLINE_CURVE_WITH_KNOTS('',3,(#7916,#7917,#7918,#7919,#7920,#7921,
#7922,#7923,#7924,#7925),.UNSPECIFIED.,.F.,.F.,(4,2,2,2,4),(0.904331069625718,
0.979691967716365,1.05505286580701,1.13041381265398,1.20577475950096),
 .UNSPECIFIED.);
#217=B_SPLINE_CURVE_WITH_KNOTS('',3,(#7928,#7929,#7930,#7931,#7932,#7933,
#7934,#7935,#7936,#7937),.UNSPECIFIED.,.F.,.F.,(4,2,2,2,4),(0.,0.075360946846973,
0.150721893693946,0.226082791784593,0.301443689875239),.UNSPECIFIED.);
#218=B_SPLINE_CURVE_WITH_KNOTS('',3,(#7938,#7939,#7940,#7941,#7942,#7943,
#7944,#7945,#7946,#7947,#7948,#7949,#7950,#7951,#7952,#7953,#7954,#7955,
#7956,#7957,#7958,#7959,#7960,#7961,#7962,#7963),.UNSPECIFIED.,.F.,.F.,
(4,2,2,2,2,2,2,2,2,2,2,2,4),(0.301443689875239,0.376804587965886,0.452165486056533,
0.527526432903506,0.602887379750479,0.678248326597452,0.753609273444425,
0.828970171535071,0.904331069625718,0.979691967716365,1.05505286580701,
1.13041381265398,1.20577475950096),.UNSPECIFIED.);
#219=B_SPLINE_CURVE_WITH_KNOTS('',3,(#7967,#7968,#7969,#7970,#7971,#7972,
#7973,#7974,#7975,#7976,#7977,#7978,#7979,#7980,#7981,#7982,#7983,#7984,
#7985,#7986,#7987,#7988,#7989,#7990,#7991,#7992),.UNSPECIFIED.,.F.,.F.,
(4,2,2,2,2,2,2,2,2,2,2,2,4),(0.,0.0753591051044707,0.150718210208941,0.226077273861796,
0.301436337514651,0.376795401167505,0.45215446482036,0.527513569924831,
0.602872675029301,0.678231780133772,0.753590885238243,0.828949948891098,
0.904309012543952),.UNSPECIFIED.);
#220=B_SPLINE_CURVE_WITH_KNOTS('',3,(#7993,#7994,#7995,#7996,#7997,#7998,
#7999,#8000,#8001,#8002),.UNSPECIFIED.,.F.,.F.,(4,2,2,2,4),(0.904309012543952,
0.979668076196807,1.05502713984966,1.13038624495413,1.2057453500586),
 .UNSPECIFIED.);
#221=B_SPLINE_CURVE_WITH_KNOTS('',3,(#8008,#8009,#8010,#8011,#8012,#8013,
#8014,#8015,#8016,#8017),.UNSPECIFIED.,.F.,.F.,(4,2,2,2,4),(0.,0.0753591051044707,
0.150718210208941,0.226077273861796,0.301436337514651),.UNSPECIFIED.);
#222=B_SPLINE_CURVE_WITH_KNOTS('',3,(#8018,#8019,#8020,#8021,#8022,#8023,
#8024,#8025,#8026,#8027,#8028,#8029,#8030,#8031,#8032,#8033,#8034,#8035,
#8036,#8037,#8038,#8039,#8040,#8041,#8042,#8043),.UNSPECIFIED.,.F.,.F.,
(4,2,2,2,2,2,2,2,2,2,2,2,4),(0.301436337514651,0.376795401167505,0.45215446482036,
0.527513569924831,0.602872675029301,0.678231780133772,0.753590885238243,
0.828949948891098,0.904309012543952,0.979668076196807,1.05502713984966,
1.13038624495413,1.2057453500586),.UNSPECIFIED.);
#223=B_SPLINE_CURVE_WITH_KNOTS('',3,(#8108,#8109,#8110,#8111,#8112,#8113,
#8114,#8115,#8116,#8117,#8118,#8119,#8120,#8121,#8122,#8123,#8124,#8125,
#8126,#8127,#8128,#8129,#8130,#8131,#8132,#8133),.UNSPECIFIED.,.F.,.F.,
(4,2,2,2,2,2,2,2,2,2,2,2,4),(0.,0.0753653426027463,0.150730685205493,0.226095380969382,
0.30146007673327,0.37682606790895,0.45219205908463,0.527557533386986,0.602923007689342,
0.678288481991698,0.753653956294053,0.829019947469733,0.904385938645413),
 .UNSPECIFIED.);
#224=B_SPLINE_CURVE_WITH_KNOTS('',3,(#8134,#8135,#8136,#8137,#8138,#8139,
#8140,#8141,#8142,#8143),.UNSPECIFIED.,.F.,.F.,(4,2,2,2,4),(0.904385938645413,
0.979750634409302,1.05511533017319,1.13048067277594,1.20584601537868),
 .UNSPECIFIED.);
#225=B_SPLINE_CURVE_WITH_KNOTS('',3,(#8147,#8148,#8149,#8150,#8151,#8152,
#8153,#8154,#8155,#8156),.UNSPECIFIED.,.F.,.F.,(4,2,2,2,4),(0.,0.075380017300247,
0.150760034600494,0.226139013187089,0.301517991773683),.UNSPECIFIED.);
#226=B_SPLINE_CURVE_WITH_KNOTS('',3,(#8157,#8158,#8159,#8160,#8161,#8162,
#8163,#8164,#8165,#8166,#8167,#8168,#8169,#8170,#8171,#8172,#8173,#8174,
#8175,#8176,#8177,#8178,#8179,#8180,#8181,#8182),.UNSPECIFIED.,.F.,.F.,
(4,2,2,2,2,2,2,2,2,2,2,2,4),(0.301517991773683,0.376898942976192,0.4522798941787,
0.527660114455371,0.603040334732043,0.678420555008714,0.753800775285385,
0.829181726487893,0.904562677690402,0.979941656276997,1.05532063486359,
1.13070065216384,1.20608066946409),.UNSPECIFIED.);
#227=B_SPLINE_CURVE_WITH_KNOTS('',3,(#8186,#8187,#8188,#8189,#8190,#8191,
#8192,#8193,#8194,#8195),.UNSPECIFIED.,.F.,.F.,(4,2,2,2,4),(0.,0.075380017300247,
0.150760034600494,0.226139013187089,0.300667718156412),.UNSPECIFIED.);
#228=B_SPLINE_CURVE_WITH_KNOTS('',3,(#8197,#8198,#8199,#8200,#8201,#8202,
#8203,#8204,#8205,#8206),.UNSPECIFIED.,.F.,.F.,(4,2,2,2,4),(0.905412951307673,
0.979941656276997,1.05532063486359,1.13070065216384,1.20608066946409),
 .UNSPECIFIED.);
#229=B_SPLINE_CURVE_WITH_KNOTS('',3,(#8208,#8209,#8210,#8211),
 .UNSPECIFIED.,.F.,.F.,(4,4),(0.904562677690402,0.905412951307673),
 .UNSPECIFIED.);
#230=B_SPLINE_CURVE_WITH_KNOTS('',3,(#8215,#8216,#8217,#8218),
 .UNSPECIFIED.,.F.,.F.,(4,4),(0.300609804406054,0.301460076733271),
 .UNSPECIFIED.);
#231=B_SPLINE_CURVE_WITH_KNOTS('',3,(#8220,#8221,#8222,#8223,#8224,#8225,
#8226,#8227,#8228,#8229),.UNSPECIFIED.,.F.,.F.,(4,2,2,2,4),(0.,0.0753653426027463,
0.150730685205493,0.226095380969382,0.300609804406054),.UNSPECIFIED.);
#232=B_SPLINE_CURVE_WITH_KNOTS('',3,(#8231,#8232,#8233,#8234,#8235,#8236,
#8237,#8238,#8239,#8240),.UNSPECIFIED.,.F.,.F.,(4,2,2,2,4),(0.905236210972629,
0.979750634409302,1.05511533017319,1.13048067277594,1.20584601537868),
 .UNSPECIFIED.);
#233=B_SPLINE_CURVE_WITH_KNOTS('',3,(#8241,#8242,#8243,#8244,#8245,#8246,
#8247,#8248,#8249,#8250,#8251,#8252,#8253,#8254,#8255,#8256,#8257,#8258,
#8259,#8260),.UNSPECIFIED.,.F.,.F.,(4,2,2,2,2,2,2,2,2,4),(0.301460076733271,
0.37682606790895,0.45219205908463,0.527557533386986,0.602923007689342,0.678288481991697,
0.753653956294053,0.829019947469733,0.904385938645413,0.905236210972629),
 .UNSPECIFIED.);
#234=B_SPLINE_CURVE_WITH_KNOTS('',3,(#8261,#8262,#8263,#8264,#8265,#8266,
#8267,#8268,#8269,#8270,#8271,#8272,#8273,#8274,#8275,#8276,#8277,#8278,
#8279,#8280),.UNSPECIFIED.,.F.,.F.,(4,2,2,2,2,2,2,2,2,4),(0.300667718156412,
0.301517991773683,0.376898942976192,0.4522798941787,0.527660114455371,0.603040334732043,
0.678420555008714,0.753800775285385,0.829181726487893,0.904562677690402),
 .UNSPECIFIED.);
#235=B_SPLINE_CURVE_WITH_KNOTS('',3,(#8284,#8285,#8286,#8287,#8288,#8289,
#8290,#8291,#8292,#8293,#8294,#8295,#8296,#8297,#8298,#8299,#8300,#8301,
#8302,#8303,#8304,#8305,#8306,#8307,#8308,#8309),.UNSPECIFIED.,.F.,.F.,
(4,2,2,2,2,2,2,2,2,2,2,2,4),(0.,0.0753654086290081,0.150730817258016,0.226096156983581,
0.301461496709145,0.37682683643471,0.452192176160275,0.527557584789283,
0.602922993418291,0.678288402047299,0.753653810676307,0.829019150401872,
0.904384490127436),.UNSPECIFIED.);
#236=B_SPLINE_CURVE_WITH_KNOTS('',3,(#8310,#8311,#8312,#8313,#8314,#8315,
#8316,#8317,#8318,#8319),.UNSPECIFIED.,.F.,.F.,(4,2,2,2,4),(0.904384490127436,
0.979749829853001,1.05511516957857,1.13048057820757,1.20584598683658),
 .UNSPECIFIED.);
#237=B_SPLINE_CURVE_WITH_KNOTS('',3,(#8323,#8324,#8325,#8326,#8327,#8328,
#8329,#8330,#8331,#8332),.UNSPECIFIED.,.F.,.F.,(4,2,2,2,4),(0.,0.0753801190493778,
0.150760238098756,0.22614019728457,0.301520156470385),.UNSPECIFIED.);
#238=B_SPLINE_CURVE_WITH_KNOTS('',3,(#8333,#8334,#8335,#8336,#8337,#8338,
#8339,#8340,#8341,#8342,#8343,#8344,#8345,#8346,#8347,#8348,#8349,#8350,
#8351,#8352,#8353,#8354,#8355,#8356,#8357,#8358),.UNSPECIFIED.,.F.,.F.,
(4,2,2,2,2,2,2,2,2,2,2,2,4),(0.301520156470385,0.3769001156562,0.452280074842014,
0.527660193891392,0.60304031294077,0.678420431990148,0.753800551039526,
0.829180510225341,0.904560469411155,0.97994042859697,1.05532038778278,1.13070050683216,
1.20608062588154),.UNSPECIFIED.);
#239=B_SPLINE_CURVE_WITH_KNOTS('',3,(#8362,#8363,#8364,#8365,#8366,#8367,
#8368,#8369,#8370,#8371,#8372,#8373,#8374,#8375,#8376,#8377,#8378,#8379,
#8380,#8381,#8382,#8383,#8384,#8385,#8386,#8387),.UNSPECIFIED.,.F.,.F.,
(4,2,2,2,2,2,2,2,2,2,2,2,4),(0.,0.0753801190493778,0.150760238098756,0.22614019728457,
0.301520156470385,0.3769001156562,0.452280074842014,0.527660193891392,0.60304031294077,
0.678420431990148,0.753800551039526,0.829180510225341,0.904560469411155),
 .UNSPECIFIED.);
#240=B_SPLINE_CURVE_WITH_KNOTS('',3,(#8388,#8389,#8390,#8391,#8392,#8393,
#8394,#8395,#8396,#8397),.UNSPECIFIED.,.F.,.F.,(4,2,2,2,4),(0.904560469411155,
0.97994042859697,1.05532038778278,1.13070050683216,1.20608062588154),
 .UNSPECIFIED.);
#241=B_SPLINE_CURVE_WITH_KNOTS('',3,(#8401,#8402,#8403,#8404,#8405,#8406,
#8407,#8408,#8409,#8410),.UNSPECIFIED.,.F.,.F.,(4,2,2,2,4),(0.,0.0753654086290081,
0.150730817258016,0.226096156983581,0.301461496709146),.UNSPECIFIED.);
#242=B_SPLINE_CURVE_WITH_KNOTS('',3,(#8411,#8412,#8413,#8414,#8415,#8416,
#8417,#8418,#8419,#8420,#8421,#8422,#8423,#8424,#8425,#8426,#8427,#8428,
#8429,#8430,#8431,#8432,#8433,#8434,#8435,#8436),.UNSPECIFIED.,.F.,.F.,
(4,2,2,2,2,2,2,2,2,2,2,2,4),(0.301461496709146,0.37682683643471,0.452192176160275,
0.527557584789283,0.602922993418291,0.678288402047299,0.753653810676307,
0.829019150401872,0.904384490127436,0.979749829853001,1.05511516957857,
1.13048057820757,1.20584598683658),.UNSPECIFIED.);
#243=B_SPLINE_CURVE_WITH_KNOTS('',3,(#8456,#8457,#8458,#8459,#8460,#8461,
#8462,#8463,#8464,#8465,#8466,#8467,#8468,#8469,#8470,#8471,#8472,#8473,
#8474,#8475,#8476,#8477,#8478,#8479,#8480,#8481),.UNSPECIFIED.,.F.,.F.,
(4,2,2,2,2,2,2,2,2,2,2,2,4),(0.,0.0753653426027463,0.150730685205493,0.226095380969382,
0.30146007673327,0.37682606790895,0.45219205908463,0.527557533386986,0.602923007689342,
0.678288481991698,0.753653956294053,0.829019947469733,0.904385938645413),
 .UNSPECIFIED.);
#244=B_SPLINE_CURVE_WITH_KNOTS('',3,(#8482,#8483,#8484,#8485,#8486,#8487,
#8488,#8489,#8490,#8491),.UNSPECIFIED.,.F.,.F.,(4,2,2,2,4),(0.904385938645413,
0.979750634409302,1.05511533017319,1.13048067277594,1.20584601537868),
 .UNSPECIFIED.);
#245=B_SPLINE_CURVE_WITH_KNOTS('',3,(#8495,#8496,#8497,#8498,#8499,#8500,
#8501,#8502,#8503,#8504),.UNSPECIFIED.,.F.,.F.,(4,2,2,2,4),(0.,0.075379079354755,
0.15075815870951,0.226136225482518,0.301514292255525),.UNSPECIFIED.);
#246=B_SPLINE_CURVE_WITH_KNOTS('',3,(#8505,#8506,#8507,#8508,#8509,#8510,
#8511,#8512,#8513,#8514,#8515,#8516,#8517,#8518,#8519,#8520,#8521,#8522,
#8523,#8524,#8525,#8526,#8527,#8528,#8529,#8530),.UNSPECIFIED.,.F.,.F.,
(4,2,2,2,2,2,2,2,2,2,2,2,4),(0.301514292255525,0.376894288394081,0.452274284532636,
0.527653562261604,0.603032839990572,0.678412117719539,0.753791395448507,
0.829171391587062,0.904551387725618,0.979929454498625,1.05530752127163,
1.13068660062639,1.20606567998114),.UNSPECIFIED.);
#247=B_SPLINE_CURVE_WITH_KNOTS('',3,(#8534,#8535,#8536,#8537,#8538,#8539,
#8540,#8541,#8542,#8543),.UNSPECIFIED.,.F.,.F.,(4,2,2,2,4),(0.,0.0753790793547551,
0.15075815870951,0.226136225482518,0.300664018720571),.UNSPECIFIED.);
#248=B_SPLINE_CURVE_WITH_KNOTS('',3,(#8545,#8546,#8547,#8548,#8549,#8550,
#8551,#8552,#8553,#8554),.UNSPECIFIED.,.F.,.F.,(4,2,2,2,4),(0.905401661260571,
0.979929454498625,1.05530752127163,1.13068660062639,1.20606567998114),
 .UNSPECIFIED.);
#249=B_SPLINE_CURVE_WITH_KNOTS('',3,(#8556,#8557,#8558,#8559),
 .UNSPECIFIED.,.F.,.F.,(4,4),(0.904551387725617,0.905401661260571),
 .UNSPECIFIED.);
#250=B_SPLINE_CURVE_WITH_KNOTS('',3,(#8563,#8564,#8565,#8566),
 .UNSPECIFIED.,.F.,.F.,(4,4),(0.300609804406054,0.301460076733271),
 .UNSPECIFIED.);
#251=B_SPLINE_CURVE_WITH_KNOTS('',3,(#8568,#8569,#8570,#8571,#8572,#8573,
#8574,#8575,#8576,#8577),.UNSPECIFIED.,.F.,.F.,(4,2,2,2,4),(0.,0.0753653426027463,
0.150730685205493,0.226095380969382,0.300609804406054),.UNSPECIFIED.);
#252=B_SPLINE_CURVE_WITH_KNOTS('',3,(#8579,#8580,#8581,#8582,#8583,#8584,
#8585,#8586,#8587,#8588),.UNSPECIFIED.,.F.,.F.,(4,2,2,2,4),(0.905236210972629,
0.979750634409302,1.05511533017319,1.13048067277594,1.20584601537868),
 .UNSPECIFIED.);
#253=B_SPLINE_CURVE_WITH_KNOTS('',3,(#8589,#8590,#8591,#8592,#8593,#8594,
#8595,#8596,#8597,#8598,#8599,#8600,#8601,#8602,#8603,#8604,#8605,#8606,
#8607,#8608),.UNSPECIFIED.,.F.,.F.,(4,2,2,2,2,2,2,2,2,4),(0.301460076733271,
0.37682606790895,0.45219205908463,0.527557533386986,0.602923007689342,0.678288481991697,
0.753653956294053,0.829019947469733,0.904385938645413,0.905236210972629),
 .UNSPECIFIED.);
#254=B_SPLINE_CURVE_WITH_KNOTS('',3,(#8609,#8610,#8611,#8612,#8613,#8614,
#8615,#8616,#8617,#8618,#8619,#8620,#8621,#8622,#8623,#8624,#8625,#8626,
#8627,#8628),.UNSPECIFIED.,.F.,.F.,(4,2,2,2,2,2,2,2,2,4),(0.300664018720571,
0.301514292255525,0.37689428839408,0.452274284532636,0.527653562261603,
0.603032839990571,0.678412117719539,0.753791395448507,0.829171391587062,
0.904551387725617),.UNSPECIFIED.);
#255=B_SPLINE_CURVE_WITH_KNOTS('',3,(#8632,#8633,#8634,#8635,#8636,#8637,
#8638,#8639,#8640,#8641,#8642,#8643,#8644,#8645,#8646,#8647,#8648,#8649,
#8650,#8651,#8652,#8653,#8654,#8655,#8656,#8657),.UNSPECIFIED.,.F.,.F.,
(4,2,2,2,2,2,2,2,2,2,2,2,4),(0.,0.0753653426027463,0.150730685205493,0.226095380969382,
0.30146007673327,0.37682606790895,0.45219205908463,0.527557533386986,0.602923007689342,
0.678288481991698,0.753653956294053,0.829019947469733,0.904385938645413),
 .UNSPECIFIED.);
#256=B_SPLINE_CURVE_WITH_KNOTS('',3,(#8658,#8659,#8660,#8661,#8662,#8663,
#8664,#8665,#8666,#8667),.UNSPECIFIED.,.F.,.F.,(4,2,2,2,4),(0.904385938645413,
0.979750634409302,1.05511533017319,1.13048067277594,1.20584601537868),
 .UNSPECIFIED.);
#257=B_SPLINE_CURVE_WITH_KNOTS('',3,(#8671,#8672,#8673,#8674,#8675,#8676,
#8677,#8678,#8679,#8680),.UNSPECIFIED.,.F.,.F.,(4,2,2,2,4),(0.,0.075379079354755,
0.15075815870951,0.226136225482518,0.301514292255525),.UNSPECIFIED.);
#258=B_SPLINE_CURVE_WITH_KNOTS('',3,(#8681,#8682,#8683,#8684,#8685,#8686,
#8687,#8688,#8689,#8690,#8691,#8692,#8693,#8694,#8695,#8696,#8697,#8698,
#8699,#8700,#8701,#8702,#8703,#8704,#8705,#8706),.UNSPECIFIED.,.F.,.F.,
(4,2,2,2,2,2,2,2,2,2,2,2,4),(0.301514292255525,0.376894288394081,0.452274284532636,
0.527653562261604,0.603032839990572,0.678412117719539,0.753791395448507,
0.829171391587062,0.904551387725618,0.979929454498625,1.05530752127163,
1.13068660062639,1.20606567998114),.UNSPECIFIED.);
#259=B_SPLINE_CURVE_WITH_KNOTS('',3,(#8710,#8711,#8712,#8713,#8714,#8715,
#8716,#8717,#8718,#8719),.UNSPECIFIED.,.F.,.F.,(4,2,2,2,4),(0.,0.0753790793547551,
0.15075815870951,0.226136225482518,0.300664018720571),.UNSPECIFIED.);
#260=B_SPLINE_CURVE_WITH_KNOTS('',3,(#8721,#8722,#8723,#8724,#8725,#8726,
#8727,#8728,#8729,#8730),.UNSPECIFIED.,.F.,.F.,(4,2,2,2,4),(0.905401661260571,
0.979929454498625,1.05530752127163,1.13068660062639,1.20606567998114),
 .UNSPECIFIED.);
#261=B_SPLINE_CURVE_WITH_KNOTS('',3,(#8732,#8733,#8734,#8735),
 .UNSPECIFIED.,.F.,.F.,(4,4),(0.904551387725617,0.905401661260571),
 .UNSPECIFIED.);
#262=B_SPLINE_CURVE_WITH_KNOTS('',3,(#8739,#8740,#8741,#8742),
 .UNSPECIFIED.,.F.,.F.,(4,4),(0.300609804406054,0.301460076733271),
 .UNSPECIFIED.);
#263=B_SPLINE_CURVE_WITH_KNOTS('',3,(#8744,#8745,#8746,#8747,#8748,#8749,
#8750,#8751,#8752,#8753),.UNSPECIFIED.,.F.,.F.,(4,2,2,2,4),(0.,0.0753653426027463,
0.150730685205493,0.226095380969382,0.300609804406054),.UNSPECIFIED.);
#264=B_SPLINE_CURVE_WITH_KNOTS('',3,(#8755,#8756,#8757,#8758,#8759,#8760,
#8761,#8762,#8763,#8764),.UNSPECIFIED.,.F.,.F.,(4,2,2,2,4),(0.905236210972629,
0.979750634409302,1.05511533017319,1.13048067277594,1.20584601537868),
 .UNSPECIFIED.);
#265=B_SPLINE_CURVE_WITH_KNOTS('',3,(#8765,#8766,#8767,#8768,#8769,#8770,
#8771,#8772,#8773,#8774,#8775,#8776,#8777,#8778,#8779,#8780,#8781,#8782,
#8783,#8784),.UNSPECIFIED.,.F.,.F.,(4,2,2,2,2,2,2,2,2,4),(0.301460076733271,
0.37682606790895,0.45219205908463,0.527557533386986,0.602923007689342,0.678288481991697,
0.753653956294053,0.829019947469733,0.904385938645413,0.905236210972629),
 .UNSPECIFIED.);
#266=B_SPLINE_CURVE_WITH_KNOTS('',3,(#8785,#8786,#8787,#8788,#8789,#8790,
#8791,#8792,#8793,#8794,#8795,#8796,#8797,#8798,#8799,#8800,#8801,#8802,
#8803,#8804),.UNSPECIFIED.,.F.,.F.,(4,2,2,2,2,2,2,2,2,4),(0.300664018720571,
0.301514292255525,0.37689428839408,0.452274284532636,0.527653562261603,
0.603032839990571,0.678412117719539,0.753791395448507,0.829171391587062,
0.904551387725617),.UNSPECIFIED.);
#267=B_SPLINE_CURVE_WITH_KNOTS('',3,(#8808,#8809,#8810,#8811,#8812,#8813,
#8814,#8815,#8816,#8817,#8818,#8819,#8820,#8821,#8822,#8823,#8824,#8825,
#8826,#8827,#8828,#8829,#8830,#8831,#8832,#8833),.UNSPECIFIED.,.F.,.F.,
(4,2,2,2,2,2,2,2,2,2,2,2,4),(0.,0.0753654086290081,0.150730817258016,0.226096156983581,
0.301461496709145,0.37682683643471,0.452192176160275,0.527557584789283,
0.602922993418291,0.678288402047299,0.753653810676307,0.829019150401872,
0.904384490127436),.UNSPECIFIED.);
#268=B_SPLINE_CURVE_WITH_KNOTS('',3,(#8834,#8835,#8836,#8837,#8838,#8839,
#8840,#8841,#8842,#8843),.UNSPECIFIED.,.F.,.F.,(4,2,2,2,4),(0.904384490127436,
0.979749829853001,1.05511516957857,1.13048057820757,1.20584598683658),
 .UNSPECIFIED.);
#269=B_SPLINE_CURVE_WITH_KNOTS('',3,(#8847,#8848,#8849,#8850,#8851,#8852,
#8853,#8854,#8855,#8856),.UNSPECIFIED.,.F.,.F.,(4,2,2,2,4),(0.,0.0753791787975463,
0.150758357595093,0.226137383467751,0.301516409340409),.UNSPECIFIED.);
#270=B_SPLINE_CURVE_WITH_KNOTS('',3,(#8857,#8858,#8859,#8860,#8861,#8862,
#8863,#8864,#8865,#8866,#8867,#8868,#8869,#8870,#8871,#8872,#8873,#8874,
#8875,#8876,#8877,#8878,#8879,#8880,#8881,#8882),.UNSPECIFIED.,.F.,.F.,
(4,2,2,2,2,2,2,2,2,2,2,2,4),(0.301516409340409,0.376895435213067,0.452274461085725,
0.527653639883271,0.603032818680818,0.678411997478364,0.75379117627591,
0.829170202148568,0.904549228021226,0.979928253893884,1.05530727976654,
1.13068645856409,1.20606563736164),.UNSPECIFIED.);
#271=B_SPLINE_CURVE_WITH_KNOTS('',3,(#8886,#8887,#8888,#8889,#8890,#8891,
#8892,#8893,#8894,#8895,#8896,#8897,#8898,#8899,#8900,#8901,#8902,#8903,
#8904,#8905,#8906,#8907,#8908,#8909,#8910,#8911),.UNSPECIFIED.,.F.,.F.,
(4,2,2,2,2,2,2,2,2,2,2,2,4),(0.,0.0753791787975463,0.150758357595093,0.226137383467751,
0.301516409340409,0.376895435213067,0.452274461085725,0.527653639883271,
0.603032818680818,0.678411997478364,0.75379117627591,0.829170202148568,
0.904549228021226),.UNSPECIFIED.);
#272=B_SPLINE_CURVE_WITH_KNOTS('',3,(#8912,#8913,#8914,#8915,#8916,#8917,
#8918,#8919,#8920,#8921),.UNSPECIFIED.,.F.,.F.,(4,2,2,2,4),(0.904549228021226,
0.979928253893884,1.05530727976654,1.13068645856409,1.20606563736163),
 .UNSPECIFIED.);
#273=B_SPLINE_CURVE_WITH_KNOTS('',3,(#8925,#8926,#8927,#8928,#8929,#8930,
#8931,#8932,#8933,#8934),.UNSPECIFIED.,.F.,.F.,(4,2,2,2,4),(0.,0.0753654086290081,
0.150730817258016,0.226096156983581,0.301461496709146),.UNSPECIFIED.);
#274=B_SPLINE_CURVE_WITH_KNOTS('',3,(#8935,#8936,#8937,#8938,#8939,#8940,
#8941,#8942,#8943,#8944,#8945,#8946,#8947,#8948,#8949,#8950,#8951,#8952,
#8953,#8954,#8955,#8956,#8957,#8958,#8959,#8960),.UNSPECIFIED.,.F.,.F.,
(4,2,2,2,2,2,2,2,2,2,2,2,4),(0.301461496709146,0.37682683643471,0.452192176160275,
0.527557584789283,0.602922993418291,0.678288402047299,0.753653810676307,
0.829019150401872,0.904384490127436,0.979749829853001,1.05511516957857,
1.13048057820757,1.20584598683658),.UNSPECIFIED.);
#275=B_SPLINE_CURVE_WITH_KNOTS('',3,(#8964,#8965,#8966,#8967,#8968,#8969,
#8970,#8971,#8972,#8973,#8974,#8975,#8976,#8977,#8978,#8979,#8980,#8981,
#8982,#8983,#8984,#8985,#8986,#8987,#8988,#8989),.UNSPECIFIED.,.F.,.F.,
(4,2,2,2,2,2,2,2,2,2,2,2,4),(0.,0.0753654086290081,0.150730817258016,0.226096156983581,
0.301461496709145,0.37682683643471,0.452192176160275,0.527557584789283,
0.602922993418291,0.678288402047299,0.753653810676307,0.829019150401872,
0.904384490127436),.UNSPECIFIED.);
#276=B_SPLINE_CURVE_WITH_KNOTS('',3,(#8990,#8991,#8992,#8993,#8994,#8995,
#8996,#8997,#8998,#8999),.UNSPECIFIED.,.F.,.F.,(4,2,2,2,4),(0.904384490127436,
0.979749829853001,1.05511516957857,1.13048057820757,1.20584598683658),
 .UNSPECIFIED.);
#277=B_SPLINE_CURVE_WITH_KNOTS('',3,(#9003,#9004,#9005,#9006,#9007,#9008,
#9009,#9010,#9011,#9012),.UNSPECIFIED.,.F.,.F.,(4,2,2,2,4),(0.,0.0753791787975463,
0.150758357595093,0.226137383467751,0.301516409340409),.UNSPECIFIED.);
#278=B_SPLINE_CURVE_WITH_KNOTS('',3,(#9013,#9014,#9015,#9016,#9017,#9018,
#9019,#9020,#9021,#9022,#9023,#9024,#9025,#9026,#9027,#9028,#9029,#9030,
#9031,#9032,#9033,#9034,#9035,#9036,#9037,#9038),.UNSPECIFIED.,.F.,.F.,
(4,2,2,2,2,2,2,2,2,2,2,2,4),(0.301516409340409,0.376895435213067,0.452274461085725,
0.527653639883271,0.603032818680818,0.678411997478364,0.75379117627591,
0.829170202148568,0.904549228021226,0.979928253893884,1.05530727976654,
1.13068645856409,1.20606563736164),.UNSPECIFIED.);
#279=B_SPLINE_CURVE_WITH_KNOTS('',3,(#9042,#9043,#9044,#9045,#9046,#9047,
#9048,#9049,#9050,#9051,#9052,#9053,#9054,#9055,#9056,#9057,#9058,#9059,
#9060,#9061,#9062,#9063,#9064,#9065,#9066,#9067),.UNSPECIFIED.,.F.,.F.,
(4,2,2,2,2,2,2,2,2,2,2,2,4),(0.,0.0753791787975463,0.150758357595093,0.226137383467751,
0.301516409340409,0.376895435213067,0.452274461085725,0.527653639883271,
0.603032818680818,0.678411997478364,0.75379117627591,0.829170202148568,
0.904549228021226),.UNSPECIFIED.);
#280=B_SPLINE_CURVE_WITH_KNOTS('',3,(#9068,#9069,#9070,#9071,#9072,#9073,
#9074,#9075,#9076,#9077),.UNSPECIFIED.,.F.,.F.,(4,2,2,2,4),(0.904549228021226,
0.979928253893884,1.05530727976654,1.13068645856409,1.20606563736163),
 .UNSPECIFIED.);
#281=B_SPLINE_CURVE_WITH_KNOTS('',3,(#9081,#9082,#9083,#9084,#9085,#9086,
#9087,#9088,#9089,#9090),.UNSPECIFIED.,.F.,.F.,(4,2,2,2,4),(0.,0.0753654086290081,
0.150730817258016,0.226096156983581,0.301461496709146),.UNSPECIFIED.);
#282=B_SPLINE_CURVE_WITH_KNOTS('',3,(#9091,#9092,#9093,#9094,#9095,#9096,
#9097,#9098,#9099,#9100,#9101,#9102,#9103,#9104,#9105,#9106,#9107,#9108,
#9109,#9110,#9111,#9112,#9113,#9114,#9115,#9116),.UNSPECIFIED.,.F.,.F.,
(4,2,2,2,2,2,2,2,2,2,2,2,4),(0.301461496709146,0.37682683643471,0.452192176160275,
0.527557584789283,0.602922993418291,0.678288402047299,0.753653810676307,
0.829019150401872,0.904384490127436,0.979749829853001,1.05511516957857,
1.13048057820757,1.20584598683658),.UNSPECIFIED.);
#283=B_SPLINE_CURVE_WITH_KNOTS('',3,(#9177,#9178,#9179,#9180,#9181,#9182,
#9183,#9184,#9185,#9186,#9187,#9188,#9189,#9190,#9191,#9192,#9193,#9194,
#9195,#9196,#9197,#9198,#9199,#9200,#9201,#9202),.UNSPECIFIED.,.F.,.F.,
(4,2,2,2,2,2,2,2,2,2,2,2,4),(0.,0.0753653151503849,0.15073063030077,0.226095061520174,
0.301459492739578,0.376825755948183,0.452192019156789,0.527557520558592,
0.602923021960395,0.678288523362198,0.753654024764001,0.829020287972607,
0.904386551181212),.UNSPECIFIED.);
#284=B_SPLINE_CURVE_WITH_KNOTS('',3,(#9203,#9204,#9205,#9206,#9207,#9208,
#9209,#9210,#9211,#9212),.UNSPECIFIED.,.F.,.F.,(4,2,2,2,4),(0.904386551181212,
0.979750982400616,1.05511541362002,1.1304807287704,1.20584604392079),
 .UNSPECIFIED.);
#285=B_SPLINE_CURVE_WITH_KNOTS('',3,(#9216,#9217,#9218,#9219,#9220,#9221,
#9222,#9223,#9224,#9225),.UNSPECIFIED.,.F.,.F.,(4,2,2,2,4),(0.,0.0753799750014793,
0.150759950002959,0.226138525755838,0.301517101508717),.UNSPECIFIED.);
#286=B_SPLINE_CURVE_WITH_KNOTS('',3,(#9226,#9227,#9228,#9229,#9230,#9231,
#9232,#9233,#9234,#9235,#9236,#9237,#9238,#9239,#9240,#9241,#9242,#9243,
#9244,#9245,#9246,#9247,#9248,#9249,#9250,#9251),.UNSPECIFIED.,.F.,.F.,
(4,2,2,2,2,2,2,2,2,2,2,2,4),(0.301517101508717,0.376898466962414,0.452279832416111,
0.52766009446972,0.603040356523328,0.678420618576936,0.753800880630545,
0.829182246084242,0.90456361153794,0.979942187290819,1.0553207630437,1.13070073804518,
1.20608071304666),.UNSPECIFIED.);
#287=B_SPLINE_CURVE_WITH_KNOTS('',3,(#9255,#9256,#9257,#9258,#9259,#9260,
#9261,#9262,#9263,#9264,#9265,#9266,#9267,#9268,#9269,#9270,#9271,#9272,
#9273,#9274,#9275,#9276,#9277,#9278,#9279,#9280),.UNSPECIFIED.,.F.,.F.,
(4,2,2,2,2,2,2,2,2,2,2,2,4),(0.,0.0753799750014793,0.150759950002959,0.226138525755838,
0.301517101508717,0.376898466962414,0.452279832416111,0.52766009446972,
0.603040356523328,0.678420618576936,0.753800880630545,0.829182246084242,
0.904563611537939),.UNSPECIFIED.);
#288=B_SPLINE_CURVE_WITH_KNOTS('',3,(#9281,#9282,#9283,#9284,#9285,#9286,
#9287,#9288,#9289,#9290),.UNSPECIFIED.,.F.,.F.,(4,2,2,2,4),(0.904563611537939,
0.979942187290818,1.0553207630437,1.13070073804518,1.20608071304666),
 .UNSPECIFIED.);
#289=B_SPLINE_CURVE_WITH_KNOTS('',3,(#9294,#9295,#9296,#9297,#9298,#9299,
#9300,#9301,#9302,#9303),.UNSPECIFIED.,.F.,.F.,(4,2,2,2,4),(0.,0.0753653151503848,
0.15073063030077,0.226095061520174,0.301459492739578),.UNSPECIFIED.);
#290=B_SPLINE_CURVE_WITH_KNOTS('',3,(#9304,#9305,#9306,#9307,#9308,#9309,
#9310,#9311,#9312,#9313,#9314,#9315,#9316,#9317,#9318,#9319,#9320,#9321,
#9322,#9323,#9324,#9325,#9326,#9327,#9328,#9329),.UNSPECIFIED.,.F.,.F.,
(4,2,2,2,2,2,2,2,2,2,2,2,4),(0.301459492739578,0.376825755948183,0.452192019156788,
0.527557520558591,0.602923021960395,0.678288523362198,0.753654024764001,
0.829020287972607,0.904386551181212,0.979750982400616,1.05511541362002,
1.1304807287704,1.20584604392079),.UNSPECIFIED.);
#291=B_SPLINE_CURVE_WITH_KNOTS('',3,(#9338,#9339,#9340,#9341,#9342,#9343,
#9344,#9345,#9346,#9347),.UNSPECIFIED.,.F.,.F.,(4,2,2,2,4),(0.,0.0753801190493813,
0.150760238098763,0.226140197284576,0.301520156470389),.UNSPECIFIED.);
#292=B_SPLINE_CURVE_WITH_KNOTS('',3,(#9348,#9349,#9350,#9351,#9352,#9353,
#9354,#9355,#9356,#9357,#9358,#9359,#9360,#9361,#9362,#9363,#9364,#9365,
#9366,#9367,#9368,#9369,#9370,#9371,#9372,#9373),.UNSPECIFIED.,.F.,.F.,
(4,2,2,2,2,2,2,2,2,2,2,2,4),(0.301520156470389,0.376900115656202,0.452280074842015,
0.527660193891397,0.603040312940778,0.678420431990159,0.75380055103954,
0.829180510225353,0.904560469411167,0.97994042859698,1.05532038778279,1.13070050683217,
1.20608062588156),.UNSPECIFIED.);
#293=B_SPLINE_CURVE_WITH_KNOTS('',3,(#9376,#9377,#9378,#9379,#9380,#9381,
#9382,#9383,#9384,#9385,#9386,#9387,#9388,#9389,#9390,#9391,#9392,#9393,
#9394,#9395,#9396,#9397,#9398,#9399,#9400,#9401),.UNSPECIFIED.,.F.,.F.,
(4,2,2,2,2,2,2,2,2,2,2,2,4),(0.,0.0753801190493813,0.150760238098763,0.226140197284576,
0.301520156470389,0.376900115656202,0.452280074842015,0.527660193891397,
0.603040312940778,0.678420431990159,0.75380055103954,0.829180510225353,
0.904560469411167),.UNSPECIFIED.);
#294=B_SPLINE_CURVE_WITH_KNOTS('',3,(#9402,#9403,#9404,#9405,#9406,#9407,
#9408,#9409,#9410,#9411),.UNSPECIFIED.,.F.,.F.,(4,2,2,2,4),(0.904560469411167,
0.97994042859698,1.05532038778279,1.13070050683217,1.20608062588156),
 .UNSPECIFIED.);
#295=B_SPLINE_CURVE_WITH_KNOTS('',3,(#9415,#9416,#9417,#9418,#9419,#9420,
#9421,#9422,#9423,#9424,#9425,#9426,#9427,#9428,#9429,#9430,#9431,#9432,
#9433,#9434,#9435,#9436,#9437,#9438,#9439,#9440),.UNSPECIFIED.,.F.,.F.,
(4,2,2,2,2,2,2,2,2,2,2,2,4),(0.,0.0753654086290117,0.150730817258023,0.226096156983586,
0.301461496709149,0.376826836434712,0.452192176160276,0.527557584789287,
0.602922993418299,0.67828840204731,0.753653810676322,0.829019150401885,
0.904384490127448),.UNSPECIFIED.);
#296=B_SPLINE_CURVE_WITH_KNOTS('',3,(#9441,#9442,#9443,#9444,#9445,#9446,
#9447,#9448,#9449,#9450),.UNSPECIFIED.,.F.,.F.,(4,2,2,2,4),(0.904384490127448,
0.979749829853011,1.05511516957857,1.13048057820759,1.2058459868366),
 .UNSPECIFIED.);
#297=B_SPLINE_CURVE_WITH_KNOTS('',3,(#9456,#9457,#9458,#9459,#9460,#9461,
#9462,#9463,#9464,#9465),.UNSPECIFIED.,.F.,.F.,(4,2,2,2,4),(0.,0.0753654086290117,
0.150730817258023,0.226096156983586,0.301461496709149),.UNSPECIFIED.);
#298=B_SPLINE_CURVE_WITH_KNOTS('',3,(#9466,#9467,#9468,#9469,#9470,#9471,
#9472,#9473,#9474,#9475,#9476,#9477,#9478,#9479,#9480,#9481,#9482,#9483,
#9484,#9485,#9486,#9487,#9488,#9489,#9490,#9491),.UNSPECIFIED.,.F.,.F.,
(4,2,2,2,2,2,2,2,2,2,2,2,4),(0.301461496709149,0.376826836434712,0.452192176160275,
0.527557584789287,0.602922993418299,0.67828840204731,0.753653810676322,
0.829019150401885,0.904384490127448,0.979749829853011,1.05511516957857,
1.13048057820759,1.2058459868366),.UNSPECIFIED.);
#299=SHAPE_REPRESENTATION_RELATIONSHIP('SRR','None',#9553,#307);
#300=SHAPE_REPRESENTATION_RELATIONSHIP('SRR','None',#9554,#308);
#301=SHAPE_REPRESENTATION_RELATIONSHIP('SRR','None',#9555,#309);
#302=SHAPE_REPRESENTATION_RELATIONSHIP('SRR','None',#9556,#310);
#303=SHAPE_REPRESENTATION_RELATIONSHIP('SRR','None',#9557,#311);
#304=SHAPE_REPRESENTATION_RELATIONSHIP('SRR','None',#9558,#312);
#305=SHAPE_REPRESENTATION_RELATIONSHIP('SRR','None',#9559,#313);
#306=SHAPE_REPRESENTATION_RELATIONSHIP('SRR','None',#9552,#314);
#307=ADVANCED_BREP_SHAPE_REPRESENTATION('',(#329),#9517);
#308=ADVANCED_BREP_SHAPE_REPRESENTATION('',(#330),#9518);
#309=ADVANCED_BREP_SHAPE_REPRESENTATION('',(#331),#9519);
#310=ADVANCED_BREP_SHAPE_REPRESENTATION('',(#332),#9520);
#311=ADVANCED_BREP_SHAPE_REPRESENTATION('',(#333),#9521);
#312=ADVANCED_BREP_SHAPE_REPRESENTATION('',(#334,#335,#336,#337,#338,#339),
#9522);
#313=ADVANCED_BREP_SHAPE_REPRESENTATION('',(#340),#9523);
#314=ADVANCED_BREP_SHAPE_REPRESENTATION('',(#341,#342),#9516);
#315=STYLED_ITEM('',(#9596),#329);
#316=STYLED_ITEM('',(#9596),#330);
#317=STYLED_ITEM('',(#9596),#331);
#318=STYLED_ITEM('',(#9596),#332);
#319=STYLED_ITEM('',(#9596),#333);
#320=STYLED_ITEM('',(#9596),#334);
#321=STYLED_ITEM('',(#9596),#335);
#322=STYLED_ITEM('',(#9596),#336);
#323=STYLED_ITEM('',(#9596),#337);
#324=STYLED_ITEM('',(#9596),#338);
#325=STYLED_ITEM('',(#9596),#339);
#326=STYLED_ITEM('',(#9596),#340);
#327=STYLED_ITEM('',(#9596),#341);
#328=STYLED_ITEM('',(#9596),#342);
#329=MANIFOLD_SOLID_BREP('\X2\5B9E4F53\X0\1',#3515);
#330=MANIFOLD_SOLID_BREP('\X2\5B9E4F53\X0\1',#3516);
#331=MANIFOLD_SOLID_BREP('\X2\5B9E4F53\X0\1',#3517);
#332=MANIFOLD_SOLID_BREP('\X2\5B9E4F53\X0\1',#3518);
#333=MANIFOLD_SOLID_BREP('\X2\5B9E4F53\X0\1',#3519);
#334=MANIFOLD_SOLID_BREP('\X2\5B9E4F53\X0\1',#3520);
#335=MANIFOLD_SOLID_BREP('\X2\5B9E4F53\X0\1',#3521);
#336=MANIFOLD_SOLID_BREP('\X2\5B9E4F53\X0\1',#3522);
#337=MANIFOLD_SOLID_BREP('\X2\5B9E4F53\X0\1',#3523);
#338=MANIFOLD_SOLID_BREP('\X2\5B9E4F53\X0\1',#3524);
#339=MANIFOLD_SOLID_BREP('\X2\5B9E4F53\X0\1',#3525);
#340=MANIFOLD_SOLID_BREP('\X2\5B9E4F53\X0\1',#3526);
#341=MANIFOLD_SOLID_BREP('\X2\5B9E4F53\X0\5',#3527);
#342=MANIFOLD_SOLID_BREP('\X2\5B9E4F53\X0\8',#3528);
#343=CONICAL_SURFACE('',#3621,29.0000002086163,1.55888422715563);
#344=CONICAL_SURFACE('',#3767,30.7500004470348,1.54757192685326);
#345=CONICAL_SURFACE('',#3795,27.4005134780427,1.47575600916437);
#346=CONICAL_SURFACE('',#3804,28.3494791717925,1.47575748586146);
#347=CONICAL_SURFACE('',#3811,27.875,1.47575748586146);
#348=CONICAL_SURFACE('',#3819,27.875,1.47575600916437);
#349=(
BOUNDED_SURFACE()
B_SPLINE_SURFACE(2,2,((#4509,#4510,#4511,#4512,#4513,#4514,#4515,#4516,
#4517),(#4518,#4519,#4520,#4521,#4522,#4523,#4524,#4525,#4526),(#4527,#4528,
#4529,#4530,#4531,#4532,#4533,#4534,#4535)),.UNSPECIFIED.,.F.,.T.,.F.)
B_SPLINE_SURFACE_WITH_KNOTS((3,3),(3,2,2,2,3),(-0.422555615704384,0.),(-3.14159265358979,
-1.5707963267949,0.,1.5707963267949,3.14159265358979),.UNSPECIFIED.)
GEOMETRIC_REPRESENTATION_ITEM()
RATIONAL_B_SPLINE_SURFACE(((1.,0.707106781186548,1.,0.707106781186548,1.,
0.707106781186548,1.,0.707106781186548,1.),(0.977763744638887,0.691383374232509,
0.977763744638887,0.691383374232509,0.977763744638887,0.691383374232509,
0.977763744638887,0.691383374232509,0.977763744638887),(1.,0.707106781186548,
1.,0.707106781186548,1.,0.707106781186548,1.,0.707106781186548,1.)))
REPRESENTATION_ITEM('')
SURFACE()
);
#350=(
BOUNDED_SURFACE()
B_SPLINE_SURFACE(2,2,((#4538,#4539,#4540,#4541,#4542,#4543,#4544,#4545,
#4546),(#4547,#4548,#4549,#4550,#4551,#4552,#4553,#4554,#4555),(#4556,#4557,
#4558,#4559,#4560,#4561,#4562,#4563,#4564)),.UNSPECIFIED.,.F.,.T.,.F.)
B_SPLINE_SURFACE_WITH_KNOTS((3,3),(3,2,2,2,3),(-0.453678020156129,0.),(-3.14159265358979,
-1.5707963267949,0.,1.5707963267949,3.14159265358979),.UNSPECIFIED.)
GEOMETRIC_REPRESENTATION_ITEM()
RATIONAL_B_SPLINE_SURFACE(((1.,0.707106781186548,1.,0.707106781186548,1.,
0.707106781186548,1.,0.707106781186548,1.),(0.974382164095837,0.688992235699389,
0.974382164095837,0.688992235699389,0.974382164095837,0.688992235699389,
0.974382164095837,0.688992235699389,0.974382164095837),(1.,0.707106781186548,
1.,0.707106781186548,1.,0.707106781186548,1.,0.707106781186548,1.)))
REPRESENTATION_ITEM('')
SURFACE()
);
#351=FACE_BOUND('',#672,.T.);
#352=FACE_BOUND('',#674,.T.);
#353=FACE_BOUND('',#684,.T.);
#354=FACE_BOUND('',#685,.T.);
#355=FACE_BOUND('',#686,.T.);
#356=FACE_BOUND('',#688,.T.);
#357=FACE_BOUND('',#690,.T.);
#358=FACE_BOUND('',#691,.T.);
#359=FACE_BOUND('',#692,.T.);
#360=FACE_BOUND('',#694,.T.);
#361=FACE_BOUND('',#704,.T.);
#362=FACE_BOUND('',#705,.T.);
#363=FACE_BOUND('',#706,.T.);
#364=FACE_BOUND('',#708,.T.);
#365=FACE_BOUND('',#711,.T.);
#366=FACE_BOUND('',#713,.T.);
#367=FACE_BOUND('',#714,.T.);
#368=FACE_BOUND('',#715,.T.);
#369=FACE_BOUND('',#718,.T.);
#370=FACE_BOUND('',#719,.T.);
#371=FACE_BOUND('',#720,.T.);
#372=FACE_BOUND('',#722,.T.);
#373=FACE_BOUND('',#725,.T.);
#374=FACE_BOUND('',#727,.T.);
#375=FACE_BOUND('',#728,.T.);
#376=FACE_BOUND('',#729,.T.);
#377=FACE_BOUND('',#731,.T.);
#378=FACE_BOUND('',#742,.T.);
#379=FACE_BOUND('',#744,.T.);
#380=FACE_BOUND('',#745,.T.);
#381=FACE_BOUND('',#746,.T.);
#382=FACE_BOUND('',#747,.T.);
#383=FACE_BOUND('',#748,.T.);
#384=FACE_BOUND('',#749,.T.);
#385=FACE_BOUND('',#751,.T.);
#386=FACE_BOUND('',#753,.T.);
#387=FACE_BOUND('',#754,.T.);
#388=FACE_BOUND('',#755,.T.);
#389=FACE_BOUND('',#756,.T.);
#390=FACE_BOUND('',#757,.T.);
#391=FACE_BOUND('',#758,.T.);
#392=FACE_BOUND('',#776,.T.);
#393=FACE_BOUND('',#778,.T.);
#394=FACE_BOUND('',#779,.T.);
#395=FACE_BOUND('',#780,.T.);
#396=FACE_BOUND('',#781,.T.);
#397=FACE_BOUND('',#782,.T.);
#398=FACE_BOUND('',#783,.T.);
#399=FACE_BOUND('',#784,.T.);
#400=FACE_BOUND('',#785,.T.);
#401=FACE_BOUND('',#786,.T.);
#402=FACE_BOUND('',#787,.T.);
#403=FACE_BOUND('',#788,.T.);
#404=FACE_BOUND('',#789,.T.);
#405=FACE_BOUND('',#790,.T.);
#406=FACE_BOUND('',#791,.T.);
#407=FACE_BOUND('',#793,.T.);
#408=FACE_BOUND('',#795,.T.);
#409=FACE_BOUND('',#796,.T.);
#410=FACE_BOUND('',#797,.T.);
#411=FACE_BOUND('',#798,.T.);
#412=FACE_BOUND('',#799,.T.);
#413=FACE_BOUND('',#800,.T.);
#414=FACE_BOUND('',#801,.T.);
#415=FACE_BOUND('',#802,.T.);
#416=FACE_BOUND('',#803,.T.);
#417=FACE_BOUND('',#804,.T.);
#418=FACE_BOUND('',#805,.T.);
#419=FACE_BOUND('',#806,.T.);
#420=FACE_BOUND('',#807,.T.);
#421=FACE_BOUND('',#808,.T.);
#422=FACE_BOUND('',#810,.T.);
#423=FACE_BOUND('',#811,.T.);
#424=FACE_BOUND('',#816,.T.);
#425=FACE_BOUND('',#819,.T.);
#426=FACE_BOUND('',#821,.T.);
#427=FACE_BOUND('',#823,.T.);
#428=FACE_BOUND('',#827,.T.);
#429=FACE_BOUND('',#835,.T.);
#430=FACE_BOUND('',#841,.T.);
#431=FACE_BOUND('',#846,.T.);
#432=FACE_BOUND('',#847,.T.);
#433=FACE_BOUND('',#851,.T.);
#434=FACE_BOUND('',#855,.T.);
#435=FACE_BOUND('',#857,.T.);
#436=FACE_BOUND('',#862,.T.);
#437=FACE_BOUND('',#871,.T.);
#438=FACE_BOUND('',#872,.T.);
#439=FACE_BOUND('',#873,.T.);
#440=FACE_BOUND('',#875,.T.);
#441=FACE_BOUND('',#877,.T.);
#442=FACE_BOUND('',#878,.T.);
#443=FACE_BOUND('',#879,.T.);
#444=FACE_BOUND('',#881,.T.);
#445=FACE_BOUND('',#894,.T.);
#446=FACE_BOUND('',#895,.T.);
#447=FACE_BOUND('',#896,.T.);
#448=FACE_BOUND('',#899,.T.);
#449=FACE_BOUND('',#900,.T.);
#450=FACE_BOUND('',#901,.T.);
#451=FACE_BOUND('',#904,.T.);
#452=FACE_BOUND('',#905,.T.);
#453=FACE_BOUND('',#906,.T.);
#454=FACE_BOUND('',#909,.T.);
#455=FACE_BOUND('',#912,.T.);
#456=FACE_BOUND('',#915,.T.);
#457=FACE_BOUND('',#916,.T.);
#458=FACE_BOUND('',#917,.T.);
#459=FACE_BOUND('',#919,.T.);
#460=FACE_BOUND('',#923,.T.);
#461=FACE_BOUND('',#924,.T.);
#462=FACE_BOUND('',#925,.T.);
#463=FACE_BOUND('',#926,.T.);
#464=FACE_BOUND('',#930,.T.);
#465=FACE_BOUND('',#932,.T.);
#466=FACE_BOUND('',#933,.T.);
#467=FACE_BOUND('',#934,.T.);
#468=FACE_BOUND('',#935,.T.);
#469=FACE_BOUND('',#937,.T.);
#470=PLANE('',#3612);
#471=PLANE('',#3614);
#472=PLANE('',#3630);
#473=PLANE('',#3634);
#474=PLANE('',#3647);
#475=PLANE('',#3651);
#476=PLANE('',#3655);
#477=PLANE('',#3659);
#478=PLANE('',#3663);
#479=PLANE('',#3667);
#480=PLANE('',#3668);
#481=PLANE('',#3678);
#482=PLANE('',#3683);
#483=PLANE('',#3703);
#484=PLANE('',#3708);
#485=PLANE('',#3726);
#486=PLANE('',#3730);
#487=PLANE('',#3731);
#488=PLANE('',#3732);
#489=PLANE('',#3733);
#490=PLANE('',#3734);
#491=PLANE('',#3735);
#492=PLANE('',#3736);
#493=PLANE('',#3737);
#494=PLANE('',#3738);
#495=PLANE('',#3739);
#496=PLANE('',#3740);
#497=PLANE('',#3741);
#498=PLANE('',#3742);
#499=PLANE('',#3743);
#500=PLANE('',#3744);
#501=PLANE('',#3745);
#502=PLANE('',#3746);
#503=PLANE('',#3747);
#504=PLANE('',#3748);
#505=PLANE('',#3763);
#506=PLANE('',#3768);
#507=PLANE('',#3769);
#508=PLANE('',#3770);
#509=PLANE('',#3771);
#510=PLANE('',#3772);
#511=PLANE('',#3773);
#512=PLANE('',#3782);
#513=PLANE('',#3786);
#514=PLANE('',#3800);
#515=PLANE('',#3807);
#516=PLANE('',#3813);
#517=PLANE('',#3817);
#518=PLANE('',#3823);
#519=PLANE('',#3831);
#520=PLANE('',#3835);
#521=FACE_OUTER_BOUND('',#670,.T.);
#522=FACE_OUTER_BOUND('',#671,.T.);
#523=FACE_OUTER_BOUND('',#673,.T.);
#524=FACE_OUTER_BOUND('',#675,.T.);
#525=FACE_OUTER_BOUND('',#676,.T.);
#526=FACE_OUTER_BOUND('',#677,.T.);
#527=FACE_OUTER_BOUND('',#678,.T.);
#528=FACE_OUTER_BOUND('',#679,.T.);
#529=FACE_OUTER_BOUND('',#680,.T.);
#530=FACE_OUTER_BOUND('',#681,.T.);
#531=FACE_OUTER_BOUND('',#682,.T.);
#532=FACE_OUTER_BOUND('',#683,.T.);
#533=FACE_OUTER_BOUND('',#687,.T.);
#534=FACE_OUTER_BOUND('',#689,.T.);
#535=FACE_OUTER_BOUND('',#693,.T.);
#536=FACE_OUTER_BOUND('',#695,.T.);
#537=FACE_OUTER_BOUND('',#696,.T.);
#538=FACE_OUTER_BOUND('',#697,.T.);
#539=FACE_OUTER_BOUND('',#698,.T.);
#540=FACE_OUTER_BOUND('',#699,.T.);
#541=FACE_OUTER_BOUND('',#700,.T.);
#542=FACE_OUTER_BOUND('',#701,.T.);
#543=FACE_OUTER_BOUND('',#702,.T.);
#544=FACE_OUTER_BOUND('',#703,.T.);
#545=FACE_OUTER_BOUND('',#707,.T.);
#546=FACE_OUTER_BOUND('',#709,.T.);
#547=FACE_OUTER_BOUND('',#710,.T.);
#548=FACE_OUTER_BOUND('',#712,.T.);
#549=FACE_OUTER_BOUND('',#716,.T.);
#550=FACE_OUTER_BOUND('',#717,.T.);
#551=FACE_OUTER_BOUND('',#721,.T.);
#552=FACE_OUTER_BOUND('',#723,.T.);
#553=FACE_OUTER_BOUND('',#724,.T.);
#554=FACE_OUTER_BOUND('',#726,.T.);
#555=FACE_OUTER_BOUND('',#730,.T.);
#556=FACE_OUTER_BOUND('',#732,.T.);
#557=FACE_OUTER_BOUND('',#733,.T.);
#558=FACE_OUTER_BOUND('',#734,.T.);
#559=FACE_OUTER_BOUND('',#735,.T.);
#560=FACE_OUTER_BOUND('',#736,.T.);
#561=FACE_OUTER_BOUND('',#737,.T.);
#562=FACE_OUTER_BOUND('',#738,.T.);
#563=FACE_OUTER_BOUND('',#739,.T.);
#564=FACE_OUTER_BOUND('',#740,.T.);
#565=FACE_OUTER_BOUND('',#741,.T.);
#566=FACE_OUTER_BOUND('',#743,.T.);
#567=FACE_OUTER_BOUND('',#750,.T.);
#568=FACE_OUTER_BOUND('',#752,.T.);
#569=FACE_OUTER_BOUND('',#759,.T.);
#570=FACE_OUTER_BOUND('',#760,.T.);
#571=FACE_OUTER_BOUND('',#761,.T.);
#572=FACE_OUTER_BOUND('',#762,.T.);
#573=FACE_OUTER_BOUND('',#763,.T.);
#574=FACE_OUTER_BOUND('',#764,.T.);
#575=FACE_OUTER_BOUND('',#765,.T.);
#576=FACE_OUTER_BOUND('',#766,.T.);
#577=FACE_OUTER_BOUND('',#767,.T.);
#578=FACE_OUTER_BOUND('',#768,.T.);
#579=FACE_OUTER_BOUND('',#769,.T.);
#580=FACE_OUTER_BOUND('',#770,.T.);
#581=FACE_OUTER_BOUND('',#771,.T.);
#582=FACE_OUTER_BOUND('',#772,.T.);
#583=FACE_OUTER_BOUND('',#773,.T.);
#584=FACE_OUTER_BOUND('',#774,.T.);
#585=FACE_OUTER_BOUND('',#775,.T.);
#586=FACE_OUTER_BOUND('',#777,.T.);
#587=FACE_OUTER_BOUND('',#792,.T.);
#588=FACE_OUTER_BOUND('',#794,.T.);
#589=FACE_OUTER_BOUND('',#809,.T.);
#590=FACE_OUTER_BOUND('',#812,.T.);
#591=FACE_OUTER_BOUND('',#813,.T.);
#592=FACE_OUTER_BOUND('',#814,.T.);
#593=FACE_OUTER_BOUND('',#815,.T.);
#594=FACE_OUTER_BOUND('',#817,.T.);
#595=FACE_OUTER_BOUND('',#818,.T.);
#596=FACE_OUTER_BOUND('',#820,.T.);
#597=FACE_OUTER_BOUND('',#822,.T.);
#598=FACE_OUTER_BOUND('',#824,.T.);
#599=FACE_OUTER_BOUND('',#825,.T.);
#600=FACE_OUTER_BOUND('',#826,.T.);
#601=FACE_OUTER_BOUND('',#828,.T.);
#602=FACE_OUTER_BOUND('',#829,.T.);
#603=FACE_OUTER_BOUND('',#830,.T.);
#604=FACE_OUTER_BOUND('',#831,.T.);
#605=FACE_OUTER_BOUND('',#832,.T.);
#606=FACE_OUTER_BOUND('',#833,.T.);
#607=FACE_OUTER_BOUND('',#834,.T.);
#608=FACE_OUTER_BOUND('',#836,.T.);
#609=FACE_OUTER_BOUND('',#837,.T.);
#610=FACE_OUTER_BOUND('',#838,.T.);
#611=FACE_OUTER_BOUND('',#839,.T.);
#612=FACE_OUTER_BOUND('',#840,.T.);
#613=FACE_OUTER_BOUND('',#842,.T.);
#614=FACE_OUTER_BOUND('',#843,.T.);
#615=FACE_OUTER_BOUND('',#844,.T.);
#616=FACE_OUTER_BOUND('',#845,.T.);
#617=FACE_OUTER_BOUND('',#848,.T.);
#618=FACE_OUTER_BOUND('',#849,.T.);
#619=FACE_OUTER_BOUND('',#850,.T.);
#620=FACE_OUTER_BOUND('',#852,.T.);
#621=FACE_OUTER_BOUND('',#853,.T.);
#622=FACE_OUTER_BOUND('',#854,.T.);
#623=FACE_OUTER_BOUND('',#856,.T.);
#624=FACE_OUTER_BOUND('',#858,.T.);
#625=FACE_OUTER_BOUND('',#859,.T.);
#626=FACE_OUTER_BOUND('',#860,.T.);
#627=FACE_OUTER_BOUND('',#861,.T.);
#628=FACE_OUTER_BOUND('',#863,.T.);
#629=FACE_OUTER_BOUND('',#864,.T.);
#630=FACE_OUTER_BOUND('',#865,.T.);
#631=FACE_OUTER_BOUND('',#866,.T.);
#632=FACE_OUTER_BOUND('',#867,.T.);
#633=FACE_OUTER_BOUND('',#868,.T.);
#634=FACE_OUTER_BOUND('',#869,.T.);
#635=FACE_OUTER_BOUND('',#870,.T.);
#636=FACE_OUTER_BOUND('',#874,.T.);
#637=FACE_OUTER_BOUND('',#876,.T.);
#638=FACE_OUTER_BOUND('',#880,.T.);
#639=FACE_OUTER_BOUND('',#882,.T.);
#640=FACE_OUTER_BOUND('',#883,.T.);
#641=FACE_OUTER_BOUND('',#884,.T.);
#642=FACE_OUTER_BOUND('',#885,.T.);
#643=FACE_OUTER_BOUND('',#886,.T.);
#644=FACE_OUTER_BOUND('',#887,.T.);
#645=FACE_OUTER_BOUND('',#888,.T.);
#646=FACE_OUTER_BOUND('',#889,.T.);
#647=FACE_OUTER_BOUND('',#890,.T.);
#648=FACE_OUTER_BOUND('',#891,.T.);
#649=FACE_OUTER_BOUND('',#892,.T.);
#650=FACE_OUTER_BOUND('',#893,.T.);
#651=FACE_OUTER_BOUND('',#897,.T.);
#652=FACE_OUTER_BOUND('',#898,.T.);
#653=FACE_OUTER_BOUND('',#902,.T.);
#654=FACE_OUTER_BOUND('',#903,.T.);
#655=FACE_OUTER_BOUND('',#907,.T.);
#656=FACE_OUTER_BOUND('',#908,.T.);
#657=FACE_OUTER_BOUND('',#910,.T.);
#658=FACE_OUTER_BOUND('',#911,.T.);
#659=FACE_OUTER_BOUND('',#913,.T.);
#660=FACE_OUTER_BOUND('',#914,.T.);
#661=FACE_OUTER_BOUND('',#918,.T.);
#662=FACE_OUTER_BOUND('',#920,.T.);
#663=FACE_OUTER_BOUND('',#921,.T.);
#664=FACE_OUTER_BOUND('',#922,.T.);
#665=FACE_OUTER_BOUND('',#927,.T.);
#666=FACE_OUTER_BOUND('',#928,.T.);
#667=FACE_OUTER_BOUND('',#929,.T.);
#668=FACE_OUTER_BOUND('',#931,.T.);
#669=FACE_OUTER_BOUND('',#936,.T.);
#670=EDGE_LOOP('',(#2256,#2257,#2258,#2259));
#671=EDGE_LOOP('',(#2260));
#672=EDGE_LOOP('',(#2261));
#673=EDGE_LOOP('',(#2262));
#674=EDGE_LOOP('',(#2263));
#675=EDGE_LOOP('',(#2264,#2265,#2266,#2267));
#676=EDGE_LOOP('',(#2268,#2269,#2270));
#677=EDGE_LOOP('',(#2271,#2272,#2273));
#678=EDGE_LOOP('',(#2274,#2275,#2276,#2277));
#679=EDGE_LOOP('',(#2278,#2279,#2280,#2281,#2282,#2283));
#680=EDGE_LOOP('',(#2284,#2285,#2286,#2287,#2288,#2289));
#681=EDGE_LOOP('',(#2290,#2291,#2292,#2293,#2294,#2295));
#682=EDGE_LOOP('',(#2296,#2297,#2298,#2299,#2300,#2301,#2302,#2303));
#683=EDGE_LOOP('',(#2304,#2305,#2306,#2307,#2308,#2309,#2310,#2311,#2312));
#684=EDGE_LOOP('',(#2313,#2314));
#685=EDGE_LOOP('',(#2315,#2316));
#686=EDGE_LOOP('',(#2317,#2318));
#687=EDGE_LOOP('',(#2319));
#688=EDGE_LOOP('',(#2320));
#689=EDGE_LOOP('',(#2321,#2322,#2323,#2324,#2325,#2326,#2327,#2328,#2329));
#690=EDGE_LOOP('',(#2330,#2331));
#691=EDGE_LOOP('',(#2332,#2333));
#692=EDGE_LOOP('',(#2334,#2335));
#693=EDGE_LOOP('',(#2336));
#694=EDGE_LOOP('',(#2337));
#695=EDGE_LOOP('',(#2338,#2339,#2340,#2341,#2342,#2343));
#696=EDGE_LOOP('',(#2344,#2345,#2346,#2347,#2348,#2349,#2350,#2351,#2352,
#2353));
#697=EDGE_LOOP('',(#2354,#2355,#2356,#2357,#2358,#2359));
#698=EDGE_LOOP('',(#2360,#2361,#2362,#2363,#2364,#2365));
#699=EDGE_LOOP('',(#2366,#2367,#2368,#2369,#2370,#2371));
#700=EDGE_LOOP('',(#2372,#2373,#2374,#2375,#2376,#2377,#2378,#2379));
#701=EDGE_LOOP('',(#2380,#2381,#2382,#2383,#2384,#2385));
#702=EDGE_LOOP('',(#2386,#2387,#2388,#2389,#2390,#2391));
#703=EDGE_LOOP('',(#2392,#2393,#2394,#2395,#2396,#2397,#2398,#2399,#2400));
#704=EDGE_LOOP('',(#2401,#2402));
#705=EDGE_LOOP('',(#2403,#2404));
#706=EDGE_LOOP('',(#2405,#2406));
#707=EDGE_LOOP('',(#2407));
#708=EDGE_LOOP('',(#2408));
#709=EDGE_LOOP('',(#2409,#2410,#2411,#2412));
#710=EDGE_LOOP('',(#2413));
#711=EDGE_LOOP('',(#2414));
#712=EDGE_LOOP('',(#2415,#2416,#2417,#2418,#2419,#2420,#2421,#2422,#2423,
#2424));
#713=EDGE_LOOP('',(#2425,#2426));
#714=EDGE_LOOP('',(#2427,#2428));
#715=EDGE_LOOP('',(#2429,#2430));
#716=EDGE_LOOP('',(#2431));
#717=EDGE_LOOP('',(#2432,#2433,#2434,#2435,#2436,#2437,#2438,#2439,#2440));
#718=EDGE_LOOP('',(#2441,#2442));
#719=EDGE_LOOP('',(#2443,#2444));
#720=EDGE_LOOP('',(#2445,#2446));
#721=EDGE_LOOP('',(#2447));
#722=EDGE_LOOP('',(#2448));
#723=EDGE_LOOP('',(#2449,#2450,#2451,#2452));
#724=EDGE_LOOP('',(#2453));
#725=EDGE_LOOP('',(#2454));
#726=EDGE_LOOP('',(#2455,#2456,#2457,#2458,#2459,#2460,#2461,#2462,#2463,
#2464));
#727=EDGE_LOOP('',(#2465,#2466));
#728=EDGE_LOOP('',(#2467,#2468));
#729=EDGE_LOOP('',(#2469,#2470));
#730=EDGE_LOOP('',(#2471));
#731=EDGE_LOOP('',(#2472));
#732=EDGE_LOOP('',(#2473));
#733=EDGE_LOOP('',(#2474,#2475,#2476,#2477,#2478,#2479));
#734=EDGE_LOOP('',(#2480,#2481,#2482,#2483,#2484,#2485,#2486,#2487,#2488,
#2489));
#735=EDGE_LOOP('',(#2490,#2491,#2492,#2493,#2494,#2495));
#736=EDGE_LOOP('',(#2496,#2497,#2498,#2499,#2500,#2501));
#737=EDGE_LOOP('',(#2502,#2503,#2504,#2505,#2506,#2507));
#738=EDGE_LOOP('',(#2508,#2509,#2510,#2511,#2512,#2513,#2514,#2515,#2516,
#2517));
#739=EDGE_LOOP('',(#2518,#2519,#2520,#2521,#2522,#2523));
#740=EDGE_LOOP('',(#2524,#2525,#2526,#2527,#2528,#2529));
#741=EDGE_LOOP('',(#2530));
#742=EDGE_LOOP('',(#2531));
#743=EDGE_LOOP('',(#2532,#2533,#2534,#2535,#2536,#2537,#2538,#2539,#2540,
#2541,#2542,#2543,#2544,#2545,#2546,#2547));
#744=EDGE_LOOP('',(#2548,#2549));
#745=EDGE_LOOP('',(#2550,#2551));
#746=EDGE_LOOP('',(#2552,#2553));
#747=EDGE_LOOP('',(#2554,#2555));
#748=EDGE_LOOP('',(#2556,#2557));
#749=EDGE_LOOP('',(#2558,#2559));
#750=EDGE_LOOP('',(#2560));
#751=EDGE_LOOP('',(#2561));
#752=EDGE_LOOP('',(#2562,#2563,#2564,#2565,#2566,#2567,#2568,#2569,#2570,
#2571,#2572,#2573,#2574,#2575,#2576,#2577));
#753=EDGE_LOOP('',(#2578,#2579));
#754=EDGE_LOOP('',(#2580,#2581));
#755=EDGE_LOOP('',(#2582,#2583));
#756=EDGE_LOOP('',(#2584,#2585));
#757=EDGE_LOOP('',(#2586,#2587));
#758=EDGE_LOOP('',(#2588,#2589));
#759=EDGE_LOOP('',(#2590,#2591,#2592,#2593,#2594,#2595));
#760=EDGE_LOOP('',(#2596,#2597,#2598,#2599,#2600,#2601));
#761=EDGE_LOOP('',(#2602,#2603,#2604,#2605,#2606,#2607));
#762=EDGE_LOOP('',(#2608,#2609,#2610,#2611,#2612,#2613));
#763=EDGE_LOOP('',(#2614,#2615,#2616,#2617,#2618,#2619));
#764=EDGE_LOOP('',(#2620,#2621,#2622,#2623,#2624,#2625));
#765=EDGE_LOOP('',(#2626,#2627,#2628,#2629,#2630,#2631));
#766=EDGE_LOOP('',(#2632,#2633,#2634,#2635,#2636,#2637));
#767=EDGE_LOOP('',(#2638,#2639,#2640,#2641,#2642,#2643));
#768=EDGE_LOOP('',(#2644,#2645,#2646,#2647,#2648,#2649,#2650,#2651,#2652,
#2653));
#769=EDGE_LOOP('',(#2654,#2655,#2656,#2657,#2658,#2659));
#770=EDGE_LOOP('',(#2660,#2661,#2662,#2663,#2664,#2665,#2666,#2667,#2668,
#2669));
#771=EDGE_LOOP('',(#2670,#2671,#2672,#2673,#2674,#2675));
#772=EDGE_LOOP('',(#2676,#2677,#2678,#2679,#2680,#2681));
#773=EDGE_LOOP('',(#2682,#2683,#2684,#2685,#2686,#2687));
#774=EDGE_LOOP('',(#2688,#2689,#2690,#2691,#2692,#2693));
#775=EDGE_LOOP('',(#2694));
#776=EDGE_LOOP('',(#2695));
#777=EDGE_LOOP('',(#2696,#2697,#2698,#2699,#2700,#2701,#2702,#2703,#2704,
#2705,#2706,#2707,#2708,#2709,#2710,#2711));
#778=EDGE_LOOP('',(#2712,#2713));
#779=EDGE_LOOP('',(#2714,#2715));
#780=EDGE_LOOP('',(#2716,#2717));
#781=EDGE_LOOP('',(#2718,#2719));
#782=EDGE_LOOP('',(#2720,#2721));
#783=EDGE_LOOP('',(#2722,#2723));
#784=EDGE_LOOP('',(#2724,#2725));
#785=EDGE_LOOP('',(#2726,#2727));
#786=EDGE_LOOP('',(#2728,#2729));
#787=EDGE_LOOP('',(#2730,#2731));
#788=EDGE_LOOP('',(#2732,#2733));
#789=EDGE_LOOP('',(#2734,#2735));
#790=EDGE_LOOP('',(#2736,#2737));
#791=EDGE_LOOP('',(#2738,#2739));
#792=EDGE_LOOP('',(#2740));
#793=EDGE_LOOP('',(#2741));
#794=EDGE_LOOP('',(#2742,#2743,#2744,#2745,#2746,#2747,#2748,#2749,#2750,
#2751,#2752,#2753,#2754,#2755,#2756,#2757));
#795=EDGE_LOOP('',(#2758,#2759));
#796=EDGE_LOOP('',(#2760,#2761));
#797=EDGE_LOOP('',(#2762,#2763));
#798=EDGE_LOOP('',(#2764,#2765));
#799=EDGE_LOOP('',(#2766,#2767));
#800=EDGE_LOOP('',(#2768,#2769));
#801=EDGE_LOOP('',(#2770,#2771));
#802=EDGE_LOOP('',(#2772,#2773));
#803=EDGE_LOOP('',(#2774,#2775));
#804=EDGE_LOOP('',(#2776,#2777));
#805=EDGE_LOOP('',(#2778,#2779));
#806=EDGE_LOOP('',(#2780,#2781));
#807=EDGE_LOOP('',(#2782,#2783));
#808=EDGE_LOOP('',(#2784,#2785));
#809=EDGE_LOOP('',(#2786,#2787,#2788,#2789));
#810=EDGE_LOOP('',(#2790,#2791));
#811=EDGE_LOOP('',(#2792,#2793));
#812=EDGE_LOOP('',(#2794,#2795,#2796,#2797,#2798,#2799));
#813=EDGE_LOOP('',(#2800,#2801,#2802,#2803,#2804,#2805));
#814=EDGE_LOOP('',(#2806,#2807,#2808,#2809));
#815=EDGE_LOOP('',(#2810,#2811,#2812,#2813));
#816=EDGE_LOOP('',(#2814,#2815));
#817=EDGE_LOOP('',(#2816,#2817,#2818,#2819));
#818=EDGE_LOOP('',(#2820,#2821,#2822,#2823));
#819=EDGE_LOOP('',(#2824));
#820=EDGE_LOOP('',(#2825,#2826,#2827,#2828));
#821=EDGE_LOOP('',(#2829,#2830));
#822=EDGE_LOOP('',(#2831,#2832,#2833,#2834));
#823=EDGE_LOOP('',(#2835));
#824=EDGE_LOOP('',(#2836,#2837,#2838,#2839));
#825=EDGE_LOOP('',(#2840,#2841,#2842,#2843,#2844));
#826=EDGE_LOOP('',(#2845,#2846,#2847,#2848,#2849,#2850,#2851));
#827=EDGE_LOOP('',(#2852,#2853));
#828=EDGE_LOOP('',(#2854,#2855,#2856,#2857));
#829=EDGE_LOOP('',(#2858,#2859,#2860,#2861));
#830=EDGE_LOOP('',(#2862,#2863,#2864,#2865));
#831=EDGE_LOOP('',(#2866,#2867,#2868,#2869));
#832=EDGE_LOOP('',(#2870,#2871,#2872,#2873));
#833=EDGE_LOOP('',(#2874,#2875,#2876,#2877));
#834=EDGE_LOOP('',(#2878,#2879,#2880,#2881,#2882,#2883,#2884));
#835=EDGE_LOOP('',(#2885,#2886));
#836=EDGE_LOOP('',(#2887,#2888,#2889,#2890,#2891));
#837=EDGE_LOOP('',(#2892,#2893,#2894,#2895));
#838=EDGE_LOOP('',(#2896,#2897,#2898,#2899));
#839=EDGE_LOOP('',(#2900,#2901,#2902,#2903,#2904));
#840=EDGE_LOOP('',(#2905,#2906,#2907,#2908,#2909,#2910,#2911));
#841=EDGE_LOOP('',(#2912,#2913));
#842=EDGE_LOOP('',(#2914,#2915,#2916,#2917));
#843=EDGE_LOOP('',(#2918,#2919,#2920,#2921));
#844=EDGE_LOOP('',(#2922,#2923,#2924,#2925));
#845=EDGE_LOOP('',(#2926,#2927,#2928,#2929));
#846=EDGE_LOOP('',(#2930,#2931));
#847=EDGE_LOOP('',(#2932,#2933));
#848=EDGE_LOOP('',(#2934,#2935,#2936,#2937,#2938,#2939));
#849=EDGE_LOOP('',(#2940,#2941,#2942,#2943,#2944,#2945));
#850=EDGE_LOOP('',(#2946,#2947,#2948,#2949));
#851=EDGE_LOOP('',(#2950,#2951));
#852=EDGE_LOOP('',(#2952,#2953,#2954,#2955));
#853=EDGE_LOOP('',(#2956,#2957,#2958,#2959));
#854=EDGE_LOOP('',(#2960,#2961,#2962,#2963));
#855=EDGE_LOOP('',(#2964));
#856=EDGE_LOOP('',(#2965,#2966,#2967,#2968));
#857=EDGE_LOOP('',(#2969,#2970));
#858=EDGE_LOOP('',(#2971,#2972,#2973,#2974,#2975,#2976,#2977));
#859=EDGE_LOOP('',(#2978,#2979,#2980,#2981));
#860=EDGE_LOOP('',(#2982,#2983,#2984,#2985,#2986));
#861=EDGE_LOOP('',(#2987,#2988,#2989,#2990,#2991,#2992,#2993));
#862=EDGE_LOOP('',(#2994,#2995));
#863=EDGE_LOOP('',(#2996,#2997,#2998,#2999));
#864=EDGE_LOOP('',(#3000,#3001,#3002,#3003));
#865=EDGE_LOOP('',(#3004,#3005,#3006,#3007));
#866=EDGE_LOOP('',(#3008,#3009,#3010,#3011,#3012,#3013));
#867=EDGE_LOOP('',(#3014,#3015,#3016,#3017,#3018,#3019,#3020,#3021,#3022,
#3023));
#868=EDGE_LOOP('',(#3024,#3025,#3026,#3027,#3028,#3029));
#869=EDGE_LOOP('',(#3030,#3031,#3032,#3033,#3034,#3035));
#870=EDGE_LOOP('',(#3036,#3037,#3038,#3039,#3040,#3041,#3042,#3043,#3044,
#3045));
#871=EDGE_LOOP('',(#3046,#3047));
#872=EDGE_LOOP('',(#3048,#3049));
#873=EDGE_LOOP('',(#3050,#3051));
#874=EDGE_LOOP('',(#3052));
#875=EDGE_LOOP('',(#3053));
#876=EDGE_LOOP('',(#3054,#3055,#3056,#3057,#3058,#3059,#3060,#3061,#3062,
#3063));
#877=EDGE_LOOP('',(#3064,#3065));
#878=EDGE_LOOP('',(#3066,#3067));
#879=EDGE_LOOP('',(#3068,#3069));
#880=EDGE_LOOP('',(#3070));
#881=EDGE_LOOP('',(#3071));
#882=EDGE_LOOP('',(#3072,#3073,#3074,#3075,#3076,#3077));
#883=EDGE_LOOP('',(#3078,#3079,#3080,#3081,#3082,#3083,#3084,#3085,#3086,
#3087));
#884=EDGE_LOOP('',(#3088,#3089,#3090,#3091,#3092,#3093));
#885=EDGE_LOOP('',(#3094,#3095,#3096,#3097,#3098,#3099,#3100,#3101,#3102,
#3103));
#886=EDGE_LOOP('',(#3104,#3105,#3106,#3107,#3108,#3109));
#887=EDGE_LOOP('',(#3110,#3111,#3112,#3113,#3114,#3115));
#888=EDGE_LOOP('',(#3116,#3117,#3118,#3119,#3120,#3121));
#889=EDGE_LOOP('',(#3122,#3123,#3124,#3125,#3126,#3127));
#890=EDGE_LOOP('',(#3128,#3129,#3130,#3131));
#891=EDGE_LOOP('',(#3132,#3133,#3134,#3135));
#892=EDGE_LOOP('',(#3136));
#893=EDGE_LOOP('',(#3137,#3138,#3139,#3140,#3141,#3142,#3143,#3144,#3145,
#3146));
#894=EDGE_LOOP('',(#3147,#3148));
#895=EDGE_LOOP('',(#3149,#3150));
#896=EDGE_LOOP('',(#3151,#3152));
#897=EDGE_LOOP('',(#3153,#3154,#3155,#3156));
#898=EDGE_LOOP('',(#3157,#3158,#3159,#3160,#3161,#3162,#3163,#3164,#3165,
#3166));
#899=EDGE_LOOP('',(#3167,#3168));
#900=EDGE_LOOP('',(#3169,#3170));
#901=EDGE_LOOP('',(#3171,#3172));
#902=EDGE_LOOP('',(#3173));
#903=EDGE_LOOP('',(#3174,#3175,#3176,#3177,#3178,#3179,#3180,#3181,#3182,
#3183));
#904=EDGE_LOOP('',(#3184,#3185));
#905=EDGE_LOOP('',(#3186,#3187));
#906=EDGE_LOOP('',(#3188,#3189));
#907=EDGE_LOOP('',(#3190,#3191,#3192,#3193));
#908=EDGE_LOOP('',(#3194));
#909=EDGE_LOOP('',(#3195));
#910=EDGE_LOOP('',(#3196,#3197,#3198,#3199));
#911=EDGE_LOOP('',(#3200));
#912=EDGE_LOOP('',(#3201));
#913=EDGE_LOOP('',(#3202,#3203,#3204,#3205));
#914=EDGE_LOOP('',(#3206,#3207,#3208,#3209,#3210,#3211,#3212,#3213,#3214,
#3215));
#915=EDGE_LOOP('',(#3216,#3217));
#916=EDGE_LOOP('',(#3218,#3219));
#917=EDGE_LOOP('',(#3220,#3221));
#918=EDGE_LOOP('',(#3222));
#919=EDGE_LOOP('',(#3223));
#920=EDGE_LOOP('',(#3224,#3225,#3226,#3227,#3228,#3229));
#921=EDGE_LOOP('',(#3230,#3231,#3232,#3233,#3234,#3235));
#922=EDGE_LOOP('',(#3236,#3237,#3238,#3239));
#923=EDGE_LOOP('',(#3240,#3241));
#924=EDGE_LOOP('',(#3242,#3243));
#925=EDGE_LOOP('',(#3244,#3245));
#926=EDGE_LOOP('',(#3246,#3247));
#927=EDGE_LOOP('',(#3248,#3249,#3250,#3251,#3252,#3253));
#928=EDGE_LOOP('',(#3254,#3255,#3256,#3257,#3258,#3259));
#929=EDGE_LOOP('',(#3260));
#930=EDGE_LOOP('',(#3261));
#931=EDGE_LOOP('',(#3262,#3263,#3264,#3265));
#932=EDGE_LOOP('',(#3266,#3267));
#933=EDGE_LOOP('',(#3268,#3269));
#934=EDGE_LOOP('',(#3270,#3271));
#935=EDGE_LOOP('',(#3272,#3273));
#936=EDGE_LOOP('',(#3274));
#937=EDGE_LOOP('',(#3275));
#938=LINE('',#4497,#1114);
#939=LINE('',#4507,#1115);
#940=LINE('',#4570,#1116);
#941=LINE('',#4612,#1117);
#942=LINE('',#4690,#1118);
#943=LINE('',#4768,#1119);
#944=LINE('',#4831,#1120);
#945=LINE('',#4893,#1121);
#946=LINE('',#4895,#1122);
#947=LINE('',#4903,#1123);
#948=LINE('',#4904,#1124);
#949=LINE('',#4947,#1125);
#950=LINE('',#5015,#1126);
#951=LINE('',#5123,#1127);
#952=LINE('',#5201,#1128);
#953=LINE('',#5279,#1129);
#954=LINE('',#5342,#1130);
#955=LINE('',#5441,#1131);
#956=LINE('',#5519,#1132);
#957=LINE('',#5560,#1133);
#958=LINE('',#5562,#1134);
#959=LINE('',#5569,#1135);
#960=LINE('',#5575,#1136);
#961=LINE('',#5577,#1137);
#962=LINE('',#5583,#1138);
#963=LINE('',#5585,#1139);
#964=LINE('',#5593,#1140);
#965=LINE('',#5600,#1141);
#966=LINE('',#5601,#1142);
#967=LINE('',#5645,#1143);
#968=LINE('',#5713,#1144);
#969=LINE('',#5821,#1145);
#970=LINE('',#5899,#1146);
#971=LINE('',#5977,#1147);
#972=LINE('',#6045,#1148);
#973=LINE('',#6153,#1149);
#974=LINE('',#6231,#1150);
#975=LINE('',#6277,#1151);
#976=LINE('',#6278,#1152);
#977=LINE('',#6279,#1153);
#978=LINE('',#6284,#1154);
#979=LINE('',#6285,#1155);
#980=LINE('',#6286,#1156);
#981=LINE('',#6328,#1157);
#982=LINE('',#6406,#1158);
#983=LINE('',#6484,#1159);
#984=LINE('',#6562,#1160);
#985=LINE('',#6640,#1161);
#986=LINE('',#6718,#1162);
#987=LINE('',#6796,#1163);
#988=LINE('',#6874,#1164);
#989=LINE('',#6952,#1165);
#990=LINE('',#7020,#1166);
#991=LINE('',#7128,#1167);
#992=LINE('',#7196,#1168);
#993=LINE('',#7304,#1169);
#994=LINE('',#7382,#1170);
#995=LINE('',#7460,#1171);
#996=LINE('',#7538,#1172);
#997=LINE('',#7582,#1173);
#998=LINE('',#7583,#1174);
#999=LINE('',#7585,#1175);
#1000=LINE('',#7591,#1176);
#1001=LINE('',#7592,#1177);
#1002=LINE('',#7593,#1178);
#1003=LINE('',#7599,#1179);
#1004=LINE('',#7716,#1180);
#1005=LINE('',#7719,#1181);
#1006=LINE('',#7760,#1182);
#1007=LINE('',#7764,#1183);
#1008=LINE('',#7770,#1184);
#1009=LINE('',#7776,#1185);
#1010=LINE('',#7786,#1186);
#1011=LINE('',#7788,#1187);
#1012=LINE('',#7790,#1188);
#1013=LINE('',#7791,#1189);
#1014=LINE('',#7795,#1190);
#1015=LINE('',#7796,#1191);
#1016=LINE('',#7798,#1192);
#1017=LINE('',#7799,#1193);
#1018=LINE('',#7802,#1194);
#1019=LINE('',#7804,#1195);
#1020=LINE('',#7805,#1196);
#1021=LINE('',#7808,#1197);
#1022=LINE('',#7811,#1198);
#1023=LINE('',#7812,#1199);
#1024=LINE('',#7814,#1200);
#1025=LINE('',#7819,#1201);
#1026=LINE('',#7821,#1202);
#1027=LINE('',#7823,#1203);
#1028=LINE('',#7824,#1204);
#1029=LINE('',#7827,#1205);
#1030=LINE('',#7829,#1206);
#1031=LINE('',#7830,#1207);
#1032=LINE('',#7833,#1208);
#1033=LINE('',#7834,#1209);
#1034=LINE('',#7837,#1210);
#1035=LINE('',#7839,#1211);
#1036=LINE('',#7841,#1212);
#1037=LINE('',#7842,#1213);
#1038=LINE('',#7845,#1214);
#1039=LINE('',#7847,#1215);
#1040=LINE('',#7852,#1216);
#1041=LINE('',#7854,#1217);
#1042=LINE('',#7856,#1218);
#1043=LINE('',#7857,#1219);
#1044=LINE('',#7861,#1220);
#1045=LINE('',#7862,#1221);
#1046=LINE('',#7864,#1222);
#1047=LINE('',#7865,#1223);
#1048=LINE('',#7868,#1224);
#1049=LINE('',#7870,#1225);
#1050=LINE('',#7871,#1226);
#1051=LINE('',#7874,#1227);
#1052=LINE('',#7877,#1228);
#1053=LINE('',#7878,#1229);
#1054=LINE('',#7880,#1230);
#1055=LINE('',#7886,#1231);
#1056=LINE('',#8003,#1232);
#1057=LINE('',#8006,#1233);
#1058=LINE('',#8047,#1234);
#1059=LINE('',#8051,#1235);
#1060=LINE('',#8056,#1236);
#1061=LINE('',#8062,#1237);
#1062=LINE('',#8070,#1238);
#1063=LINE('',#8074,#1239);
#1064=LINE('',#8076,#1240);
#1065=LINE('',#8078,#1241);
#1066=LINE('',#8079,#1242);
#1067=LINE('',#8083,#1243);
#1068=LINE('',#8084,#1244);
#1069=LINE('',#8086,#1245);
#1070=LINE('',#8087,#1246);
#1071=LINE('',#8090,#1247);
#1072=LINE('',#8092,#1248);
#1073=LINE('',#8093,#1249);
#1074=LINE('',#8096,#1250);
#1075=LINE('',#8099,#1251);
#1076=LINE('',#8100,#1252);
#1077=LINE('',#8102,#1253);
#1078=LINE('',#8145,#1254);
#1079=LINE('',#8213,#1255);
#1080=LINE('',#8321,#1256);
#1081=LINE('',#8399,#1257);
#1082=LINE('',#8440,#1258);
#1083=LINE('',#8442,#1259);
#1084=LINE('',#8450,#1260);
#1085=LINE('',#8451,#1261);
#1086=LINE('',#8493,#1262);
#1087=LINE('',#8561,#1263);
#1088=LINE('',#8669,#1264);
#1089=LINE('',#8737,#1265);
#1090=LINE('',#8845,#1266);
#1091=LINE('',#8923,#1267);
#1092=LINE('',#9001,#1268);
#1093=LINE('',#9079,#1269);
#1094=LINE('',#9121,#1270);
#1095=LINE('',#9126,#1271);
#1096=LINE('',#9131,#1272);
#1097=LINE('',#9133,#1273);
#1098=LINE('',#9136,#1274);
#1099=LINE('',#9138,#1275);
#1100=LINE('',#9140,#1276);
#1101=LINE('',#9148,#1277);
#1102=LINE('',#9149,#1278);
#1103=LINE('',#9152,#1279);
#1104=LINE('',#9160,#1280);
#1105=LINE('',#9167,#1281);
#1106=LINE('',#9171,#1282);
#1107=LINE('',#9172,#1283);
#1108=LINE('',#9214,#1284);
#1109=LINE('',#9292,#1285);
#1110=LINE('',#9334,#1286);
#1111=LINE('',#9451,#1287);
#1112=LINE('',#9454,#1288);
#1113=LINE('',#9498,#1289);
#1114=VECTOR('',#3851,27.7500004172325);
#1115=VECTOR('',#3864,26.5000004172325);
#1116=VECTOR('',#3875,29.0000002086163);
#1117=VECTOR('',#3880,1.99999999999999);
#1118=VECTOR('',#3883,1.99999999999999);
#1119=VECTOR('',#3886,1.99999999999999);
#1120=VECTOR('',#3889,1.99999999999999);
#1121=VECTOR('',#3894,28.0000002086163);
#1122=VECTOR('',#3895,28.0000002086163);
#1123=VECTOR('',#3906,30.);
#1124=VECTOR('',#3907,30.);
#1125=VECTOR('',#3914,1.99999999999999);
#1126=VECTOR('',#3917,1.99999999999999);
#1127=VECTOR('',#3920,1.99999999999999);
#1128=VECTOR('',#3923,1.99999999999999);
#1129=VECTOR('',#3926,1.99999999999999);
#1130=VECTOR('',#3929,1.99999999999999);
#1131=VECTOR('',#3932,1.99999999999999);
#1132=VECTOR('',#3935,1.99999999999999);
#1133=VECTOR('',#3940,27.75);
#1134=VECTOR('',#3941,27.75);
#1135=VECTOR('',#3950,30.);
#1136=VECTOR('',#3959,27.75);
#1137=VECTOR('',#3960,27.75);
#1138=VECTOR('',#3969,27.75);
#1139=VECTOR('',#3970,27.75);
#1140=VECTOR('',#3981,30.);
#1141=VECTOR('',#3990,27.75);
#1142=VECTOR('',#3991,27.75);
#1143=VECTOR('',#4000,2.00000000000003);
#1144=VECTOR('',#4003,2.00000000000003);
#1145=VECTOR('',#4006,2.00000000000003);
#1146=VECTOR('',#4009,2.00000000000003);
#1147=VECTOR('',#4012,1.99999999999999);
#1148=VECTOR('',#4015,1.99999999999999);
#1149=VECTOR('',#4018,1.99999999999999);
#1150=VECTOR('',#4021,1.99999999999999);
#1151=VECTOR('',#4032,30.);
#1152=VECTOR('',#4033,30.);
#1153=VECTOR('',#4034,30.);
#1154=VECTOR('',#4041,28.);
#1155=VECTOR('',#4042,28.);
#1156=VECTOR('',#4043,28.);
#1157=VECTOR('',#4048,2.00000000000003);
#1158=VECTOR('',#4051,2.00000000000003);
#1159=VECTOR('',#4054,2.00000000000003);
#1160=VECTOR('',#4057,2.00000000000003);
#1161=VECTOR('',#4060,2.00000000000003);
#1162=VECTOR('',#4063,2.00000000000003);
#1163=VECTOR('',#4066,2.00000000000003);
#1164=VECTOR('',#4069,2.00000000000003);
#1165=VECTOR('',#4072,2.00000000000003);
#1166=VECTOR('',#4075,2.00000000000003);
#1167=VECTOR('',#4078,2.00000000000003);
#1168=VECTOR('',#4081,2.00000000000003);
#1169=VECTOR('',#4084,2.00000000000003);
#1170=VECTOR('',#4087,2.00000000000003);
#1171=VECTOR('',#4090,2.00000000000003);
#1172=VECTOR('',#4093,2.00000000000003);
#1173=VECTOR('',#4102,28.);
#1174=VECTOR('',#4103,28.);
#1175=VECTOR('',#4104,28.);
#1176=VECTOR('',#4113,30.0000004470348);
#1177=VECTOR('',#4114,30.0000004470348);
#1178=VECTOR('',#4115,30.0000004470348);
#1179=VECTOR('',#4122,30.2500004470348);
#1180=VECTOR('',#4127,2.00000000000003);
#1181=VECTOR('',#4130,2.00000000000003);
#1182=VECTOR('',#4133,10.);
#1183=VECTOR('',#4136,10.);
#1184=VECTOR('',#4143,10.);
#1185=VECTOR('',#4150,10.);
#1186=VECTOR('',#4165,10.);
#1187=VECTOR('',#4166,10.);
#1188=VECTOR('',#4167,10.);
#1189=VECTOR('',#4168,10.);
#1190=VECTOR('',#4171,10.);
#1191=VECTOR('',#4172,10.);
#1192=VECTOR('',#4173,10.);
#1193=VECTOR('',#4174,10.);
#1194=VECTOR('',#4177,10.);
#1195=VECTOR('',#4178,10.);
#1196=VECTOR('',#4179,10.);
#1197=VECTOR('',#4180,10.);
#1198=VECTOR('',#4183,10.);
#1199=VECTOR('',#4184,10.);
#1200=VECTOR('',#4187,10.);
#1201=VECTOR('',#4192,10.);
#1202=VECTOR('',#4193,10.);
#1203=VECTOR('',#4194,10.);
#1204=VECTOR('',#4195,10.);
#1205=VECTOR('',#4198,10.);
#1206=VECTOR('',#4199,10.);
#1207=VECTOR('',#4200,10.);
#1208=VECTOR('',#4203,10.);
#1209=VECTOR('',#4204,10.);
#1210=VECTOR('',#4207,10.);
#1211=VECTOR('',#4208,10.);
#1212=VECTOR('',#4209,10.);
#1213=VECTOR('',#4210,10.);
#1214=VECTOR('',#4211,10.);
#1215=VECTOR('',#4214,10.);
#1216=VECTOR('',#4219,10.);
#1217=VECTOR('',#4220,10.);
#1218=VECTOR('',#4221,10.);
#1219=VECTOR('',#4222,10.);
#1220=VECTOR('',#4225,10.);
#1221=VECTOR('',#4226,10.);
#1222=VECTOR('',#4227,10.);
#1223=VECTOR('',#4228,10.);
#1224=VECTOR('',#4231,10.);
#1225=VECTOR('',#4232,10.);
#1226=VECTOR('',#4233,10.);
#1227=VECTOR('',#4234,10.);
#1228=VECTOR('',#4237,10.);
#1229=VECTOR('',#4238,10.);
#1230=VECTOR('',#4241,10.);
#1231=VECTOR('',#4248,30.2500004470348);
#1232=VECTOR('',#4253,2.00000000000003);
#1233=VECTOR('',#4256,2.00000000000003);
#1234=VECTOR('',#4259,10.);
#1235=VECTOR('',#4262,10.);
#1236=VECTOR('',#4267,10.);
#1237=VECTOR('',#4274,10.);
#1238=VECTOR('',#4289,30.7500004470348);
#1239=VECTOR('',#4292,10.);
#1240=VECTOR('',#4293,10.);
#1241=VECTOR('',#4294,10.);
#1242=VECTOR('',#4295,10.);
#1243=VECTOR('',#4298,10.);
#1244=VECTOR('',#4299,10.);
#1245=VECTOR('',#4300,10.);
#1246=VECTOR('',#4301,10.);
#1247=VECTOR('',#4304,10.);
#1248=VECTOR('',#4305,10.);
#1249=VECTOR('',#4306,10.);
#1250=VECTOR('',#4307,10.);
#1251=VECTOR('',#4310,10.);
#1252=VECTOR('',#4311,10.);
#1253=VECTOR('',#4314,10.);
#1254=VECTOR('',#4321,2.00000000000003);
#1255=VECTOR('',#4324,2.00000000000003);
#1256=VECTOR('',#4327,2.00000000000003);
#1257=VECTOR('',#4330,2.00000000000003);
#1258=VECTOR('',#4335,22.5);
#1259=VECTOR('',#4336,22.5);
#1260=VECTOR('',#4347,27.75);
#1261=VECTOR('',#4348,27.75);
#1262=VECTOR('',#4353,2.00000000000003);
#1263=VECTOR('',#4356,2.00000000000003);
#1264=VECTOR('',#4359,2.00000000000003);
#1265=VECTOR('',#4362,2.00000000000003);
#1266=VECTOR('',#4365,2.00000000000003);
#1267=VECTOR('',#4368,2.00000000000003);
#1268=VECTOR('',#4371,2.00000000000003);
#1269=VECTOR('',#4374,2.00000000000003);
#1270=VECTOR('',#4379,27.875);
#1271=VECTOR('',#4386,30.);
#1272=VECTOR('',#4393,27.75);
#1273=VECTOR('',#4394,27.75);
#1274=VECTOR('',#4399,27.875);
#1275=VECTOR('',#4402,27.75);
#1276=VECTOR('',#4403,27.75);
#1277=VECTOR('',#4414,27.75);
#1278=VECTOR('',#4415,27.75);
#1279=VECTOR('',#4418,27.875);
#1280=VECTOR('',#4429,30.);
#1281=VECTOR('',#4438,27.875);
#1282=VECTOR('',#4443,27.75);
#1283=VECTOR('',#4444,27.75);
#1284=VECTOR('',#4449,2.00000000000003);
#1285=VECTOR('',#4452,2.00000000000003);
#1286=VECTOR('',#4457,22.5);
#1287=VECTOR('',#4462,2.00000000000003);
#1288=VECTOR('',#4465,2.00000000000003);
#1289=VECTOR('',#4474,27.75);
#1290=CIRCLE('',#3610,27.7500004172325);
#1291=CIRCLE('',#3611,27.7500004172325);
#1292=CIRCLE('',#3613,28.0000004172325);
#1293=CIRCLE('',#3615,26.5000004172325);
#1294=CIRCLE('',#3617,26.5000004172325);
#1295=CIRCLE('',#3618,301.286603095208);
#1296=CIRCLE('',#3619,30.);
#1297=CIRCLE('',#3620,296.563433068718);
#1298=CIRCLE('',#3628,28.);
#1299=CIRCLE('',#3629,28.0000004172325);
#1300=CIRCLE('',#3631,30.);
#1301=CIRCLE('',#3633,30.);
#1302=CIRCLE('',#3645,22.75);
#1303=CIRCLE('',#3646,22.75);
#1304=CIRCLE('',#3648,25.);
#1305=CIRCLE('',#3650,25.);
#1306=CIRCLE('',#3652,22.75);
#1307=CIRCLE('',#3654,22.75);
#1308=CIRCLE('',#3657,27.75);
#1309=CIRCLE('',#3658,27.75);
#1310=CIRCLE('',#3660,30.);
#1311=CIRCLE('',#3662,30.);
#1312=CIRCLE('',#3664,27.75);
#1313=CIRCLE('',#3666,27.75);
#1314=CIRCLE('',#3679,30.);
#1315=CIRCLE('',#3680,28.);
#1316=CIRCLE('',#3682,30.);
#1317=CIRCLE('',#3684,28.);
#1318=CIRCLE('',#3704,30.0000004470348);
#1319=CIRCLE('',#3705,28.);
#1320=CIRCLE('',#3707,28.);
#1321=CIRCLE('',#3709,30.);
#1322=CIRCLE('',#3713,30.2500004470348);
#1323=CIRCLE('',#3714,30.2500004470348);
#1324=CIRCLE('',#3718,31.5000004470348);
#1325=CIRCLE('',#3719,31.5000004470348);
#1326=CIRCLE('',#3721,31.5000004470348);
#1327=CIRCLE('',#3722,31.5000004470348);
#1328=CIRCLE('',#3724,31.5000004470348);
#1329=CIRCLE('',#3725,31.5000004470348);
#1330=CIRCLE('',#3727,31.5000004470348);
#1331=CIRCLE('',#3729,31.5000004470348);
#1332=CIRCLE('',#3750,30.2500004470348);
#1333=CIRCLE('',#3751,30.2500004470348);
#1334=CIRCLE('',#3755,31.5000004470348);
#1335=CIRCLE('',#3756,31.5000004470348);
#1336=CIRCLE('',#3758,31.5000004470348);
#1337=CIRCLE('',#3759,31.5000004470348);
#1338=CIRCLE('',#3761,31.5000004470348);
#1339=CIRCLE('',#3762,31.5000004470348);
#1340=CIRCLE('',#3764,31.5000004470348);
#1341=CIRCLE('',#3766,31.5000004470348);
#1342=CIRCLE('',#3780,22.5);
#1343=CIRCLE('',#3781,22.5);
#1344=CIRCLE('',#3783,27.75);
#1345=CIRCLE('',#3785,27.75);
#1346=CIRCLE('',#3796,25.);
#1347=CIRCLE('',#3797,22.75);
#1348=CIRCLE('',#3799,25.);
#1349=CIRCLE('',#3801,22.75);
#1350=CIRCLE('',#3803,22.75);
#1351=CIRCLE('',#3806,22.75);
#1352=CIRCLE('',#3808,27.75);
#1353=CIRCLE('',#3810,27.75);
#1354=CIRCLE('',#3812,28.);
#1355=CIRCLE('',#3814,30.);
#1356=CIRCLE('',#3816,30.);
#1357=CIRCLE('',#3818,28.);
#1358=CIRCLE('',#3820,27.75);
#1359=CIRCLE('',#3822,27.75);
#1360=CIRCLE('',#3827,22.5);
#1361=CIRCLE('',#3828,22.5);
#1362=CIRCLE('',#3832,27.75);
#1363=CIRCLE('',#3834,27.75);
#1364=VERTEX_POINT('',#4494);
#1365=VERTEX_POINT('',#4496);
#1366=VERTEX_POINT('',#4500);
#1367=VERTEX_POINT('',#4503);
#1368=VERTEX_POINT('',#4506);
#1369=VERTEX_POINT('',#4536);
#1370=VERTEX_POINT('',#4565);
#1371=VERTEX_POINT('',#4567);
#1372=VERTEX_POINT('',#4573);
#1373=VERTEX_POINT('',#4574);
#1374=VERTEX_POINT('',#4611);
#1375=VERTEX_POINT('',#4613);
#1376=VERTEX_POINT('',#4651);
#1377=VERTEX_POINT('',#4652);
#1378=VERTEX_POINT('',#4689);
#1379=VERTEX_POINT('',#4691);
#1380=VERTEX_POINT('',#4729);
#1381=VERTEX_POINT('',#4730);
#1382=VERTEX_POINT('',#4767);
#1383=VERTEX_POINT('',#4769);
#1384=VERTEX_POINT('',#4807);
#1385=VERTEX_POINT('',#4808);
#1386=VERTEX_POINT('',#4819);
#1387=VERTEX_POINT('',#4830);
#1388=VERTEX_POINT('',#4832);
#1389=VERTEX_POINT('',#4843);
#1390=VERTEX_POINT('',#4891);
#1391=VERTEX_POINT('',#4894);
#1392=VERTEX_POINT('',#4898);
#1393=VERTEX_POINT('',#4901);
#1394=VERTEX_POINT('',#4908);
#1395=VERTEX_POINT('',#4909);
#1396=VERTEX_POINT('',#4946);
#1397=VERTEX_POINT('',#4948);
#1398=VERTEX_POINT('',#4986);
#1399=VERTEX_POINT('',#4987);
#1400=VERTEX_POINT('',#4998);
#1401=VERTEX_POINT('',#5009);
#1402=VERTEX_POINT('',#5014);
#1403=VERTEX_POINT('',#5016);
#1404=VERTEX_POINT('',#5021);
#1405=VERTEX_POINT('',#5032);
#1406=VERTEX_POINT('',#5084);
#1407=VERTEX_POINT('',#5085);
#1408=VERTEX_POINT('',#5122);
#1409=VERTEX_POINT('',#5124);
#1410=VERTEX_POINT('',#5162);
#1411=VERTEX_POINT('',#5163);
#1412=VERTEX_POINT('',#5200);
#1413=VERTEX_POINT('',#5202);
#1414=VERTEX_POINT('',#5240);
#1415=VERTEX_POINT('',#5241);
#1416=VERTEX_POINT('',#5278);
#1417=VERTEX_POINT('',#5280);
#1418=VERTEX_POINT('',#5318);
#1419=VERTEX_POINT('',#5319);
#1420=VERTEX_POINT('',#5330);
#1421=VERTEX_POINT('',#5341);
#1422=VERTEX_POINT('',#5343);
#1423=VERTEX_POINT('',#5354);
#1424=VERTEX_POINT('',#5402);
#1425=VERTEX_POINT('',#5403);
#1426=VERTEX_POINT('',#5440);
#1427=VERTEX_POINT('',#5442);
#1428=VERTEX_POINT('',#5480);
#1429=VERTEX_POINT('',#5481);
#1430=VERTEX_POINT('',#5518);
#1431=VERTEX_POINT('',#5520);
#1432=VERTEX_POINT('',#5558);
#1433=VERTEX_POINT('',#5561);
#1434=VERTEX_POINT('',#5565);
#1435=VERTEX_POINT('',#5568);
#1436=VERTEX_POINT('',#5572);
#1437=VERTEX_POINT('',#5576);
#1438=VERTEX_POINT('',#5581);
#1439=VERTEX_POINT('',#5584);
#1440=VERTEX_POINT('',#5588);
#1441=VERTEX_POINT('',#5591);
#1442=VERTEX_POINT('',#5595);
#1443=VERTEX_POINT('',#5598);
#1444=VERTEX_POINT('',#5606);
#1445=VERTEX_POINT('',#5607);
#1446=VERTEX_POINT('',#5644);
#1447=VERTEX_POINT('',#5646);
#1448=VERTEX_POINT('',#5684);
#1449=VERTEX_POINT('',#5685);
#1450=VERTEX_POINT('',#5696);
#1451=VERTEX_POINT('',#5707);
#1452=VERTEX_POINT('',#5712);
#1453=VERTEX_POINT('',#5714);
#1454=VERTEX_POINT('',#5719);
#1455=VERTEX_POINT('',#5730);
#1456=VERTEX_POINT('',#5782);
#1457=VERTEX_POINT('',#5783);
#1458=VERTEX_POINT('',#5820);
#1459=VERTEX_POINT('',#5822);
#1460=VERTEX_POINT('',#5860);
#1461=VERTEX_POINT('',#5861);
#1462=VERTEX_POINT('',#5898);
#1463=VERTEX_POINT('',#5900);
#1464=VERTEX_POINT('',#5938);
#1465=VERTEX_POINT('',#5939);
#1466=VERTEX_POINT('',#5976);
#1467=VERTEX_POINT('',#5978);
#1468=VERTEX_POINT('',#6016);
#1469=VERTEX_POINT('',#6017);
#1470=VERTEX_POINT('',#6028);
#1471=VERTEX_POINT('',#6039);
#1472=VERTEX_POINT('',#6044);
#1473=VERTEX_POINT('',#6046);
#1474=VERTEX_POINT('',#6051);
#1475=VERTEX_POINT('',#6062);
#1476=VERTEX_POINT('',#6114);
#1477=VERTEX_POINT('',#6115);
#1478=VERTEX_POINT('',#6152);
#1479=VERTEX_POINT('',#6154);
#1480=VERTEX_POINT('',#6192);
#1481=VERTEX_POINT('',#6193);
#1482=VERTEX_POINT('',#6230);
#1483=VERTEX_POINT('',#6232);
#1484=VERTEX_POINT('',#6270);
#1485=VERTEX_POINT('',#6272);
#1486=VERTEX_POINT('',#6275);
#1487=VERTEX_POINT('',#6281);
#1488=VERTEX_POINT('',#6289);
#1489=VERTEX_POINT('',#6290);
#1490=VERTEX_POINT('',#6327);
#1491=VERTEX_POINT('',#6329);
#1492=VERTEX_POINT('',#6367);
#1493=VERTEX_POINT('',#6368);
#1494=VERTEX_POINT('',#6405);
#1495=VERTEX_POINT('',#6407);
#1496=VERTEX_POINT('',#6445);
#1497=VERTEX_POINT('',#6446);
#1498=VERTEX_POINT('',#6483);
#1499=VERTEX_POINT('',#6485);
#1500=VERTEX_POINT('',#6523);
#1501=VERTEX_POINT('',#6524);
#1502=VERTEX_POINT('',#6561);
#1503=VERTEX_POINT('',#6563);
#1504=VERTEX_POINT('',#6601);
#1505=VERTEX_POINT('',#6602);
#1506=VERTEX_POINT('',#6639);
#1507=VERTEX_POINT('',#6641);
#1508=VERTEX_POINT('',#6679);
#1509=VERTEX_POINT('',#6680);
#1510=VERTEX_POINT('',#6717);
#1511=VERTEX_POINT('',#6719);
#1512=VERTEX_POINT('',#6757);
#1513=VERTEX_POINT('',#6758);
#1514=VERTEX_POINT('',#6795);
#1515=VERTEX_POINT('',#6797);
#1516=VERTEX_POINT('',#6835);
#1517=VERTEX_POINT('',#6836);
#1518=VERTEX_POINT('',#6873);
#1519=VERTEX_POINT('',#6875);
#1520=VERTEX_POINT('',#6913);
#1521=VERTEX_POINT('',#6914);
#1522=VERTEX_POINT('',#6951);
#1523=VERTEX_POINT('',#6953);
#1524=VERTEX_POINT('',#6991);
#1525=VERTEX_POINT('',#6992);
#1526=VERTEX_POINT('',#7003);
#1527=VERTEX_POINT('',#7014);
#1528=VERTEX_POINT('',#7019);
#1529=VERTEX_POINT('',#7021);
#1530=VERTEX_POINT('',#7026);
#1531=VERTEX_POINT('',#7037);
#1532=VERTEX_POINT('',#7089);
#1533=VERTEX_POINT('',#7090);
#1534=VERTEX_POINT('',#7127);
#1535=VERTEX_POINT('',#7129);
#1536=VERTEX_POINT('',#7167);
#1537=VERTEX_POINT('',#7168);
#1538=VERTEX_POINT('',#7179);
#1539=VERTEX_POINT('',#7190);
#1540=VERTEX_POINT('',#7195);
#1541=VERTEX_POINT('',#7197);
#1542=VERTEX_POINT('',#7202);
#1543=VERTEX_POINT('',#7213);
#1544=VERTEX_POINT('',#7265);
#1545=VERTEX_POINT('',#7266);
#1546=VERTEX_POINT('',#7303);
#1547=VERTEX_POINT('',#7305);
#1548=VERTEX_POINT('',#7343);
#1549=VERTEX_POINT('',#7344);
#1550=VERTEX_POINT('',#7381);
#1551=VERTEX_POINT('',#7383);
#1552=VERTEX_POINT('',#7421);
#1553=VERTEX_POINT('',#7422);
#1554=VERTEX_POINT('',#7459);
#1555=VERTEX_POINT('',#7461);
#1556=VERTEX_POINT('',#7499);
#1557=VERTEX_POINT('',#7500);
#1558=VERTEX_POINT('',#7537);
#1559=VERTEX_POINT('',#7539);
#1560=VERTEX_POINT('',#7577);
#1561=VERTEX_POINT('',#7579);
#1562=VERTEX_POINT('',#7584);
#1563=VERTEX_POINT('',#7588);
#1564=VERTEX_POINT('',#7596);
#1565=VERTEX_POINT('',#7598);
#1566=VERTEX_POINT('',#7601);
#1567=VERTEX_POINT('',#7602);
#1568=VERTEX_POINT('',#7639);
#1569=VERTEX_POINT('',#7640);
#1570=VERTEX_POINT('',#7678);
#1571=VERTEX_POINT('',#7679);
#1572=VERTEX_POINT('',#7718);
#1573=VERTEX_POINT('',#7720);
#1574=VERTEX_POINT('',#7758);
#1575=VERTEX_POINT('',#7759);
#1576=VERTEX_POINT('',#7761);
#1577=VERTEX_POINT('',#7763);
#1578=VERTEX_POINT('',#7767);
#1579=VERTEX_POINT('',#7769);
#1580=VERTEX_POINT('',#7773);
#1581=VERTEX_POINT('',#7775);
#1582=VERTEX_POINT('',#7784);
#1583=VERTEX_POINT('',#7785);
#1584=VERTEX_POINT('',#7787);
#1585=VERTEX_POINT('',#7789);
#1586=VERTEX_POINT('',#7793);
#1587=VERTEX_POINT('',#7794);
#1588=VERTEX_POINT('',#7797);
#1589=VERTEX_POINT('',#7801);
#1590=VERTEX_POINT('',#7803);
#1591=VERTEX_POINT('',#7806);
#1592=VERTEX_POINT('',#7807);
#1593=VERTEX_POINT('',#7810);
#1594=VERTEX_POINT('',#7817);
#1595=VERTEX_POINT('',#7818);
#1596=VERTEX_POINT('',#7820);
#1597=VERTEX_POINT('',#7822);
#1598=VERTEX_POINT('',#7826);
#1599=VERTEX_POINT('',#7828);
#1600=VERTEX_POINT('',#7832);
#1601=VERTEX_POINT('',#7836);
#1602=VERTEX_POINT('',#7838);
#1603=VERTEX_POINT('',#7840);
#1604=VERTEX_POINT('',#7843);
#1605=VERTEX_POINT('',#7844);
#1606=VERTEX_POINT('',#7850);
#1607=VERTEX_POINT('',#7851);
#1608=VERTEX_POINT('',#7853);
#1609=VERTEX_POINT('',#7855);
#1610=VERTEX_POINT('',#7859);
#1611=VERTEX_POINT('',#7860);
#1612=VERTEX_POINT('',#7863);
#1613=VERTEX_POINT('',#7867);
#1614=VERTEX_POINT('',#7869);
#1615=VERTEX_POINT('',#7872);
#1616=VERTEX_POINT('',#7873);
#1617=VERTEX_POINT('',#7876);
#1618=VERTEX_POINT('',#7883);
#1619=VERTEX_POINT('',#7885);
#1620=VERTEX_POINT('',#7888);
#1621=VERTEX_POINT('',#7889);
#1622=VERTEX_POINT('',#7926);
#1623=VERTEX_POINT('',#7927);
#1624=VERTEX_POINT('',#7965);
#1625=VERTEX_POINT('',#7966);
#1626=VERTEX_POINT('',#8005);
#1627=VERTEX_POINT('',#8007);
#1628=VERTEX_POINT('',#8045);
#1629=VERTEX_POINT('',#8046);
#1630=VERTEX_POINT('',#8048);
#1631=VERTEX_POINT('',#8050);
#1632=VERTEX_POINT('',#8054);
#1633=VERTEX_POINT('',#8055);
#1634=VERTEX_POINT('',#8060);
#1635=VERTEX_POINT('',#8061);
#1636=VERTEX_POINT('',#8072);
#1637=VERTEX_POINT('',#8073);
#1638=VERTEX_POINT('',#8075);
#1639=VERTEX_POINT('',#8077);
#1640=VERTEX_POINT('',#8081);
#1641=VERTEX_POINT('',#8082);
#1642=VERTEX_POINT('',#8085);
#1643=VERTEX_POINT('',#8089);
#1644=VERTEX_POINT('',#8091);
#1645=VERTEX_POINT('',#8094);
#1646=VERTEX_POINT('',#8095);
#1647=VERTEX_POINT('',#8098);
#1648=VERTEX_POINT('',#8106);
#1649=VERTEX_POINT('',#8107);
#1650=VERTEX_POINT('',#8144);
#1651=VERTEX_POINT('',#8146);
#1652=VERTEX_POINT('',#8184);
#1653=VERTEX_POINT('',#8185);
#1654=VERTEX_POINT('',#8196);
#1655=VERTEX_POINT('',#8207);
#1656=VERTEX_POINT('',#8212);
#1657=VERTEX_POINT('',#8214);
#1658=VERTEX_POINT('',#8219);
#1659=VERTEX_POINT('',#8230);
#1660=VERTEX_POINT('',#8282);
#1661=VERTEX_POINT('',#8283);
#1662=VERTEX_POINT('',#8320);
#1663=VERTEX_POINT('',#8322);
#1664=VERTEX_POINT('',#8360);
#1665=VERTEX_POINT('',#8361);
#1666=VERTEX_POINT('',#8398);
#1667=VERTEX_POINT('',#8400);
#1668=VERTEX_POINT('',#8438);
#1669=VERTEX_POINT('',#8441);
#1670=VERTEX_POINT('',#8445);
#1671=VERTEX_POINT('',#8448);
#1672=VERTEX_POINT('',#8454);
#1673=VERTEX_POINT('',#8455);
#1674=VERTEX_POINT('',#8492);
#1675=VERTEX_POINT('',#8494);
#1676=VERTEX_POINT('',#8532);
#1677=VERTEX_POINT('',#8533);
#1678=VERTEX_POINT('',#8544);
#1679=VERTEX_POINT('',#8555);
#1680=VERTEX_POINT('',#8560);
#1681=VERTEX_POINT('',#8562);
#1682=VERTEX_POINT('',#8567);
#1683=VERTEX_POINT('',#8578);
#1684=VERTEX_POINT('',#8630);
#1685=VERTEX_POINT('',#8631);
#1686=VERTEX_POINT('',#8668);
#1687=VERTEX_POINT('',#8670);
#1688=VERTEX_POINT('',#8708);
#1689=VERTEX_POINT('',#8709);
#1690=VERTEX_POINT('',#8720);
#1691=VERTEX_POINT('',#8731);
#1692=VERTEX_POINT('',#8736);
#1693=VERTEX_POINT('',#8738);
#1694=VERTEX_POINT('',#8743);
#1695=VERTEX_POINT('',#8754);
#1696=VERTEX_POINT('',#8806);
#1697=VERTEX_POINT('',#8807);
#1698=VERTEX_POINT('',#8844);
#1699=VERTEX_POINT('',#8846);
#1700=VERTEX_POINT('',#8884);
#1701=VERTEX_POINT('',#8885);
#1702=VERTEX_POINT('',#8922);
#1703=VERTEX_POINT('',#8924);
#1704=VERTEX_POINT('',#8962);
#1705=VERTEX_POINT('',#8963);
#1706=VERTEX_POINT('',#9000);
#1707=VERTEX_POINT('',#9002);
#1708=VERTEX_POINT('',#9040);
#1709=VERTEX_POINT('',#9041);
#1710=VERTEX_POINT('',#9078);
#1711=VERTEX_POINT('',#9080);
#1712=VERTEX_POINT('',#9118);
#1713=VERTEX_POINT('',#9120);
#1714=VERTEX_POINT('',#9124);
#1715=VERTEX_POINT('',#9128);
#1716=VERTEX_POINT('',#9132);
#1717=VERTEX_POINT('',#9139);
#1718=VERTEX_POINT('',#9143);
#1719=VERTEX_POINT('',#9146);
#1720=VERTEX_POINT('',#9151);
#1721=VERTEX_POINT('',#9155);
#1722=VERTEX_POINT('',#9158);
#1723=VERTEX_POINT('',#9162);
#1724=VERTEX_POINT('',#9165);
#1725=VERTEX_POINT('',#9169);
#1726=VERTEX_POINT('',#9175);
#1727=VERTEX_POINT('',#9176);
#1728=VERTEX_POINT('',#9213);
#1729=VERTEX_POINT('',#9215);
#1730=VERTEX_POINT('',#9253);
#1731=VERTEX_POINT('',#9254);
#1732=VERTEX_POINT('',#9291);
#1733=VERTEX_POINT('',#9293);
#1734=VERTEX_POINT('',#9331);
#1735=VERTEX_POINT('',#9333);
#1736=VERTEX_POINT('',#9336);
#1737=VERTEX_POINT('',#9337);
#1738=VERTEX_POINT('',#9374);
#1739=VERTEX_POINT('',#9375);
#1740=VERTEX_POINT('',#9413);
#1741=VERTEX_POINT('',#9414);
#1742=VERTEX_POINT('',#9453);
#1743=VERTEX_POINT('',#9455);
#1744=VERTEX_POINT('',#9493);
#1745=VERTEX_POINT('',#9496);
#1746=EDGE_CURVE('',#1364,#1364,#1290,.T.);
#1747=EDGE_CURVE('',#1364,#1365,#938,.T.);
#1748=EDGE_CURVE('',#1365,#1365,#1291,.T.);
#1749=EDGE_CURVE('',#1366,#1366,#1292,.T.);
#1750=EDGE_CURVE('',#1367,#1367,#1293,.T.);
#1751=EDGE_CURVE('',#1367,#1368,#939,.T.);
#1752=EDGE_CURVE('',#1368,#1368,#1294,.T.);
#1753=EDGE_CURVE('',#1368,#1369,#1295,.T.);
#1754=EDGE_CURVE('',#1370,#1370,#1296,.T.);
#1755=EDGE_CURVE('',#1370,#1371,#1297,.T.);
#1756=EDGE_CURVE('',#1366,#1370,#940,.T.);
#1757=EDGE_CURVE('',#1372,#1373,#39,.T.);
#1758=EDGE_CURVE('',#1373,#1372,#40,.T.);
#1759=EDGE_CURVE('',#1373,#1374,#941,.T.);
#1760=EDGE_CURVE('',#1375,#1374,#41,.T.);
#1761=EDGE_CURVE('',#1374,#1375,#42,.T.);
#1762=EDGE_CURVE('',#1376,#1377,#43,.T.);
#1763=EDGE_CURVE('',#1377,#1376,#44,.T.);
#1764=EDGE_CURVE('',#1377,#1378,#942,.T.);
#1765=EDGE_CURVE('',#1379,#1378,#45,.T.);
#1766=EDGE_CURVE('',#1378,#1379,#46,.T.);
#1767=EDGE_CURVE('',#1380,#1381,#47,.T.);
#1768=EDGE_CURVE('',#1381,#1380,#48,.T.);
#1769=EDGE_CURVE('',#1381,#1382,#943,.T.);
#1770=EDGE_CURVE('',#1383,#1382,#49,.T.);
#1771=EDGE_CURVE('',#1382,#1383,#50,.T.);
#1772=EDGE_CURVE('',#1384,#1385,#51,.T.);
#1773=EDGE_CURVE('',#1386,#1384,#52,.T.);
#1774=EDGE_CURVE('',#1386,#1387,#944,.T.);
#1775=EDGE_CURVE('',#1388,#1387,#53,.T.);
#1776=EDGE_CURVE('',#1389,#1388,#54,.T.);
#1777=EDGE_CURVE('',#1387,#1389,#55,.T.);
#1778=EDGE_CURVE('',#1385,#1386,#56,.T.);
#1779=EDGE_CURVE('',#1390,#1390,#1298,.T.);
#1780=EDGE_CURVE('',#1390,#1385,#945,.T.);
#1781=EDGE_CURVE('',#1386,#1391,#946,.T.);
#1782=EDGE_CURVE('',#1391,#1391,#1299,.T.);
#1783=EDGE_CURVE('',#1392,#1392,#1300,.T.);
#1784=EDGE_CURVE('',#1393,#1393,#1301,.T.);
#1785=EDGE_CURVE('',#1393,#1389,#947,.T.);
#1786=EDGE_CURVE('',#1387,#1392,#948,.T.);
#1787=EDGE_CURVE('',#1394,#1395,#57,.T.);
#1788=EDGE_CURVE('',#1395,#1394,#58,.T.);
#1789=EDGE_CURVE('',#1395,#1396,#949,.T.);
#1790=EDGE_CURVE('',#1397,#1396,#59,.T.);
#1791=EDGE_CURVE('',#1396,#1397,#60,.T.);
#1792=EDGE_CURVE('',#1398,#1399,#61,.T.);
#1793=EDGE_CURVE('',#1400,#1398,#62,.T.);
#1794=EDGE_CURVE('',#1401,#1400,#63,.T.);
#1795=EDGE_CURVE('',#1401,#1402,#950,.T.);
#1796=EDGE_CURVE('',#1403,#1402,#64,.T.);
#1797=EDGE_CURVE('',#1404,#1403,#65,.T.);
#1798=EDGE_CURVE('',#1405,#1404,#66,.T.);
#1799=EDGE_CURVE('',#1402,#1405,#67,.T.);
#1800=EDGE_CURVE('',#1399,#1401,#68,.T.);
#1801=EDGE_CURVE('',#1406,#1407,#69,.T.);
#1802=EDGE_CURVE('',#1407,#1406,#70,.T.);
#1803=EDGE_CURVE('',#1407,#1408,#951,.T.);
#1804=EDGE_CURVE('',#1409,#1408,#71,.T.);
#1805=EDGE_CURVE('',#1408,#1409,#72,.T.);
#1806=EDGE_CURVE('',#1410,#1411,#73,.T.);
#1807=EDGE_CURVE('',#1411,#1410,#74,.T.);
#1808=EDGE_CURVE('',#1411,#1412,#952,.T.);
#1809=EDGE_CURVE('',#1413,#1412,#75,.T.);
#1810=EDGE_CURVE('',#1412,#1413,#76,.T.);
#1811=EDGE_CURVE('',#1414,#1415,#77,.T.);
#1812=EDGE_CURVE('',#1415,#1414,#78,.T.);
#1813=EDGE_CURVE('',#1415,#1416,#953,.T.);
#1814=EDGE_CURVE('',#1417,#1416,#79,.T.);
#1815=EDGE_CURVE('',#1416,#1417,#80,.T.);
#1816=EDGE_CURVE('',#1418,#1419,#81,.T.);
#1817=EDGE_CURVE('',#1420,#1418,#82,.T.);
#1818=EDGE_CURVE('',#1420,#1421,#954,.T.);
#1819=EDGE_CURVE('',#1422,#1421,#83,.T.);
#1820=EDGE_CURVE('',#1423,#1422,#84,.T.);
#1821=EDGE_CURVE('',#1421,#1423,#85,.T.);
#1822=EDGE_CURVE('',#1419,#1420,#86,.T.);
#1823=EDGE_CURVE('',#1424,#1425,#87,.T.);
#1824=EDGE_CURVE('',#1425,#1424,#88,.T.);
#1825=EDGE_CURVE('',#1425,#1426,#955,.T.);
#1826=EDGE_CURVE('',#1427,#1426,#89,.T.);
#1827=EDGE_CURVE('',#1426,#1427,#90,.T.);
#1828=EDGE_CURVE('',#1428,#1429,#91,.T.);
#1829=EDGE_CURVE('',#1429,#1428,#92,.T.);
#1830=EDGE_CURVE('',#1429,#1430,#956,.T.);
#1831=EDGE_CURVE('',#1431,#1430,#93,.T.);
#1832=EDGE_CURVE('',#1430,#1431,#94,.T.);
#1833=EDGE_CURVE('',#1432,#1432,#1302,.T.);
#1834=EDGE_CURVE('',#1432,#1420,#957,.T.);
#1835=EDGE_CURVE('',#1419,#1433,#958,.T.);
#1836=EDGE_CURVE('',#1433,#1433,#1303,.T.);
#1837=EDGE_CURVE('',#1434,#1434,#1304,.F.);
#1838=EDGE_CURVE('',#1434,#1435,#959,.T.);
#1839=EDGE_CURVE('',#1435,#1435,#1305,.F.);
#1840=EDGE_CURVE('',#1436,#1436,#1306,.T.);
#1841=EDGE_CURVE('',#1436,#1400,#960,.T.);
#1842=EDGE_CURVE('',#1399,#1437,#961,.T.);
#1843=EDGE_CURVE('',#1437,#1437,#1307,.T.);
#1844=EDGE_CURVE('',#1438,#1438,#1308,.T.);
#1845=EDGE_CURVE('',#1438,#1423,#962,.T.);
#1846=EDGE_CURVE('',#1421,#1439,#963,.T.);
#1847=EDGE_CURVE('',#1439,#1439,#1309,.T.);
#1848=EDGE_CURVE('',#1440,#1440,#1310,.T.);
#1849=EDGE_CURVE('',#1441,#1441,#1311,.T.);
#1850=EDGE_CURVE('',#1441,#1440,#964,.T.);
#1851=EDGE_CURVE('',#1442,#1442,#1312,.T.);
#1852=EDGE_CURVE('',#1443,#1443,#1313,.T.);
#1853=EDGE_CURVE('',#1443,#1405,#965,.T.);
#1854=EDGE_CURVE('',#1403,#1442,#966,.T.);
#1855=EDGE_CURVE('',#1444,#1445,#95,.T.);
#1856=EDGE_CURVE('',#1445,#1444,#96,.T.);
#1857=EDGE_CURVE('',#1445,#1446,#967,.T.);
#1858=EDGE_CURVE('',#1447,#1446,#97,.T.);
#1859=EDGE_CURVE('',#1446,#1447,#98,.T.);
#1860=EDGE_CURVE('',#1448,#1449,#99,.T.);
#1861=EDGE_CURVE('',#1450,#1448,#100,.T.);
#1862=EDGE_CURVE('',#1451,#1450,#101,.T.);
#1863=EDGE_CURVE('',#1451,#1452,#968,.T.);
#1864=EDGE_CURVE('',#1453,#1452,#102,.T.);
#1865=EDGE_CURVE('',#1454,#1453,#103,.T.);
#1866=EDGE_CURVE('',#1455,#1454,#104,.T.);
#1867=EDGE_CURVE('',#1452,#1455,#105,.T.);
#1868=EDGE_CURVE('',#1449,#1451,#106,.T.);
#1869=EDGE_CURVE('',#1456,#1457,#107,.T.);
#1870=EDGE_CURVE('',#1457,#1456,#108,.T.);
#1871=EDGE_CURVE('',#1457,#1458,#969,.T.);
#1872=EDGE_CURVE('',#1459,#1458,#109,.T.);
#1873=EDGE_CURVE('',#1458,#1459,#110,.T.);
#1874=EDGE_CURVE('',#1460,#1461,#111,.T.);
#1875=EDGE_CURVE('',#1461,#1460,#112,.T.);
#1876=EDGE_CURVE('',#1461,#1462,#970,.T.);
#1877=EDGE_CURVE('',#1463,#1462,#113,.T.);
#1878=EDGE_CURVE('',#1462,#1463,#114,.T.);
#1879=EDGE_CURVE('',#1464,#1465,#115,.T.);
#1880=EDGE_CURVE('',#1465,#1464,#116,.T.);
#1881=EDGE_CURVE('',#1465,#1466,#971,.T.);
#1882=EDGE_CURVE('',#1467,#1466,#117,.T.);
#1883=EDGE_CURVE('',#1466,#1467,#118,.T.);
#1884=EDGE_CURVE('',#1468,#1469,#119,.T.);
#1885=EDGE_CURVE('',#1470,#1468,#120,.T.);
#1886=EDGE_CURVE('',#1471,#1470,#121,.T.);
#1887=EDGE_CURVE('',#1471,#1472,#972,.T.);
#1888=EDGE_CURVE('',#1473,#1472,#122,.T.);
#1889=EDGE_CURVE('',#1474,#1473,#123,.T.);
#1890=EDGE_CURVE('',#1475,#1474,#124,.T.);
#1891=EDGE_CURVE('',#1472,#1475,#125,.T.);
#1892=EDGE_CURVE('',#1469,#1471,#126,.T.);
#1893=EDGE_CURVE('',#1476,#1477,#127,.T.);
#1894=EDGE_CURVE('',#1477,#1476,#128,.T.);
#1895=EDGE_CURVE('',#1477,#1478,#973,.T.);
#1896=EDGE_CURVE('',#1479,#1478,#129,.T.);
#1897=EDGE_CURVE('',#1478,#1479,#130,.T.);
#1898=EDGE_CURVE('',#1480,#1481,#131,.T.);
#1899=EDGE_CURVE('',#1481,#1480,#132,.T.);
#1900=EDGE_CURVE('',#1481,#1482,#974,.T.);
#1901=EDGE_CURVE('',#1483,#1482,#133,.T.);
#1902=EDGE_CURVE('',#1482,#1483,#134,.T.);
#1903=EDGE_CURVE('',#1484,#1484,#1314,.T.);
#1904=EDGE_CURVE('',#1485,#1485,#1315,.T.);
#1905=EDGE_CURVE('',#1486,#1486,#1316,.T.);
#1906=EDGE_CURVE('',#1486,#1455,#975,.T.);
#1907=EDGE_CURVE('',#1453,#1475,#976,.T.);
#1908=EDGE_CURVE('',#1473,#1484,#977,.T.);
#1909=EDGE_CURVE('',#1487,#1487,#1317,.T.);
#1910=EDGE_CURVE('',#1487,#1449,#978,.T.);
#1911=EDGE_CURVE('',#1450,#1469,#979,.T.);
#1912=EDGE_CURVE('',#1470,#1485,#980,.T.);
#1913=EDGE_CURVE('',#1488,#1489,#135,.T.);
#1914=EDGE_CURVE('',#1489,#1488,#136,.T.);
#1915=EDGE_CURVE('',#1489,#1490,#981,.T.);
#1916=EDGE_CURVE('',#1491,#1490,#137,.T.);
#1917=EDGE_CURVE('',#1490,#1491,#138,.T.);
#1918=EDGE_CURVE('',#1492,#1493,#139,.T.);
#1919=EDGE_CURVE('',#1493,#1492,#140,.T.);
#1920=EDGE_CURVE('',#1493,#1494,#982,.T.);
#1921=EDGE_CURVE('',#1495,#1494,#141,.T.);
#1922=EDGE_CURVE('',#1494,#1495,#142,.T.);
#1923=EDGE_CURVE('',#1496,#1497,#143,.T.);
#1924=EDGE_CURVE('',#1497,#1496,#144,.T.);
#1925=EDGE_CURVE('',#1497,#1498,#983,.T.);
#1926=EDGE_CURVE('',#1499,#1498,#145,.T.);
#1927=EDGE_CURVE('',#1498,#1499,#146,.T.);
#1928=EDGE_CURVE('',#1500,#1501,#147,.T.);
#1929=EDGE_CURVE('',#1501,#1500,#148,.T.);
#1930=EDGE_CURVE('',#1501,#1502,#984,.T.);
#1931=EDGE_CURVE('',#1503,#1502,#149,.T.);
#1932=EDGE_CURVE('',#1502,#1503,#150,.T.);
#1933=EDGE_CURVE('',#1504,#1505,#151,.T.);
#1934=EDGE_CURVE('',#1505,#1504,#152,.T.);
#1935=EDGE_CURVE('',#1505,#1506,#985,.T.);
#1936=EDGE_CURVE('',#1507,#1506,#153,.T.);
#1937=EDGE_CURVE('',#1506,#1507,#154,.T.);
#1938=EDGE_CURVE('',#1508,#1509,#155,.T.);
#1939=EDGE_CURVE('',#1509,#1508,#156,.T.);
#1940=EDGE_CURVE('',#1509,#1510,#986,.T.);
#1941=EDGE_CURVE('',#1511,#1510,#157,.T.);
#1942=EDGE_CURVE('',#1510,#1511,#158,.T.);
#1943=EDGE_CURVE('',#1512,#1513,#159,.T.);
#1944=EDGE_CURVE('',#1513,#1512,#160,.T.);
#1945=EDGE_CURVE('',#1513,#1514,#987,.T.);
#1946=EDGE_CURVE('',#1515,#1514,#161,.T.);
#1947=EDGE_CURVE('',#1514,#1515,#162,.T.);
#1948=EDGE_CURVE('',#1516,#1517,#163,.T.);
#1949=EDGE_CURVE('',#1517,#1516,#164,.T.);
#1950=EDGE_CURVE('',#1517,#1518,#988,.T.);
#1951=EDGE_CURVE('',#1519,#1518,#165,.T.);
#1952=EDGE_CURVE('',#1518,#1519,#166,.T.);
#1953=EDGE_CURVE('',#1520,#1521,#167,.T.);
#1954=EDGE_CURVE('',#1521,#1520,#168,.T.);
#1955=EDGE_CURVE('',#1521,#1522,#989,.T.);
#1956=EDGE_CURVE('',#1523,#1522,#169,.T.);
#1957=EDGE_CURVE('',#1522,#1523,#170,.T.);
#1958=EDGE_CURVE('',#1524,#1525,#171,.T.);
#1959=EDGE_CURVE('',#1526,#1524,#172,.T.);
#1960=EDGE_CURVE('',#1527,#1526,#173,.T.);
#1961=EDGE_CURVE('',#1527,#1528,#990,.T.);
#1962=EDGE_CURVE('',#1529,#1528,#174,.T.);
#1963=EDGE_CURVE('',#1530,#1529,#175,.T.);
#1964=EDGE_CURVE('',#1531,#1530,#176,.T.);
#1965=EDGE_CURVE('',#1528,#1531,#177,.T.);
#1966=EDGE_CURVE('',#1525,#1527,#178,.T.);
#1967=EDGE_CURVE('',#1532,#1533,#179,.T.);
#1968=EDGE_CURVE('',#1533,#1532,#180,.T.);
#1969=EDGE_CURVE('',#1533,#1534,#991,.T.);
#1970=EDGE_CURVE('',#1535,#1534,#181,.T.);
#1971=EDGE_CURVE('',#1534,#1535,#182,.T.);
#1972=EDGE_CURVE('',#1536,#1537,#183,.T.);
#1973=EDGE_CURVE('',#1538,#1536,#184,.T.);
#1974=EDGE_CURVE('',#1539,#1538,#185,.T.);
#1975=EDGE_CURVE('',#1539,#1540,#992,.T.);
#1976=EDGE_CURVE('',#1541,#1540,#186,.T.);
#1977=EDGE_CURVE('',#1542,#1541,#187,.T.);
#1978=EDGE_CURVE('',#1543,#1542,#188,.T.);
#1979=EDGE_CURVE('',#1540,#1543,#189,.T.);
#1980=EDGE_CURVE('',#1537,#1539,#190,.T.);
#1981=EDGE_CURVE('',#1544,#1545,#191,.T.);
#1982=EDGE_CURVE('',#1545,#1544,#192,.T.);
#1983=EDGE_CURVE('',#1545,#1546,#993,.T.);
#1984=EDGE_CURVE('',#1547,#1546,#193,.T.);
#1985=EDGE_CURVE('',#1546,#1547,#194,.T.);
#1986=EDGE_CURVE('',#1548,#1549,#195,.T.);
#1987=EDGE_CURVE('',#1549,#1548,#196,.T.);
#1988=EDGE_CURVE('',#1549,#1550,#994,.T.);
#1989=EDGE_CURVE('',#1551,#1550,#197,.T.);
#1990=EDGE_CURVE('',#1550,#1551,#198,.T.);
#1991=EDGE_CURVE('',#1552,#1553,#199,.T.);
#1992=EDGE_CURVE('',#1553,#1552,#200,.T.);
#1993=EDGE_CURVE('',#1553,#1554,#995,.T.);
#1994=EDGE_CURVE('',#1555,#1554,#201,.T.);
#1995=EDGE_CURVE('',#1554,#1555,#202,.T.);
#1996=EDGE_CURVE('',#1556,#1557,#203,.T.);
#1997=EDGE_CURVE('',#1557,#1556,#204,.T.);
#1998=EDGE_CURVE('',#1557,#1558,#996,.T.);
#1999=EDGE_CURVE('',#1559,#1558,#205,.T.);
#2000=EDGE_CURVE('',#1558,#1559,#206,.T.);
#2001=EDGE_CURVE('',#1560,#1560,#1318,.T.);
#2002=EDGE_CURVE('',#1561,#1561,#1319,.T.);
#2003=EDGE_CURVE('',#1561,#1537,#997,.T.);
#2004=EDGE_CURVE('',#1538,#1525,#998,.T.);
#2005=EDGE_CURVE('',#1526,#1562,#999,.T.);
#2006=EDGE_CURVE('',#1562,#1562,#1320,.T.);
#2007=EDGE_CURVE('',#1563,#1563,#1321,.T.);
#2008=EDGE_CURVE('',#1560,#1543,#1000,.T.);
#2009=EDGE_CURVE('',#1541,#1531,#1001,.T.);
#2010=EDGE_CURVE('',#1529,#1563,#1002,.T.);
#2011=EDGE_CURVE('',#1564,#1564,#1322,.T.);
#2012=EDGE_CURVE('',#1564,#1565,#1003,.T.);
#2013=EDGE_CURVE('',#1565,#1565,#1323,.T.);
#2014=EDGE_CURVE('',#1566,#1567,#207,.T.);
#2015=EDGE_CURVE('',#1567,#1566,#208,.T.);
#2016=EDGE_CURVE('',#1568,#1569,#209,.T.);
#2017=EDGE_CURVE('',#1569,#1568,#210,.T.);
#2018=EDGE_CURVE('',#1570,#1571,#211,.T.);
#2019=EDGE_CURVE('',#1571,#1570,#212,.T.);
#2020=EDGE_CURVE('',#1571,#1569,#1004,.T.);
#2021=EDGE_CURVE('',#1567,#1572,#1005,.T.);
#2022=EDGE_CURVE('',#1573,#1572,#213,.T.);
#2023=EDGE_CURVE('',#1572,#1573,#214,.T.);
#2024=EDGE_CURVE('',#1574,#1575,#1006,.T.);
#2025=EDGE_CURVE('',#1574,#1576,#1324,.T.);
#2026=EDGE_CURVE('',#1576,#1577,#1007,.T.);
#2027=EDGE_CURVE('',#1575,#1577,#1325,.T.);
#2028=EDGE_CURVE('',#1578,#1575,#1326,.T.);
#2029=EDGE_CURVE('',#1579,#1578,#1008,.T.);
#2030=EDGE_CURVE('',#1579,#1574,#1327,.T.);
#2031=EDGE_CURVE('',#1580,#1578,#1328,.T.);
#2032=EDGE_CURVE('',#1581,#1580,#1009,.T.);
#2033=EDGE_CURVE('',#1581,#1579,#1329,.T.);
#2034=EDGE_CURVE('',#1576,#1581,#1330,.T.);
#2035=EDGE_CURVE('',#1577,#1580,#1331,.T.);
#2036=EDGE_CURVE('',#1582,#1583,#1010,.T.);
#2037=EDGE_CURVE('',#1583,#1584,#1011,.T.);
#2038=EDGE_CURVE('',#1584,#1585,#1012,.T.);
#2039=EDGE_CURVE('',#1585,#1582,#1013,.T.);
#2040=EDGE_CURVE('',#1586,#1587,#1014,.T.);
#2041=EDGE_CURVE('',#1587,#1583,#1015,.T.);
#2042=EDGE_CURVE('',#1582,#1588,#1016,.T.);
#2043=EDGE_CURVE('',#1586,#1588,#1017,.T.);
#2044=EDGE_CURVE('',#1589,#1584,#1018,.T.);
#2045=EDGE_CURVE('',#1587,#1590,#1019,.T.);
#2046=EDGE_CURVE('',#1589,#1586,#1020,.T.);
#2047=EDGE_CURVE('',#1591,#1592,#1021,.T.);
#2048=EDGE_CURVE('',#1593,#1585,#1022,.T.);
#2049=EDGE_CURVE('',#1593,#1589,#1023,.T.);
#2050=EDGE_CURVE('',#1588,#1593,#1024,.T.);
#2051=EDGE_CURVE('',#1594,#1595,#1025,.T.);
#2052=EDGE_CURVE('',#1595,#1596,#1026,.T.);
#2053=EDGE_CURVE('',#1596,#1597,#1027,.T.);
#2054=EDGE_CURVE('',#1597,#1594,#1028,.T.);
#2055=EDGE_CURVE('',#1598,#1595,#1029,.T.);
#2056=EDGE_CURVE('',#1599,#1598,#1030,.T.);
#2057=EDGE_CURVE('',#1596,#1599,#1031,.T.);
#2058=EDGE_CURVE('',#1600,#1599,#1032,.T.);
#2059=EDGE_CURVE('',#1597,#1600,#1033,.T.);
#2060=EDGE_CURVE('',#1601,#1600,#1034,.T.);
#2061=EDGE_CURVE('',#1602,#1601,#1035,.T.);
#2062=EDGE_CURVE('',#1602,#1603,#1036,.T.);
#2063=EDGE_CURVE('',#1594,#1602,#1037,.T.);
#2064=EDGE_CURVE('',#1604,#1605,#1038,.T.);
#2065=EDGE_CURVE('',#1598,#1601,#1039,.T.);
#2066=EDGE_CURVE('',#1606,#1607,#1040,.T.);
#2067=EDGE_CURVE('',#1607,#1608,#1041,.T.);
#2068=EDGE_CURVE('',#1608,#1609,#1042,.T.);
#2069=EDGE_CURVE('',#1609,#1606,#1043,.T.);
#2070=EDGE_CURVE('',#1610,#1611,#1044,.T.);
#2071=EDGE_CURVE('',#1611,#1607,#1045,.T.);
#2072=EDGE_CURVE('',#1606,#1612,#1046,.T.);
#2073=EDGE_CURVE('',#1610,#1612,#1047,.T.);
#2074=EDGE_CURVE('',#1613,#1608,#1048,.T.);
#2075=EDGE_CURVE('',#1611,#1614,#1049,.T.);
#2076=EDGE_CURVE('',#1613,#1610,#1050,.T.);
#2077=EDGE_CURVE('',#1615,#1616,#1051,.T.);
#2078=EDGE_CURVE('',#1617,#1609,#1052,.T.);
#2079=EDGE_CURVE('',#1617,#1613,#1053,.T.);
#2080=EDGE_CURVE('',#1612,#1617,#1054,.T.);
#2081=EDGE_CURVE('',#1618,#1618,#1332,.T.);
#2082=EDGE_CURVE('',#1618,#1619,#1055,.T.);
#2083=EDGE_CURVE('',#1619,#1619,#1333,.T.);
#2084=EDGE_CURVE('',#1620,#1621,#215,.T.);
#2085=EDGE_CURVE('',#1621,#1620,#216,.T.);
#2086=EDGE_CURVE('',#1622,#1623,#217,.T.);
#2087=EDGE_CURVE('',#1623,#1622,#218,.T.);
#2088=EDGE_CURVE('',#1624,#1625,#219,.T.);
#2089=EDGE_CURVE('',#1625,#1624,#220,.T.);
#2090=EDGE_CURVE('',#1625,#1621,#1056,.T.);
#2091=EDGE_CURVE('',#1623,#1626,#1057,.T.);
#2092=EDGE_CURVE('',#1627,#1626,#221,.T.);
#2093=EDGE_CURVE('',#1626,#1627,#222,.T.);
#2094=EDGE_CURVE('',#1628,#1629,#1058,.T.);
#2095=EDGE_CURVE('',#1630,#1629,#1334,.T.);
#2096=EDGE_CURVE('',#1631,#1630,#1059,.T.);
#2097=EDGE_CURVE('',#1631,#1628,#1335,.T.);
#2098=EDGE_CURVE('',#1632,#1633,#1060,.T.);
#2099=EDGE_CURVE('',#1629,#1633,#1336,.T.);
#2100=EDGE_CURVE('',#1628,#1632,#1337,.T.);
#2101=EDGE_CURVE('',#1634,#1635,#1061,.T.);
#2102=EDGE_CURVE('',#1634,#1631,#1338,.T.);
#2103=EDGE_CURVE('',#1635,#1630,#1339,.T.);
#2104=EDGE_CURVE('',#1632,#1634,#1340,.T.);
#2105=EDGE_CURVE('',#1633,#1635,#1341,.T.);
#2106=EDGE_CURVE('',#1619,#1629,#1062,.T.);
#2107=EDGE_CURVE('',#1636,#1637,#1063,.T.);
#2108=EDGE_CURVE('',#1637,#1638,#1064,.T.);
#2109=EDGE_CURVE('',#1638,#1639,#1065,.T.);
#2110=EDGE_CURVE('',#1639,#1636,#1066,.T.);
#2111=EDGE_CURVE('',#1640,#1641,#1067,.T.);
#2112=EDGE_CURVE('',#1641,#1637,#1068,.T.);
#2113=EDGE_CURVE('',#1636,#1642,#1069,.T.);
#2114=EDGE_CURVE('',#1640,#1642,#1070,.T.);
#2115=EDGE_CURVE('',#1643,#1638,#1071,.T.);
#2116=EDGE_CURVE('',#1641,#1644,#1072,.T.);
#2117=EDGE_CURVE('',#1643,#1640,#1073,.T.);
#2118=EDGE_CURVE('',#1645,#1646,#1074,.T.);
#2119=EDGE_CURVE('',#1647,#1639,#1075,.T.);
#2120=EDGE_CURVE('',#1647,#1643,#1076,.T.);
#2121=EDGE_CURVE('',#1642,#1647,#1077,.T.);
#2122=EDGE_CURVE('',#1648,#1649,#223,.T.);
#2123=EDGE_CURVE('',#1649,#1648,#224,.T.);
#2124=EDGE_CURVE('',#1649,#1650,#1078,.T.);
#2125=EDGE_CURVE('',#1651,#1650,#225,.T.);
#2126=EDGE_CURVE('',#1650,#1651,#226,.T.);
#2127=EDGE_CURVE('',#1652,#1653,#227,.T.);
#2128=EDGE_CURVE('',#1654,#1652,#228,.T.);
#2129=EDGE_CURVE('',#1655,#1654,#229,.T.);
#2130=EDGE_CURVE('',#1655,#1656,#1079,.T.);
#2131=EDGE_CURVE('',#1657,#1656,#230,.T.);
#2132=EDGE_CURVE('',#1658,#1657,#231,.T.);
#2133=EDGE_CURVE('',#1659,#1658,#232,.T.);
#2134=EDGE_CURVE('',#1656,#1659,#233,.T.);
#2135=EDGE_CURVE('',#1653,#1655,#234,.T.);
#2136=EDGE_CURVE('',#1660,#1661,#235,.T.);
#2137=EDGE_CURVE('',#1661,#1660,#236,.T.);
#2138=EDGE_CURVE('',#1661,#1662,#1080,.T.);
#2139=EDGE_CURVE('',#1663,#1662,#237,.T.);
#2140=EDGE_CURVE('',#1662,#1663,#238,.T.);
#2141=EDGE_CURVE('',#1664,#1665,#239,.T.);
#2142=EDGE_CURVE('',#1665,#1664,#240,.T.);
#2143=EDGE_CURVE('',#1665,#1666,#1081,.T.);
#2144=EDGE_CURVE('',#1667,#1666,#241,.T.);
#2145=EDGE_CURVE('',#1666,#1667,#242,.T.);
#2146=EDGE_CURVE('',#1668,#1668,#1342,.T.);
#2147=EDGE_CURVE('',#1668,#1653,#1082,.T.);
#2148=EDGE_CURVE('',#1654,#1669,#1083,.T.);
#2149=EDGE_CURVE('',#1669,#1669,#1343,.T.);
#2150=EDGE_CURVE('',#1670,#1670,#1344,.T.);
#2151=EDGE_CURVE('',#1671,#1671,#1345,.T.);
#2152=EDGE_CURVE('',#1671,#1659,#1084,.T.);
#2153=EDGE_CURVE('',#1657,#1670,#1085,.T.);
#2154=EDGE_CURVE('',#1672,#1673,#243,.T.);
#2155=EDGE_CURVE('',#1673,#1672,#244,.T.);
#2156=EDGE_CURVE('',#1673,#1674,#1086,.T.);
#2157=EDGE_CURVE('',#1675,#1674,#245,.T.);
#2158=EDGE_CURVE('',#1674,#1675,#246,.T.);
#2159=EDGE_CURVE('',#1676,#1677,#247,.T.);
#2160=EDGE_CURVE('',#1678,#1676,#248,.T.);
#2161=EDGE_CURVE('',#1679,#1678,#249,.T.);
#2162=EDGE_CURVE('',#1679,#1680,#1087,.T.);
#2163=EDGE_CURVE('',#1681,#1680,#250,.T.);
#2164=EDGE_CURVE('',#1682,#1681,#251,.T.);
#2165=EDGE_CURVE('',#1683,#1682,#252,.T.);
#2166=EDGE_CURVE('',#1680,#1683,#253,.T.);
#2167=EDGE_CURVE('',#1677,#1679,#254,.T.);
#2168=EDGE_CURVE('',#1684,#1685,#255,.T.);
#2169=EDGE_CURVE('',#1685,#1684,#256,.T.);
#2170=EDGE_CURVE('',#1685,#1686,#1088,.T.);
#2171=EDGE_CURVE('',#1687,#1686,#257,.T.);
#2172=EDGE_CURVE('',#1686,#1687,#258,.T.);
#2173=EDGE_CURVE('',#1688,#1689,#259,.T.);
#2174=EDGE_CURVE('',#1690,#1688,#260,.T.);
#2175=EDGE_CURVE('',#1691,#1690,#261,.T.);
#2176=EDGE_CURVE('',#1691,#1692,#1089,.T.);
#2177=EDGE_CURVE('',#1693,#1692,#262,.T.);
#2178=EDGE_CURVE('',#1694,#1693,#263,.T.);
#2179=EDGE_CURVE('',#1695,#1694,#264,.T.);
#2180=EDGE_CURVE('',#1692,#1695,#265,.T.);
#2181=EDGE_CURVE('',#1689,#1691,#266,.T.);
#2182=EDGE_CURVE('',#1696,#1697,#267,.T.);
#2183=EDGE_CURVE('',#1697,#1696,#268,.T.);
#2184=EDGE_CURVE('',#1697,#1698,#1090,.T.);
#2185=EDGE_CURVE('',#1699,#1698,#269,.T.);
#2186=EDGE_CURVE('',#1698,#1699,#270,.T.);
#2187=EDGE_CURVE('',#1700,#1701,#271,.T.);
#2188=EDGE_CURVE('',#1701,#1700,#272,.T.);
#2189=EDGE_CURVE('',#1701,#1702,#1091,.T.);
#2190=EDGE_CURVE('',#1703,#1702,#273,.T.);
#2191=EDGE_CURVE('',#1702,#1703,#274,.T.);
#2192=EDGE_CURVE('',#1704,#1705,#275,.T.);
#2193=EDGE_CURVE('',#1705,#1704,#276,.T.);
#2194=EDGE_CURVE('',#1705,#1706,#1092,.T.);
#2195=EDGE_CURVE('',#1707,#1706,#277,.T.);
#2196=EDGE_CURVE('',#1706,#1707,#278,.T.);
#2197=EDGE_CURVE('',#1708,#1709,#279,.T.);
#2198=EDGE_CURVE('',#1709,#1708,#280,.T.);
#2199=EDGE_CURVE('',#1709,#1710,#1093,.T.);
#2200=EDGE_CURVE('',#1711,#1710,#281,.T.);
#2201=EDGE_CURVE('',#1710,#1711,#282,.T.);
#2202=EDGE_CURVE('',#1712,#1712,#1346,.T.);
#2203=EDGE_CURVE('',#1712,#1713,#1094,.T.);
#2204=EDGE_CURVE('',#1713,#1713,#1347,.T.);
#2205=EDGE_CURVE('',#1714,#1714,#1348,.T.);
#2206=EDGE_CURVE('',#1714,#1712,#1095,.T.);
#2207=EDGE_CURVE('',#1715,#1715,#1349,.F.);
#2208=EDGE_CURVE('',#1715,#1678,#1096,.T.);
#2209=EDGE_CURVE('',#1677,#1716,#1097,.T.);
#2210=EDGE_CURVE('',#1716,#1716,#1350,.T.);
#2211=EDGE_CURVE('',#1714,#1716,#1098,.T.);
#2212=EDGE_CURVE('',#1713,#1690,#1099,.T.);
#2213=EDGE_CURVE('',#1689,#1717,#1100,.T.);
#2214=EDGE_CURVE('',#1717,#1717,#1351,.T.);
#2215=EDGE_CURVE('',#1718,#1718,#1352,.T.);
#2216=EDGE_CURVE('',#1719,#1719,#1353,.T.);
#2217=EDGE_CURVE('',#1719,#1683,#1101,.T.);
#2218=EDGE_CURVE('',#1681,#1718,#1102,.T.);
#2219=EDGE_CURVE('',#1719,#1720,#1103,.T.);
#2220=EDGE_CURVE('',#1720,#1720,#1354,.T.);
#2221=EDGE_CURVE('',#1721,#1721,#1355,.T.);
#2222=EDGE_CURVE('',#1722,#1722,#1356,.T.);
#2223=EDGE_CURVE('',#1722,#1721,#1104,.T.);
#2224=EDGE_CURVE('',#1723,#1723,#1357,.T.);
#2225=EDGE_CURVE('',#1724,#1724,#1358,.T.);
#2226=EDGE_CURVE('',#1724,#1723,#1105,.T.);
#2227=EDGE_CURVE('',#1725,#1725,#1359,.T.);
#2228=EDGE_CURVE('',#1725,#1695,#1106,.T.);
#2229=EDGE_CURVE('',#1693,#1724,#1107,.T.);
#2230=EDGE_CURVE('',#1726,#1727,#283,.T.);
#2231=EDGE_CURVE('',#1727,#1726,#284,.T.);
#2232=EDGE_CURVE('',#1727,#1728,#1108,.T.);
#2233=EDGE_CURVE('',#1729,#1728,#285,.T.);
#2234=EDGE_CURVE('',#1728,#1729,#286,.T.);
#2235=EDGE_CURVE('',#1730,#1731,#287,.T.);
#2236=EDGE_CURVE('',#1731,#1730,#288,.T.);
#2237=EDGE_CURVE('',#1731,#1732,#1109,.T.);
#2238=EDGE_CURVE('',#1733,#1732,#289,.T.);
#2239=EDGE_CURVE('',#1732,#1733,#290,.T.);
#2240=EDGE_CURVE('',#1734,#1734,#1360,.T.);
#2241=EDGE_CURVE('',#1734,#1735,#1110,.T.);
#2242=EDGE_CURVE('',#1735,#1735,#1361,.T.);
#2243=EDGE_CURVE('',#1736,#1737,#291,.T.);
#2244=EDGE_CURVE('',#1737,#1736,#292,.T.);
#2245=EDGE_CURVE('',#1738,#1739,#293,.T.);
#2246=EDGE_CURVE('',#1739,#1738,#294,.T.);
#2247=EDGE_CURVE('',#1740,#1741,#295,.T.);
#2248=EDGE_CURVE('',#1741,#1740,#296,.T.);
#2249=EDGE_CURVE('',#1741,#1739,#1111,.T.);
#2250=EDGE_CURVE('',#1737,#1742,#1112,.T.);
#2251=EDGE_CURVE('',#1743,#1742,#297,.T.);
#2252=EDGE_CURVE('',#1742,#1743,#298,.T.);
#2253=EDGE_CURVE('',#1744,#1744,#1362,.T.);
#2254=EDGE_CURVE('',#1745,#1745,#1363,.T.);
#2255=EDGE_CURVE('',#1745,#1744,#1113,.T.);
#2256=ORIENTED_EDGE('',*,*,#1746,.T.);
#2257=ORIENTED_EDGE('',*,*,#1747,.T.);
#2258=ORIENTED_EDGE('',*,*,#1748,.F.);
#2259=ORIENTED_EDGE('',*,*,#1747,.F.);
#2260=ORIENTED_EDGE('',*,*,#1749,.T.);
#2261=ORIENTED_EDGE('',*,*,#1746,.F.);
#2262=ORIENTED_EDGE('',*,*,#1748,.T.);
#2263=ORIENTED_EDGE('',*,*,#1750,.F.);
#2264=ORIENTED_EDGE('',*,*,#1750,.T.);
#2265=ORIENTED_EDGE('',*,*,#1751,.T.);
#2266=ORIENTED_EDGE('',*,*,#1752,.F.);
#2267=ORIENTED_EDGE('',*,*,#1751,.F.);
#2268=ORIENTED_EDGE('',*,*,#1752,.T.);
#2269=ORIENTED_EDGE('',*,*,#1753,.T.);
#2270=ORIENTED_EDGE('',*,*,#1753,.F.);
#2271=ORIENTED_EDGE('',*,*,#1754,.F.);
#2272=ORIENTED_EDGE('',*,*,#1755,.T.);
#2273=ORIENTED_EDGE('',*,*,#1755,.F.);
#2274=ORIENTED_EDGE('',*,*,#1749,.F.);
#2275=ORIENTED_EDGE('',*,*,#1756,.T.);
#2276=ORIENTED_EDGE('',*,*,#1754,.T.);
#2277=ORIENTED_EDGE('',*,*,#1756,.F.);
#2278=ORIENTED_EDGE('',*,*,#1757,.F.);
#2279=ORIENTED_EDGE('',*,*,#1758,.F.);
#2280=ORIENTED_EDGE('',*,*,#1759,.T.);
#2281=ORIENTED_EDGE('',*,*,#1760,.F.);
#2282=ORIENTED_EDGE('',*,*,#1761,.F.);
#2283=ORIENTED_EDGE('',*,*,#1759,.F.);
#2284=ORIENTED_EDGE('',*,*,#1762,.F.);
#2285=ORIENTED_EDGE('',*,*,#1763,.F.);
#2286=ORIENTED_EDGE('',*,*,#1764,.T.);
#2287=ORIENTED_EDGE('',*,*,#1765,.F.);
#2288=ORIENTED_EDGE('',*,*,#1766,.F.);
#2289=ORIENTED_EDGE('',*,*,#1764,.F.);
#2290=ORIENTED_EDGE('',*,*,#1767,.F.);
#2291=ORIENTED_EDGE('',*,*,#1768,.F.);
#2292=ORIENTED_EDGE('',*,*,#1769,.T.);
#2293=ORIENTED_EDGE('',*,*,#1770,.F.);
#2294=ORIENTED_EDGE('',*,*,#1771,.F.);
#2295=ORIENTED_EDGE('',*,*,#1769,.F.);
#2296=ORIENTED_EDGE('',*,*,#1772,.F.);
#2297=ORIENTED_EDGE('',*,*,#1773,.F.);
#2298=ORIENTED_EDGE('',*,*,#1774,.T.);
#2299=ORIENTED_EDGE('',*,*,#1775,.F.);
#2300=ORIENTED_EDGE('',*,*,#1776,.F.);
#2301=ORIENTED_EDGE('',*,*,#1777,.F.);
#2302=ORIENTED_EDGE('',*,*,#1774,.F.);
#2303=ORIENTED_EDGE('',*,*,#1778,.F.);
#2304=ORIENTED_EDGE('',*,*,#1779,.T.);
#2305=ORIENTED_EDGE('',*,*,#1780,.T.);
#2306=ORIENTED_EDGE('',*,*,#1778,.T.);
#2307=ORIENTED_EDGE('',*,*,#1781,.T.);
#2308=ORIENTED_EDGE('',*,*,#1782,.F.);
#2309=ORIENTED_EDGE('',*,*,#1781,.F.);
#2310=ORIENTED_EDGE('',*,*,#1773,.T.);
#2311=ORIENTED_EDGE('',*,*,#1772,.T.);
#2312=ORIENTED_EDGE('',*,*,#1780,.F.);
#2313=ORIENTED_EDGE('',*,*,#1762,.T.);
#2314=ORIENTED_EDGE('',*,*,#1763,.T.);
#2315=ORIENTED_EDGE('',*,*,#1760,.T.);
#2316=ORIENTED_EDGE('',*,*,#1761,.T.);
#2317=ORIENTED_EDGE('',*,*,#1770,.T.);
#2318=ORIENTED_EDGE('',*,*,#1771,.T.);
#2319=ORIENTED_EDGE('',*,*,#1783,.F.);
#2320=ORIENTED_EDGE('',*,*,#1782,.T.);
#2321=ORIENTED_EDGE('',*,*,#1784,.F.);
#2322=ORIENTED_EDGE('',*,*,#1785,.T.);
#2323=ORIENTED_EDGE('',*,*,#1776,.T.);
#2324=ORIENTED_EDGE('',*,*,#1775,.T.);
#2325=ORIENTED_EDGE('',*,*,#1786,.T.);
#2326=ORIENTED_EDGE('',*,*,#1783,.T.);
#2327=ORIENTED_EDGE('',*,*,#1786,.F.);
#2328=ORIENTED_EDGE('',*,*,#1777,.T.);
#2329=ORIENTED_EDGE('',*,*,#1785,.F.);
#2330=ORIENTED_EDGE('',*,*,#1765,.T.);
#2331=ORIENTED_EDGE('',*,*,#1766,.T.);
#2332=ORIENTED_EDGE('',*,*,#1757,.T.);
#2333=ORIENTED_EDGE('',*,*,#1758,.T.);
#2334=ORIENTED_EDGE('',*,*,#1767,.T.);
#2335=ORIENTED_EDGE('',*,*,#1768,.T.);
#2336=ORIENTED_EDGE('',*,*,#1784,.T.);
#2337=ORIENTED_EDGE('',*,*,#1779,.F.);
#2338=ORIENTED_EDGE('',*,*,#1787,.F.);
#2339=ORIENTED_EDGE('',*,*,#1788,.F.);
#2340=ORIENTED_EDGE('',*,*,#1789,.T.);
#2341=ORIENTED_EDGE('',*,*,#1790,.F.);
#2342=ORIENTED_EDGE('',*,*,#1791,.F.);
#2343=ORIENTED_EDGE('',*,*,#1789,.F.);
#2344=ORIENTED_EDGE('',*,*,#1792,.F.);
#2345=ORIENTED_EDGE('',*,*,#1793,.F.);
#2346=ORIENTED_EDGE('',*,*,#1794,.F.);
#2347=ORIENTED_EDGE('',*,*,#1795,.T.);
#2348=ORIENTED_EDGE('',*,*,#1796,.F.);
#2349=ORIENTED_EDGE('',*,*,#1797,.F.);
#2350=ORIENTED_EDGE('',*,*,#1798,.F.);
#2351=ORIENTED_EDGE('',*,*,#1799,.F.);
#2352=ORIENTED_EDGE('',*,*,#1795,.F.);
#2353=ORIENTED_EDGE('',*,*,#1800,.F.);
#2354=ORIENTED_EDGE('',*,*,#1801,.F.);
#2355=ORIENTED_EDGE('',*,*,#1802,.F.);
#2356=ORIENTED_EDGE('',*,*,#1803,.T.);
#2357=ORIENTED_EDGE('',*,*,#1804,.F.);
#2358=ORIENTED_EDGE('',*,*,#1805,.F.);
#2359=ORIENTED_EDGE('',*,*,#1803,.F.);
#2360=ORIENTED_EDGE('',*,*,#1806,.F.);
#2361=ORIENTED_EDGE('',*,*,#1807,.F.);
#2362=ORIENTED_EDGE('',*,*,#1808,.T.);
#2363=ORIENTED_EDGE('',*,*,#1809,.F.);
#2364=ORIENTED_EDGE('',*,*,#1810,.F.);
#2365=ORIENTED_EDGE('',*,*,#1808,.F.);
#2366=ORIENTED_EDGE('',*,*,#1811,.F.);
#2367=ORIENTED_EDGE('',*,*,#1812,.F.);
#2368=ORIENTED_EDGE('',*,*,#1813,.T.);
#2369=ORIENTED_EDGE('',*,*,#1814,.F.);
#2370=ORIENTED_EDGE('',*,*,#1815,.F.);
#2371=ORIENTED_EDGE('',*,*,#1813,.F.);
#2372=ORIENTED_EDGE('',*,*,#1816,.F.);
#2373=ORIENTED_EDGE('',*,*,#1817,.F.);
#2374=ORIENTED_EDGE('',*,*,#1818,.T.);
#2375=ORIENTED_EDGE('',*,*,#1819,.F.);
#2376=ORIENTED_EDGE('',*,*,#1820,.F.);
#2377=ORIENTED_EDGE('',*,*,#1821,.F.);
#2378=ORIENTED_EDGE('',*,*,#1818,.F.);
#2379=ORIENTED_EDGE('',*,*,#1822,.F.);
#2380=ORIENTED_EDGE('',*,*,#1823,.F.);
#2381=ORIENTED_EDGE('',*,*,#1824,.F.);
#2382=ORIENTED_EDGE('',*,*,#1825,.T.);
#2383=ORIENTED_EDGE('',*,*,#1826,.F.);
#2384=ORIENTED_EDGE('',*,*,#1827,.F.);
#2385=ORIENTED_EDGE('',*,*,#1825,.F.);
#2386=ORIENTED_EDGE('',*,*,#1828,.F.);
#2387=ORIENTED_EDGE('',*,*,#1829,.F.);
#2388=ORIENTED_EDGE('',*,*,#1830,.T.);
#2389=ORIENTED_EDGE('',*,*,#1831,.F.);
#2390=ORIENTED_EDGE('',*,*,#1832,.F.);
#2391=ORIENTED_EDGE('',*,*,#1830,.F.);
#2392=ORIENTED_EDGE('',*,*,#1833,.F.);
#2393=ORIENTED_EDGE('',*,*,#1834,.T.);
#2394=ORIENTED_EDGE('',*,*,#1817,.T.);
#2395=ORIENTED_EDGE('',*,*,#1816,.T.);
#2396=ORIENTED_EDGE('',*,*,#1835,.T.);
#2397=ORIENTED_EDGE('',*,*,#1836,.T.);
#2398=ORIENTED_EDGE('',*,*,#1835,.F.);
#2399=ORIENTED_EDGE('',*,*,#1822,.T.);
#2400=ORIENTED_EDGE('',*,*,#1834,.F.);
#2401=ORIENTED_EDGE('',*,*,#1814,.T.);
#2402=ORIENTED_EDGE('',*,*,#1815,.T.);
#2403=ORIENTED_EDGE('',*,*,#1828,.T.);
#2404=ORIENTED_EDGE('',*,*,#1829,.T.);
#2405=ORIENTED_EDGE('',*,*,#1826,.T.);
#2406=ORIENTED_EDGE('',*,*,#1827,.T.);
#2407=ORIENTED_EDGE('',*,*,#1837,.T.);
#2408=ORIENTED_EDGE('',*,*,#1836,.F.);
#2409=ORIENTED_EDGE('',*,*,#1837,.F.);
#2410=ORIENTED_EDGE('',*,*,#1838,.T.);
#2411=ORIENTED_EDGE('',*,*,#1839,.T.);
#2412=ORIENTED_EDGE('',*,*,#1838,.F.);
#2413=ORIENTED_EDGE('',*,*,#1839,.F.);
#2414=ORIENTED_EDGE('',*,*,#1840,.T.);
#2415=ORIENTED_EDGE('',*,*,#1840,.F.);
#2416=ORIENTED_EDGE('',*,*,#1841,.T.);
#2417=ORIENTED_EDGE('',*,*,#1793,.T.);
#2418=ORIENTED_EDGE('',*,*,#1792,.T.);
#2419=ORIENTED_EDGE('',*,*,#1842,.T.);
#2420=ORIENTED_EDGE('',*,*,#1843,.F.);
#2421=ORIENTED_EDGE('',*,*,#1842,.F.);
#2422=ORIENTED_EDGE('',*,*,#1800,.T.);
#2423=ORIENTED_EDGE('',*,*,#1794,.T.);
#2424=ORIENTED_EDGE('',*,*,#1841,.F.);
#2425=ORIENTED_EDGE('',*,*,#1790,.T.);
#2426=ORIENTED_EDGE('',*,*,#1791,.T.);
#2427=ORIENTED_EDGE('',*,*,#1806,.T.);
#2428=ORIENTED_EDGE('',*,*,#1807,.T.);
#2429=ORIENTED_EDGE('',*,*,#1804,.T.);
#2430=ORIENTED_EDGE('',*,*,#1805,.T.);
#2431=ORIENTED_EDGE('',*,*,#1833,.T.);
#2432=ORIENTED_EDGE('',*,*,#1844,.F.);
#2433=ORIENTED_EDGE('',*,*,#1845,.T.);
#2434=ORIENTED_EDGE('',*,*,#1820,.T.);
#2435=ORIENTED_EDGE('',*,*,#1819,.T.);
#2436=ORIENTED_EDGE('',*,*,#1846,.T.);
#2437=ORIENTED_EDGE('',*,*,#1847,.T.);
#2438=ORIENTED_EDGE('',*,*,#1846,.F.);
#2439=ORIENTED_EDGE('',*,*,#1821,.T.);
#2440=ORIENTED_EDGE('',*,*,#1845,.F.);
#2441=ORIENTED_EDGE('',*,*,#1811,.T.);
#2442=ORIENTED_EDGE('',*,*,#1812,.T.);
#2443=ORIENTED_EDGE('',*,*,#1831,.T.);
#2444=ORIENTED_EDGE('',*,*,#1832,.T.);
#2445=ORIENTED_EDGE('',*,*,#1823,.T.);
#2446=ORIENTED_EDGE('',*,*,#1824,.T.);
#2447=ORIENTED_EDGE('',*,*,#1848,.F.);
#2448=ORIENTED_EDGE('',*,*,#1844,.T.);
#2449=ORIENTED_EDGE('',*,*,#1849,.F.);
#2450=ORIENTED_EDGE('',*,*,#1850,.T.);
#2451=ORIENTED_EDGE('',*,*,#1848,.T.);
#2452=ORIENTED_EDGE('',*,*,#1850,.F.);
#2453=ORIENTED_EDGE('',*,*,#1849,.T.);
#2454=ORIENTED_EDGE('',*,*,#1851,.F.);
#2455=ORIENTED_EDGE('',*,*,#1852,.F.);
#2456=ORIENTED_EDGE('',*,*,#1853,.T.);
#2457=ORIENTED_EDGE('',*,*,#1798,.T.);
#2458=ORIENTED_EDGE('',*,*,#1797,.T.);
#2459=ORIENTED_EDGE('',*,*,#1854,.T.);
#2460=ORIENTED_EDGE('',*,*,#1851,.T.);
#2461=ORIENTED_EDGE('',*,*,#1854,.F.);
#2462=ORIENTED_EDGE('',*,*,#1796,.T.);
#2463=ORIENTED_EDGE('',*,*,#1799,.T.);
#2464=ORIENTED_EDGE('',*,*,#1853,.F.);
#2465=ORIENTED_EDGE('',*,*,#1787,.T.);
#2466=ORIENTED_EDGE('',*,*,#1788,.T.);
#2467=ORIENTED_EDGE('',*,*,#1809,.T.);
#2468=ORIENTED_EDGE('',*,*,#1810,.T.);
#2469=ORIENTED_EDGE('',*,*,#1801,.T.);
#2470=ORIENTED_EDGE('',*,*,#1802,.T.);
#2471=ORIENTED_EDGE('',*,*,#1852,.T.);
#2472=ORIENTED_EDGE('',*,*,#1843,.T.);
#2473=ORIENTED_EDGE('',*,*,#1847,.F.);
#2474=ORIENTED_EDGE('',*,*,#1855,.F.);
#2475=ORIENTED_EDGE('',*,*,#1856,.F.);
#2476=ORIENTED_EDGE('',*,*,#1857,.T.);
#2477=ORIENTED_EDGE('',*,*,#1858,.F.);
#2478=ORIENTED_EDGE('',*,*,#1859,.F.);
#2479=ORIENTED_EDGE('',*,*,#1857,.F.);
#2480=ORIENTED_EDGE('',*,*,#1860,.F.);
#2481=ORIENTED_EDGE('',*,*,#1861,.F.);
#2482=ORIENTED_EDGE('',*,*,#1862,.F.);
#2483=ORIENTED_EDGE('',*,*,#1863,.T.);
#2484=ORIENTED_EDGE('',*,*,#1864,.F.);
#2485=ORIENTED_EDGE('',*,*,#1865,.F.);
#2486=ORIENTED_EDGE('',*,*,#1866,.F.);
#2487=ORIENTED_EDGE('',*,*,#1867,.F.);
#2488=ORIENTED_EDGE('',*,*,#1863,.F.);
#2489=ORIENTED_EDGE('',*,*,#1868,.F.);
#2490=ORIENTED_EDGE('',*,*,#1869,.F.);
#2491=ORIENTED_EDGE('',*,*,#1870,.F.);
#2492=ORIENTED_EDGE('',*,*,#1871,.T.);
#2493=ORIENTED_EDGE('',*,*,#1872,.F.);
#2494=ORIENTED_EDGE('',*,*,#1873,.F.);
#2495=ORIENTED_EDGE('',*,*,#1871,.F.);
#2496=ORIENTED_EDGE('',*,*,#1874,.F.);
#2497=ORIENTED_EDGE('',*,*,#1875,.F.);
#2498=ORIENTED_EDGE('',*,*,#1876,.T.);
#2499=ORIENTED_EDGE('',*,*,#1877,.F.);
#2500=ORIENTED_EDGE('',*,*,#1878,.F.);
#2501=ORIENTED_EDGE('',*,*,#1876,.F.);
#2502=ORIENTED_EDGE('',*,*,#1879,.F.);
#2503=ORIENTED_EDGE('',*,*,#1880,.F.);
#2504=ORIENTED_EDGE('',*,*,#1881,.T.);
#2505=ORIENTED_EDGE('',*,*,#1882,.F.);
#2506=ORIENTED_EDGE('',*,*,#1883,.F.);
#2507=ORIENTED_EDGE('',*,*,#1881,.F.);
#2508=ORIENTED_EDGE('',*,*,#1884,.F.);
#2509=ORIENTED_EDGE('',*,*,#1885,.F.);
#2510=ORIENTED_EDGE('',*,*,#1886,.F.);
#2511=ORIENTED_EDGE('',*,*,#1887,.T.);
#2512=ORIENTED_EDGE('',*,*,#1888,.F.);
#2513=ORIENTED_EDGE('',*,*,#1889,.F.);
#2514=ORIENTED_EDGE('',*,*,#1890,.F.);
#2515=ORIENTED_EDGE('',*,*,#1891,.F.);
#2516=ORIENTED_EDGE('',*,*,#1887,.F.);
#2517=ORIENTED_EDGE('',*,*,#1892,.F.);
#2518=ORIENTED_EDGE('',*,*,#1893,.F.);
#2519=ORIENTED_EDGE('',*,*,#1894,.F.);
#2520=ORIENTED_EDGE('',*,*,#1895,.T.);
#2521=ORIENTED_EDGE('',*,*,#1896,.F.);
#2522=ORIENTED_EDGE('',*,*,#1897,.F.);
#2523=ORIENTED_EDGE('',*,*,#1895,.F.);
#2524=ORIENTED_EDGE('',*,*,#1898,.F.);
#2525=ORIENTED_EDGE('',*,*,#1899,.F.);
#2526=ORIENTED_EDGE('',*,*,#1900,.T.);
#2527=ORIENTED_EDGE('',*,*,#1901,.F.);
#2528=ORIENTED_EDGE('',*,*,#1902,.F.);
#2529=ORIENTED_EDGE('',*,*,#1900,.F.);
#2530=ORIENTED_EDGE('',*,*,#1903,.F.);
#2531=ORIENTED_EDGE('',*,*,#1904,.T.);
#2532=ORIENTED_EDGE('',*,*,#1905,.F.);
#2533=ORIENTED_EDGE('',*,*,#1906,.T.);
#2534=ORIENTED_EDGE('',*,*,#1866,.T.);
#2535=ORIENTED_EDGE('',*,*,#1865,.T.);
#2536=ORIENTED_EDGE('',*,*,#1907,.T.);
#2537=ORIENTED_EDGE('',*,*,#1890,.T.);
#2538=ORIENTED_EDGE('',*,*,#1889,.T.);
#2539=ORIENTED_EDGE('',*,*,#1908,.T.);
#2540=ORIENTED_EDGE('',*,*,#1903,.T.);
#2541=ORIENTED_EDGE('',*,*,#1908,.F.);
#2542=ORIENTED_EDGE('',*,*,#1888,.T.);
#2543=ORIENTED_EDGE('',*,*,#1891,.T.);
#2544=ORIENTED_EDGE('',*,*,#1907,.F.);
#2545=ORIENTED_EDGE('',*,*,#1864,.T.);
#2546=ORIENTED_EDGE('',*,*,#1867,.T.);
#2547=ORIENTED_EDGE('',*,*,#1906,.F.);
#2548=ORIENTED_EDGE('',*,*,#1855,.T.);
#2549=ORIENTED_EDGE('',*,*,#1856,.T.);
#2550=ORIENTED_EDGE('',*,*,#1877,.T.);
#2551=ORIENTED_EDGE('',*,*,#1878,.T.);
#2552=ORIENTED_EDGE('',*,*,#1869,.T.);
#2553=ORIENTED_EDGE('',*,*,#1870,.T.);
#2554=ORIENTED_EDGE('',*,*,#1879,.T.);
#2555=ORIENTED_EDGE('',*,*,#1880,.T.);
#2556=ORIENTED_EDGE('',*,*,#1901,.T.);
#2557=ORIENTED_EDGE('',*,*,#1902,.T.);
#2558=ORIENTED_EDGE('',*,*,#1893,.T.);
#2559=ORIENTED_EDGE('',*,*,#1894,.T.);
#2560=ORIENTED_EDGE('',*,*,#1905,.T.);
#2561=ORIENTED_EDGE('',*,*,#1909,.F.);
#2562=ORIENTED_EDGE('',*,*,#1909,.T.);
#2563=ORIENTED_EDGE('',*,*,#1910,.T.);
#2564=ORIENTED_EDGE('',*,*,#1868,.T.);
#2565=ORIENTED_EDGE('',*,*,#1862,.T.);
#2566=ORIENTED_EDGE('',*,*,#1911,.T.);
#2567=ORIENTED_EDGE('',*,*,#1892,.T.);
#2568=ORIENTED_EDGE('',*,*,#1886,.T.);
#2569=ORIENTED_EDGE('',*,*,#1912,.T.);
#2570=ORIENTED_EDGE('',*,*,#1904,.F.);
#2571=ORIENTED_EDGE('',*,*,#1912,.F.);
#2572=ORIENTED_EDGE('',*,*,#1885,.T.);
#2573=ORIENTED_EDGE('',*,*,#1884,.T.);
#2574=ORIENTED_EDGE('',*,*,#1911,.F.);
#2575=ORIENTED_EDGE('',*,*,#1861,.T.);
#2576=ORIENTED_EDGE('',*,*,#1860,.T.);
#2577=ORIENTED_EDGE('',*,*,#1910,.F.);
#2578=ORIENTED_EDGE('',*,*,#1858,.T.);
#2579=ORIENTED_EDGE('',*,*,#1859,.T.);
#2580=ORIENTED_EDGE('',*,*,#1874,.T.);
#2581=ORIENTED_EDGE('',*,*,#1875,.T.);
#2582=ORIENTED_EDGE('',*,*,#1872,.T.);
#2583=ORIENTED_EDGE('',*,*,#1873,.T.);
#2584=ORIENTED_EDGE('',*,*,#1882,.T.);
#2585=ORIENTED_EDGE('',*,*,#1883,.T.);
#2586=ORIENTED_EDGE('',*,*,#1898,.T.);
#2587=ORIENTED_EDGE('',*,*,#1899,.T.);
#2588=ORIENTED_EDGE('',*,*,#1896,.T.);
#2589=ORIENTED_EDGE('',*,*,#1897,.T.);
#2590=ORIENTED_EDGE('',*,*,#1913,.F.);
#2591=ORIENTED_EDGE('',*,*,#1914,.F.);
#2592=ORIENTED_EDGE('',*,*,#1915,.T.);
#2593=ORIENTED_EDGE('',*,*,#1916,.F.);
#2594=ORIENTED_EDGE('',*,*,#1917,.F.);
#2595=ORIENTED_EDGE('',*,*,#1915,.F.);
#2596=ORIENTED_EDGE('',*,*,#1918,.F.);
#2597=ORIENTED_EDGE('',*,*,#1919,.F.);
#2598=ORIENTED_EDGE('',*,*,#1920,.T.);
#2599=ORIENTED_EDGE('',*,*,#1921,.F.);
#2600=ORIENTED_EDGE('',*,*,#1922,.F.);
#2601=ORIENTED_EDGE('',*,*,#1920,.F.);
#2602=ORIENTED_EDGE('',*,*,#1923,.F.);
#2603=ORIENTED_EDGE('',*,*,#1924,.F.);
#2604=ORIENTED_EDGE('',*,*,#1925,.T.);
#2605=ORIENTED_EDGE('',*,*,#1926,.F.);
#2606=ORIENTED_EDGE('',*,*,#1927,.F.);
#2607=ORIENTED_EDGE('',*,*,#1925,.F.);
#2608=ORIENTED_EDGE('',*,*,#1928,.F.);
#2609=ORIENTED_EDGE('',*,*,#1929,.F.);
#2610=ORIENTED_EDGE('',*,*,#1930,.T.);
#2611=ORIENTED_EDGE('',*,*,#1931,.F.);
#2612=ORIENTED_EDGE('',*,*,#1932,.F.);
#2613=ORIENTED_EDGE('',*,*,#1930,.F.);
#2614=ORIENTED_EDGE('',*,*,#1933,.F.);
#2615=ORIENTED_EDGE('',*,*,#1934,.F.);
#2616=ORIENTED_EDGE('',*,*,#1935,.T.);
#2617=ORIENTED_EDGE('',*,*,#1936,.F.);
#2618=ORIENTED_EDGE('',*,*,#1937,.F.);
#2619=ORIENTED_EDGE('',*,*,#1935,.F.);
#2620=ORIENTED_EDGE('',*,*,#1938,.F.);
#2621=ORIENTED_EDGE('',*,*,#1939,.F.);
#2622=ORIENTED_EDGE('',*,*,#1940,.T.);
#2623=ORIENTED_EDGE('',*,*,#1941,.F.);
#2624=ORIENTED_EDGE('',*,*,#1942,.F.);
#2625=ORIENTED_EDGE('',*,*,#1940,.F.);
#2626=ORIENTED_EDGE('',*,*,#1943,.F.);
#2627=ORIENTED_EDGE('',*,*,#1944,.F.);
#2628=ORIENTED_EDGE('',*,*,#1945,.T.);
#2629=ORIENTED_EDGE('',*,*,#1946,.F.);
#2630=ORIENTED_EDGE('',*,*,#1947,.F.);
#2631=ORIENTED_EDGE('',*,*,#1945,.F.);
#2632=ORIENTED_EDGE('',*,*,#1948,.F.);
#2633=ORIENTED_EDGE('',*,*,#1949,.F.);
#2634=ORIENTED_EDGE('',*,*,#1950,.T.);
#2635=ORIENTED_EDGE('',*,*,#1951,.F.);
#2636=ORIENTED_EDGE('',*,*,#1952,.F.);
#2637=ORIENTED_EDGE('',*,*,#1950,.F.);
#2638=ORIENTED_EDGE('',*,*,#1953,.F.);
#2639=ORIENTED_EDGE('',*,*,#1954,.F.);
#2640=ORIENTED_EDGE('',*,*,#1955,.T.);
#2641=ORIENTED_EDGE('',*,*,#1956,.F.);
#2642=ORIENTED_EDGE('',*,*,#1957,.F.);
#2643=ORIENTED_EDGE('',*,*,#1955,.F.);
#2644=ORIENTED_EDGE('',*,*,#1958,.F.);
#2645=ORIENTED_EDGE('',*,*,#1959,.F.);
#2646=ORIENTED_EDGE('',*,*,#1960,.F.);
#2647=ORIENTED_EDGE('',*,*,#1961,.T.);
#2648=ORIENTED_EDGE('',*,*,#1962,.F.);
#2649=ORIENTED_EDGE('',*,*,#1963,.F.);
#2650=ORIENTED_EDGE('',*,*,#1964,.F.);
#2651=ORIENTED_EDGE('',*,*,#1965,.F.);
#2652=ORIENTED_EDGE('',*,*,#1961,.F.);
#2653=ORIENTED_EDGE('',*,*,#1966,.F.);
#2654=ORIENTED_EDGE('',*,*,#1967,.F.);
#2655=ORIENTED_EDGE('',*,*,#1968,.F.);
#2656=ORIENTED_EDGE('',*,*,#1969,.T.);
#2657=ORIENTED_EDGE('',*,*,#1970,.F.);
#2658=ORIENTED_EDGE('',*,*,#1971,.F.);
#2659=ORIENTED_EDGE('',*,*,#1969,.F.);
#2660=ORIENTED_EDGE('',*,*,#1972,.F.);
#2661=ORIENTED_EDGE('',*,*,#1973,.F.);
#2662=ORIENTED_EDGE('',*,*,#1974,.F.);
#2663=ORIENTED_EDGE('',*,*,#1975,.T.);
#2664=ORIENTED_EDGE('',*,*,#1976,.F.);
#2665=ORIENTED_EDGE('',*,*,#1977,.F.);
#2666=ORIENTED_EDGE('',*,*,#1978,.F.);
#2667=ORIENTED_EDGE('',*,*,#1979,.F.);
#2668=ORIENTED_EDGE('',*,*,#1975,.F.);
#2669=ORIENTED_EDGE('',*,*,#1980,.F.);
#2670=ORIENTED_EDGE('',*,*,#1981,.F.);
#2671=ORIENTED_EDGE('',*,*,#1982,.F.);
#2672=ORIENTED_EDGE('',*,*,#1983,.T.);
#2673=ORIENTED_EDGE('',*,*,#1984,.F.);
#2674=ORIENTED_EDGE('',*,*,#1985,.F.);
#2675=ORIENTED_EDGE('',*,*,#1983,.F.);
#2676=ORIENTED_EDGE('',*,*,#1986,.F.);
#2677=ORIENTED_EDGE('',*,*,#1987,.F.);
#2678=ORIENTED_EDGE('',*,*,#1988,.T.);
#2679=ORIENTED_EDGE('',*,*,#1989,.F.);
#2680=ORIENTED_EDGE('',*,*,#1990,.F.);
#2681=ORIENTED_EDGE('',*,*,#1988,.F.);
#2682=ORIENTED_EDGE('',*,*,#1991,.F.);
#2683=ORIENTED_EDGE('',*,*,#1992,.F.);
#2684=ORIENTED_EDGE('',*,*,#1993,.T.);
#2685=ORIENTED_EDGE('',*,*,#1994,.F.);
#2686=ORIENTED_EDGE('',*,*,#1995,.F.);
#2687=ORIENTED_EDGE('',*,*,#1993,.F.);
#2688=ORIENTED_EDGE('',*,*,#1996,.F.);
#2689=ORIENTED_EDGE('',*,*,#1997,.F.);
#2690=ORIENTED_EDGE('',*,*,#1998,.T.);
#2691=ORIENTED_EDGE('',*,*,#1999,.F.);
#2692=ORIENTED_EDGE('',*,*,#2000,.F.);
#2693=ORIENTED_EDGE('',*,*,#1998,.F.);
#2694=ORIENTED_EDGE('',*,*,#2001,.T.);
#2695=ORIENTED_EDGE('',*,*,#2002,.F.);
#2696=ORIENTED_EDGE('',*,*,#2002,.T.);
#2697=ORIENTED_EDGE('',*,*,#2003,.T.);
#2698=ORIENTED_EDGE('',*,*,#1980,.T.);
#2699=ORIENTED_EDGE('',*,*,#1974,.T.);
#2700=ORIENTED_EDGE('',*,*,#2004,.T.);
#2701=ORIENTED_EDGE('',*,*,#1966,.T.);
#2702=ORIENTED_EDGE('',*,*,#1960,.T.);
#2703=ORIENTED_EDGE('',*,*,#2005,.T.);
#2704=ORIENTED_EDGE('',*,*,#2006,.F.);
#2705=ORIENTED_EDGE('',*,*,#2005,.F.);
#2706=ORIENTED_EDGE('',*,*,#1959,.T.);
#2707=ORIENTED_EDGE('',*,*,#1958,.T.);
#2708=ORIENTED_EDGE('',*,*,#2004,.F.);
#2709=ORIENTED_EDGE('',*,*,#1973,.T.);
#2710=ORIENTED_EDGE('',*,*,#1972,.T.);
#2711=ORIENTED_EDGE('',*,*,#2003,.F.);
#2712=ORIENTED_EDGE('',*,*,#1918,.T.);
#2713=ORIENTED_EDGE('',*,*,#1919,.T.);
#2714=ORIENTED_EDGE('',*,*,#1916,.T.);
#2715=ORIENTED_EDGE('',*,*,#1917,.T.);
#2716=ORIENTED_EDGE('',*,*,#1928,.T.);
#2717=ORIENTED_EDGE('',*,*,#1929,.T.);
#2718=ORIENTED_EDGE('',*,*,#1926,.T.);
#2719=ORIENTED_EDGE('',*,*,#1927,.T.);
#2720=ORIENTED_EDGE('',*,*,#1938,.T.);
#2721=ORIENTED_EDGE('',*,*,#1939,.T.);
#2722=ORIENTED_EDGE('',*,*,#1936,.T.);
#2723=ORIENTED_EDGE('',*,*,#1937,.T.);
#2724=ORIENTED_EDGE('',*,*,#1948,.T.);
#2725=ORIENTED_EDGE('',*,*,#1949,.T.);
#2726=ORIENTED_EDGE('',*,*,#1946,.T.);
#2727=ORIENTED_EDGE('',*,*,#1947,.T.);
#2728=ORIENTED_EDGE('',*,*,#1956,.T.);
#2729=ORIENTED_EDGE('',*,*,#1957,.T.);
#2730=ORIENTED_EDGE('',*,*,#1970,.T.);
#2731=ORIENTED_EDGE('',*,*,#1971,.T.);
#2732=ORIENTED_EDGE('',*,*,#1986,.T.);
#2733=ORIENTED_EDGE('',*,*,#1987,.T.);
#2734=ORIENTED_EDGE('',*,*,#1984,.T.);
#2735=ORIENTED_EDGE('',*,*,#1985,.T.);
#2736=ORIENTED_EDGE('',*,*,#1996,.T.);
#2737=ORIENTED_EDGE('',*,*,#1997,.T.);
#2738=ORIENTED_EDGE('',*,*,#1994,.T.);
#2739=ORIENTED_EDGE('',*,*,#1995,.T.);
#2740=ORIENTED_EDGE('',*,*,#2007,.F.);
#2741=ORIENTED_EDGE('',*,*,#2006,.T.);
#2742=ORIENTED_EDGE('',*,*,#2001,.F.);
#2743=ORIENTED_EDGE('',*,*,#2008,.T.);
#2744=ORIENTED_EDGE('',*,*,#1978,.T.);
#2745=ORIENTED_EDGE('',*,*,#1977,.T.);
#2746=ORIENTED_EDGE('',*,*,#2009,.T.);
#2747=ORIENTED_EDGE('',*,*,#1964,.T.);
#2748=ORIENTED_EDGE('',*,*,#1963,.T.);
#2749=ORIENTED_EDGE('',*,*,#2010,.T.);
#2750=ORIENTED_EDGE('',*,*,#2007,.T.);
#2751=ORIENTED_EDGE('',*,*,#2010,.F.);
#2752=ORIENTED_EDGE('',*,*,#1962,.T.);
#2753=ORIENTED_EDGE('',*,*,#1965,.T.);
#2754=ORIENTED_EDGE('',*,*,#2009,.F.);
#2755=ORIENTED_EDGE('',*,*,#1976,.T.);
#2756=ORIENTED_EDGE('',*,*,#1979,.T.);
#2757=ORIENTED_EDGE('',*,*,#2008,.F.);
#2758=ORIENTED_EDGE('',*,*,#1921,.T.);
#2759=ORIENTED_EDGE('',*,*,#1922,.T.);
#2760=ORIENTED_EDGE('',*,*,#1913,.T.);
#2761=ORIENTED_EDGE('',*,*,#1914,.T.);
#2762=ORIENTED_EDGE('',*,*,#1931,.T.);
#2763=ORIENTED_EDGE('',*,*,#1932,.T.);
#2764=ORIENTED_EDGE('',*,*,#1923,.T.);
#2765=ORIENTED_EDGE('',*,*,#1924,.T.);
#2766=ORIENTED_EDGE('',*,*,#1941,.T.);
#2767=ORIENTED_EDGE('',*,*,#1942,.T.);
#2768=ORIENTED_EDGE('',*,*,#1933,.T.);
#2769=ORIENTED_EDGE('',*,*,#1934,.T.);
#2770=ORIENTED_EDGE('',*,*,#1951,.T.);
#2771=ORIENTED_EDGE('',*,*,#1952,.T.);
#2772=ORIENTED_EDGE('',*,*,#1943,.T.);
#2773=ORIENTED_EDGE('',*,*,#1944,.T.);
#2774=ORIENTED_EDGE('',*,*,#1953,.T.);
#2775=ORIENTED_EDGE('',*,*,#1954,.T.);
#2776=ORIENTED_EDGE('',*,*,#1967,.T.);
#2777=ORIENTED_EDGE('',*,*,#1968,.T.);
#2778=ORIENTED_EDGE('',*,*,#1989,.T.);
#2779=ORIENTED_EDGE('',*,*,#1990,.T.);
#2780=ORIENTED_EDGE('',*,*,#1981,.T.);
#2781=ORIENTED_EDGE('',*,*,#1982,.T.);
#2782=ORIENTED_EDGE('',*,*,#1999,.T.);
#2783=ORIENTED_EDGE('',*,*,#2000,.T.);
#2784=ORIENTED_EDGE('',*,*,#1991,.T.);
#2785=ORIENTED_EDGE('',*,*,#1992,.T.);
#2786=ORIENTED_EDGE('',*,*,#2011,.F.);
#2787=ORIENTED_EDGE('',*,*,#2012,.T.);
#2788=ORIENTED_EDGE('',*,*,#2013,.F.);
#2789=ORIENTED_EDGE('',*,*,#2012,.F.);
#2790=ORIENTED_EDGE('',*,*,#2014,.F.);
#2791=ORIENTED_EDGE('',*,*,#2015,.F.);
#2792=ORIENTED_EDGE('',*,*,#2016,.F.);
#2793=ORIENTED_EDGE('',*,*,#2017,.F.);
#2794=ORIENTED_EDGE('',*,*,#2018,.F.);
#2795=ORIENTED_EDGE('',*,*,#2019,.F.);
#2796=ORIENTED_EDGE('',*,*,#2020,.T.);
#2797=ORIENTED_EDGE('',*,*,#2017,.T.);
#2798=ORIENTED_EDGE('',*,*,#2016,.T.);
#2799=ORIENTED_EDGE('',*,*,#2020,.F.);
#2800=ORIENTED_EDGE('',*,*,#2014,.T.);
#2801=ORIENTED_EDGE('',*,*,#2021,.T.);
#2802=ORIENTED_EDGE('',*,*,#2022,.F.);
#2803=ORIENTED_EDGE('',*,*,#2023,.F.);
#2804=ORIENTED_EDGE('',*,*,#2021,.F.);
#2805=ORIENTED_EDGE('',*,*,#2015,.T.);
#2806=ORIENTED_EDGE('',*,*,#2024,.F.);
#2807=ORIENTED_EDGE('',*,*,#2025,.T.);
#2808=ORIENTED_EDGE('',*,*,#2026,.T.);
#2809=ORIENTED_EDGE('',*,*,#2027,.F.);
#2810=ORIENTED_EDGE('',*,*,#2024,.T.);
#2811=ORIENTED_EDGE('',*,*,#2028,.F.);
#2812=ORIENTED_EDGE('',*,*,#2029,.F.);
#2813=ORIENTED_EDGE('',*,*,#2030,.T.);
#2814=ORIENTED_EDGE('',*,*,#2018,.T.);
#2815=ORIENTED_EDGE('',*,*,#2019,.T.);
#2816=ORIENTED_EDGE('',*,*,#2029,.T.);
#2817=ORIENTED_EDGE('',*,*,#2031,.F.);
#2818=ORIENTED_EDGE('',*,*,#2032,.F.);
#2819=ORIENTED_EDGE('',*,*,#2033,.T.);
#2820=ORIENTED_EDGE('',*,*,#2034,.F.);
#2821=ORIENTED_EDGE('',*,*,#2025,.F.);
#2822=ORIENTED_EDGE('',*,*,#2030,.F.);
#2823=ORIENTED_EDGE('',*,*,#2033,.F.);
#2824=ORIENTED_EDGE('',*,*,#2011,.T.);
#2825=ORIENTED_EDGE('',*,*,#2032,.T.);
#2826=ORIENTED_EDGE('',*,*,#2035,.F.);
#2827=ORIENTED_EDGE('',*,*,#2026,.F.);
#2828=ORIENTED_EDGE('',*,*,#2034,.T.);
#2829=ORIENTED_EDGE('',*,*,#2022,.T.);
#2830=ORIENTED_EDGE('',*,*,#2023,.T.);
#2831=ORIENTED_EDGE('',*,*,#2035,.T.);
#2832=ORIENTED_EDGE('',*,*,#2031,.T.);
#2833=ORIENTED_EDGE('',*,*,#2028,.T.);
#2834=ORIENTED_EDGE('',*,*,#2027,.T.);
#2835=ORIENTED_EDGE('',*,*,#2013,.T.);
#2836=ORIENTED_EDGE('',*,*,#2036,.T.);
#2837=ORIENTED_EDGE('',*,*,#2037,.T.);
#2838=ORIENTED_EDGE('',*,*,#2038,.T.);
#2839=ORIENTED_EDGE('',*,*,#2039,.T.);
#2840=ORIENTED_EDGE('',*,*,#2040,.T.);
#2841=ORIENTED_EDGE('',*,*,#2041,.T.);
#2842=ORIENTED_EDGE('',*,*,#2036,.F.);
#2843=ORIENTED_EDGE('',*,*,#2042,.T.);
#2844=ORIENTED_EDGE('',*,*,#2043,.F.);
#2845=ORIENTED_EDGE('',*,*,#2044,.T.);
#2846=ORIENTED_EDGE('',*,*,#2037,.F.);
#2847=ORIENTED_EDGE('',*,*,#2041,.F.);
#2848=ORIENTED_EDGE('',*,*,#2045,.T.);
#2849=ORIENTED_EDGE('',*,*,#2045,.F.);
#2850=ORIENTED_EDGE('',*,*,#2040,.F.);
#2851=ORIENTED_EDGE('',*,*,#2046,.F.);
#2852=ORIENTED_EDGE('',*,*,#2047,.T.);
#2853=ORIENTED_EDGE('',*,*,#2047,.F.);
#2854=ORIENTED_EDGE('',*,*,#2048,.T.);
#2855=ORIENTED_EDGE('',*,*,#2038,.F.);
#2856=ORIENTED_EDGE('',*,*,#2044,.F.);
#2857=ORIENTED_EDGE('',*,*,#2049,.F.);
#2858=ORIENTED_EDGE('',*,*,#2042,.F.);
#2859=ORIENTED_EDGE('',*,*,#2039,.F.);
#2860=ORIENTED_EDGE('',*,*,#2048,.F.);
#2861=ORIENTED_EDGE('',*,*,#2050,.F.);
#2862=ORIENTED_EDGE('',*,*,#2043,.T.);
#2863=ORIENTED_EDGE('',*,*,#2050,.T.);
#2864=ORIENTED_EDGE('',*,*,#2049,.T.);
#2865=ORIENTED_EDGE('',*,*,#2046,.T.);
#2866=ORIENTED_EDGE('',*,*,#2051,.T.);
#2867=ORIENTED_EDGE('',*,*,#2052,.T.);
#2868=ORIENTED_EDGE('',*,*,#2053,.T.);
#2869=ORIENTED_EDGE('',*,*,#2054,.T.);
#2870=ORIENTED_EDGE('',*,*,#2055,.F.);
#2871=ORIENTED_EDGE('',*,*,#2056,.F.);
#2872=ORIENTED_EDGE('',*,*,#2057,.F.);
#2873=ORIENTED_EDGE('',*,*,#2052,.F.);
#2874=ORIENTED_EDGE('',*,*,#2057,.T.);
#2875=ORIENTED_EDGE('',*,*,#2058,.F.);
#2876=ORIENTED_EDGE('',*,*,#2059,.F.);
#2877=ORIENTED_EDGE('',*,*,#2053,.F.);
#2878=ORIENTED_EDGE('',*,*,#2059,.T.);
#2879=ORIENTED_EDGE('',*,*,#2060,.F.);
#2880=ORIENTED_EDGE('',*,*,#2061,.F.);
#2881=ORIENTED_EDGE('',*,*,#2062,.T.);
#2882=ORIENTED_EDGE('',*,*,#2062,.F.);
#2883=ORIENTED_EDGE('',*,*,#2063,.F.);
#2884=ORIENTED_EDGE('',*,*,#2054,.F.);
#2885=ORIENTED_EDGE('',*,*,#2064,.T.);
#2886=ORIENTED_EDGE('',*,*,#2064,.F.);
#2887=ORIENTED_EDGE('',*,*,#2063,.T.);
#2888=ORIENTED_EDGE('',*,*,#2061,.T.);
#2889=ORIENTED_EDGE('',*,*,#2065,.F.);
#2890=ORIENTED_EDGE('',*,*,#2055,.T.);
#2891=ORIENTED_EDGE('',*,*,#2051,.F.);
#2892=ORIENTED_EDGE('',*,*,#2065,.T.);
#2893=ORIENTED_EDGE('',*,*,#2060,.T.);
#2894=ORIENTED_EDGE('',*,*,#2058,.T.);
#2895=ORIENTED_EDGE('',*,*,#2056,.T.);
#2896=ORIENTED_EDGE('',*,*,#2066,.T.);
#2897=ORIENTED_EDGE('',*,*,#2067,.T.);
#2898=ORIENTED_EDGE('',*,*,#2068,.T.);
#2899=ORIENTED_EDGE('',*,*,#2069,.T.);
#2900=ORIENTED_EDGE('',*,*,#2070,.T.);
#2901=ORIENTED_EDGE('',*,*,#2071,.T.);
#2902=ORIENTED_EDGE('',*,*,#2066,.F.);
#2903=ORIENTED_EDGE('',*,*,#2072,.T.);
#2904=ORIENTED_EDGE('',*,*,#2073,.F.);
#2905=ORIENTED_EDGE('',*,*,#2074,.T.);
#2906=ORIENTED_EDGE('',*,*,#2067,.F.);
#2907=ORIENTED_EDGE('',*,*,#2071,.F.);
#2908=ORIENTED_EDGE('',*,*,#2075,.T.);
#2909=ORIENTED_EDGE('',*,*,#2075,.F.);
#2910=ORIENTED_EDGE('',*,*,#2070,.F.);
#2911=ORIENTED_EDGE('',*,*,#2076,.F.);
#2912=ORIENTED_EDGE('',*,*,#2077,.T.);
#2913=ORIENTED_EDGE('',*,*,#2077,.F.);
#2914=ORIENTED_EDGE('',*,*,#2078,.T.);
#2915=ORIENTED_EDGE('',*,*,#2068,.F.);
#2916=ORIENTED_EDGE('',*,*,#2074,.F.);
#2917=ORIENTED_EDGE('',*,*,#2079,.F.);
#2918=ORIENTED_EDGE('',*,*,#2072,.F.);
#2919=ORIENTED_EDGE('',*,*,#2069,.F.);
#2920=ORIENTED_EDGE('',*,*,#2078,.F.);
#2921=ORIENTED_EDGE('',*,*,#2080,.F.);
#2922=ORIENTED_EDGE('',*,*,#2073,.T.);
#2923=ORIENTED_EDGE('',*,*,#2080,.T.);
#2924=ORIENTED_EDGE('',*,*,#2079,.T.);
#2925=ORIENTED_EDGE('',*,*,#2076,.T.);
#2926=ORIENTED_EDGE('',*,*,#2081,.F.);
#2927=ORIENTED_EDGE('',*,*,#2082,.T.);
#2928=ORIENTED_EDGE('',*,*,#2083,.F.);
#2929=ORIENTED_EDGE('',*,*,#2082,.F.);
#2930=ORIENTED_EDGE('',*,*,#2084,.F.);
#2931=ORIENTED_EDGE('',*,*,#2085,.F.);
#2932=ORIENTED_EDGE('',*,*,#2086,.F.);
#2933=ORIENTED_EDGE('',*,*,#2087,.F.);
#2934=ORIENTED_EDGE('',*,*,#2088,.F.);
#2935=ORIENTED_EDGE('',*,*,#2089,.F.);
#2936=ORIENTED_EDGE('',*,*,#2090,.T.);
#2937=ORIENTED_EDGE('',*,*,#2085,.T.);
#2938=ORIENTED_EDGE('',*,*,#2084,.T.);
#2939=ORIENTED_EDGE('',*,*,#2090,.F.);
#2940=ORIENTED_EDGE('',*,*,#2086,.T.);
#2941=ORIENTED_EDGE('',*,*,#2091,.T.);
#2942=ORIENTED_EDGE('',*,*,#2092,.F.);
#2943=ORIENTED_EDGE('',*,*,#2093,.F.);
#2944=ORIENTED_EDGE('',*,*,#2091,.F.);
#2945=ORIENTED_EDGE('',*,*,#2087,.T.);
#2946=ORIENTED_EDGE('',*,*,#2094,.T.);
#2947=ORIENTED_EDGE('',*,*,#2095,.F.);
#2948=ORIENTED_EDGE('',*,*,#2096,.F.);
#2949=ORIENTED_EDGE('',*,*,#2097,.T.);
#2950=ORIENTED_EDGE('',*,*,#2092,.T.);
#2951=ORIENTED_EDGE('',*,*,#2093,.T.);
#2952=ORIENTED_EDGE('',*,*,#2098,.T.);
#2953=ORIENTED_EDGE('',*,*,#2099,.F.);
#2954=ORIENTED_EDGE('',*,*,#2094,.F.);
#2955=ORIENTED_EDGE('',*,*,#2100,.T.);
#2956=ORIENTED_EDGE('',*,*,#2101,.F.);
#2957=ORIENTED_EDGE('',*,*,#2102,.T.);
#2958=ORIENTED_EDGE('',*,*,#2096,.T.);
#2959=ORIENTED_EDGE('',*,*,#2103,.F.);
#2960=ORIENTED_EDGE('',*,*,#2102,.F.);
#2961=ORIENTED_EDGE('',*,*,#2104,.F.);
#2962=ORIENTED_EDGE('',*,*,#2100,.F.);
#2963=ORIENTED_EDGE('',*,*,#2097,.F.);
#2964=ORIENTED_EDGE('',*,*,#2081,.T.);
#2965=ORIENTED_EDGE('',*,*,#2101,.T.);
#2966=ORIENTED_EDGE('',*,*,#2105,.F.);
#2967=ORIENTED_EDGE('',*,*,#2098,.F.);
#2968=ORIENTED_EDGE('',*,*,#2104,.T.);
#2969=ORIENTED_EDGE('',*,*,#2088,.T.);
#2970=ORIENTED_EDGE('',*,*,#2089,.T.);
#2971=ORIENTED_EDGE('',*,*,#2083,.T.);
#2972=ORIENTED_EDGE('',*,*,#2106,.T.);
#2973=ORIENTED_EDGE('',*,*,#2099,.T.);
#2974=ORIENTED_EDGE('',*,*,#2105,.T.);
#2975=ORIENTED_EDGE('',*,*,#2103,.T.);
#2976=ORIENTED_EDGE('',*,*,#2095,.T.);
#2977=ORIENTED_EDGE('',*,*,#2106,.F.);
#2978=ORIENTED_EDGE('',*,*,#2107,.T.);
#2979=ORIENTED_EDGE('',*,*,#2108,.T.);
#2980=ORIENTED_EDGE('',*,*,#2109,.T.);
#2981=ORIENTED_EDGE('',*,*,#2110,.T.);
#2982=ORIENTED_EDGE('',*,*,#2111,.T.);
#2983=ORIENTED_EDGE('',*,*,#2112,.T.);
#2984=ORIENTED_EDGE('',*,*,#2107,.F.);
#2985=ORIENTED_EDGE('',*,*,#2113,.T.);
#2986=ORIENTED_EDGE('',*,*,#2114,.F.);
#2987=ORIENTED_EDGE('',*,*,#2115,.T.);
#2988=ORIENTED_EDGE('',*,*,#2108,.F.);
#2989=ORIENTED_EDGE('',*,*,#2112,.F.);
#2990=ORIENTED_EDGE('',*,*,#2116,.T.);
#2991=ORIENTED_EDGE('',*,*,#2116,.F.);
#2992=ORIENTED_EDGE('',*,*,#2111,.F.);
#2993=ORIENTED_EDGE('',*,*,#2117,.F.);
#2994=ORIENTED_EDGE('',*,*,#2118,.T.);
#2995=ORIENTED_EDGE('',*,*,#2118,.F.);
#2996=ORIENTED_EDGE('',*,*,#2119,.T.);
#2997=ORIENTED_EDGE('',*,*,#2109,.F.);
#2998=ORIENTED_EDGE('',*,*,#2115,.F.);
#2999=ORIENTED_EDGE('',*,*,#2120,.F.);
#3000=ORIENTED_EDGE('',*,*,#2113,.F.);
#3001=ORIENTED_EDGE('',*,*,#2110,.F.);
#3002=ORIENTED_EDGE('',*,*,#2119,.F.);
#3003=ORIENTED_EDGE('',*,*,#2121,.F.);
#3004=ORIENTED_EDGE('',*,*,#2114,.T.);
#3005=ORIENTED_EDGE('',*,*,#2121,.T.);
#3006=ORIENTED_EDGE('',*,*,#2120,.T.);
#3007=ORIENTED_EDGE('',*,*,#2117,.T.);
#3008=ORIENTED_EDGE('',*,*,#2122,.F.);
#3009=ORIENTED_EDGE('',*,*,#2123,.F.);
#3010=ORIENTED_EDGE('',*,*,#2124,.T.);
#3011=ORIENTED_EDGE('',*,*,#2125,.F.);
#3012=ORIENTED_EDGE('',*,*,#2126,.F.);
#3013=ORIENTED_EDGE('',*,*,#2124,.F.);
#3014=ORIENTED_EDGE('',*,*,#2127,.F.);
#3015=ORIENTED_EDGE('',*,*,#2128,.F.);
#3016=ORIENTED_EDGE('',*,*,#2129,.F.);
#3017=ORIENTED_EDGE('',*,*,#2130,.T.);
#3018=ORIENTED_EDGE('',*,*,#2131,.F.);
#3019=ORIENTED_EDGE('',*,*,#2132,.F.);
#3020=ORIENTED_EDGE('',*,*,#2133,.F.);
#3021=ORIENTED_EDGE('',*,*,#2134,.F.);
#3022=ORIENTED_EDGE('',*,*,#2130,.F.);
#3023=ORIENTED_EDGE('',*,*,#2135,.F.);
#3024=ORIENTED_EDGE('',*,*,#2136,.F.);
#3025=ORIENTED_EDGE('',*,*,#2137,.F.);
#3026=ORIENTED_EDGE('',*,*,#2138,.T.);
#3027=ORIENTED_EDGE('',*,*,#2139,.F.);
#3028=ORIENTED_EDGE('',*,*,#2140,.F.);
#3029=ORIENTED_EDGE('',*,*,#2138,.F.);
#3030=ORIENTED_EDGE('',*,*,#2141,.F.);
#3031=ORIENTED_EDGE('',*,*,#2142,.F.);
#3032=ORIENTED_EDGE('',*,*,#2143,.T.);
#3033=ORIENTED_EDGE('',*,*,#2144,.F.);
#3034=ORIENTED_EDGE('',*,*,#2145,.F.);
#3035=ORIENTED_EDGE('',*,*,#2143,.F.);
#3036=ORIENTED_EDGE('',*,*,#2146,.T.);
#3037=ORIENTED_EDGE('',*,*,#2147,.T.);
#3038=ORIENTED_EDGE('',*,*,#2135,.T.);
#3039=ORIENTED_EDGE('',*,*,#2129,.T.);
#3040=ORIENTED_EDGE('',*,*,#2148,.T.);
#3041=ORIENTED_EDGE('',*,*,#2149,.F.);
#3042=ORIENTED_EDGE('',*,*,#2148,.F.);
#3043=ORIENTED_EDGE('',*,*,#2128,.T.);
#3044=ORIENTED_EDGE('',*,*,#2127,.T.);
#3045=ORIENTED_EDGE('',*,*,#2147,.F.);
#3046=ORIENTED_EDGE('',*,*,#2125,.T.);
#3047=ORIENTED_EDGE('',*,*,#2126,.T.);
#3048=ORIENTED_EDGE('',*,*,#2141,.T.);
#3049=ORIENTED_EDGE('',*,*,#2142,.T.);
#3050=ORIENTED_EDGE('',*,*,#2139,.T.);
#3051=ORIENTED_EDGE('',*,*,#2140,.T.);
#3052=ORIENTED_EDGE('',*,*,#2150,.F.);
#3053=ORIENTED_EDGE('',*,*,#2149,.T.);
#3054=ORIENTED_EDGE('',*,*,#2151,.F.);
#3055=ORIENTED_EDGE('',*,*,#2152,.T.);
#3056=ORIENTED_EDGE('',*,*,#2133,.T.);
#3057=ORIENTED_EDGE('',*,*,#2132,.T.);
#3058=ORIENTED_EDGE('',*,*,#2153,.T.);
#3059=ORIENTED_EDGE('',*,*,#2150,.T.);
#3060=ORIENTED_EDGE('',*,*,#2153,.F.);
#3061=ORIENTED_EDGE('',*,*,#2131,.T.);
#3062=ORIENTED_EDGE('',*,*,#2134,.T.);
#3063=ORIENTED_EDGE('',*,*,#2152,.F.);
#3064=ORIENTED_EDGE('',*,*,#2122,.T.);
#3065=ORIENTED_EDGE('',*,*,#2123,.T.);
#3066=ORIENTED_EDGE('',*,*,#2144,.T.);
#3067=ORIENTED_EDGE('',*,*,#2145,.T.);
#3068=ORIENTED_EDGE('',*,*,#2136,.T.);
#3069=ORIENTED_EDGE('',*,*,#2137,.T.);
#3070=ORIENTED_EDGE('',*,*,#2151,.T.);
#3071=ORIENTED_EDGE('',*,*,#2146,.F.);
#3072=ORIENTED_EDGE('',*,*,#2154,.F.);
#3073=ORIENTED_EDGE('',*,*,#2155,.F.);
#3074=ORIENTED_EDGE('',*,*,#2156,.T.);
#3075=ORIENTED_EDGE('',*,*,#2157,.F.);
#3076=ORIENTED_EDGE('',*,*,#2158,.F.);
#3077=ORIENTED_EDGE('',*,*,#2156,.F.);
#3078=ORIENTED_EDGE('',*,*,#2159,.F.);
#3079=ORIENTED_EDGE('',*,*,#2160,.F.);
#3080=ORIENTED_EDGE('',*,*,#2161,.F.);
#3081=ORIENTED_EDGE('',*,*,#2162,.T.);
#3082=ORIENTED_EDGE('',*,*,#2163,.F.);
#3083=ORIENTED_EDGE('',*,*,#2164,.F.);
#3084=ORIENTED_EDGE('',*,*,#2165,.F.);
#3085=ORIENTED_EDGE('',*,*,#2166,.F.);
#3086=ORIENTED_EDGE('',*,*,#2162,.F.);
#3087=ORIENTED_EDGE('',*,*,#2167,.F.);
#3088=ORIENTED_EDGE('',*,*,#2168,.F.);
#3089=ORIENTED_EDGE('',*,*,#2169,.F.);
#3090=ORIENTED_EDGE('',*,*,#2170,.T.);
#3091=ORIENTED_EDGE('',*,*,#2171,.F.);
#3092=ORIENTED_EDGE('',*,*,#2172,.F.);
#3093=ORIENTED_EDGE('',*,*,#2170,.F.);
#3094=ORIENTED_EDGE('',*,*,#2173,.F.);
#3095=ORIENTED_EDGE('',*,*,#2174,.F.);
#3096=ORIENTED_EDGE('',*,*,#2175,.F.);
#3097=ORIENTED_EDGE('',*,*,#2176,.T.);
#3098=ORIENTED_EDGE('',*,*,#2177,.F.);
#3099=ORIENTED_EDGE('',*,*,#2178,.F.);
#3100=ORIENTED_EDGE('',*,*,#2179,.F.);
#3101=ORIENTED_EDGE('',*,*,#2180,.F.);
#3102=ORIENTED_EDGE('',*,*,#2176,.F.);
#3103=ORIENTED_EDGE('',*,*,#2181,.F.);
#3104=ORIENTED_EDGE('',*,*,#2182,.F.);
#3105=ORIENTED_EDGE('',*,*,#2183,.F.);
#3106=ORIENTED_EDGE('',*,*,#2184,.T.);
#3107=ORIENTED_EDGE('',*,*,#2185,.F.);
#3108=ORIENTED_EDGE('',*,*,#2186,.F.);
#3109=ORIENTED_EDGE('',*,*,#2184,.F.);
#3110=ORIENTED_EDGE('',*,*,#2187,.F.);
#3111=ORIENTED_EDGE('',*,*,#2188,.F.);
#3112=ORIENTED_EDGE('',*,*,#2189,.T.);
#3113=ORIENTED_EDGE('',*,*,#2190,.F.);
#3114=ORIENTED_EDGE('',*,*,#2191,.F.);
#3115=ORIENTED_EDGE('',*,*,#2189,.F.);
#3116=ORIENTED_EDGE('',*,*,#2192,.F.);
#3117=ORIENTED_EDGE('',*,*,#2193,.F.);
#3118=ORIENTED_EDGE('',*,*,#2194,.T.);
#3119=ORIENTED_EDGE('',*,*,#2195,.F.);
#3120=ORIENTED_EDGE('',*,*,#2196,.F.);
#3121=ORIENTED_EDGE('',*,*,#2194,.F.);
#3122=ORIENTED_EDGE('',*,*,#2197,.F.);
#3123=ORIENTED_EDGE('',*,*,#2198,.F.);
#3124=ORIENTED_EDGE('',*,*,#2199,.T.);
#3125=ORIENTED_EDGE('',*,*,#2200,.F.);
#3126=ORIENTED_EDGE('',*,*,#2201,.F.);
#3127=ORIENTED_EDGE('',*,*,#2199,.F.);
#3128=ORIENTED_EDGE('',*,*,#2202,.T.);
#3129=ORIENTED_EDGE('',*,*,#2203,.T.);
#3130=ORIENTED_EDGE('',*,*,#2204,.T.);
#3131=ORIENTED_EDGE('',*,*,#2203,.F.);
#3132=ORIENTED_EDGE('',*,*,#2205,.T.);
#3133=ORIENTED_EDGE('',*,*,#2206,.T.);
#3134=ORIENTED_EDGE('',*,*,#2202,.F.);
#3135=ORIENTED_EDGE('',*,*,#2206,.F.);
#3136=ORIENTED_EDGE('',*,*,#2207,.T.);
#3137=ORIENTED_EDGE('',*,*,#2207,.F.);
#3138=ORIENTED_EDGE('',*,*,#2208,.T.);
#3139=ORIENTED_EDGE('',*,*,#2160,.T.);
#3140=ORIENTED_EDGE('',*,*,#2159,.T.);
#3141=ORIENTED_EDGE('',*,*,#2209,.T.);
#3142=ORIENTED_EDGE('',*,*,#2210,.T.);
#3143=ORIENTED_EDGE('',*,*,#2209,.F.);
#3144=ORIENTED_EDGE('',*,*,#2167,.T.);
#3145=ORIENTED_EDGE('',*,*,#2161,.T.);
#3146=ORIENTED_EDGE('',*,*,#2208,.F.);
#3147=ORIENTED_EDGE('',*,*,#2157,.T.);
#3148=ORIENTED_EDGE('',*,*,#2158,.T.);
#3149=ORIENTED_EDGE('',*,*,#2187,.T.);
#3150=ORIENTED_EDGE('',*,*,#2188,.T.);
#3151=ORIENTED_EDGE('',*,*,#2185,.T.);
#3152=ORIENTED_EDGE('',*,*,#2186,.T.);
#3153=ORIENTED_EDGE('',*,*,#2205,.F.);
#3154=ORIENTED_EDGE('',*,*,#2211,.T.);
#3155=ORIENTED_EDGE('',*,*,#2210,.F.);
#3156=ORIENTED_EDGE('',*,*,#2211,.F.);
#3157=ORIENTED_EDGE('',*,*,#2204,.F.);
#3158=ORIENTED_EDGE('',*,*,#2212,.T.);
#3159=ORIENTED_EDGE('',*,*,#2174,.T.);
#3160=ORIENTED_EDGE('',*,*,#2173,.T.);
#3161=ORIENTED_EDGE('',*,*,#2213,.T.);
#3162=ORIENTED_EDGE('',*,*,#2214,.F.);
#3163=ORIENTED_EDGE('',*,*,#2213,.F.);
#3164=ORIENTED_EDGE('',*,*,#2181,.T.);
#3165=ORIENTED_EDGE('',*,*,#2175,.T.);
#3166=ORIENTED_EDGE('',*,*,#2212,.F.);
#3167=ORIENTED_EDGE('',*,*,#2171,.T.);
#3168=ORIENTED_EDGE('',*,*,#2172,.T.);
#3169=ORIENTED_EDGE('',*,*,#2197,.T.);
#3170=ORIENTED_EDGE('',*,*,#2198,.T.);
#3171=ORIENTED_EDGE('',*,*,#2195,.T.);
#3172=ORIENTED_EDGE('',*,*,#2196,.T.);
#3173=ORIENTED_EDGE('',*,*,#2215,.F.);
#3174=ORIENTED_EDGE('',*,*,#2216,.F.);
#3175=ORIENTED_EDGE('',*,*,#2217,.T.);
#3176=ORIENTED_EDGE('',*,*,#2165,.T.);
#3177=ORIENTED_EDGE('',*,*,#2164,.T.);
#3178=ORIENTED_EDGE('',*,*,#2218,.T.);
#3179=ORIENTED_EDGE('',*,*,#2215,.T.);
#3180=ORIENTED_EDGE('',*,*,#2218,.F.);
#3181=ORIENTED_EDGE('',*,*,#2163,.T.);
#3182=ORIENTED_EDGE('',*,*,#2166,.T.);
#3183=ORIENTED_EDGE('',*,*,#2217,.F.);
#3184=ORIENTED_EDGE('',*,*,#2154,.T.);
#3185=ORIENTED_EDGE('',*,*,#2155,.T.);
#3186=ORIENTED_EDGE('',*,*,#2190,.T.);
#3187=ORIENTED_EDGE('',*,*,#2191,.T.);
#3188=ORIENTED_EDGE('',*,*,#2182,.T.);
#3189=ORIENTED_EDGE('',*,*,#2183,.T.);
#3190=ORIENTED_EDGE('',*,*,#2216,.T.);
#3191=ORIENTED_EDGE('',*,*,#2219,.T.);
#3192=ORIENTED_EDGE('',*,*,#2220,.F.);
#3193=ORIENTED_EDGE('',*,*,#2219,.F.);
#3194=ORIENTED_EDGE('',*,*,#2221,.F.);
#3195=ORIENTED_EDGE('',*,*,#2220,.T.);
#3196=ORIENTED_EDGE('',*,*,#2222,.F.);
#3197=ORIENTED_EDGE('',*,*,#2223,.T.);
#3198=ORIENTED_EDGE('',*,*,#2221,.T.);
#3199=ORIENTED_EDGE('',*,*,#2223,.F.);
#3200=ORIENTED_EDGE('',*,*,#2222,.T.);
#3201=ORIENTED_EDGE('',*,*,#2224,.F.);
#3202=ORIENTED_EDGE('',*,*,#2225,.F.);
#3203=ORIENTED_EDGE('',*,*,#2226,.T.);
#3204=ORIENTED_EDGE('',*,*,#2224,.T.);
#3205=ORIENTED_EDGE('',*,*,#2226,.F.);
#3206=ORIENTED_EDGE('',*,*,#2227,.F.);
#3207=ORIENTED_EDGE('',*,*,#2228,.T.);
#3208=ORIENTED_EDGE('',*,*,#2179,.T.);
#3209=ORIENTED_EDGE('',*,*,#2178,.T.);
#3210=ORIENTED_EDGE('',*,*,#2229,.T.);
#3211=ORIENTED_EDGE('',*,*,#2225,.T.);
#3212=ORIENTED_EDGE('',*,*,#2229,.F.);
#3213=ORIENTED_EDGE('',*,*,#2177,.T.);
#3214=ORIENTED_EDGE('',*,*,#2180,.T.);
#3215=ORIENTED_EDGE('',*,*,#2228,.F.);
#3216=ORIENTED_EDGE('',*,*,#2168,.T.);
#3217=ORIENTED_EDGE('',*,*,#2169,.T.);
#3218=ORIENTED_EDGE('',*,*,#2200,.T.);
#3219=ORIENTED_EDGE('',*,*,#2201,.T.);
#3220=ORIENTED_EDGE('',*,*,#2192,.T.);
#3221=ORIENTED_EDGE('',*,*,#2193,.T.);
#3222=ORIENTED_EDGE('',*,*,#2227,.T.);
#3223=ORIENTED_EDGE('',*,*,#2214,.T.);
#3224=ORIENTED_EDGE('',*,*,#2230,.F.);
#3225=ORIENTED_EDGE('',*,*,#2231,.F.);
#3226=ORIENTED_EDGE('',*,*,#2232,.T.);
#3227=ORIENTED_EDGE('',*,*,#2233,.F.);
#3228=ORIENTED_EDGE('',*,*,#2234,.F.);
#3229=ORIENTED_EDGE('',*,*,#2232,.F.);
#3230=ORIENTED_EDGE('',*,*,#2235,.F.);
#3231=ORIENTED_EDGE('',*,*,#2236,.F.);
#3232=ORIENTED_EDGE('',*,*,#2237,.T.);
#3233=ORIENTED_EDGE('',*,*,#2238,.F.);
#3234=ORIENTED_EDGE('',*,*,#2239,.F.);
#3235=ORIENTED_EDGE('',*,*,#2237,.F.);
#3236=ORIENTED_EDGE('',*,*,#2240,.F.);
#3237=ORIENTED_EDGE('',*,*,#2241,.T.);
#3238=ORIENTED_EDGE('',*,*,#2242,.F.);
#3239=ORIENTED_EDGE('',*,*,#2241,.F.);
#3240=ORIENTED_EDGE('',*,*,#2235,.T.);
#3241=ORIENTED_EDGE('',*,*,#2236,.T.);
#3242=ORIENTED_EDGE('',*,*,#2233,.T.);
#3243=ORIENTED_EDGE('',*,*,#2234,.T.);
#3244=ORIENTED_EDGE('',*,*,#2243,.F.);
#3245=ORIENTED_EDGE('',*,*,#2244,.F.);
#3246=ORIENTED_EDGE('',*,*,#2245,.F.);
#3247=ORIENTED_EDGE('',*,*,#2246,.F.);
#3248=ORIENTED_EDGE('',*,*,#2247,.F.);
#3249=ORIENTED_EDGE('',*,*,#2248,.F.);
#3250=ORIENTED_EDGE('',*,*,#2249,.T.);
#3251=ORIENTED_EDGE('',*,*,#2246,.T.);
#3252=ORIENTED_EDGE('',*,*,#2245,.T.);
#3253=ORIENTED_EDGE('',*,*,#2249,.F.);
#3254=ORIENTED_EDGE('',*,*,#2243,.T.);
#3255=ORIENTED_EDGE('',*,*,#2250,.T.);
#3256=ORIENTED_EDGE('',*,*,#2251,.F.);
#3257=ORIENTED_EDGE('',*,*,#2252,.F.);
#3258=ORIENTED_EDGE('',*,*,#2250,.F.);
#3259=ORIENTED_EDGE('',*,*,#2244,.T.);
#3260=ORIENTED_EDGE('',*,*,#2253,.F.);
#3261=ORIENTED_EDGE('',*,*,#2240,.T.);
#3262=ORIENTED_EDGE('',*,*,#2254,.F.);
#3263=ORIENTED_EDGE('',*,*,#2255,.T.);
#3264=ORIENTED_EDGE('',*,*,#2253,.T.);
#3265=ORIENTED_EDGE('',*,*,#2255,.F.);
#3266=ORIENTED_EDGE('',*,*,#2238,.T.);
#3267=ORIENTED_EDGE('',*,*,#2239,.T.);
#3268=ORIENTED_EDGE('',*,*,#2230,.T.);
#3269=ORIENTED_EDGE('',*,*,#2231,.T.);
#3270=ORIENTED_EDGE('',*,*,#2251,.T.);
#3271=ORIENTED_EDGE('',*,*,#2252,.T.);
#3272=ORIENTED_EDGE('',*,*,#2247,.T.);
#3273=ORIENTED_EDGE('',*,*,#2248,.T.);
#3274=ORIENTED_EDGE('',*,*,#2254,.T.);
#3275=ORIENTED_EDGE('',*,*,#2242,.T.);
#3276=CYLINDRICAL_SURFACE('',#3609,27.7500004172325);
#3277=CYLINDRICAL_SURFACE('',#3616,26.5000004172325);
#3278=CYLINDRICAL_SURFACE('',#3623,1.99999999999999);
#3279=CYLINDRICAL_SURFACE('',#3624,1.99999999999999);
#3280=CYLINDRICAL_SURFACE('',#3625,1.99999999999999);
#3281=CYLINDRICAL_SURFACE('',#3626,1.99999999999999);
#3282=CYLINDRICAL_SURFACE('',#3627,28.0000002086163);
#3283=CYLINDRICAL_SURFACE('',#3632,30.);
#3284=CYLINDRICAL_SURFACE('',#3636,1.99999999999999);
#3285=CYLINDRICAL_SURFACE('',#3637,1.99999999999999);
#3286=CYLINDRICAL_SURFACE('',#3638,1.99999999999999);
#3287=CYLINDRICAL_SURFACE('',#3639,1.99999999999999);
#3288=CYLINDRICAL_SURFACE('',#3640,1.99999999999999);
#3289=CYLINDRICAL_SURFACE('',#3641,1.99999999999999);
#3290=CYLINDRICAL_SURFACE('',#3642,1.99999999999999);
#3291=CYLINDRICAL_SURFACE('',#3643,1.99999999999999);
#3292=CYLINDRICAL_SURFACE('',#3644,22.75);
#3293=CYLINDRICAL_SURFACE('',#3649,25.);
#3294=CYLINDRICAL_SURFACE('',#3653,22.75);
#3295=CYLINDRICAL_SURFACE('',#3656,27.75);
#3296=CYLINDRICAL_SURFACE('',#3661,30.);
#3297=CYLINDRICAL_SURFACE('',#3665,27.75);
#3298=CYLINDRICAL_SURFACE('',#3670,2.00000000000003);
#3299=CYLINDRICAL_SURFACE('',#3671,2.00000000000003);
#3300=CYLINDRICAL_SURFACE('',#3672,2.00000000000003);
#3301=CYLINDRICAL_SURFACE('',#3673,2.00000000000003);
#3302=CYLINDRICAL_SURFACE('',#3674,1.99999999999999);
#3303=CYLINDRICAL_SURFACE('',#3675,1.99999999999999);
#3304=CYLINDRICAL_SURFACE('',#3676,1.99999999999999);
#3305=CYLINDRICAL_SURFACE('',#3677,1.99999999999999);
#3306=CYLINDRICAL_SURFACE('',#3681,30.);
#3307=CYLINDRICAL_SURFACE('',#3685,28.);
#3308=CYLINDRICAL_SURFACE('',#3687,2.00000000000003);
#3309=CYLINDRICAL_SURFACE('',#3688,2.00000000000003);
#3310=CYLINDRICAL_SURFACE('',#3689,2.00000000000003);
#3311=CYLINDRICAL_SURFACE('',#3690,2.00000000000003);
#3312=CYLINDRICAL_SURFACE('',#3691,2.00000000000003);
#3313=CYLINDRICAL_SURFACE('',#3692,2.00000000000003);
#3314=CYLINDRICAL_SURFACE('',#3693,2.00000000000003);
#3315=CYLINDRICAL_SURFACE('',#3694,2.00000000000003);
#3316=CYLINDRICAL_SURFACE('',#3695,2.00000000000003);
#3317=CYLINDRICAL_SURFACE('',#3696,2.00000000000003);
#3318=CYLINDRICAL_SURFACE('',#3697,2.00000000000003);
#3319=CYLINDRICAL_SURFACE('',#3698,2.00000000000003);
#3320=CYLINDRICAL_SURFACE('',#3699,2.00000000000003);
#3321=CYLINDRICAL_SURFACE('',#3700,2.00000000000003);
#3322=CYLINDRICAL_SURFACE('',#3701,2.00000000000003);
#3323=CYLINDRICAL_SURFACE('',#3702,2.00000000000003);
#3324=CYLINDRICAL_SURFACE('',#3706,28.);
#3325=CYLINDRICAL_SURFACE('',#3710,30.0000004470348);
#3326=CYLINDRICAL_SURFACE('',#3712,30.2500004470348);
#3327=CYLINDRICAL_SURFACE('',#3715,2.00000000000003);
#3328=CYLINDRICAL_SURFACE('',#3716,2.00000000000003);
#3329=CYLINDRICAL_SURFACE('',#3717,31.5000004470348);
#3330=CYLINDRICAL_SURFACE('',#3720,31.5000004470348);
#3331=CYLINDRICAL_SURFACE('',#3723,31.5000004470348);
#3332=CYLINDRICAL_SURFACE('',#3728,31.5000004470348);
#3333=CYLINDRICAL_SURFACE('',#3749,30.2500004470348);
#3334=CYLINDRICAL_SURFACE('',#3752,2.00000000000003);
#3335=CYLINDRICAL_SURFACE('',#3753,2.00000000000003);
#3336=CYLINDRICAL_SURFACE('',#3754,31.5000004470348);
#3337=CYLINDRICAL_SURFACE('',#3757,31.5000004470348);
#3338=CYLINDRICAL_SURFACE('',#3760,31.5000004470348);
#3339=CYLINDRICAL_SURFACE('',#3765,31.5000004470348);
#3340=CYLINDRICAL_SURFACE('',#3775,2.00000000000003);
#3341=CYLINDRICAL_SURFACE('',#3776,2.00000000000003);
#3342=CYLINDRICAL_SURFACE('',#3777,2.00000000000003);
#3343=CYLINDRICAL_SURFACE('',#3778,2.00000000000003);
#3344=CYLINDRICAL_SURFACE('',#3779,22.5);
#3345=CYLINDRICAL_SURFACE('',#3784,27.75);
#3346=CYLINDRICAL_SURFACE('',#3787,2.00000000000003);
#3347=CYLINDRICAL_SURFACE('',#3788,2.00000000000003);
#3348=CYLINDRICAL_SURFACE('',#3789,2.00000000000003);
#3349=CYLINDRICAL_SURFACE('',#3790,2.00000000000003);
#3350=CYLINDRICAL_SURFACE('',#3791,2.00000000000003);
#3351=CYLINDRICAL_SURFACE('',#3792,2.00000000000003);
#3352=CYLINDRICAL_SURFACE('',#3793,2.00000000000003);
#3353=CYLINDRICAL_SURFACE('',#3794,2.00000000000003);
#3354=CYLINDRICAL_SURFACE('',#3798,25.);
#3355=CYLINDRICAL_SURFACE('',#3802,22.75);
#3356=CYLINDRICAL_SURFACE('',#3805,22.75);
#3357=CYLINDRICAL_SURFACE('',#3809,27.75);
#3358=CYLINDRICAL_SURFACE('',#3815,30.);
#3359=CYLINDRICAL_SURFACE('',#3821,27.75);
#3360=CYLINDRICAL_SURFACE('',#3824,2.00000000000003);
#3361=CYLINDRICAL_SURFACE('',#3825,2.00000000000003);
#3362=CYLINDRICAL_SURFACE('',#3826,22.5);
#3363=CYLINDRICAL_SURFACE('',#3829,2.00000000000003);
#3364=CYLINDRICAL_SURFACE('',#3830,2.00000000000003);
#3365=CYLINDRICAL_SURFACE('',#3833,27.75);
#3366=ADVANCED_FACE('',(#521),#3276,.T.);
#3367=ADVANCED_FACE('',(#522,#351),#470,.F.);
#3368=ADVANCED_FACE('',(#523,#352),#471,.T.);
#3369=ADVANCED_FACE('',(#524),#3277,.F.);
#3370=ADVANCED_FACE('',(#525),#349,.T.);
#3371=ADVANCED_FACE('',(#526),#350,.F.);
#3372=ADVANCED_FACE('',(#527),#343,.T.);
#3373=ADVANCED_FACE('',(#528),#3278,.F.);
#3374=ADVANCED_FACE('',(#529),#3279,.F.);
#3375=ADVANCED_FACE('',(#530),#3280,.F.);
#3376=ADVANCED_FACE('',(#531),#3281,.F.);
#3377=ADVANCED_FACE('',(#532,#353,#354,#355),#3282,.F.);
#3378=ADVANCED_FACE('',(#533,#356),#472,.T.);
#3379=ADVANCED_FACE('',(#534,#357,#358,#359),#3283,.T.);
#3380=ADVANCED_FACE('',(#535,#360),#473,.T.);
#3381=ADVANCED_FACE('',(#536),#3284,.F.);
#3382=ADVANCED_FACE('',(#537),#3285,.F.);
#3383=ADVANCED_FACE('',(#538),#3286,.F.);
#3384=ADVANCED_FACE('',(#539),#3287,.F.);
#3385=ADVANCED_FACE('',(#540),#3288,.F.);
#3386=ADVANCED_FACE('',(#541),#3289,.F.);
#3387=ADVANCED_FACE('',(#542),#3290,.F.);
#3388=ADVANCED_FACE('',(#543),#3291,.F.);
#3389=ADVANCED_FACE('',(#544,#361,#362,#363),#3292,.F.);
#3390=ADVANCED_FACE('',(#545,#364),#474,.F.);
#3391=ADVANCED_FACE('',(#546),#3293,.F.);
#3392=ADVANCED_FACE('',(#547,#365),#475,.F.);
#3393=ADVANCED_FACE('',(#548,#366,#367,#368),#3294,.F.);
#3394=ADVANCED_FACE('',(#549),#476,.F.);
#3395=ADVANCED_FACE('',(#550,#369,#370,#371),#3295,.T.);
#3396=ADVANCED_FACE('',(#551,#372),#477,.T.);
#3397=ADVANCED_FACE('',(#552),#3296,.T.);
#3398=ADVANCED_FACE('',(#553,#373),#478,.T.);
#3399=ADVANCED_FACE('',(#554,#374,#375,#376),#3297,.T.);
#3400=ADVANCED_FACE('',(#555,#377),#479,.T.);
#3401=ADVANCED_FACE('',(#556),#480,.T.);
#3402=ADVANCED_FACE('',(#557),#3298,.F.);
#3403=ADVANCED_FACE('',(#558),#3299,.F.);
#3404=ADVANCED_FACE('',(#559),#3300,.F.);
#3405=ADVANCED_FACE('',(#560),#3301,.F.);
#3406=ADVANCED_FACE('',(#561),#3302,.F.);
#3407=ADVANCED_FACE('',(#562),#3303,.F.);
#3408=ADVANCED_FACE('',(#563),#3304,.F.);
#3409=ADVANCED_FACE('',(#564),#3305,.F.);
#3410=ADVANCED_FACE('',(#565,#378),#481,.T.);
#3411=ADVANCED_FACE('',(#566,#379,#380,#381,#382,#383,#384),#3306,.T.);
#3412=ADVANCED_FACE('',(#567,#385),#482,.T.);
#3413=ADVANCED_FACE('',(#568,#386,#387,#388,#389,#390,#391),#3307,.F.);
#3414=ADVANCED_FACE('',(#569),#3308,.F.);
#3415=ADVANCED_FACE('',(#570),#3309,.F.);
#3416=ADVANCED_FACE('',(#571),#3310,.F.);
#3417=ADVANCED_FACE('',(#572),#3311,.F.);
#3418=ADVANCED_FACE('',(#573),#3312,.F.);
#3419=ADVANCED_FACE('',(#574),#3313,.F.);
#3420=ADVANCED_FACE('',(#575),#3314,.F.);
#3421=ADVANCED_FACE('',(#576),#3315,.F.);
#3422=ADVANCED_FACE('',(#577),#3316,.F.);
#3423=ADVANCED_FACE('',(#578),#3317,.F.);
#3424=ADVANCED_FACE('',(#579),#3318,.F.);
#3425=ADVANCED_FACE('',(#580),#3319,.F.);
#3426=ADVANCED_FACE('',(#581),#3320,.F.);
#3427=ADVANCED_FACE('',(#582),#3321,.F.);
#3428=ADVANCED_FACE('',(#583),#3322,.F.);
#3429=ADVANCED_FACE('',(#584),#3323,.F.);
#3430=ADVANCED_FACE('',(#585,#392),#483,.T.);
#3431=ADVANCED_FACE('',(#586,#393,#394,#395,#396,#397,#398,#399,#400,#401,
#402,#403,#404,#405,#406),#3324,.F.);
#3432=ADVANCED_FACE('',(#587,#407),#484,.T.);
#3433=ADVANCED_FACE('',(#588,#408,#409,#410,#411,#412,#413,#414,#415,#416,
#417,#418,#419,#420,#421),#3325,.T.);
#3434=ADVANCED_FACE('',(#589,#422,#423),#3326,.F.);
#3435=ADVANCED_FACE('',(#590),#3327,.F.);
#3436=ADVANCED_FACE('',(#591),#3328,.F.);
#3437=ADVANCED_FACE('',(#592),#3329,.T.);
#3438=ADVANCED_FACE('',(#593,#424),#3330,.T.);
#3439=ADVANCED_FACE('',(#594),#3331,.T.);
#3440=ADVANCED_FACE('',(#595,#425),#485,.T.);
#3441=ADVANCED_FACE('',(#596,#426),#3332,.T.);
#3442=ADVANCED_FACE('',(#597,#427),#486,.T.);
#3443=ADVANCED_FACE('',(#598),#487,.T.);
#3444=ADVANCED_FACE('',(#599),#488,.T.);
#3445=ADVANCED_FACE('',(#600,#428),#489,.T.);
#3446=ADVANCED_FACE('',(#601),#490,.T.);
#3447=ADVANCED_FACE('',(#602),#491,.T.);
#3448=ADVANCED_FACE('',(#603),#492,.T.);
#3449=ADVANCED_FACE('',(#604),#493,.T.);
#3450=ADVANCED_FACE('',(#605),#494,.T.);
#3451=ADVANCED_FACE('',(#606),#495,.T.);
#3452=ADVANCED_FACE('',(#607,#429),#496,.T.);
#3453=ADVANCED_FACE('',(#608),#497,.T.);
#3454=ADVANCED_FACE('',(#609),#498,.T.);
#3455=ADVANCED_FACE('',(#610),#499,.T.);
#3456=ADVANCED_FACE('',(#611),#500,.T.);
#3457=ADVANCED_FACE('',(#612,#430),#501,.T.);
#3458=ADVANCED_FACE('',(#613),#502,.T.);
#3459=ADVANCED_FACE('',(#614),#503,.T.);
#3460=ADVANCED_FACE('',(#615),#504,.T.);
#3461=ADVANCED_FACE('',(#616,#431,#432),#3333,.F.);
#3462=ADVANCED_FACE('',(#617),#3334,.F.);
#3463=ADVANCED_FACE('',(#618),#3335,.F.);
#3464=ADVANCED_FACE('',(#619,#433),#3336,.T.);
#3465=ADVANCED_FACE('',(#620),#3337,.T.);
#3466=ADVANCED_FACE('',(#621),#3338,.T.);
#3467=ADVANCED_FACE('',(#622,#434),#505,.T.);
#3468=ADVANCED_FACE('',(#623,#435),#3339,.T.);
#3469=ADVANCED_FACE('',(#624),#344,.T.);
#3470=ADVANCED_FACE('',(#625),#506,.T.);
#3471=ADVANCED_FACE('',(#626),#507,.T.);
#3472=ADVANCED_FACE('',(#627,#436),#508,.T.);
#3473=ADVANCED_FACE('',(#628),#509,.T.);
#3474=ADVANCED_FACE('',(#629),#510,.T.);
#3475=ADVANCED_FACE('',(#630),#511,.T.);
#3476=ADVANCED_FACE('',(#631),#3340,.F.);
#3477=ADVANCED_FACE('',(#632),#3341,.F.);
#3478=ADVANCED_FACE('',(#633),#3342,.F.);
#3479=ADVANCED_FACE('',(#634),#3343,.F.);
#3480=ADVANCED_FACE('',(#635,#437,#438,#439),#3344,.F.);
#3481=ADVANCED_FACE('',(#636,#440),#512,.T.);
#3482=ADVANCED_FACE('',(#637,#441,#442,#443),#3345,.T.);
#3483=ADVANCED_FACE('',(#638,#444),#513,.T.);
#3484=ADVANCED_FACE('',(#639),#3346,.F.);
#3485=ADVANCED_FACE('',(#640),#3347,.F.);
#3486=ADVANCED_FACE('',(#641),#3348,.F.);
#3487=ADVANCED_FACE('',(#642),#3349,.F.);
#3488=ADVANCED_FACE('',(#643),#3350,.F.);
#3489=ADVANCED_FACE('',(#644),#3351,.F.);
#3490=ADVANCED_FACE('',(#645),#3352,.F.);
#3491=ADVANCED_FACE('',(#646),#3353,.F.);
#3492=ADVANCED_FACE('',(#647),#345,.F.);
#3493=ADVANCED_FACE('',(#648),#3354,.F.);
#3494=ADVANCED_FACE('',(#649),#514,.F.);
#3495=ADVANCED_FACE('',(#650,#445,#446,#447),#3355,.F.);
#3496=ADVANCED_FACE('',(#651),#346,.T.);
#3497=ADVANCED_FACE('',(#652,#448,#449,#450),#3356,.F.);
#3498=ADVANCED_FACE('',(#653),#515,.T.);
#3499=ADVANCED_FACE('',(#654,#451,#452,#453),#3357,.T.);
#3500=ADVANCED_FACE('',(#655),#347,.F.);
#3501=ADVANCED_FACE('',(#656,#454),#516,.T.);
#3502=ADVANCED_FACE('',(#657),#3358,.T.);
#3503=ADVANCED_FACE('',(#658,#455),#517,.T.);
#3504=ADVANCED_FACE('',(#659),#348,.T.);
#3505=ADVANCED_FACE('',(#660,#456,#457,#458),#3359,.T.);
#3506=ADVANCED_FACE('',(#661,#459),#518,.T.);
#3507=ADVANCED_FACE('',(#662),#3360,.F.);
#3508=ADVANCED_FACE('',(#663),#3361,.F.);
#3509=ADVANCED_FACE('',(#664,#460,#461,#462,#463),#3362,.F.);
#3510=ADVANCED_FACE('',(#665),#3363,.F.);
#3511=ADVANCED_FACE('',(#666),#3364,.F.);
#3512=ADVANCED_FACE('',(#667,#464),#519,.T.);
#3513=ADVANCED_FACE('',(#668,#465,#466,#467,#468),#3365,.T.);
#3514=ADVANCED_FACE('',(#669,#469),#520,.T.);
#3515=CLOSED_SHELL('',(#3366,#3367,#3368,#3369,#3370,#3371,#3372));
#3516=CLOSED_SHELL('',(#3373,#3374,#3375,#3376,#3377,#3378,#3379,#3380));
#3517=CLOSED_SHELL('',(#3381,#3382,#3383,#3384,#3385,#3386,#3387,#3388,
#3389,#3390,#3391,#3392,#3393,#3394,#3395,#3396,#3397,#3398,#3399,#3400,
#3401));
#3518=CLOSED_SHELL('',(#3402,#3403,#3404,#3405,#3406,#3407,#3408,#3409,
#3410,#3411,#3412,#3413));
#3519=CLOSED_SHELL('',(#3414,#3415,#3416,#3417,#3418,#3419,#3420,#3421,
#3422,#3423,#3424,#3425,#3426,#3427,#3428,#3429,#3430,#3431,#3432,#3433));
#3520=CLOSED_SHELL('',(#3434,#3435,#3436,#3437,#3438,#3439,#3440,#3441,
#3442));
#3521=CLOSED_SHELL('',(#3443,#3444,#3445,#3446,#3447,#3448));
#3522=CLOSED_SHELL('',(#3449,#3450,#3451,#3452,#3453,#3454));
#3523=CLOSED_SHELL('',(#3455,#3456,#3457,#3458,#3459,#3460));
#3524=CLOSED_SHELL('',(#3461,#3462,#3463,#3464,#3465,#3466,#3467,#3468,
#3469));
#3525=CLOSED_SHELL('',(#3470,#3471,#3472,#3473,#3474,#3475));
#3526=CLOSED_SHELL('',(#3476,#3477,#3478,#3479,#3480,#3481,#3482,#3483));
#3527=CLOSED_SHELL('',(#3484,#3485,#3486,#3487,#3488,#3489,#3490,#3491,
#3492,#3493,#3494,#3495,#3496,#3497,#3498,#3499,#3500,#3501,#3502,#3503,
#3504,#3505,#3506));
#3528=CLOSED_SHELL('',(#3507,#3508,#3509,#3510,#3511,#3512,#3513,#3514));
#3529=DERIVED_UNIT_ELEMENT(#3543,1.);
#3530=DERIVED_UNIT_ELEMENT(#9526,-3.);
#3531=DERIVED_UNIT_ELEMENT(#3543,1.);
#3532=DERIVED_UNIT_ELEMENT(#9526,-3.);
#3533=DERIVED_UNIT_ELEMENT(#3543,1.);
#3534=DERIVED_UNIT_ELEMENT(#9526,-3.);
#3535=DERIVED_UNIT_ELEMENT(#3543,1.);
#3536=DERIVED_UNIT_ELEMENT(#9526,-3.);
#3537=DERIVED_UNIT_ELEMENT(#3543,1.);
#3538=DERIVED_UNIT_ELEMENT(#9526,-3.);
#3539=DERIVED_UNIT_ELEMENT(#3543,1.);
#3540=DERIVED_UNIT_ELEMENT(#9526,-3.);
#3541=DERIVED_UNIT_ELEMENT(#3543,1.);
#3542=DERIVED_UNIT_ELEMENT(#9526,-3.);
#3543=(
MASS_UNIT()
NAMED_UNIT(*)
SI_UNIT(.KILO.,.GRAM.)
);
#3544=DERIVED_UNIT((#3529,#3530));
#3545=DERIVED_UNIT((#3531,#3532));
#3546=DERIVED_UNIT((#3533,#3534));
#3547=DERIVED_UNIT((#3535,#3536));
#3548=DERIVED_UNIT((#3537,#3538));
#3549=DERIVED_UNIT((#3539,#3540));
#3550=DERIVED_UNIT((#3541,#3542));
#3551=MEASURE_REPRESENTATION_ITEM('density measure',
POSITIVE_RATIO_MEASURE(7850.),#3544);
#3552=MEASURE_REPRESENTATION_ITEM('density measure',
POSITIVE_RATIO_MEASURE(7850.),#3545);
#3553=MEASURE_REPRESENTATION_ITEM('density measure',
POSITIVE_RATIO_MEASURE(7850.),#3546);
#3554=MEASURE_REPRESENTATION_ITEM('density measure',
POSITIVE_RATIO_MEASURE(7850.),#3547);
#3555=MEASURE_REPRESENTATION_ITEM('density measure',
POSITIVE_RATIO_MEASURE(7850.),#3548);
#3556=MEASURE_REPRESENTATION_ITEM('density measure',
POSITIVE_RATIO_MEASURE(7850.),#3549);
#3557=MEASURE_REPRESENTATION_ITEM('density measure',
POSITIVE_RATIO_MEASURE(7850.),#3550);
#3558=PROPERTY_DEFINITION_REPRESENTATION(#3593,#3572);
#3559=PROPERTY_DEFINITION_REPRESENTATION(#3594,#3573);
#3560=PROPERTY_DEFINITION_REPRESENTATION(#3595,#3574);
#3561=PROPERTY_DEFINITION_REPRESENTATION(#3596,#3575);
#3562=PROPERTY_DEFINITION_REPRESENTATION(#3597,#3576);
#3563=PROPERTY_DEFINITION_REPRESENTATION(#3598,#3577);
#3564=PROPERTY_DEFINITION_REPRESENTATION(#3599,#3578);
#3565=PROPERTY_DEFINITION_REPRESENTATION(#3600,#3579);
#3566=PROPERTY_DEFINITION_REPRESENTATION(#3601,#3580);
#3567=PROPERTY_DEFINITION_REPRESENTATION(#3602,#3581);
#3568=PROPERTY_DEFINITION_REPRESENTATION(#3603,#3582);
#3569=PROPERTY_DEFINITION_REPRESENTATION(#3604,#3583);
#3570=PROPERTY_DEFINITION_REPRESENTATION(#3605,#3584);
#3571=PROPERTY_DEFINITION_REPRESENTATION(#3606,#3585);
#3572=REPRESENTATION('material name',(#3586),#9517);
#3573=REPRESENTATION('density',(#3551),#9517);
#3574=REPRESENTATION('material name',(#3587),#9518);
#3575=REPRESENTATION('density',(#3552),#9518);
#3576=REPRESENTATION('material name',(#3588),#9519);
#3577=REPRESENTATION('density',(#3553),#9519);
#3578=REPRESENTATION('material name',(#3589),#9520);
#3579=REPRESENTATION('density',(#3554),#9520);
#3580=REPRESENTATION('material name',(#3590),#9521);
#3581=REPRESENTATION('density',(#3555),#9521);
#3582=REPRESENTATION('material name',(#3591),#9522);
#3583=REPRESENTATION('density',(#3556),#9522);
#3584=REPRESENTATION('material name',(#3592),#9523);
#3585=REPRESENTATION('density',(#3557),#9523);
#3586=DESCRIPTIVE_REPRESENTATION_ITEM('\X2\94A2\X0\','\X2\94A2\X0\');
#3587=DESCRIPTIVE_REPRESENTATION_ITEM('\X2\94A2\X0\','\X2\94A2\X0\');
#3588=DESCRIPTIVE_REPRESENTATION_ITEM('\X2\94A2\X0\','\X2\94A2\X0\');
#3589=DESCRIPTIVE_REPRESENTATION_ITEM('\X2\94A2\X0\','\X2\94A2\X0\');
#3590=DESCRIPTIVE_REPRESENTATION_ITEM('\X2\94A2\X0\','\X2\94A2\X0\');
#3591=DESCRIPTIVE_REPRESENTATION_ITEM('\X2\94A2\X0\','\X2\94A2\X0\');
#3592=DESCRIPTIVE_REPRESENTATION_ITEM('\X2\94A2\X0\','\X2\94A2\X0\');
#3593=PROPERTY_DEFINITION('material property','material name',#9562);
#3594=PROPERTY_DEFINITION('material property','density of part',#9562);
#3595=PROPERTY_DEFINITION('material property','material name',#9563);
#3596=PROPERTY_DEFINITION('material property','density of part',#9563);
#3597=PROPERTY_DEFINITION('material property','material name',#9564);
#3598=PROPERTY_DEFINITION('material property','density of part',#9564);
#3599=PROPERTY_DEFINITION('material property','material name',#9565);
#3600=PROPERTY_DEFINITION('material property','density of part',#9565);
#3601=PROPERTY_DEFINITION('material property','material name',#9566);
#3602=PROPERTY_DEFINITION('material property','density of part',#9566);
#3603=PROPERTY_DEFINITION('material property','material name',#9567);
#3604=PROPERTY_DEFINITION('material property','density of part',#9567);
#3605=PROPERTY_DEFINITION('material property','material name',#9568);
#3606=PROPERTY_DEFINITION('material property','density of part',#9568);
#3607=AXIS2_PLACEMENT_3D('',#4491,#3843,#3844);
#3608=AXIS2_PLACEMENT_3D('',#4492,#3845,#3846);
#3609=AXIS2_PLACEMENT_3D('',#4493,#3847,#3848);
#3610=AXIS2_PLACEMENT_3D('',#4495,#3849,#3850);
#3611=AXIS2_PLACEMENT_3D('',#4498,#3852,#3853);
#3612=AXIS2_PLACEMENT_3D('',#4499,#3854,#3855);
#3613=AXIS2_PLACEMENT_3D('',#4501,#3856,#3857);
#3614=AXIS2_PLACEMENT_3D('',#4502,#3858,#3859);
#3615=AXIS2_PLACEMENT_3D('',#4504,#3860,#3861);
#3616=AXIS2_PLACEMENT_3D('',#4505,#3862,#3863);
#3617=AXIS2_PLACEMENT_3D('',#4508,#3865,#3866);
#3618=AXIS2_PLACEMENT_3D('',#4537,#3867,#3868);
#3619=AXIS2_PLACEMENT_3D('',#4566,#3869,#3870);
#3620=AXIS2_PLACEMENT_3D('',#4568,#3871,#3872);
#3621=AXIS2_PLACEMENT_3D('',#4569,#3873,#3874);
#3622=AXIS2_PLACEMENT_3D('',#4571,#3876,#3877);
#3623=AXIS2_PLACEMENT_3D('',#4572,#3878,#3879);
#3624=AXIS2_PLACEMENT_3D('',#4650,#3881,#3882);
#3625=AXIS2_PLACEMENT_3D('',#4728,#3884,#3885);
#3626=AXIS2_PLACEMENT_3D('',#4806,#3887,#3888);
#3627=AXIS2_PLACEMENT_3D('',#4890,#3890,#3891);
#3628=AXIS2_PLACEMENT_3D('',#4892,#3892,#3893);
#3629=AXIS2_PLACEMENT_3D('',#4896,#3896,#3897);
#3630=AXIS2_PLACEMENT_3D('',#4897,#3898,#3899);
#3631=AXIS2_PLACEMENT_3D('',#4899,#3900,#3901);
#3632=AXIS2_PLACEMENT_3D('',#4900,#3902,#3903);
#3633=AXIS2_PLACEMENT_3D('',#4902,#3904,#3905);
#3634=AXIS2_PLACEMENT_3D('',#4905,#3908,#3909);
#3635=AXIS2_PLACEMENT_3D('',#4906,#3910,#3911);
#3636=AXIS2_PLACEMENT_3D('',#4907,#3912,#3913);
#3637=AXIS2_PLACEMENT_3D('',#4985,#3915,#3916);
#3638=AXIS2_PLACEMENT_3D('',#5083,#3918,#3919);
#3639=AXIS2_PLACEMENT_3D('',#5161,#3921,#3922);
#3640=AXIS2_PLACEMENT_3D('',#5239,#3924,#3925);
#3641=AXIS2_PLACEMENT_3D('',#5317,#3927,#3928);
#3642=AXIS2_PLACEMENT_3D('',#5401,#3930,#3931);
#3643=AXIS2_PLACEMENT_3D('',#5479,#3933,#3934);
#3644=AXIS2_PLACEMENT_3D('',#5557,#3936,#3937);
#3645=AXIS2_PLACEMENT_3D('',#5559,#3938,#3939);
#3646=AXIS2_PLACEMENT_3D('',#5563,#3942,#3943);
#3647=AXIS2_PLACEMENT_3D('',#5564,#3944,#3945);
#3648=AXIS2_PLACEMENT_3D('',#5566,#3946,#3947);
#3649=AXIS2_PLACEMENT_3D('',#5567,#3948,#3949);
#3650=AXIS2_PLACEMENT_3D('',#5570,#3951,#3952);
#3651=AXIS2_PLACEMENT_3D('',#5571,#3953,#3954);
#3652=AXIS2_PLACEMENT_3D('',#5573,#3955,#3956);
#3653=AXIS2_PLACEMENT_3D('',#5574,#3957,#3958);
#3654=AXIS2_PLACEMENT_3D('',#5578,#3961,#3962);
#3655=AXIS2_PLACEMENT_3D('',#5579,#3963,#3964);
#3656=AXIS2_PLACEMENT_3D('',#5580,#3965,#3966);
#3657=AXIS2_PLACEMENT_3D('',#5582,#3967,#3968);
#3658=AXIS2_PLACEMENT_3D('',#5586,#3971,#3972);
#3659=AXIS2_PLACEMENT_3D('',#5587,#3973,#3974);
#3660=AXIS2_PLACEMENT_3D('',#5589,#3975,#3976);
#3661=AXIS2_PLACEMENT_3D('',#5590,#3977,#3978);
#3662=AXIS2_PLACEMENT_3D('',#5592,#3979,#3980);
#3663=AXIS2_PLACEMENT_3D('',#5594,#3982,#3983);
#3664=AXIS2_PLACEMENT_3D('',#5596,#3984,#3985);
#3665=AXIS2_PLACEMENT_3D('',#5597,#3986,#3987);
#3666=AXIS2_PLACEMENT_3D('',#5599,#3988,#3989);
#3667=AXIS2_PLACEMENT_3D('',#5602,#3992,#3993);
#3668=AXIS2_PLACEMENT_3D('',#5603,#3994,#3995);
#3669=AXIS2_PLACEMENT_3D('',#5604,#3996,#3997);
#3670=AXIS2_PLACEMENT_3D('',#5605,#3998,#3999);
#3671=AXIS2_PLACEMENT_3D('',#5683,#4001,#4002);
#3672=AXIS2_PLACEMENT_3D('',#5781,#4004,#4005);
#3673=AXIS2_PLACEMENT_3D('',#5859,#4007,#4008);
#3674=AXIS2_PLACEMENT_3D('',#5937,#4010,#4011);
#3675=AXIS2_PLACEMENT_3D('',#6015,#4013,#4014);
#3676=AXIS2_PLACEMENT_3D('',#6113,#4016,#4017);
#3677=AXIS2_PLACEMENT_3D('',#6191,#4019,#4020);
#3678=AXIS2_PLACEMENT_3D('',#6269,#4022,#4023);
#3679=AXIS2_PLACEMENT_3D('',#6271,#4024,#4025);
#3680=AXIS2_PLACEMENT_3D('',#6273,#4026,#4027);
#3681=AXIS2_PLACEMENT_3D('',#6274,#4028,#4029);
#3682=AXIS2_PLACEMENT_3D('',#6276,#4030,#4031);
#3683=AXIS2_PLACEMENT_3D('',#6280,#4035,#4036);
#3684=AXIS2_PLACEMENT_3D('',#6282,#4037,#4038);
#3685=AXIS2_PLACEMENT_3D('',#6283,#4039,#4040);
#3686=AXIS2_PLACEMENT_3D('',#6287,#4044,#4045);
#3687=AXIS2_PLACEMENT_3D('',#6288,#4046,#4047);
#3688=AXIS2_PLACEMENT_3D('',#6366,#4049,#4050);
#3689=AXIS2_PLACEMENT_3D('',#6444,#4052,#4053);
#3690=AXIS2_PLACEMENT_3D('',#6522,#4055,#4056);
#3691=AXIS2_PLACEMENT_3D('',#6600,#4058,#4059);
#3692=AXIS2_PLACEMENT_3D('',#6678,#4061,#4062);
#3693=AXIS2_PLACEMENT_3D('',#6756,#4064,#4065);
#3694=AXIS2_PLACEMENT_3D('',#6834,#4067,#4068);
#3695=AXIS2_PLACEMENT_3D('',#6912,#4070,#4071);
#3696=AXIS2_PLACEMENT_3D('',#6990,#4073,#4074);
#3697=AXIS2_PLACEMENT_3D('',#7088,#4076,#4077);
#3698=AXIS2_PLACEMENT_3D('',#7166,#4079,#4080);
#3699=AXIS2_PLACEMENT_3D('',#7264,#4082,#4083);
#3700=AXIS2_PLACEMENT_3D('',#7342,#4085,#4086);
#3701=AXIS2_PLACEMENT_3D('',#7420,#4088,#4089);
#3702=AXIS2_PLACEMENT_3D('',#7498,#4091,#4092);
#3703=AXIS2_PLACEMENT_3D('',#7576,#4094,#4095);
#3704=AXIS2_PLACEMENT_3D('',#7578,#4096,#4097);
#3705=AXIS2_PLACEMENT_3D('',#7580,#4098,#4099);
#3706=AXIS2_PLACEMENT_3D('',#7581,#4100,#4101);
#3707=AXIS2_PLACEMENT_3D('',#7586,#4105,#4106);
#3708=AXIS2_PLACEMENT_3D('',#7587,#4107,#4108);
#3709=AXIS2_PLACEMENT_3D('',#7589,#4109,#4110);
#3710=AXIS2_PLACEMENT_3D('',#7590,#4111,#4112);
#3711=AXIS2_PLACEMENT_3D('',#7594,#4116,#4117);
#3712=AXIS2_PLACEMENT_3D('',#7595,#4118,#4119);
#3713=AXIS2_PLACEMENT_3D('',#7597,#4120,#4121);
#3714=AXIS2_PLACEMENT_3D('',#7600,#4123,#4124);
#3715=AXIS2_PLACEMENT_3D('',#7677,#4125,#4126);
#3716=AXIS2_PLACEMENT_3D('',#7717,#4128,#4129);
#3717=AXIS2_PLACEMENT_3D('',#7757,#4131,#4132);
#3718=AXIS2_PLACEMENT_3D('',#7762,#4134,#4135);
#3719=AXIS2_PLACEMENT_3D('',#7765,#4137,#4138);
#3720=AXIS2_PLACEMENT_3D('',#7766,#4139,#4140);
#3721=AXIS2_PLACEMENT_3D('',#7768,#4141,#4142);
#3722=AXIS2_PLACEMENT_3D('',#7771,#4144,#4145);
#3723=AXIS2_PLACEMENT_3D('',#7772,#4146,#4147);
#3724=AXIS2_PLACEMENT_3D('',#7774,#4148,#4149);
#3725=AXIS2_PLACEMENT_3D('',#7777,#4151,#4152);
#3726=AXIS2_PLACEMENT_3D('',#7778,#4153,#4154);
#3727=AXIS2_PLACEMENT_3D('',#7779,#4155,#4156);
#3728=AXIS2_PLACEMENT_3D('',#7780,#4157,#4158);
#3729=AXIS2_PLACEMENT_3D('',#7781,#4159,#4160);
#3730=AXIS2_PLACEMENT_3D('',#7782,#4161,#4162);
#3731=AXIS2_PLACEMENT_3D('',#7783,#4163,#4164);
#3732=AXIS2_PLACEMENT_3D('',#7792,#4169,#4170);
#3733=AXIS2_PLACEMENT_3D('',#7800,#4175,#4176);
#3734=AXIS2_PLACEMENT_3D('',#7809,#4181,#4182);
#3735=AXIS2_PLACEMENT_3D('',#7813,#4185,#4186);
#3736=AXIS2_PLACEMENT_3D('',#7815,#4188,#4189);
#3737=AXIS2_PLACEMENT_3D('',#7816,#4190,#4191);
#3738=AXIS2_PLACEMENT_3D('',#7825,#4196,#4197);
#3739=AXIS2_PLACEMENT_3D('',#7831,#4201,#4202);
#3740=AXIS2_PLACEMENT_3D('',#7835,#4205,#4206);
#3741=AXIS2_PLACEMENT_3D('',#7846,#4212,#4213);
#3742=AXIS2_PLACEMENT_3D('',#7848,#4215,#4216);
#3743=AXIS2_PLACEMENT_3D('',#7849,#4217,#4218);
#3744=AXIS2_PLACEMENT_3D('',#7858,#4223,#4224);
#3745=AXIS2_PLACEMENT_3D('',#7866,#4229,#4230);
#3746=AXIS2_PLACEMENT_3D('',#7875,#4235,#4236);
#3747=AXIS2_PLACEMENT_3D('',#7879,#4239,#4240);
#3748=AXIS2_PLACEMENT_3D('',#7881,#4242,#4243);
#3749=AXIS2_PLACEMENT_3D('',#7882,#4244,#4245);
#3750=AXIS2_PLACEMENT_3D('',#7884,#4246,#4247);
#3751=AXIS2_PLACEMENT_3D('',#7887,#4249,#4250);
#3752=AXIS2_PLACEMENT_3D('',#7964,#4251,#4252);
#3753=AXIS2_PLACEMENT_3D('',#8004,#4254,#4255);
#3754=AXIS2_PLACEMENT_3D('',#8044,#4257,#4258);
#3755=AXIS2_PLACEMENT_3D('',#8049,#4260,#4261);
#3756=AXIS2_PLACEMENT_3D('',#8052,#4263,#4264);
#3757=AXIS2_PLACEMENT_3D('',#8053,#4265,#4266);
#3758=AXIS2_PLACEMENT_3D('',#8057,#4268,#4269);
#3759=AXIS2_PLACEMENT_3D('',#8058,#4270,#4271);
#3760=AXIS2_PLACEMENT_3D('',#8059,#4272,#4273);
#3761=AXIS2_PLACEMENT_3D('',#8063,#4275,#4276);
#3762=AXIS2_PLACEMENT_3D('',#8064,#4277,#4278);
#3763=AXIS2_PLACEMENT_3D('',#8065,#4279,#4280);
#3764=AXIS2_PLACEMENT_3D('',#8066,#4281,#4282);
#3765=AXIS2_PLACEMENT_3D('',#8067,#4283,#4284);
#3766=AXIS2_PLACEMENT_3D('',#8068,#4285,#4286);
#3767=AXIS2_PLACEMENT_3D('',#8069,#4287,#4288);
#3768=AXIS2_PLACEMENT_3D('',#8071,#4290,#4291);
#3769=AXIS2_PLACEMENT_3D('',#8080,#4296,#4297);
#3770=AXIS2_PLACEMENT_3D('',#8088,#4302,#4303);
#3771=AXIS2_PLACEMENT_3D('',#8097,#4308,#4309);
#3772=AXIS2_PLACEMENT_3D('',#8101,#4312,#4313);
#3773=AXIS2_PLACEMENT_3D('',#8103,#4315,#4316);
#3774=AXIS2_PLACEMENT_3D('',#8104,#4317,#4318);
#3775=AXIS2_PLACEMENT_3D('',#8105,#4319,#4320);
#3776=AXIS2_PLACEMENT_3D('',#8183,#4322,#4323);
#3777=AXIS2_PLACEMENT_3D('',#8281,#4325,#4326);
#3778=AXIS2_PLACEMENT_3D('',#8359,#4328,#4329);
#3779=AXIS2_PLACEMENT_3D('',#8437,#4331,#4332);
#3780=AXIS2_PLACEMENT_3D('',#8439,#4333,#4334);
#3781=AXIS2_PLACEMENT_3D('',#8443,#4337,#4338);
#3782=AXIS2_PLACEMENT_3D('',#8444,#4339,#4340);
#3783=AXIS2_PLACEMENT_3D('',#8446,#4341,#4342);
#3784=AXIS2_PLACEMENT_3D('',#8447,#4343,#4344);
#3785=AXIS2_PLACEMENT_3D('',#8449,#4345,#4346);
#3786=AXIS2_PLACEMENT_3D('',#8452,#4349,#4350);
#3787=AXIS2_PLACEMENT_3D('',#8453,#4351,#4352);
#3788=AXIS2_PLACEMENT_3D('',#8531,#4354,#4355);
#3789=AXIS2_PLACEMENT_3D('',#8629,#4357,#4358);
#3790=AXIS2_PLACEMENT_3D('',#8707,#4360,#4361);
#3791=AXIS2_PLACEMENT_3D('',#8805,#4363,#4364);
#3792=AXIS2_PLACEMENT_3D('',#8883,#4366,#4367);
#3793=AXIS2_PLACEMENT_3D('',#8961,#4369,#4370);
#3794=AXIS2_PLACEMENT_3D('',#9039,#4372,#4373);
#3795=AXIS2_PLACEMENT_3D('',#9117,#4375,#4376);
#3796=AXIS2_PLACEMENT_3D('',#9119,#4377,#4378);
#3797=AXIS2_PLACEMENT_3D('',#9122,#4380,#4381);
#3798=AXIS2_PLACEMENT_3D('',#9123,#4382,#4383);
#3799=AXIS2_PLACEMENT_3D('',#9125,#4384,#4385);
#3800=AXIS2_PLACEMENT_3D('',#9127,#4387,#4388);
#3801=AXIS2_PLACEMENT_3D('',#9129,#4389,#4390);
#3802=AXIS2_PLACEMENT_3D('',#9130,#4391,#4392);
#3803=AXIS2_PLACEMENT_3D('',#9134,#4395,#4396);
#3804=AXIS2_PLACEMENT_3D('',#9135,#4397,#4398);
#3805=AXIS2_PLACEMENT_3D('',#9137,#4400,#4401);
#3806=AXIS2_PLACEMENT_3D('',#9141,#4404,#4405);
#3807=AXIS2_PLACEMENT_3D('',#9142,#4406,#4407);
#3808=AXIS2_PLACEMENT_3D('',#9144,#4408,#4409);
#3809=AXIS2_PLACEMENT_3D('',#9145,#4410,#4411);
#3810=AXIS2_PLACEMENT_3D('',#9147,#4412,#4413);
#3811=AXIS2_PLACEMENT_3D('',#9150,#4416,#4417);
#3812=AXIS2_PLACEMENT_3D('',#9153,#4419,#4420);
#3813=AXIS2_PLACEMENT_3D('',#9154,#4421,#4422);
#3814=AXIS2_PLACEMENT_3D('',#9156,#4423,#4424);
#3815=AXIS2_PLACEMENT_3D('',#9157,#4425,#4426);
#3816=AXIS2_PLACEMENT_3D('',#9159,#4427,#4428);
#3817=AXIS2_PLACEMENT_3D('',#9161,#4430,#4431);
#3818=AXIS2_PLACEMENT_3D('',#9163,#4432,#4433);
#3819=AXIS2_PLACEMENT_3D('',#9164,#4434,#4435);
#3820=AXIS2_PLACEMENT_3D('',#9166,#4436,#4437);
#3821=AXIS2_PLACEMENT_3D('',#9168,#4439,#4440);
#3822=AXIS2_PLACEMENT_3D('',#9170,#4441,#4442);
#3823=AXIS2_PLACEMENT_3D('',#9173,#4445,#4446);
#3824=AXIS2_PLACEMENT_3D('',#9174,#4447,#4448);
#3825=AXIS2_PLACEMENT_3D('',#9252,#4450,#4451);
#3826=AXIS2_PLACEMENT_3D('',#9330,#4453,#4454);
#3827=AXIS2_PLACEMENT_3D('',#9332,#4455,#4456);
#3828=AXIS2_PLACEMENT_3D('',#9335,#4458,#4459);
#3829=AXIS2_PLACEMENT_3D('',#9412,#4460,#4461);
#3830=AXIS2_PLACEMENT_3D('',#9452,#4463,#4464);
#3831=AXIS2_PLACEMENT_3D('',#9492,#4466,#4467);
#3832=AXIS2_PLACEMENT_3D('',#9494,#4468,#4469);
#3833=AXIS2_PLACEMENT_3D('',#9495,#4470,#4471);
#3834=AXIS2_PLACEMENT_3D('',#9497,#4472,#4473);
#3835=AXIS2_PLACEMENT_3D('',#9499,#4475,#4476);
#3836=AXIS2_PLACEMENT_3D('',#9500,#4477,#4478);
#3837=AXIS2_PLACEMENT_3D('',#9501,#4479,#4480);
#3838=AXIS2_PLACEMENT_3D('',#9502,#4481,#4482);
#3839=AXIS2_PLACEMENT_3D('',#9503,#4483,#4484);
#3840=AXIS2_PLACEMENT_3D('',#9504,#4485,#4486);
#3841=AXIS2_PLACEMENT_3D('',#9505,#4487,#4488);
#3842=AXIS2_PLACEMENT_3D('',#9506,#4489,#4490);
#3843=DIRECTION('axis',(0.,0.,1.));
#3844=DIRECTION('refdir',(1.,0.,0.));
#3845=DIRECTION('axis',(0.,0.,1.));
#3846=DIRECTION('refdir',(1.,0.,0.));
#3847=DIRECTION('center_axis',(1.,0.,0.));
#3848=DIRECTION('ref_axis',(0.,0.,-1.));
#3849=DIRECTION('center_axis',(1.,0.,0.));
#3850=DIRECTION('ref_axis',(0.,0.,-1.));
#3851=DIRECTION('',(1.,0.,0.));
#3852=DIRECTION('center_axis',(1.,0.,0.));
#3853=DIRECTION('ref_axis',(0.,0.,-1.));
#3854=DIRECTION('center_axis',(-1.,0.,0.));
#3855=DIRECTION('ref_axis',(0.,0.,1.));
#3856=DIRECTION('center_axis',(1.,0.,0.));
#3857=DIRECTION('ref_axis',(0.,0.,-1.));
#3858=DIRECTION('center_axis',(1.,0.,0.));
#3859=DIRECTION('ref_axis',(0.,0.,-1.));
#3860=DIRECTION('center_axis',(1.,0.,0.));
#3861=DIRECTION('ref_axis',(0.,0.,-1.));
#3862=DIRECTION('center_axis',(1.,0.,0.));
#3863=DIRECTION('ref_axis',(0.,0.,-1.));
#3864=DIRECTION('',(-1.,0.,0.));
#3865=DIRECTION('center_axis',(1.,0.,0.));
#3866=DIRECTION('ref_axis',(0.,0.,-1.));
#3867=DIRECTION('center_axis',(0.,-1.,-1.22464679914735E-16));
#3868=DIRECTION('ref_axis',(0.,-1.22464679914735E-16,1.));
#3869=DIRECTION('center_axis',(1.,0.,0.));
#3870=DIRECTION('ref_axis',(0.,0.,-1.));
#3871=DIRECTION('center_axis',(0.,-1.,-1.22464679914735E-16));
#3872=DIRECTION('ref_axis',(0.,-1.22464679914735E-16,1.));
#3873=DIRECTION('center_axis',(-1.,0.,0.));
#3874=DIRECTION('ref_axis',(0.,0.,-1.));
#3875=DIRECTION('',(-0.0119118179238484,-1.22455991263689E-16,0.99992905178005));
#3876=DIRECTION('axis',(0.,0.,1.));
#3877=DIRECTION('refdir',(1.,0.,0.));
#3878=DIRECTION('center_axis',(0.,1.,0.));
#3879=DIRECTION('ref_axis',(1.,0.,0.));
#3880=DIRECTION('',(0.,1.,0.));
#3881=DIRECTION('center_axis',(0.,1.,0.));
#3882=DIRECTION('ref_axis',(1.,0.,0.));
#3883=DIRECTION('',(0.,1.,0.));
#3884=DIRECTION('center_axis',(0.,2.22044604925031E-16,1.));
#3885=DIRECTION('ref_axis',(1.,0.,0.));
#3886=DIRECTION('',(0.,2.22044604925031E-16,1.));
#3887=DIRECTION('center_axis',(0.,2.22044604925031E-16,1.));
#3888=DIRECTION('ref_axis',(1.,0.,0.));
#3889=DIRECTION('',(0.,2.22044604925031E-16,1.));
#3890=DIRECTION('center_axis',(1.,0.,0.));
#3891=DIRECTION('ref_axis',(0.,0.,-1.));
#3892=DIRECTION('center_axis',(1.,0.,0.));
#3893=DIRECTION('ref_axis',(0.,0.,-1.));
#3894=DIRECTION('',(-1.,0.,0.));
#3895=DIRECTION('',(-1.,0.,0.));
#3896=DIRECTION('center_axis',(1.,0.,0.));
#3897=DIRECTION('ref_axis',(0.,0.,-1.));
#3898=DIRECTION('center_axis',(-1.,0.,0.));
#3899=DIRECTION('ref_axis',(0.,0.,1.));
#3900=DIRECTION('center_axis',(1.,0.,0.));
#3901=DIRECTION('ref_axis',(0.,0.,-1.));
#3902=DIRECTION('center_axis',(1.,0.,0.));
#3903=DIRECTION('ref_axis',(0.,0.,-1.));
#3904=DIRECTION('center_axis',(1.,0.,0.));
#3905=DIRECTION('ref_axis',(0.,0.,-1.));
#3906=DIRECTION('',(-1.,0.,0.));
#3907=DIRECTION('',(-1.,0.,0.));
#3908=DIRECTION('center_axis',(1.,0.,0.));
#3909=DIRECTION('ref_axis',(0.,0.,-1.));
#3910=DIRECTION('axis',(0.,0.,1.));
#3911=DIRECTION('refdir',(1.,0.,0.));
#3912=DIRECTION('center_axis',(0.,2.22044604925031E-16,1.));
#3913=DIRECTION('ref_axis',(1.,0.,0.));
#3914=DIRECTION('',(0.,2.22044604925031E-16,1.));
#3915=DIRECTION('center_axis',(0.,2.22044604925031E-16,1.));
#3916=DIRECTION('ref_axis',(1.,0.,0.));
#3917=DIRECTION('',(0.,2.22044604925031E-16,1.));
#3918=DIRECTION('center_axis',(0.,1.,0.));
#3919=DIRECTION('ref_axis',(1.,0.,0.));
#3920=DIRECTION('',(0.,1.,0.));
#3921=DIRECTION('center_axis',(0.,1.,0.));
#3922=DIRECTION('ref_axis',(1.,0.,0.));
#3923=DIRECTION('',(0.,1.,0.));
#3924=DIRECTION('center_axis',(0.,2.22044604925031E-16,1.));
#3925=DIRECTION('ref_axis',(1.,0.,0.));
#3926=DIRECTION('',(0.,2.22044604925031E-16,1.));
#3927=DIRECTION('center_axis',(0.,2.22044604925031E-16,1.));
#3928=DIRECTION('ref_axis',(1.,0.,0.));
#3929=DIRECTION('',(0.,2.22044604925031E-16,1.));
#3930=DIRECTION('center_axis',(0.,1.,0.));
#3931=DIRECTION('ref_axis',(1.,0.,0.));
#3932=DIRECTION('',(0.,1.,0.));
#3933=DIRECTION('center_axis',(0.,1.,0.));
#3934=DIRECTION('ref_axis',(1.,0.,0.));
#3935=DIRECTION('',(0.,1.,0.));
#3936=DIRECTION('center_axis',(1.,0.,0.));
#3937=DIRECTION('ref_axis',(0.,0.,-1.));
#3938=DIRECTION('center_axis',(1.,0.,0.));
#3939=DIRECTION('ref_axis',(0.,0.,-1.));
#3940=DIRECTION('',(1.,0.,0.));
#3941=DIRECTION('',(1.,0.,0.));
#3942=DIRECTION('center_axis',(1.,0.,0.));
#3943=DIRECTION('ref_axis',(0.,0.,-1.));
#3944=DIRECTION('center_axis',(-1.,0.,0.));
#3945=DIRECTION('ref_axis',(0.,0.,1.));
#3946=DIRECTION('center_axis',(-1.,0.,0.));
#3947=DIRECTION('ref_axis',(0.,0.,-1.));
#3948=DIRECTION('center_axis',(1.,0.,0.));
#3949=DIRECTION('ref_axis',(0.,0.,-1.));
#3950=DIRECTION('',(1.,0.,0.));
#3951=DIRECTION('center_axis',(-1.,0.,0.));
#3952=DIRECTION('ref_axis',(0.,0.,-1.));
#3953=DIRECTION('center_axis',(1.,0.,0.));
#3954=DIRECTION('ref_axis',(0.,0.,-1.));
#3955=DIRECTION('center_axis',(1.,0.,0.));
#3956=DIRECTION('ref_axis',(0.,0.,-1.));
#3957=DIRECTION('center_axis',(1.,0.,0.));
#3958=DIRECTION('ref_axis',(0.,0.,-1.));
#3959=DIRECTION('',(1.,0.,0.));
#3960=DIRECTION('',(1.,0.,0.));
#3961=DIRECTION('center_axis',(-1.,0.,0.));
#3962=DIRECTION('ref_axis',(0.,0.,-1.));
#3963=DIRECTION('center_axis',(-1.,0.,0.));
#3964=DIRECTION('ref_axis',(0.,0.,1.));
#3965=DIRECTION('center_axis',(1.,0.,0.));
#3966=DIRECTION('ref_axis',(0.,0.,-1.));
#3967=DIRECTION('center_axis',(1.,0.,0.));
#3968=DIRECTION('ref_axis',(0.,0.,-1.));
#3969=DIRECTION('',(-1.,0.,0.));
#3970=DIRECTION('',(-1.,0.,0.));
#3971=DIRECTION('center_axis',(1.,0.,0.));
#3972=DIRECTION('ref_axis',(0.,0.,-1.));
#3973=DIRECTION('center_axis',(-1.,0.,0.));
#3974=DIRECTION('ref_axis',(0.,0.,1.));
#3975=DIRECTION('center_axis',(1.,0.,0.));
#3976=DIRECTION('ref_axis',(0.,0.,-1.));
#3977=DIRECTION('center_axis',(1.,0.,0.));
#3978=DIRECTION('ref_axis',(0.,0.,-1.));
#3979=DIRECTION('center_axis',(1.,0.,0.));
#3980=DIRECTION('ref_axis',(0.,0.,-1.));
#3981=DIRECTION('',(-1.,0.,0.));
#3982=DIRECTION('center_axis',(1.,0.,0.));
#3983=DIRECTION('ref_axis',(0.,0.,-1.));
#3984=DIRECTION('center_axis',(1.,0.,0.));
#3985=DIRECTION('ref_axis',(0.,0.,-1.));
#3986=DIRECTION('center_axis',(1.,0.,0.));
#3987=DIRECTION('ref_axis',(0.,0.,-1.));
#3988=DIRECTION('center_axis',(1.,0.,0.));
#3989=DIRECTION('ref_axis',(0.,0.,-1.));
#3990=DIRECTION('',(-1.,0.,0.));
#3991=DIRECTION('',(-1.,0.,0.));
#3992=DIRECTION('center_axis',(1.,0.,0.));
#3993=DIRECTION('ref_axis',(0.,0.,-1.));
#3994=DIRECTION('center_axis',(-1.,0.,0.));
#3995=DIRECTION('ref_axis',(0.,0.,1.));
#3996=DIRECTION('axis',(0.,0.,1.));
#3997=DIRECTION('refdir',(1.,0.,0.));
#3998=DIRECTION('center_axis',(0.,2.22044604925031E-16,1.));
#3999=DIRECTION('ref_axis',(1.,0.,0.));
#4000=DIRECTION('',(0.,2.22044604925031E-16,1.));
#4001=DIRECTION('center_axis',(0.,2.22044604925031E-16,1.));
#4002=DIRECTION('ref_axis',(1.,0.,0.));
#4003=DIRECTION('',(0.,2.22044604925031E-16,1.));
#4004=DIRECTION('center_axis',(0.,1.,0.));
#4005=DIRECTION('ref_axis',(1.,0.,0.));
#4006=DIRECTION('',(0.,1.,0.));
#4007=DIRECTION('center_axis',(0.,1.,0.));
#4008=DIRECTION('ref_axis',(1.,0.,0.));
#4009=DIRECTION('',(0.,1.,0.));
#4010=DIRECTION('center_axis',(0.,2.22044604925031E-16,1.));
#4011=DIRECTION('ref_axis',(1.,0.,0.));
#4012=DIRECTION('',(0.,2.22044604925031E-16,1.));
#4013=DIRECTION('center_axis',(0.,2.22044604925031E-16,1.));
#4014=DIRECTION('ref_axis',(1.,0.,0.));
#4015=DIRECTION('',(0.,2.22044604925031E-16,1.));
#4016=DIRECTION('center_axis',(0.,1.,0.));
#4017=DIRECTION('ref_axis',(1.,0.,0.));
#4018=DIRECTION('',(0.,1.,0.));
#4019=DIRECTION('center_axis',(0.,1.,0.));
#4020=DIRECTION('ref_axis',(1.,0.,0.));
#4021=DIRECTION('',(0.,1.,0.));
#4022=DIRECTION('center_axis',(-1.,0.,0.));
#4023=DIRECTION('ref_axis',(0.,0.,1.));
#4024=DIRECTION('center_axis',(1.,0.,0.));
#4025=DIRECTION('ref_axis',(0.,0.,-1.));
#4026=DIRECTION('center_axis',(1.,0.,0.));
#4027=DIRECTION('ref_axis',(0.,0.,-1.));
#4028=DIRECTION('center_axis',(1.,0.,0.));
#4029=DIRECTION('ref_axis',(0.,0.,-1.));
#4030=DIRECTION('center_axis',(1.,0.,0.));
#4031=DIRECTION('ref_axis',(0.,0.,-1.));
#4032=DIRECTION('',(-1.,0.,0.));
#4033=DIRECTION('',(-1.,0.,0.));
#4034=DIRECTION('',(-1.,0.,0.));
#4035=DIRECTION('center_axis',(1.,0.,0.));
#4036=DIRECTION('ref_axis',(0.,0.,-1.));
#4037=DIRECTION('center_axis',(1.,0.,0.));
#4038=DIRECTION('ref_axis',(0.,0.,-1.));
#4039=DIRECTION('center_axis',(1.,0.,0.));
#4040=DIRECTION('ref_axis',(0.,0.,-1.));
#4041=DIRECTION('',(-1.,0.,0.));
#4042=DIRECTION('',(-1.,0.,0.));
#4043=DIRECTION('',(-1.,0.,0.));
#4044=DIRECTION('axis',(0.,0.,1.));
#4045=DIRECTION('refdir',(1.,0.,0.));
#4046=DIRECTION('center_axis',(0.,0.707106781186548,0.707106781186547));
#4047=DIRECTION('ref_axis',(1.,0.,0.));
#4048=DIRECTION('',(0.,0.707106781186548,0.707106781186547));
#4049=DIRECTION('center_axis',(0.,0.707106781186548,0.707106781186547));
#4050=DIRECTION('ref_axis',(1.,0.,0.));
#4051=DIRECTION('',(0.,0.707106781186548,0.707106781186547));
#4052=DIRECTION('center_axis',(0.,0.707106781186548,0.707106781186547));
#4053=DIRECTION('ref_axis',(1.,0.,0.));
#4054=DIRECTION('',(0.,0.707106781186548,0.707106781186547));
#4055=DIRECTION('center_axis',(0.,0.707106781186548,0.707106781186547));
#4056=DIRECTION('ref_axis',(1.,0.,0.));
#4057=DIRECTION('',(0.,0.707106781186548,0.707106781186547));
#4058=DIRECTION('center_axis',(0.,0.707106781186548,0.707106781186547));
#4059=DIRECTION('ref_axis',(1.,0.,0.));
#4060=DIRECTION('',(0.,0.707106781186548,0.707106781186547));
#4061=DIRECTION('center_axis',(0.,0.707106781186548,0.707106781186547));
#4062=DIRECTION('ref_axis',(1.,0.,0.));
#4063=DIRECTION('',(0.,0.707106781186548,0.707106781186547));
#4064=DIRECTION('center_axis',(0.,0.707106781186547,-0.707106781186548));
#4065=DIRECTION('ref_axis',(1.,0.,0.));
#4066=DIRECTION('',(0.,0.707106781186547,-0.707106781186548));
#4067=DIRECTION('center_axis',(0.,0.707106781186547,-0.707106781186548));
#4068=DIRECTION('ref_axis',(1.,0.,0.));
#4069=DIRECTION('',(0.,0.707106781186547,-0.707106781186548));
#4070=DIRECTION('center_axis',(0.,2.22044604925031E-16,1.));
#4071=DIRECTION('ref_axis',(1.,0.,0.));
#4072=DIRECTION('',(0.,2.22044604925031E-16,1.));
#4073=DIRECTION('center_axis',(0.,2.22044604925031E-16,1.));
#4074=DIRECTION('ref_axis',(1.,0.,0.));
#4075=DIRECTION('',(0.,2.22044604925031E-16,1.));
#4076=DIRECTION('center_axis',(0.,2.22044604925031E-16,1.));
#4077=DIRECTION('ref_axis',(1.,0.,0.));
#4078=DIRECTION('',(0.,2.22044604925031E-16,1.));
#4079=DIRECTION('center_axis',(0.,2.22044604925031E-16,1.));
#4080=DIRECTION('ref_axis',(1.,0.,0.));
#4081=DIRECTION('',(0.,2.22044604925031E-16,1.));
#4082=DIRECTION('center_axis',(0.,1.,0.));
#4083=DIRECTION('ref_axis',(1.,0.,0.));
#4084=DIRECTION('',(0.,1.,0.));
#4085=DIRECTION('center_axis',(0.,1.,0.));
#4086=DIRECTION('ref_axis',(1.,0.,0.));
#4087=DIRECTION('',(0.,1.,0.));
#4088=DIRECTION('center_axis',(0.,1.,0.));
#4089=DIRECTION('ref_axis',(1.,0.,0.));
#4090=DIRECTION('',(0.,1.,0.));
#4091=DIRECTION('center_axis',(0.,1.,0.));
#4092=DIRECTION('ref_axis',(1.,0.,0.));
#4093=DIRECTION('',(0.,1.,0.));
#4094=DIRECTION('center_axis',(1.,0.,0.));
#4095=DIRECTION('ref_axis',(0.,0.,-1.));
#4096=DIRECTION('center_axis',(1.,0.,0.));
#4097=DIRECTION('ref_axis',(0.,0.,-1.));
#4098=DIRECTION('center_axis',(1.,0.,0.));
#4099=DIRECTION('ref_axis',(0.,0.,-1.));
#4100=DIRECTION('center_axis',(1.,0.,0.));
#4101=DIRECTION('ref_axis',(0.,0.,-1.));
#4102=DIRECTION('',(-1.,0.,0.));
#4103=DIRECTION('',(-1.,0.,0.));
#4104=DIRECTION('',(-1.,0.,0.));
#4105=DIRECTION('center_axis',(1.,0.,0.));
#4106=DIRECTION('ref_axis',(0.,0.,-1.));
#4107=DIRECTION('center_axis',(-1.,0.,0.));
#4108=DIRECTION('ref_axis',(0.,0.,1.));
#4109=DIRECTION('center_axis',(1.,0.,0.));
#4110=DIRECTION('ref_axis',(0.,0.,-1.));
#4111=DIRECTION('center_axis',(1.,0.,0.));
#4112=DIRECTION('ref_axis',(0.,0.,-1.));
#4113=DIRECTION('',(-1.,0.,0.));
#4114=DIRECTION('',(-1.,0.,0.));
#4115=DIRECTION('',(-1.,0.,0.));
#4116=DIRECTION('axis',(0.,0.,1.));
#4117=DIRECTION('refdir',(1.,0.,0.));
#4118=DIRECTION('center_axis',(1.,0.,0.));
#4119=DIRECTION('ref_axis',(0.,0.,-1.));
#4120=DIRECTION('center_axis',(1.,0.,0.));
#4121=DIRECTION('ref_axis',(0.,0.,-1.));
#4122=DIRECTION('',(1.,0.,0.));
#4123=DIRECTION('center_axis',(-1.,0.,0.));
#4124=DIRECTION('ref_axis',(0.,0.,-1.));
#4125=DIRECTION('center_axis',(0.,0.707106781186548,0.707106781186547));
#4126=DIRECTION('ref_axis',(1.,0.,0.));
#4127=DIRECTION('',(0.,0.707106781186548,0.707106781186547));
#4128=DIRECTION('center_axis',(0.,0.707106781186548,0.707106781186547));
#4129=DIRECTION('ref_axis',(1.,0.,0.));
#4130=DIRECTION('',(0.,0.707106781186548,0.707106781186547));
#4131=DIRECTION('center_axis',(1.,0.,0.));
#4132=DIRECTION('ref_axis',(0.,0.,-1.));
#4133=DIRECTION('',(1.,0.,0.));
#4134=DIRECTION('center_axis',(1.,0.,0.));
#4135=DIRECTION('ref_axis',(0.,0.,-1.));
#4136=DIRECTION('',(1.,0.,0.));
#4137=DIRECTION('center_axis',(1.,0.,0.));
#4138=DIRECTION('ref_axis',(0.,0.,-1.));
#4139=DIRECTION('center_axis',(1.,0.,0.));
#4140=DIRECTION('ref_axis',(0.,0.,-1.));
#4141=DIRECTION('center_axis',(1.,0.,0.));
#4142=DIRECTION('ref_axis',(0.,0.,-1.));
#4143=DIRECTION('',(1.,0.,0.));
#4144=DIRECTION('center_axis',(1.,0.,0.));
#4145=DIRECTION('ref_axis',(0.,0.,-1.));
#4146=DIRECTION('center_axis',(1.,0.,0.));
#4147=DIRECTION('ref_axis',(0.,0.,-1.));
#4148=DIRECTION('center_axis',(1.,0.,0.));
#4149=DIRECTION('ref_axis',(0.,0.,-1.));
#4150=DIRECTION('',(1.,0.,0.));
#4151=DIRECTION('center_axis',(1.,0.,0.));
#4152=DIRECTION('ref_axis',(0.,0.,-1.));
#4153=DIRECTION('center_axis',(-1.,0.,0.));
#4154=DIRECTION('ref_axis',(0.,0.,1.));
#4155=DIRECTION('center_axis',(1.,0.,0.));
#4156=DIRECTION('ref_axis',(0.,0.,-1.));
#4157=DIRECTION('center_axis',(1.,0.,0.));
#4158=DIRECTION('ref_axis',(0.,0.,-1.));
#4159=DIRECTION('center_axis',(1.,0.,0.));
#4160=DIRECTION('ref_axis',(0.,0.,-1.));
#4161=DIRECTION('center_axis',(1.,0.,0.));
#4162=DIRECTION('ref_axis',(0.,0.,-1.));
#4163=DIRECTION('center_axis',(0.,6.12323399573677E-17,-1.));
#4164=DIRECTION('ref_axis',(0.,1.,6.12323399573677E-17));
#4165=DIRECTION('',(-0.478852130680573,0.877895572914384,5.37556001677616E-17));
#4166=DIRECTION('',(1.,0.,0.));
#4167=DIRECTION('',(0.478852130680573,-0.877895572914384,-5.37556001677616E-17));
#4168=DIRECTION('',(-1.,0.,0.));
#4169=DIRECTION('center_axis',(-0.877895572914384,-0.478852130680573,-2.93212364551427E-17));
#4170=DIRECTION('ref_axis',(-0.478852130680573,0.877895572914384,5.37556001677616E-17));
#4171=DIRECTION('',(0.,6.12323399573677E-17,-1.));
#4172=DIRECTION('',(0.,6.12323399573677E-17,-1.));
#4173=DIRECTION('',(0.,-6.12323399573677E-17,1.));
#4174=DIRECTION('',(0.478852130680573,-0.877895572914384,-5.37556001677616E-17));
#4175=DIRECTION('center_axis',(0.,1.,6.12323399573677E-17));
#4176=DIRECTION('ref_axis',(1.,0.,0.));
#4177=DIRECTION('',(0.,6.12323399573677E-17,-1.));
#4178=DIRECTION('',(1.,0.,0.));
#4179=DIRECTION('',(-1.,0.,0.));
#4180=DIRECTION('',(1.,0.,0.));
#4181=DIRECTION('center_axis',(0.877895572914384,0.478852130680573,2.93212364551427E-17));
#4182=DIRECTION('ref_axis',(0.478852130680573,-0.877895572914384,-5.37556001677616E-17));
#4183=DIRECTION('',(0.,6.12323399573677E-17,-1.));
#4184=DIRECTION('',(-0.478852130680573,0.877895572914384,5.37556001677616E-17));
#4185=DIRECTION('center_axis',(0.,-1.,-6.12323399573677E-17));
#4186=DIRECTION('ref_axis',(-1.,0.,0.));
#4187=DIRECTION('',(1.,0.,0.));
#4188=DIRECTION('center_axis',(0.,-6.12323399573677E-17,1.));
#4189=DIRECTION('ref_axis',(0.,-1.,-6.12323399573677E-17));
#4190=DIRECTION('center_axis',(0.,-1.,0.));
#4191=DIRECTION('ref_axis',(0.,0.,-1.));
#4192=DIRECTION('',(0.478852130680573,0.,-0.877895572914384));
#4193=DIRECTION('',(1.,0.,0.));
#4194=DIRECTION('',(-0.478852130680573,0.,0.877895572914384));
#4195=DIRECTION('',(-1.,0.,0.));
#4196=DIRECTION('center_axis',(0.,0.,-1.));
#4197=DIRECTION('ref_axis',(-1.,0.,0.));
#4198=DIRECTION('',(0.,-1.,0.));
#4199=DIRECTION('',(-1.,0.,0.));
#4200=DIRECTION('',(0.,1.,0.));
#4201=DIRECTION('center_axis',(0.877895572914384,0.,0.478852130680573));
#4202=DIRECTION('ref_axis',(0.478852130680573,0.,-0.877895572914384));
#4203=DIRECTION('',(0.478852130680573,0.,-0.877895572914384));
#4204=DIRECTION('',(0.,1.,0.));
#4205=DIRECTION('center_axis',(0.,0.,1.));
#4206=DIRECTION('ref_axis',(1.,0.,0.));
#4207=DIRECTION('',(1.,0.,0.));
#4208=DIRECTION('',(0.,1.,0.));
#4209=DIRECTION('',(1.,0.,0.));
#4210=DIRECTION('',(0.,1.,0.));
#4211=DIRECTION('',(1.,0.,0.));
#4212=DIRECTION('center_axis',(-0.877895572914384,0.,-0.478852130680573));
#4213=DIRECTION('ref_axis',(-0.478852130680573,0.,0.877895572914384));
#4214=DIRECTION('',(-0.478852130680573,0.,0.877895572914384));
#4215=DIRECTION('center_axis',(0.,1.,0.));
#4216=DIRECTION('ref_axis',(0.,0.,1.));
#4217=DIRECTION('center_axis',(0.,-1.,-1.22464679914735E-16));
#4218=DIRECTION('ref_axis',(0.,1.22464679914735E-16,-1.));
#4219=DIRECTION('',(-0.478852130680573,1.07511200335523E-16,-0.877895572914384));
#4220=DIRECTION('',(1.,0.,0.));
#4221=DIRECTION('',(0.478852130680573,-1.07511200335523E-16,0.877895572914384));
#4222=DIRECTION('',(-1.,0.,0.));
#4223=DIRECTION('center_axis',(-0.877895572914384,-5.86424729102854E-17,
0.478852130680573));
#4224=DIRECTION('ref_axis',(-0.478852130680573,1.07511200335523E-16,-0.877895572914384));
#4225=DIRECTION('',(0.,-1.,-1.22464679914735E-16));
#4226=DIRECTION('',(0.,-1.,-1.22464679914735E-16));
#4227=DIRECTION('',(0.,1.,1.22464679914735E-16));
#4228=DIRECTION('',(0.478852130680573,-1.07511200335523E-16,0.877895572914384));
#4229=DIRECTION('center_axis',(0.,1.22464679914735E-16,-1.));
#4230=DIRECTION('ref_axis',(1.,0.,0.));
#4231=DIRECTION('',(0.,-1.,-1.22464679914735E-16));
#4232=DIRECTION('',(1.,0.,0.));
#4233=DIRECTION('',(-1.,0.,0.));
#4234=DIRECTION('',(1.,0.,0.));
#4235=DIRECTION('center_axis',(0.877895572914384,5.86424729102854E-17,-0.478852130680573));
#4236=DIRECTION('ref_axis',(0.478852130680573,-1.07511200335523E-16,0.877895572914384));
#4237=DIRECTION('',(0.,-1.,-1.22464679914735E-16));
#4238=DIRECTION('',(-0.478852130680573,1.07511200335523E-16,-0.877895572914384));
#4239=DIRECTION('center_axis',(0.,-1.22464679914735E-16,1.));
#4240=DIRECTION('ref_axis',(-1.,0.,0.));
#4241=DIRECTION('',(1.,0.,0.));
#4242=DIRECTION('center_axis',(0.,1.,1.22464679914735E-16));
#4243=DIRECTION('ref_axis',(0.,-1.22464679914735E-16,1.));
#4244=DIRECTION('center_axis',(1.,0.,0.));
#4245=DIRECTION('ref_axis',(0.,0.,-1.));
#4246=DIRECTION('center_axis',(1.,0.,0.));
#4247=DIRECTION('ref_axis',(0.,0.,-1.));
#4248=DIRECTION('',(1.,0.,0.));
#4249=DIRECTION('center_axis',(-1.,0.,0.));
#4250=DIRECTION('ref_axis',(0.,0.,-1.));
#4251=DIRECTION('center_axis',(0.,0.707106781186547,0.707106781186548));
#4252=DIRECTION('ref_axis',(1.,0.,0.));
#4253=DIRECTION('',(0.,0.707106781186547,0.707106781186548));
#4254=DIRECTION('center_axis',(0.,0.707106781186547,0.707106781186548));
#4255=DIRECTION('ref_axis',(1.,0.,0.));
#4256=DIRECTION('',(0.,0.707106781186547,0.707106781186548));
#4257=DIRECTION('center_axis',(1.,0.,0.));
#4258=DIRECTION('ref_axis',(0.,0.,-1.));
#4259=DIRECTION('',(1.,0.,0.));
#4260=DIRECTION('center_axis',(1.,0.,0.));
#4261=DIRECTION('ref_axis',(0.,0.,-1.));
#4262=DIRECTION('',(1.,0.,0.));
#4263=DIRECTION('center_axis',(1.,0.,0.));
#4264=DIRECTION('ref_axis',(0.,0.,-1.));
#4265=DIRECTION('center_axis',(1.,0.,0.));
#4266=DIRECTION('ref_axis',(0.,0.,-1.));
#4267=DIRECTION('',(1.,0.,0.));
#4268=DIRECTION('center_axis',(1.,0.,0.));
#4269=DIRECTION('ref_axis',(0.,0.,-1.));
#4270=DIRECTION('center_axis',(1.,0.,0.));
#4271=DIRECTION('ref_axis',(0.,0.,-1.));
#4272=DIRECTION('center_axis',(1.,0.,0.));
#4273=DIRECTION('ref_axis',(0.,0.,-1.));
#4274=DIRECTION('',(1.,0.,0.));
#4275=DIRECTION('center_axis',(1.,0.,0.));
#4276=DIRECTION('ref_axis',(0.,0.,-1.));
#4277=DIRECTION('center_axis',(1.,0.,0.));
#4278=DIRECTION('ref_axis',(0.,0.,-1.));
#4279=DIRECTION('center_axis',(-1.,0.,0.));
#4280=DIRECTION('ref_axis',(0.,0.,1.));
#4281=DIRECTION('center_axis',(1.,0.,0.));
#4282=DIRECTION('ref_axis',(0.,0.,-1.));
#4283=DIRECTION('center_axis',(1.,0.,0.));
#4284=DIRECTION('ref_axis',(0.,0.,-1.));
#4285=DIRECTION('center_axis',(1.,0.,0.));
#4286=DIRECTION('ref_axis',(0.,0.,-1.));
#4287=DIRECTION('center_axis',(-1.,0.,0.));
#4288=DIRECTION('ref_axis',(0.,0.,-1.));
#4289=DIRECTION('',(-0.0232223122298551,-1.22431654343446E-16,0.999730325745248));
#4290=DIRECTION('center_axis',(0.,-1.83697019872103E-16,1.));
#4291=DIRECTION('ref_axis',(0.,-1.,-1.83697019872103E-16));
#4292=DIRECTION('',(-0.478852130680573,-0.877895572914384,-1.61266800503285E-16));
#4293=DIRECTION('',(1.,0.,0.));
#4294=DIRECTION('',(0.478852130680573,0.877895572914384,1.61266800503285E-16));
#4295=DIRECTION('',(-1.,0.,0.));
#4296=DIRECTION('center_axis',(-0.877895572914384,0.478852130680573,8.79637093654281E-17));
#4297=DIRECTION('ref_axis',(-0.478852130680573,-0.877895572914384,-1.61266800503285E-16));
#4298=DIRECTION('',(0.,-1.83697019872103E-16,1.));
#4299=DIRECTION('',(0.,-1.83697019872103E-16,1.));
#4300=DIRECTION('',(0.,1.83697019872103E-16,-1.));
#4301=DIRECTION('',(0.478852130680573,0.877895572914384,1.61266800503285E-16));
#4302=DIRECTION('center_axis',(0.,-1.,-1.83697019872103E-16));
#4303=DIRECTION('ref_axis',(1.,0.,0.));
#4304=DIRECTION('',(0.,-1.83697019872103E-16,1.));
#4305=DIRECTION('',(1.,0.,0.));
#4306=DIRECTION('',(-1.,0.,0.));
#4307=DIRECTION('',(1.,0.,0.));
#4308=DIRECTION('center_axis',(0.877895572914384,-0.478852130680573,-8.79637093654281E-17));
#4309=DIRECTION('ref_axis',(0.478852130680573,0.877895572914384,1.61266800503285E-16));
#4310=DIRECTION('',(0.,-1.83697019872103E-16,1.));
#4311=DIRECTION('',(-0.478852130680573,-0.877895572914384,-1.61266800503285E-16));
#4312=DIRECTION('center_axis',(0.,1.,1.83697019872103E-16));
#4313=DIRECTION('ref_axis',(-1.,0.,0.));
#4314=DIRECTION('',(1.,0.,0.));
#4315=DIRECTION('center_axis',(0.,1.83697019872103E-16,-1.));
#4316=DIRECTION('ref_axis',(0.,1.,1.83697019872103E-16));
#4317=DIRECTION('axis',(0.,0.,1.));
#4318=DIRECTION('refdir',(1.,0.,0.));
#4319=DIRECTION('center_axis',(0.,2.22044604925031E-16,1.));
#4320=DIRECTION('ref_axis',(1.,0.,0.));
#4321=DIRECTION('',(0.,2.22044604925031E-16,1.));
#4322=DIRECTION('center_axis',(0.,2.22044604925031E-16,1.));
#4323=DIRECTION('ref_axis',(1.,0.,0.));
#4324=DIRECTION('',(0.,2.22044604925031E-16,1.));
#4325=DIRECTION('center_axis',(0.,1.,0.));
#4326=DIRECTION('ref_axis',(1.,0.,0.));
#4327=DIRECTION('',(0.,1.,0.));
#4328=DIRECTION('center_axis',(0.,1.,0.));
#4329=DIRECTION('ref_axis',(1.,0.,0.));
#4330=DIRECTION('',(0.,1.,0.));
#4331=DIRECTION('center_axis',(1.,0.,0.));
#4332=DIRECTION('ref_axis',(0.,0.,-1.));
#4333=DIRECTION('center_axis',(1.,0.,0.));
#4334=DIRECTION('ref_axis',(0.,0.,-1.));
#4335=DIRECTION('',(-1.,0.,0.));
#4336=DIRECTION('',(-1.,0.,0.));
#4337=DIRECTION('center_axis',(1.,0.,0.));
#4338=DIRECTION('ref_axis',(0.,0.,-1.));
#4339=DIRECTION('center_axis',(-1.,0.,0.));
#4340=DIRECTION('ref_axis',(0.,0.,1.));
#4341=DIRECTION('center_axis',(1.,0.,0.));
#4342=DIRECTION('ref_axis',(0.,0.,-1.));
#4343=DIRECTION('center_axis',(1.,0.,0.));
#4344=DIRECTION('ref_axis',(0.,0.,-1.));
#4345=DIRECTION('center_axis',(1.,0.,0.));
#4346=DIRECTION('ref_axis',(0.,0.,-1.));
#4347=DIRECTION('',(-1.,0.,0.));
#4348=DIRECTION('',(-1.,0.,0.));
#4349=DIRECTION('center_axis',(1.,0.,0.));
#4350=DIRECTION('ref_axis',(0.,0.,-1.));
#4351=DIRECTION('center_axis',(0.,2.22044604925031E-16,1.));
#4352=DIRECTION('ref_axis',(1.,0.,0.));
#4353=DIRECTION('',(0.,2.22044604925031E-16,1.));
#4354=DIRECTION('center_axis',(0.,2.22044604925031E-16,1.));
#4355=DIRECTION('ref_axis',(1.,0.,0.));
#4356=DIRECTION('',(0.,2.22044604925031E-16,1.));
#4357=DIRECTION('center_axis',(0.,2.22044604925031E-16,1.));
#4358=DIRECTION('ref_axis',(1.,0.,0.));
#4359=DIRECTION('',(0.,2.22044604925031E-16,1.));
#4360=DIRECTION('center_axis',(0.,2.22044604925031E-16,1.));
#4361=DIRECTION('ref_axis',(1.,0.,0.));
#4362=DIRECTION('',(0.,2.22044604925031E-16,1.));
#4363=DIRECTION('center_axis',(0.,1.,0.));
#4364=DIRECTION('ref_axis',(1.,0.,0.));
#4365=DIRECTION('',(0.,1.,0.));
#4366=DIRECTION('center_axis',(0.,1.,0.));
#4367=DIRECTION('ref_axis',(1.,0.,0.));
#4368=DIRECTION('',(0.,1.,0.));
#4369=DIRECTION('center_axis',(0.,1.,0.));
#4370=DIRECTION('ref_axis',(1.,0.,0.));
#4371=DIRECTION('',(0.,1.,0.));
#4372=DIRECTION('center_axis',(0.,1.,0.));
#4373=DIRECTION('ref_axis',(1.,0.,0.));
#4374=DIRECTION('',(0.,1.,0.));
#4375=DIRECTION('center_axis',(-1.,0.,0.));
#4376=DIRECTION('ref_axis',(0.,0.,-1.));
#4377=DIRECTION('center_axis',(-1.,0.,0.));
#4378=DIRECTION('ref_axis',(0.,0.,-1.));
#4379=DIRECTION('',(0.0948973043914554,1.21912005084305E-16,-0.995487067529878));
#4380=DIRECTION('center_axis',(1.,0.,0.));
#4381=DIRECTION('ref_axis',(0.,0.,-1.));
#4382=DIRECTION('center_axis',(1.,0.,0.));
#4383=DIRECTION('ref_axis',(0.,0.,-1.));
#4384=DIRECTION('center_axis',(-1.,0.,0.));
#4385=DIRECTION('ref_axis',(0.,0.,-1.));
#4386=DIRECTION('',(1.,0.,0.));
#4387=DIRECTION('center_axis',(-1.,0.,0.));
#4388=DIRECTION('ref_axis',(0.,0.,1.));
#4389=DIRECTION('center_axis',(-1.,0.,0.));
#4390=DIRECTION('ref_axis',(0.,0.,-1.));
#4391=DIRECTION('center_axis',(1.,0.,0.));
#4392=DIRECTION('ref_axis',(0.,0.,-1.));
#4393=DIRECTION('',(1.,0.,0.));
#4394=DIRECTION('',(1.,0.,0.));
#4395=DIRECTION('center_axis',(1.,0.,0.));
#4396=DIRECTION('ref_axis',(0.,0.,-1.));
#4397=DIRECTION('center_axis',(-1.,0.,0.));
#4398=DIRECTION('ref_axis',(0.,0.,-1.));
#4399=DIRECTION('',(0.0948958343584972,1.21912022245708E-16,-0.995487207663366));
#4400=DIRECTION('center_axis',(1.,0.,0.));
#4401=DIRECTION('ref_axis',(0.,0.,-1.));
#4402=DIRECTION('',(1.,0.,0.));
#4403=DIRECTION('',(1.,0.,0.));
#4404=DIRECTION('center_axis',(-1.,0.,0.));
#4405=DIRECTION('ref_axis',(0.,0.,-1.));
#4406=DIRECTION('center_axis',(-1.,0.,0.));
#4407=DIRECTION('ref_axis',(0.,0.,1.));
#4408=DIRECTION('center_axis',(1.,0.,0.));
#4409=DIRECTION('ref_axis',(0.,0.,-1.));
#4410=DIRECTION('center_axis',(1.,0.,0.));
#4411=DIRECTION('ref_axis',(0.,0.,-1.));
#4412=DIRECTION('center_axis',(1.,0.,0.));
#4413=DIRECTION('ref_axis',(0.,0.,-1.));
#4414=DIRECTION('',(-1.,0.,0.));
#4415=DIRECTION('',(-1.,0.,0.));
#4416=DIRECTION('center_axis',(-1.,0.,0.));
#4417=DIRECTION('ref_axis',(0.,0.,-1.));
#4418=DIRECTION('',(-0.0948958343584972,-1.21912022245708E-16,0.995487207663366));
#4419=DIRECTION('center_axis',(1.,0.,0.));
#4420=DIRECTION('ref_axis',(0.,0.,-1.));
#4421=DIRECTION('center_axis',(-1.,0.,0.));
#4422=DIRECTION('ref_axis',(0.,0.,1.));
#4423=DIRECTION('center_axis',(1.,0.,0.));
#4424=DIRECTION('ref_axis',(0.,0.,-1.));
#4425=DIRECTION('center_axis',(1.,0.,0.));
#4426=DIRECTION('ref_axis',(0.,0.,-1.));
#4427=DIRECTION('center_axis',(1.,0.,0.));
#4428=DIRECTION('ref_axis',(0.,0.,-1.));
#4429=DIRECTION('',(-1.,0.,0.));
#4430=DIRECTION('center_axis',(1.,0.,0.));
#4431=DIRECTION('ref_axis',(0.,0.,-1.));
#4432=DIRECTION('center_axis',(1.,0.,0.));
#4433=DIRECTION('ref_axis',(0.,0.,-1.));
#4434=DIRECTION('center_axis',(-1.,0.,0.));
#4435=DIRECTION('ref_axis',(0.,0.,-1.));
#4436=DIRECTION('center_axis',(1.,0.,0.));
#4437=DIRECTION('ref_axis',(0.,0.,-1.));
#4438=DIRECTION('',(-0.0948973043914554,-1.21912005084305E-16,0.995487067529878));
#4439=DIRECTION('center_axis',(1.,0.,0.));
#4440=DIRECTION('ref_axis',(0.,0.,-1.));
#4441=DIRECTION('center_axis',(1.,0.,0.));
#4442=DIRECTION('ref_axis',(0.,0.,-1.));
#4443=DIRECTION('',(-1.,0.,0.));
#4444=DIRECTION('',(-1.,0.,0.));
#4445=DIRECTION('center_axis',(1.,0.,0.));
#4446=DIRECTION('ref_axis',(0.,0.,-1.));
#4447=DIRECTION('center_axis',(0.,0.707106781186548,0.707106781186547));
#4448=DIRECTION('ref_axis',(1.,0.,0.));
#4449=DIRECTION('',(0.,0.707106781186548,0.707106781186547));
#4450=DIRECTION('center_axis',(0.,0.707106781186548,0.707106781186547));
#4451=DIRECTION('ref_axis',(1.,0.,0.));
#4452=DIRECTION('',(0.,0.707106781186548,0.707106781186547));
#4453=DIRECTION('center_axis',(1.,0.,0.));
#4454=DIRECTION('ref_axis',(0.,0.,-1.));
#4455=DIRECTION('center_axis',(1.,0.,0.));
#4456=DIRECTION('ref_axis',(0.,0.,-1.));
#4457=DIRECTION('',(1.,0.,0.));
#4458=DIRECTION('center_axis',(-1.,0.,0.));
#4459=DIRECTION('ref_axis',(0.,0.,-1.));
#4460=DIRECTION('center_axis',(0.,0.707106781186547,-0.707106781186548));
#4461=DIRECTION('ref_axis',(1.,0.,0.));
#4462=DIRECTION('',(0.,0.707106781186547,-0.707106781186548));
#4463=DIRECTION('center_axis',(0.,0.707106781186547,-0.707106781186548));
#4464=DIRECTION('ref_axis',(1.,0.,0.));
#4465=DIRECTION('',(0.,0.707106781186547,-0.707106781186548));
#4466=DIRECTION('center_axis',(-1.,0.,0.));
#4467=DIRECTION('ref_axis',(0.,0.,1.));
#4468=DIRECTION('center_axis',(1.,0.,0.));
#4469=DIRECTION('ref_axis',(0.,0.,-1.));
#4470=DIRECTION('center_axis',(1.,0.,0.));
#4471=DIRECTION('ref_axis',(0.,0.,-1.));
#4472=DIRECTION('center_axis',(1.,0.,0.));
#4473=DIRECTION('ref_axis',(0.,0.,-1.));
#4474=DIRECTION('',(-1.,0.,0.));
#4475=DIRECTION('center_axis',(1.,0.,0.));
#4476=DIRECTION('ref_axis',(0.,0.,-1.));
#4477=DIRECTION('',(0.,0.,1.));
#4478=DIRECTION('',(1.,0.,0.));
#4479=DIRECTION('',(0.,0.,1.));
#4480=DIRECTION('',(1.,0.,0.));
#4481=DIRECTION('',(0.,0.,1.));
#4482=DIRECTION('',(1.,0.,0.));
#4483=DIRECTION('',(0.,0.,1.));
#4484=DIRECTION('',(1.,0.,0.));
#4485=DIRECTION('',(0.,0.,1.));
#4486=DIRECTION('',(1.,0.,0.));
#4487=DIRECTION('',(0.,0.,1.));
#4488=DIRECTION('',(1.,0.,0.));
#4489=DIRECTION('',(0.,0.,1.));
#4490=DIRECTION('',(1.,0.,0.));
#4491=CARTESIAN_POINT('',(0.,0.,0.));
#4492=CARTESIAN_POINT('',(0.,0.,0.));
#4493=CARTESIAN_POINT('Origin',(10.,0.,0.));
#4494=CARTESIAN_POINT('',(0.,-3.39839491873015E-15,27.7500004172325));
#4495=CARTESIAN_POINT('Origin',(0.,0.,0.));
#4496=CARTESIAN_POINT('',(20.,-3.39839491873015E-15,27.7500004172325));
#4497=CARTESIAN_POINT('',(10.,-3.39839491873015E-15,27.7500004172325));
#4498=CARTESIAN_POINT('Origin',(20.,0.,0.));
#4499=CARTESIAN_POINT('Origin',(0.,0.,-28.0000004172325));
#4500=CARTESIAN_POINT('',(-9.04224611852911E-16,-3.42901108870884E-15,28.0000004172325));
#4501=CARTESIAN_POINT('Origin',(0.,0.,0.));
#4502=CARTESIAN_POINT('Origin',(20.,0.,-26.5000004172325));
#4503=CARTESIAN_POINT('',(20.,-3.24531406883673E-15,26.5000004172325));
#4504=CARTESIAN_POINT('Origin',(20.,0.,0.));
#4505=CARTESIAN_POINT('Origin',(9.27770672610357,0.,0.));
#4506=CARTESIAN_POINT('',(-1.44458654779286,-3.24531406883673E-15,26.5000004172325));
#4507=CARTESIAN_POINT('',(9.27770672610357,-3.24531406883673E-15,26.5000004172325));
#4508=CARTESIAN_POINT('Origin',(-1.44458654779286,0.,0.));
#4509=CARTESIAN_POINT('Ctrl Pts',(-125.,0.,0.));
#4510=CARTESIAN_POINT('Ctrl Pts',(-125.,0.,0.));
#4511=CARTESIAN_POINT('Ctrl Pts',(-125.,0.,0.));
#4512=CARTESIAN_POINT('Ctrl Pts',(-125.,0.,0.));
#4513=CARTESIAN_POINT('Ctrl Pts',(-125.,0.,0.));
#4514=CARTESIAN_POINT('Ctrl Pts',(-125.,0.,0.));
#4515=CARTESIAN_POINT('Ctrl Pts',(-125.,0.,0.));
#4516=CARTESIAN_POINT('Ctrl Pts',(-125.,0.,0.));
#4517=CARTESIAN_POINT('Ctrl Pts',(-125.,0.,0.));
#4518=CARTESIAN_POINT('Ctrl Pts',(-66.0641356606121,0.,26.5000004172325));
#4519=CARTESIAN_POINT('Ctrl Pts',(-66.0641356606121,-26.5000004172325,26.5000004172325));
#4520=CARTESIAN_POINT('Ctrl Pts',(-66.0641356606121,-26.5000004172325,0.));
#4521=CARTESIAN_POINT('Ctrl Pts',(-66.0641356606121,-26.5000004172325,-26.5000004172325));
#4522=CARTESIAN_POINT('Ctrl Pts',(-66.0641356606121,0.,-26.5000004172325));
#4523=CARTESIAN_POINT('Ctrl Pts',(-66.0641356606121,26.5000004172325,-26.5000004172325));
#4524=CARTESIAN_POINT('Ctrl Pts',(-66.0641356606121,26.5000004172325,0.));
#4525=CARTESIAN_POINT('Ctrl Pts',(-66.0641356606121,26.5000004172325,26.5000004172325));
#4526=CARTESIAN_POINT('Ctrl Pts',(-66.0641356606121,0.,26.5000004172325));
#4527=CARTESIAN_POINT('Ctrl Pts',(-1.44458654779286,0.,26.5000004172325));
#4528=CARTESIAN_POINT('Ctrl Pts',(-1.44458654779286,-26.5000004172325,26.5000004172325));
#4529=CARTESIAN_POINT('Ctrl Pts',(-1.44458654779286,-26.5000004172325,0.));
#4530=CARTESIAN_POINT('Ctrl Pts',(-1.44458654779286,-26.5000004172325,-26.5000004172325));
#4531=CARTESIAN_POINT('Ctrl Pts',(-1.44458654779286,0.,-26.5000004172325));
#4532=CARTESIAN_POINT('Ctrl Pts',(-1.44458654779286,26.5000004172325,-26.5000004172325));
#4533=CARTESIAN_POINT('Ctrl Pts',(-1.44458654779286,26.5000004172325,0.));
#4534=CARTESIAN_POINT('Ctrl Pts',(-1.44458654779286,26.5000004172325,26.5000004172325));
#4535=CARTESIAN_POINT('Ctrl Pts',(-1.44458654779286,0.,26.5000004172325));
#4536=CARTESIAN_POINT('',(-125.,0.,0.));
#4537=CARTESIAN_POINT('Origin',(-1.44458654779286,3.36516533418159E-14,
-274.786602677976));
#4538=CARTESIAN_POINT('Ctrl Pts',(-130.,0.,0.));
#4539=CARTESIAN_POINT('Ctrl Pts',(-130.,0.,0.));
#4540=CARTESIAN_POINT('Ctrl Pts',(-130.,0.,0.));
#4541=CARTESIAN_POINT('Ctrl Pts',(-130.,0.,0.));
#4542=CARTESIAN_POINT('Ctrl Pts',(-130.,0.,0.));
#4543=CARTESIAN_POINT('Ctrl Pts',(-130.,0.,0.));
#4544=CARTESIAN_POINT('Ctrl Pts',(-130.,0.,0.));
#4545=CARTESIAN_POINT('Ctrl Pts',(-130.,0.,0.));
#4546=CARTESIAN_POINT('Ctrl Pts',(-130.,0.,0.));
#4547=CARTESIAN_POINT('Ctrl Pts',(-68.4740856404935,0.,30.));
#4548=CARTESIAN_POINT('Ctrl Pts',(-68.4740856404935,-30.,30.));
#4549=CARTESIAN_POINT('Ctrl Pts',(-68.4740856404935,-30.,0.));
#4550=CARTESIAN_POINT('Ctrl Pts',(-68.4740856404935,-30.,-30.));
#4551=CARTESIAN_POINT('Ctrl Pts',(-68.4740856404935,0.,-30.));
#4552=CARTESIAN_POINT('Ctrl Pts',(-68.4740856404935,30.,-30.));
#4553=CARTESIAN_POINT('Ctrl Pts',(-68.4740856404935,30.,0.));
#4554=CARTESIAN_POINT('Ctrl Pts',(-68.4740856404935,30.,30.));
#4555=CARTESIAN_POINT('Ctrl Pts',(-68.4740856404935,0.,30.));
#4556=CARTESIAN_POINT('Ctrl Pts',(-0.0238253212418305,0.,30.));
#4557=CARTESIAN_POINT('Ctrl Pts',(-0.0238253212418305,-30.,30.));
#4558=CARTESIAN_POINT('Ctrl Pts',(-0.0238253212418305,-30.,0.));
#4559=CARTESIAN_POINT('Ctrl Pts',(-0.0238253212418305,-30.,-30.));
#4560=CARTESIAN_POINT('Ctrl Pts',(-0.0238253212418305,0.,-30.));
#4561=CARTESIAN_POINT('Ctrl Pts',(-0.0238253212418305,30.,-30.));
#4562=CARTESIAN_POINT('Ctrl Pts',(-0.0238253212418305,30.,0.));
#4563=CARTESIAN_POINT('Ctrl Pts',(-0.0238253212418305,30.,30.));
#4564=CARTESIAN_POINT('Ctrl Pts',(-0.0238253212418305,0.,30.));
#4565=CARTESIAN_POINT('',(-0.0238253212418305,-3.67394039744206E-15,30.));
#4566=CARTESIAN_POINT('Origin',(-0.0238253212418305,0.,0.));
#4567=CARTESIAN_POINT('',(-130.,0.,0.));
#4568=CARTESIAN_POINT('Origin',(-0.0238253212418305,3.26446055077335E-14,
-266.563433068718));
#4569=CARTESIAN_POINT('Origin',(-0.0119126606209163,0.,0.));
#4570=CARTESIAN_POINT('',(-0.0119126606209163,-3.55147574307545E-15,29.0000002086163));
#4571=CARTESIAN_POINT('',(0.,0.,0.));
#4572=CARTESIAN_POINT('Origin',(229.999996379811,0.,-0.00850904022022169));
#4573=CARTESIAN_POINT('',(229.999996379811,-29.9338264135596,1.99149095977978));
#4574=CARTESIAN_POINT('',(227.999996379811,-29.9999987932705,-0.00850904022022309));
#4575=CARTESIAN_POINT('Ctrl Pts',(229.999996379811,-29.9338264135596,1.99149095977978));
#4576=CARTESIAN_POINT('Ctrl Pts',(230.251200669528,-29.9338264135596,1.99149095977977));
#4577=CARTESIAN_POINT('Ctrl Pts',(230.519098349124,-29.9372997732917,1.94127251318366));
#4578=CARTESIAN_POINT('Ctrl Pts',(231.011835998102,-29.9498380014303,1.73714143191018));
#4579=CARTESIAN_POINT('Ctrl Pts',(231.236682262618,-29.9587209390642,1.58323285858212));
#4580=CARTESIAN_POINT('Ctrl Pts',(231.591741570642,-29.9753762126366,1.22817223682692));
#4581=CARTESIAN_POINT('Ctrl Pts',(231.745649106463,-29.9842303886203,1.00332643556534));
#4582=CARTESIAN_POINT('Ctrl Pts',(231.949778553754,-29.9966670423739,0.510590131674254));
#4583=CARTESIAN_POINT('Ctrl Pts',(231.999996379811,-30.0000700430022,0.242693422923852));
#4584=CARTESIAN_POINT('Ctrl Pts',(231.999996379811,-29.9999275424913,-0.259715196871202));
#4585=CARTESIAN_POINT('Ctrl Pts',(231.949777233333,-29.9963724773662,-0.52761361074513));
#4586=CARTESIAN_POINT('Ctrl Pts',(231.745645568069,-29.9836559157704,-1.02035084573523));
#4587=CARTESIAN_POINT('Ctrl Pts',(231.591737203914,-29.9746738862312,-1.24519600334772));
#4588=CARTESIAN_POINT('Ctrl Pts',(231.236678465044,-29.9578166142884,-1.60025341724257));
#4589=CARTESIAN_POINT('Ctrl Pts',(231.011833887832,-29.9488460218229,-1.75416055060221));
#4590=CARTESIAN_POINT('Ctrl Pts',(230.51909836005,-29.9361914061783,-1.95829042508719));
#4591=CARTESIAN_POINT('Ctrl Pts',(230.251201043778,-29.932689345185,-2.00850904022021));
#4592=CARTESIAN_POINT('Ctrl Pts',(229.748791715844,-29.932689345185,-2.00850904022021));
#4593=CARTESIAN_POINT('Ctrl Pts',(229.480894399572,-29.9361914061783,-1.95829042508719));
#4594=CARTESIAN_POINT('Ctrl Pts',(228.98815887179,-29.9488460218229,-1.75416055060221));
#4595=CARTESIAN_POINT('Ctrl Pts',(228.763314294578,-29.9578166142884,-1.60025341724257));
#4596=CARTESIAN_POINT('Ctrl Pts',(228.408255555708,-29.9746738862312,-1.24519600334772));
#4597=CARTESIAN_POINT('Ctrl Pts',(228.254347191553,-29.9836559157704,-1.02035084573523));
#4598=CARTESIAN_POINT('Ctrl Pts',(228.050215526289,-29.9963724773662,-0.52761361074513));
#4599=CARTESIAN_POINT('Ctrl Pts',(227.999996379811,-29.9999275424913,-0.259715196871199));
#4600=CARTESIAN_POINT('Ctrl Pts',(227.999996379811,-29.9999987932705,-0.00850904022021884));
#4601=CARTESIAN_POINT('Ctrl Pts',(227.999996379811,-29.9999987932705,-0.00850904022022467));
#4602=CARTESIAN_POINT('Ctrl Pts',(227.999996379811,-30.0000700430022,0.242693422923849));
#4603=CARTESIAN_POINT('Ctrl Pts',(228.050214205869,-29.9966670423739,0.51059013167428));
#4604=CARTESIAN_POINT('Ctrl Pts',(228.254343653159,-29.9842303886203,1.00332643556536));
#4605=CARTESIAN_POINT('Ctrl Pts',(228.40825118898,-29.9753762126366,1.22817223682692));
#4606=CARTESIAN_POINT('Ctrl Pts',(228.763310497004,-29.9587209390642,1.58323285858212));
#4607=CARTESIAN_POINT('Ctrl Pts',(228.98815676152,-29.9498380014303,1.73714143191018));
#4608=CARTESIAN_POINT('Ctrl Pts',(229.480894410499,-29.9372997732917,1.94127251318366));
#4609=CARTESIAN_POINT('Ctrl Pts',(229.748792090094,-29.9338264135596,1.99149095977977));
#4610=CARTESIAN_POINT('Ctrl Pts',(229.999996379811,-29.9338264135596,1.99149095977977));
#4611=CARTESIAN_POINT('',(227.999996379811,-27.9999989156919,-0.00850904022022361));
#4612=CARTESIAN_POINT('',(227.999996379811,0.,-0.00850904022022145));
#4613=CARTESIAN_POINT('',(229.999996379811,-27.9290883388561,1.99149095977977));
#4614=CARTESIAN_POINT('Ctrl Pts',(229.999996379811,-27.9290883388561,1.99149095977977));
#4615=CARTESIAN_POINT('Ctrl Pts',(229.748780236552,-27.9290883388561,1.99149095977977));
#4616=CARTESIAN_POINT('Ctrl Pts',(229.480877438722,-27.9328114151916,1.94126788824864));
#4617=CARTESIAN_POINT('Ctrl Pts',(228.988142922188,-27.9462491664349,1.73713329228527));
#4618=CARTESIAN_POINT('Ctrl Pts',(228.763303968928,-27.9557686441614,1.58322642776053));
#4619=CARTESIAN_POINT('Ctrl Pts',(228.408257152105,-27.9736158625196,1.22817810269613));
#4620=CARTESIAN_POINT('Ctrl Pts',(228.254351462943,-27.983103152279,1.00333967261558));
#4621=CARTESIAN_POINT('Ctrl Pts',(228.050218731852,-27.9964289393619,0.510606670884114));
#4622=CARTESIAN_POINT('Ctrl Pts',(227.999996379811,-28.0000752582013,0.242704977652097));
#4623=CARTESIAN_POINT('Ctrl Pts',(227.999996379811,-27.9999989156919,-0.00850904022022418));
#4624=CARTESIAN_POINT('Ctrl Pts',(227.999996379811,-27.9999989156919,-0.00850904022022383));
#4625=CARTESIAN_POINT('Ctrl Pts',(227.999996379811,-27.9999225718935,-0.25972729921027));
#4626=CARTESIAN_POINT('Ctrl Pts',(228.050220248134,-27.9961133087016,-0.527630950495616));
#4627=CARTESIAN_POINT('Ctrl Pts',(228.254355526075,-27.9824875598557,-1.0203650213309));
#4628=CARTESIAN_POINT('Ctrl Pts',(228.408262166319,-27.9728632401245,-1.24520271204698));
#4629=CARTESIAN_POINT('Ctrl Pts',(228.763308328894,-27.9547995096695,-1.60024735346842));
#4630=CARTESIAN_POINT('Ctrl Pts',(228.988145344391,-27.9451860618143,-1.7541525643655));
#4631=CARTESIAN_POINT('Ctrl Pts',(229.480877424819,-27.9316235134296,-1.95828577478091));
#4632=CARTESIAN_POINT('Ctrl Pts',(229.748779805552,-27.9278696487552,-2.00850904022021));
#4633=CARTESIAN_POINT('Ctrl Pts',(230.251212954071,-27.9278696487552,-2.00850904022021));
#4634=CARTESIAN_POINT('Ctrl Pts',(230.519115334804,-27.9316235134296,-1.9582857747809));
#4635=CARTESIAN_POINT('Ctrl Pts',(231.011847415232,-27.9451860618143,-1.75415256436547));
#4636=CARTESIAN_POINT('Ctrl Pts',(231.236684430728,-27.9547995096695,-1.60024735346842));
#4637=CARTESIAN_POINT('Ctrl Pts',(231.591730593303,-27.9728632401245,-1.24520271204698));
#4638=CARTESIAN_POINT('Ctrl Pts',(231.745637233548,-27.9824875598557,-1.0203650213309));
#4639=CARTESIAN_POINT('Ctrl Pts',(231.949772511489,-27.9961133087016,-0.527630950495616));
#4640=CARTESIAN_POINT('Ctrl Pts',(231.999996379811,-27.9999225718935,-0.259727299210268));
#4641=CARTESIAN_POINT('Ctrl Pts',(231.999996379811,-28.0000752582013,0.242704977652099));
#4642=CARTESIAN_POINT('Ctrl Pts',(231.94977402777,-27.9964289393619,0.510606670884114));
#4643=CARTESIAN_POINT('Ctrl Pts',(231.745641296679,-27.983103152279,1.00333967261558));
#4644=CARTESIAN_POINT('Ctrl Pts',(231.591735607517,-27.9736158625196,1.22817810269613));
#4645=CARTESIAN_POINT('Ctrl Pts',(231.236688790694,-27.9557686441614,1.58322642776053));
#4646=CARTESIAN_POINT('Ctrl Pts',(231.011849837434,-27.9462491664349,1.73713329228527));
#4647=CARTESIAN_POINT('Ctrl Pts',(230.5191153209,-27.9328114151916,1.94126788824864));
#4648=CARTESIAN_POINT('Ctrl Pts',(230.25121252307,-27.9290883388561,1.99149095977977));
#4649=CARTESIAN_POINT('Ctrl Pts',(229.999996379811,-27.9290883388561,1.99149095977977));
#4650=CARTESIAN_POINT('Origin',(229.999996379811,0.,-0.00850904022022169));
#4651=CARTESIAN_POINT('',(229.999996379811,27.9290883388561,1.99149095977977));
#4652=CARTESIAN_POINT('',(227.999996379811,27.9999989156919,-0.00850904022022243));
#4653=CARTESIAN_POINT('Ctrl Pts',(229.999996379811,27.9290883388561,1.99149095977977));
#4654=CARTESIAN_POINT('Ctrl Pts',(230.25121252307,27.9290883388561,1.99149095977977));
#4655=CARTESIAN_POINT('Ctrl Pts',(230.5191153209,27.9328114151916,1.94126788824864));
#4656=CARTESIAN_POINT('Ctrl Pts',(231.011849837434,27.9462491664349,1.73713329228527));
#4657=CARTESIAN_POINT('Ctrl Pts',(231.236688790694,27.9557686441614,1.58322642776053));
#4658=CARTESIAN_POINT('Ctrl Pts',(231.591735607517,27.9736158625196,1.22817810269613));
#4659=CARTESIAN_POINT('Ctrl Pts',(231.745641296679,27.983103152279,1.00333967261558));
#4660=CARTESIAN_POINT('Ctrl Pts',(231.94977402777,27.9964289393619,0.510606670884114));
#4661=CARTESIAN_POINT('Ctrl Pts',(231.999996379811,28.0000752582013,0.242704977652099));
#4662=CARTESIAN_POINT('Ctrl Pts',(231.999996379811,27.9999225718935,-0.259727299210268));
#4663=CARTESIAN_POINT('Ctrl Pts',(231.949772511489,27.9961133087016,-0.527630950495616));
#4664=CARTESIAN_POINT('Ctrl Pts',(231.745637233548,27.9824875598557,-1.0203650213309));
#4665=CARTESIAN_POINT('Ctrl Pts',(231.591730593303,27.9728632401245,-1.24520271204698));
#4666=CARTESIAN_POINT('Ctrl Pts',(231.236684430728,27.9547995096695,-1.60024735346842));
#4667=CARTESIAN_POINT('Ctrl Pts',(231.011847415232,27.9451860618143,-1.75415256436546));
#4668=CARTESIAN_POINT('Ctrl Pts',(230.519115334804,27.9316235134296,-1.95828577478089));
#4669=CARTESIAN_POINT('Ctrl Pts',(230.251212954071,27.9278696487552,-2.00850904022021));
#4670=CARTESIAN_POINT('Ctrl Pts',(229.748779805552,27.9278696487552,-2.00850904022021));
#4671=CARTESIAN_POINT('Ctrl Pts',(229.480877424819,27.9316235134296,-1.95828577478091));
#4672=CARTESIAN_POINT('Ctrl Pts',(228.988145344391,27.9451860618143,-1.7541525643655));
#4673=CARTESIAN_POINT('Ctrl Pts',(228.763308328894,27.9547995096695,-1.60024735346842));
#4674=CARTESIAN_POINT('Ctrl Pts',(228.408262166319,27.9728632401245,-1.24520271204698));
#4675=CARTESIAN_POINT('Ctrl Pts',(228.254355526075,27.9824875598557,-1.02036502133093));
#4676=CARTESIAN_POINT('Ctrl Pts',(228.050220248134,27.9961133087016,-0.527630950495655));
#4677=CARTESIAN_POINT('Ctrl Pts',(227.999996379811,27.9999225718935,-0.259727299210267));
#4678=CARTESIAN_POINT('Ctrl Pts',(227.999996379811,27.9999989156919,-0.00850904022022064));
#4679=CARTESIAN_POINT('Ctrl Pts',(227.999996379811,27.9999989156919,-0.00850904022022377));
#4680=CARTESIAN_POINT('Ctrl Pts',(227.999996379811,28.0000752582013,0.242704977652098));
#4681=CARTESIAN_POINT('Ctrl Pts',(228.050218731852,27.9964289393619,0.510606670884135));
#4682=CARTESIAN_POINT('Ctrl Pts',(228.254351462943,27.983103152279,1.0033396726156));
#4683=CARTESIAN_POINT('Ctrl Pts',(228.408257152105,27.9736158625196,1.22817810269613));
#4684=CARTESIAN_POINT('Ctrl Pts',(228.763303968928,27.9557686441614,1.58322642776053));
#4685=CARTESIAN_POINT('Ctrl Pts',(228.988142922188,27.9462491664349,1.73713329228527));
#4686=CARTESIAN_POINT('Ctrl Pts',(229.480877438722,27.9328114151916,1.94126788824864));
#4687=CARTESIAN_POINT('Ctrl Pts',(229.748780236552,27.9290883388561,1.99149095977977));
#4688=CARTESIAN_POINT('Ctrl Pts',(229.999996379811,27.9290883388561,1.99149095977977));
#4689=CARTESIAN_POINT('',(227.999996379811,29.9999987932705,-0.00850904022022103));
#4690=CARTESIAN_POINT('',(227.999996379811,0.,-0.00850904022022145));
#4691=CARTESIAN_POINT('',(229.999996379811,29.9338264135596,1.99149095977978));
#4692=CARTESIAN_POINT('Ctrl Pts',(229.999996379811,29.9338264135596,1.99149095977978));
#4693=CARTESIAN_POINT('Ctrl Pts',(229.748792090094,29.9338264135596,1.99149095977978));
#4694=CARTESIAN_POINT('Ctrl Pts',(229.480894410499,29.9372997732917,1.94127251318366));
#4695=CARTESIAN_POINT('Ctrl Pts',(228.98815676152,29.9498380014303,1.73714143191018));
#4696=CARTESIAN_POINT('Ctrl Pts',(228.763310497004,29.9587209390642,1.58323285858212));
#4697=CARTESIAN_POINT('Ctrl Pts',(228.40825118898,29.9753762126366,1.22817223682692));
#4698=CARTESIAN_POINT('Ctrl Pts',(228.254343653159,29.9842303886203,1.00332643556534));
#4699=CARTESIAN_POINT('Ctrl Pts',(228.050214205869,29.9966670423739,0.510590131674253));
#4700=CARTESIAN_POINT('Ctrl Pts',(227.999996379811,30.0000700430022,0.242693422923852));
#4701=CARTESIAN_POINT('Ctrl Pts',(227.999996379811,29.9999987932705,-0.00850904022022224));
#4702=CARTESIAN_POINT('Ctrl Pts',(227.999996379811,29.9999987932706,-0.0085090402202205));
#4703=CARTESIAN_POINT('Ctrl Pts',(227.999996379811,29.9999275424913,-0.2597151968712));
#4704=CARTESIAN_POINT('Ctrl Pts',(228.050215526289,29.9963724773662,-0.52761361074513));
#4705=CARTESIAN_POINT('Ctrl Pts',(228.254347191553,29.9836559157704,-1.02035084573523));
#4706=CARTESIAN_POINT('Ctrl Pts',(228.408255555708,29.9746738862312,-1.24519600334772));
#4707=CARTESIAN_POINT('Ctrl Pts',(228.763314294578,29.9578166142884,-1.60025341724257));
#4708=CARTESIAN_POINT('Ctrl Pts',(228.98815887179,29.9488460218229,-1.75416055060223));
#4709=CARTESIAN_POINT('Ctrl Pts',(229.480894399572,29.9361914061783,-1.95829042508719));
#4710=CARTESIAN_POINT('Ctrl Pts',(229.748791715844,29.932689345185,-2.00850904022021));
#4711=CARTESIAN_POINT('Ctrl Pts',(230.251201043778,29.932689345185,-2.00850904022021));
#4712=CARTESIAN_POINT('Ctrl Pts',(230.51909836005,29.9361914061783,-1.95829042508719));
#4713=CARTESIAN_POINT('Ctrl Pts',(231.011833887832,29.9488460218229,-1.75416055060221));
#4714=CARTESIAN_POINT('Ctrl Pts',(231.236678465044,29.9578166142884,-1.60025341724257));
#4715=CARTESIAN_POINT('Ctrl Pts',(231.591737203914,29.9746738862312,-1.24519600334772));
#4716=CARTESIAN_POINT('Ctrl Pts',(231.745645568069,29.9836559157704,-1.02035084573522));
#4717=CARTESIAN_POINT('Ctrl Pts',(231.949777233333,29.9963724773662,-0.527613610745116));
#4718=CARTESIAN_POINT('Ctrl Pts',(231.999996379811,29.9999275424913,-0.259715196871201));
#4719=CARTESIAN_POINT('Ctrl Pts',(231.999996379811,30.0000700430022,0.242693422923852));
#4720=CARTESIAN_POINT('Ctrl Pts',(231.949778553754,29.9966670423739,0.510590131674254));
#4721=CARTESIAN_POINT('Ctrl Pts',(231.745649106463,29.9842303886203,1.00332643556534));
#4722=CARTESIAN_POINT('Ctrl Pts',(231.591741570642,29.9753762126366,1.22817223682692));
#4723=CARTESIAN_POINT('Ctrl Pts',(231.236682262618,29.9587209390642,1.58323285858212));
#4724=CARTESIAN_POINT('Ctrl Pts',(231.011835998102,29.9498380014303,1.73714143191018));
#4725=CARTESIAN_POINT('Ctrl Pts',(230.519098349124,29.9372997732917,1.94127251318366));
#4726=CARTESIAN_POINT('Ctrl Pts',(230.251200669528,29.9338264135596,1.99149095977977));
#4727=CARTESIAN_POINT('Ctrl Pts',(229.999996379811,29.9338264135596,1.99149095977977));
#4728=CARTESIAN_POINT('Origin',(229.999996379811,0.,-0.00850904022022169));
#4729=CARTESIAN_POINT('',(229.999996379811,-2.,-29.9332590941915));
#4730=CARTESIAN_POINT('',(227.999996379811,-6.90437812110642E-15,-30.));
#4731=CARTESIAN_POINT('Ctrl Pts',(229.999996379811,-2.,-29.9332590941915));
#4732=CARTESIAN_POINT('Ctrl Pts',(230.25120085716,-2.,-29.9332590941915));
#4733=CARTESIAN_POINT('Ctrl Pts',(230.519098356373,-1.94978146899352,-29.9367468041196));
#4734=CARTESIAN_POINT('Ctrl Pts',(231.011834948839,-1.74565098822555,-29.949343224819));
#4735=CARTESIAN_POINT('Ctrl Pts',(231.236680372482,-1.5917431320753,-29.9582699891501));
#4736=CARTESIAN_POINT('Ctrl Pts',(231.591739393145,-1.23668411141214,-29.9750262603329));
#4737=CARTESIAN_POINT('Ctrl Pts',(231.745647340336,-1.01183863471816,-29.9839443619467));
#4738=CARTESIAN_POINT('Ctrl Pts',(231.949777893709,-0.519101869343865,-29.9965209678006));
#4739=CARTESIAN_POINT('Ctrl Pts',(231.999996379811,-0.251204309330151,-30.));
#4740=CARTESIAN_POINT('Ctrl Pts',(231.999996379811,0.251204309330137,-30.));
#4741=CARTESIAN_POINT('Ctrl Pts',(231.949777893709,0.519101869343852,-29.9965209678006));
#4742=CARTESIAN_POINT('Ctrl Pts',(231.745647340336,1.01183863471815,-29.9839443619467));
#4743=CARTESIAN_POINT('Ctrl Pts',(231.591739393145,1.23668411141213,-29.9750262603329));
#4744=CARTESIAN_POINT('Ctrl Pts',(231.236680372482,1.59174313207528,-29.9582699891501));
#4745=CARTESIAN_POINT('Ctrl Pts',(231.011834948839,1.74565098822553,-29.949343224819));
#4746=CARTESIAN_POINT('Ctrl Pts',(230.519098356373,1.94978146899351,-29.9367468041196));
#4747=CARTESIAN_POINT('Ctrl Pts',(230.25120085716,1.99999999999999,-29.9332590941915));
#4748=CARTESIAN_POINT('Ctrl Pts',(229.748791902462,1.99999999999999,-29.9332590941915));
#4749=CARTESIAN_POINT('Ctrl Pts',(229.480894403249,1.94978146899351,-29.9367468041196));
#4750=CARTESIAN_POINT('Ctrl Pts',(228.988157810783,1.74565098822553,-29.949343224819));
#4751=CARTESIAN_POINT('Ctrl Pts',(228.76331238714,1.59174313207528,-29.9582699891501));
#4752=CARTESIAN_POINT('Ctrl Pts',(228.408253366477,1.23668411141213,-29.9750262603329));
#4753=CARTESIAN_POINT('Ctrl Pts',(228.254345419286,1.01183863471815,-29.9839443619467));
#4754=CARTESIAN_POINT('Ctrl Pts',(228.050214865913,0.519101869343852,-29.9965209678006));
#4755=CARTESIAN_POINT('Ctrl Pts',(227.999996379811,0.251204309330137,-30.));
#4756=CARTESIAN_POINT('Ctrl Pts',(227.999996379811,-7.35522753814166E-15,
-30.));
#4757=CARTESIAN_POINT('Ctrl Pts',(227.999996379811,-5.27355936696949E-15,
-30.));
#4758=CARTESIAN_POINT('Ctrl Pts',(227.999996379811,-0.251204309330149,-30.));
#4759=CARTESIAN_POINT('Ctrl Pts',(228.050214865913,-0.519101869343865,-29.9965209678006));
#4760=CARTESIAN_POINT('Ctrl Pts',(228.254345419286,-1.01183863471816,-29.9839443619467));
#4761=CARTESIAN_POINT('Ctrl Pts',(228.408253366477,-1.23668411141214,-29.9750262603329));
#4762=CARTESIAN_POINT('Ctrl Pts',(228.76331238714,-1.5917431320753,-29.9582699891501));
#4763=CARTESIAN_POINT('Ctrl Pts',(228.988157810783,-1.74565098822555,-29.949343224819));
#4764=CARTESIAN_POINT('Ctrl Pts',(229.480894403249,-1.94978146899352,-29.9367468041196));
#4765=CARTESIAN_POINT('Ctrl Pts',(229.748791902462,-2.,-29.9332590941915));
#4766=CARTESIAN_POINT('Ctrl Pts',(229.999996379811,-2.,-29.9332590941915));
#4767=CARTESIAN_POINT('',(227.999996379811,-6.1271326836705E-15,-28.0000002086163));
#4768=CARTESIAN_POINT('',(227.999996379811,-2.4492935982947E-16,-0.00850904022022169));
#4769=CARTESIAN_POINT('',(229.999996379811,-2.,-27.9284802966884));
#4770=CARTESIAN_POINT('Ctrl Pts',(229.999996379811,-2.,-27.9284802966884));
#4771=CARTESIAN_POINT('Ctrl Pts',(229.748780020474,-2.,-27.9284802966884));
#4772=CARTESIAN_POINT('Ctrl Pts',(229.480877429723,-1.9497768313531,-27.9322187666576));
#4773=CARTESIAN_POINT('Ctrl Pts',(228.988144126547,-1.74564292484623,-27.9457189150029));
#4774=CARTESIAN_POINT('Ctrl Pts',(228.763306138976,-1.59173688391106,-27.9552853769089));
#4775=CARTESIAN_POINT('Ctrl Pts',(228.408259652469,-1.23669039740441,-27.973240849377));
#4776=CARTESIAN_POINT('Ctrl Pts',(228.254353490978,-1.01185234015247,-27.9827966527101));
#4777=CARTESIAN_POINT('Ctrl Pts',(228.0502194898,-0.519118808538034,-27.996272418434));
#4778=CARTESIAN_POINT('Ctrl Pts',(227.999996379811,-0.251216137773439,-28.0000002086163));
#4779=CARTESIAN_POINT('Ctrl Pts',(227.999996379811,-9.57567358739198E-15,
-28.0000002086163));
#4780=CARTESIAN_POINT('Ctrl Pts',(227.999996379811,-5.86336534880161E-15,
-28.0000002086163));
#4781=CARTESIAN_POINT('Ctrl Pts',(227.999996379811,0.251216137773423,-28.0000002086163));
#4782=CARTESIAN_POINT('Ctrl Pts',(228.0502194898,0.519118808538042,-27.996272418434));
#4783=CARTESIAN_POINT('Ctrl Pts',(228.254353490978,1.01185234015247,-27.9827966527101));
#4784=CARTESIAN_POINT('Ctrl Pts',(228.408259652469,1.2366903974044,-27.973240849377));
#4785=CARTESIAN_POINT('Ctrl Pts',(228.763306138976,1.59173688391105,-27.9552853769089));
#4786=CARTESIAN_POINT('Ctrl Pts',(228.988144126547,1.74564292484622,-27.9457189150029));
#4787=CARTESIAN_POINT('Ctrl Pts',(229.480877429723,1.94977683135309,-27.9322187666576));
#4788=CARTESIAN_POINT('Ctrl Pts',(229.748780020474,1.99999999999999,-27.9284802966884));
#4789=CARTESIAN_POINT('Ctrl Pts',(230.251212739148,1.99999999999999,-27.9284802966884));
#4790=CARTESIAN_POINT('Ctrl Pts',(230.519115329899,1.94977683135309,-27.9322187666576));
#4791=CARTESIAN_POINT('Ctrl Pts',(231.011848633075,1.74564292484622,-27.9457189150029));
#4792=CARTESIAN_POINT('Ctrl Pts',(231.236686620646,1.59173688391105,-27.9552853769089));
#4793=CARTESIAN_POINT('Ctrl Pts',(231.591733107153,1.2366903974044,-27.973240849377));
#4794=CARTESIAN_POINT('Ctrl Pts',(231.745639268645,1.01185234015244,-27.9827966527101));
#4795=CARTESIAN_POINT('Ctrl Pts',(231.949773269822,0.519118808538009,-27.996272418434));
#4796=CARTESIAN_POINT('Ctrl Pts',(231.999996379811,0.251216137773423,-28.0000002086163));
#4797=CARTESIAN_POINT('Ctrl Pts',(231.999996379811,-0.251216137773435,-28.0000002086163));
#4798=CARTESIAN_POINT('Ctrl Pts',(231.949773269822,-0.519118808538033,-27.996272418434));
#4799=CARTESIAN_POINT('Ctrl Pts',(231.745639268645,-1.01185234015247,-27.9827966527101));
#4800=CARTESIAN_POINT('Ctrl Pts',(231.591733107153,-1.23669039740441,-27.973240849377));
#4801=CARTESIAN_POINT('Ctrl Pts',(231.236686620646,-1.59173688391106,-27.9552853769089));
#4802=CARTESIAN_POINT('Ctrl Pts',(231.011848633075,-1.74564292484623,-27.9457189150029));
#4803=CARTESIAN_POINT('Ctrl Pts',(230.519115329899,-1.9497768313531,-27.9322187666576));
#4804=CARTESIAN_POINT('Ctrl Pts',(230.251212739148,-1.99999999999999,-27.9284802966884));
#4805=CARTESIAN_POINT('Ctrl Pts',(229.999996379811,-1.99999999999999,-27.9284802966884));
#4806=CARTESIAN_POINT('Origin',(229.999996379811,0.,-0.00850904022022169));
#4807=CARTESIAN_POINT('',(229.999996379811,-1.99999999999999,27.9284802966884));
#4808=CARTESIAN_POINT('',(231.999996379811,2.223316758887E-15,28.0000002086163));
#4809=CARTESIAN_POINT('Ctrl Pts',(229.999996379811,-1.99999999999999,27.9284802966884));
#4810=CARTESIAN_POINT('Ctrl Pts',(230.251212739148,-1.99999999999999,27.9284802966884));
#4811=CARTESIAN_POINT('Ctrl Pts',(230.519115329899,-1.94977683135309,27.9322187666576));
#4812=CARTESIAN_POINT('Ctrl Pts',(231.011848633075,-1.74564292484622,27.9457189150029));
#4813=CARTESIAN_POINT('Ctrl Pts',(231.236686620646,-1.59173688391105,27.9552853769089));
#4814=CARTESIAN_POINT('Ctrl Pts',(231.591733107153,-1.2366903974044,27.973240849377));
#4815=CARTESIAN_POINT('Ctrl Pts',(231.745639268645,-1.01185234015246,27.9827966527101));
#4816=CARTESIAN_POINT('Ctrl Pts',(231.949773269822,-0.519118808538021,27.996272418434));
#4817=CARTESIAN_POINT('Ctrl Pts',(231.999996379811,-0.251216137773421,28.0000002086163));
#4818=CARTESIAN_POINT('Ctrl Pts',(231.999996379811,8.39606162372775E-15,
28.0000002086163));
#4819=CARTESIAN_POINT('',(227.999996379811,5.58918971939897E-15,28.0000002086163));
#4820=CARTESIAN_POINT('Ctrl Pts',(227.999996379811,5.27355936696949E-15,
28.0000002086163));
#4821=CARTESIAN_POINT('Ctrl Pts',(227.999996379811,-0.251216137773424,28.0000002086163));
#4822=CARTESIAN_POINT('Ctrl Pts',(228.0502194898,-0.519118808538021,27.996272418434));
#4823=CARTESIAN_POINT('Ctrl Pts',(228.254353490978,-1.01185234015246,27.9827966527101));
#4824=CARTESIAN_POINT('Ctrl Pts',(228.408259652469,-1.2366903974044,27.973240849377));
#4825=CARTESIAN_POINT('Ctrl Pts',(228.763306138976,-1.59173688391105,27.9552853769089));
#4826=CARTESIAN_POINT('Ctrl Pts',(228.988144126547,-1.74564292484622,27.9457189150029));
#4827=CARTESIAN_POINT('Ctrl Pts',(229.480877429723,-1.94977683135309,27.9322187666576));
#4828=CARTESIAN_POINT('Ctrl Pts',(229.748780020474,-1.99999999999998,27.9284802966884));
#4829=CARTESIAN_POINT('Ctrl Pts',(229.999996379811,-1.99999999999998,27.9284802966884));
#4830=CARTESIAN_POINT('',(227.999996379811,6.41829817439546E-15,30.));
#4831=CARTESIAN_POINT('',(227.999996379811,-2.4492935982947E-16,-0.00850904022022169));
#4832=CARTESIAN_POINT('',(229.999996379811,-1.99999999999999,29.9332590941915));
#4833=CARTESIAN_POINT('Ctrl Pts',(229.999996379811,-1.99999999999999,29.9332590941915));
#4834=CARTESIAN_POINT('Ctrl Pts',(229.748791902462,-1.99999999999999,29.9332590941915));
#4835=CARTESIAN_POINT('Ctrl Pts',(229.480894403249,-1.94978146899351,29.9367468041196));
#4836=CARTESIAN_POINT('Ctrl Pts',(228.988157810783,-1.74565098822553,29.949343224819));
#4837=CARTESIAN_POINT('Ctrl Pts',(228.76331238714,-1.59174313207528,29.9582699891501));
#4838=CARTESIAN_POINT('Ctrl Pts',(228.408253366477,-1.23668411141213,29.9750262603329));
#4839=CARTESIAN_POINT('Ctrl Pts',(228.254345419286,-1.01183863471815,29.9839443619467));
#4840=CARTESIAN_POINT('Ctrl Pts',(228.050214865913,-0.519101869343852,29.9965209678006));
#4841=CARTESIAN_POINT('Ctrl Pts',(227.999996379811,-0.251204309330139,30.));
#4842=CARTESIAN_POINT('Ctrl Pts',(227.999996379811,4.57966997657877E-15,
30.));
#4843=CARTESIAN_POINT('',(231.999996379811,-1.71635661783295E-16,30.));
#4844=CARTESIAN_POINT('Ctrl Pts',(231.999996379811,3.40005801291454E-15,
30.));
#4845=CARTESIAN_POINT('Ctrl Pts',(231.999996379811,-0.251204309330141,30.));
#4846=CARTESIAN_POINT('Ctrl Pts',(231.949777893709,-0.519101869343852,29.9965209678006));
#4847=CARTESIAN_POINT('Ctrl Pts',(231.745647340336,-1.01183863471815,29.9839443619467));
#4848=CARTESIAN_POINT('Ctrl Pts',(231.591739393145,-1.23668411141213,29.9750262603329));
#4849=CARTESIAN_POINT('Ctrl Pts',(231.236680372482,-1.59174313207528,29.9582699891501));
#4850=CARTESIAN_POINT('Ctrl Pts',(231.011834948839,-1.74565098822553,29.949343224819));
#4851=CARTESIAN_POINT('Ctrl Pts',(230.519098356373,-1.94978146899351,29.9367468041196));
#4852=CARTESIAN_POINT('Ctrl Pts',(230.25120085716,-1.99999999999999,29.9332590941915));
#4853=CARTESIAN_POINT('Ctrl Pts',(229.999996379811,-1.99999999999999,29.9332590941915));
#4854=CARTESIAN_POINT('Ctrl Pts',(227.999996379811,7.42461647718073E-15,
30.));
#4855=CARTESIAN_POINT('Ctrl Pts',(227.999996379811,0.251204309330151,30.));
#4856=CARTESIAN_POINT('Ctrl Pts',(228.050214865913,0.519101869343864,29.9965209678006));
#4857=CARTESIAN_POINT('Ctrl Pts',(228.254345419286,1.01183863471816,29.9839443619467));
#4858=CARTESIAN_POINT('Ctrl Pts',(228.408253366477,1.23668411141214,29.9750262603329));
#4859=CARTESIAN_POINT('Ctrl Pts',(228.76331238714,1.5917431320753,29.9582699891501));
#4860=CARTESIAN_POINT('Ctrl Pts',(228.988157810783,1.74565098822555,29.949343224819));
#4861=CARTESIAN_POINT('Ctrl Pts',(229.480894403249,1.94978146899352,29.9367468041196));
#4862=CARTESIAN_POINT('Ctrl Pts',(229.748791902462,2.,29.9332590941915));
#4863=CARTESIAN_POINT('Ctrl Pts',(230.25120085716,2.,29.9332590941915));
#4864=CARTESIAN_POINT('Ctrl Pts',(230.519098356373,1.94978146899352,29.9367468041196));
#4865=CARTESIAN_POINT('Ctrl Pts',(231.011834948839,1.74565098822555,29.949343224819));
#4866=CARTESIAN_POINT('Ctrl Pts',(231.236680372482,1.5917431320753,29.9582699891501));
#4867=CARTESIAN_POINT('Ctrl Pts',(231.591739393145,1.23668411141214,29.9750262603329));
#4868=CARTESIAN_POINT('Ctrl Pts',(231.745647340336,1.01183863471814,29.9839443619467));
#4869=CARTESIAN_POINT('Ctrl Pts',(231.949777893709,0.519101869343838,29.9965209678006));
#4870=CARTESIAN_POINT('Ctrl Pts',(231.999996379811,0.251204309330153,30.));
#4871=CARTESIAN_POINT('Ctrl Pts',(231.999996379811,9.36750677027476E-15,
30.));
#4872=CARTESIAN_POINT('Ctrl Pts',(231.999996379811,7.8756445809347E-15,
28.0000002086163));
#4873=CARTESIAN_POINT('Ctrl Pts',(231.999996379811,0.251216137773437,28.0000002086163));
#4874=CARTESIAN_POINT('Ctrl Pts',(231.949773269822,0.519118808538034,27.996272418434));
#4875=CARTESIAN_POINT('Ctrl Pts',(231.745639268645,1.01185234015246,27.9827966527101));
#4876=CARTESIAN_POINT('Ctrl Pts',(231.591733107153,1.23669039740441,27.973240849377));
#4877=CARTESIAN_POINT('Ctrl Pts',(231.236686620646,1.59173688391106,27.9552853769089));
#4878=CARTESIAN_POINT('Ctrl Pts',(231.011848633075,1.7456429248462,27.9457189150029));
#4879=CARTESIAN_POINT('Ctrl Pts',(230.519115329899,1.94977683135309,27.9322187666576));
#4880=CARTESIAN_POINT('Ctrl Pts',(230.251212739148,2.,27.9284802966884));
#4881=CARTESIAN_POINT('Ctrl Pts',(229.748780020474,2.,27.9284802966884));
#4882=CARTESIAN_POINT('Ctrl Pts',(229.480877429723,1.9497768313531,27.9322187666576));
#4883=CARTESIAN_POINT('Ctrl Pts',(228.988144126547,1.74564292484623,27.9457189150029));
#4884=CARTESIAN_POINT('Ctrl Pts',(228.763306138976,1.59173688391106,27.9552853769089));
#4885=CARTESIAN_POINT('Ctrl Pts',(228.408259652469,1.23669039740441,27.973240849377));
#4886=CARTESIAN_POINT('Ctrl Pts',(228.254353490978,1.01185234015248,27.9827966527101));
#4887=CARTESIAN_POINT('Ctrl Pts',(228.0502194898,0.519118808538054,27.996272418434));
#4888=CARTESIAN_POINT('Ctrl Pts',(227.999996379811,0.251216137773437,28.0000002086163));
#4889=CARTESIAN_POINT('Ctrl Pts',(227.999996379811,7.70217223333702E-15,
28.0000002086163));
#4890=CARTESIAN_POINT('Origin',(119.988087339379,0.,0.));
#4891=CARTESIAN_POINT('',(239.976174678758,-3.42901106316071E-15,28.0000002086163));
#4892=CARTESIAN_POINT('Origin',(239.976174678758,0.,0.));
#4893=CARTESIAN_POINT('',(119.988087339379,-3.42901106316071E-15,28.0000002086163));
#4894=CARTESIAN_POINT('',(0.,-3.42901106316071E-15,28.0000002086163));
#4895=CARTESIAN_POINT('',(119.988087339379,-3.42901106316071E-15,28.0000002086163));
#4896=CARTESIAN_POINT('Origin',(0.,0.,0.));
#4897=CARTESIAN_POINT('Origin',(0.,0.,-30.));
#4898=CARTESIAN_POINT('',(0.,-3.67394039744206E-15,30.));
#4899=CARTESIAN_POINT('Origin',(0.,0.,0.));
#4900=CARTESIAN_POINT('Origin',(119.988087339379,0.,0.));
#4901=CARTESIAN_POINT('',(239.976174678758,-3.67394039744206E-15,30.));
#4902=CARTESIAN_POINT('Origin',(239.976174678758,0.,0.));
#4903=CARTESIAN_POINT('',(119.988087339379,-3.67394039744206E-15,30.));
#4904=CARTESIAN_POINT('',(119.988087339379,-3.67394039744206E-15,30.));
#4905=CARTESIAN_POINT('Origin',(239.976174678758,0.,-28.));
#4906=CARTESIAN_POINT('',(0.,0.,0.));
#4907=CARTESIAN_POINT('Origin',(274.976174678758,0.00850904022022169,-0.00850904022022169));
#4908=CARTESIAN_POINT('',(274.976174678758,-1.99149095977978,-27.6784476399439));
#4909=CARTESIAN_POINT('',(272.976174678758,0.00850904022021526,-27.7499986954276));
#4910=CARTESIAN_POINT('Ctrl Pts',(274.976174678758,-1.99149095977978,-27.6784476399439));
#4911=CARTESIAN_POINT('Ctrl Pts',(275.227392487434,-1.99149095977978,-27.6784476399439));
#4912=CARTESIAN_POINT('Ctrl Pts',(275.495296003963,-1.94126723851685,-27.6822044871462));
#4913=CARTESIAN_POINT('Ctrl Pts',(275.988030080079,-1.73713214904778,-27.6957638571833));
#4914=CARTESIAN_POINT('Ctrl Pts',(276.212868006308,-1.58322552475212,-27.7053693858357));
#4915=CARTESIAN_POINT('Ctrl Pts',(276.56791306873,-1.2281789267719,-27.7233777135707));
#4916=CARTESIAN_POINT('Ctrl Pts',(276.721818498628,-1.00334153195952,-27.7329505698096));
#4917=CARTESIAN_POINT('Ctrl Pts',(276.925951691028,-0.510608993869957,-27.7463965226476));
#4918=CARTESIAN_POINT('Ctrl Pts',(276.976174678758,-0.242706600516023,-27.7500757262057));
#4919=CARTESIAN_POINT('Ctrl Pts',(276.976174678758,0.259728998995554,-27.7499216633255));
#4920=CARTESIAN_POINT('Ctrl Pts',(276.925950147233,0.527633385933731,-27.7460780448802));
#4921=CARTESIAN_POINT('Ctrl Pts',(276.721814361786,1.02036701251138,-27.7323294193434));
#4922=CARTESIAN_POINT('Ctrl Pts',(276.567907963564,1.2452036545085,-27.7226182923884));
#4923=CARTESIAN_POINT('Ctrl Pts',(276.212863567358,1.60024650201031,-27.7043914899079));
#4924=CARTESIAN_POINT('Ctrl Pts',(275.98802761408,1.75415144266272,-27.6946911368587));
#4925=CARTESIAN_POINT('Ctrl Pts',(275.495296018312,1.95828512147731,-27.6810058317325));
#4926=CARTESIAN_POINT('Ctrl Pts',(275.227392926433,2.00850904022021,-27.6772179135721));
#4927=CARTESIAN_POINT('Ctrl Pts',(274.724956431084,2.00850904022021,-27.6772179135721));
#4928=CARTESIAN_POINT('Ctrl Pts',(274.457053339204,1.95828512147732,-27.6810058317325));
#4929=CARTESIAN_POINT('Ctrl Pts',(273.964321743437,1.75415144266275,-27.6946911368586));
#4930=CARTESIAN_POINT('Ctrl Pts',(273.739485790158,1.60024650201031,-27.7043914899079));
#4931=CARTESIAN_POINT('Ctrl Pts',(273.384441393952,1.2452036545085,-27.7226182923884));
#4932=CARTESIAN_POINT('Ctrl Pts',(273.23053499573,1.02036701251142,-27.7323294193434));
#4933=CARTESIAN_POINT('Ctrl Pts',(273.026399210283,0.527633385933765,-27.7460780448802));
#4934=CARTESIAN_POINT('Ctrl Pts',(272.976174678758,0.259728998995551,-27.7499216633255));
#4935=CARTESIAN_POINT('Ctrl Pts',(272.976174678758,0.00850904022021322,
-27.7499986954276));
#4936=CARTESIAN_POINT('Ctrl Pts',(272.976174678758,0.00850904022021502,
-27.7499986954276));
#4937=CARTESIAN_POINT('Ctrl Pts',(272.976174678758,-0.242706600516024,-27.7500757262057));
#4938=CARTESIAN_POINT('Ctrl Pts',(273.026397666488,-0.510608993869957,-27.7463965226476));
#4939=CARTESIAN_POINT('Ctrl Pts',(273.230530858888,-1.00334153195952,-27.7329505698096));
#4940=CARTESIAN_POINT('Ctrl Pts',(273.384436288786,-1.2281789267719,-27.7233777135707));
#4941=CARTESIAN_POINT('Ctrl Pts',(273.739481351209,-1.58322552475212,-27.7053693858357));
#4942=CARTESIAN_POINT('Ctrl Pts',(273.964319277437,-1.73713214904778,-27.6957638571833));
#4943=CARTESIAN_POINT('Ctrl Pts',(274.457053353554,-1.94126723851685,-27.6822044871462));
#4944=CARTESIAN_POINT('Ctrl Pts',(274.724956870082,-1.99149095977977,-27.6784476399439));
#4945=CARTESIAN_POINT('Ctrl Pts',(274.976174678758,-1.99149095977978,-27.6784476399439));
#4946=CARTESIAN_POINT('',(272.976174678758,0.00850904022021741,-22.7499984087084));
#4947=CARTESIAN_POINT('',(272.976174678758,0.00850904022022145,-0.00850904022022169));
#4948=CARTESIAN_POINT('',(274.976174678758,-1.99149095977978,-22.6626667397532));
#4949=CARTESIAN_POINT('Ctrl Pts',(274.976174678758,-1.99149095977978,-22.6626667397532));
#4950=CARTESIAN_POINT('Ctrl Pts',(274.724911080909,-1.99149095977978,-22.6626667397532));
#4951=CARTESIAN_POINT('Ctrl Pts',(274.456987844146,-1.94124938142291,-22.6672569704703));
#4952=CARTESIAN_POINT('Ctrl Pts',(273.964265906827,-1.73710075302735,-22.6838151258803));
#4953=CARTESIAN_POINT('Ctrl Pts',(273.739456198887,-1.5832007473831,-22.6955414711507));
#4954=CARTESIAN_POINT('Ctrl Pts',(273.384459313601,-1.22820157662628,-22.7175185113318));
#4955=CARTESIAN_POINT('Ctrl Pts',(273.230560993488,-1.00339260903107,-22.7291984847302));
#4956=CARTESIAN_POINT('Ctrl Pts',(273.026415123958,-0.510672788520032,-22.7456033946836));
#4957=CARTESIAN_POINT('Ctrl Pts',(272.976174678758,-0.242751164781609,-22.7500923859981));
#4958=CARTESIAN_POINT('Ctrl Pts',(272.976174678758,0.0085090402202101,-22.7499984087084));
#4959=CARTESIAN_POINT('Ctrl Pts',(272.976174678758,0.00850904022021842,
-22.7499984087084));
#4960=CARTESIAN_POINT('Ctrl Pts',(272.976174678758,0.25977567644008,-22.7499044290133));
#4961=CARTESIAN_POINT('Ctrl Pts',(273.026417423797,0.52770027010969,-22.7452148016722));
#4962=CARTESIAN_POINT('Ctrl Pts',(273.230567155558,1.02042171154818,-22.7284404102184));
#4963=CARTESIAN_POINT('Ctrl Pts',(273.384466917515,1.24522955624168,-22.7165915679052));
#4964=CARTESIAN_POINT('Ctrl Pts',(273.739462806407,1.6002231400779,-22.6943476312901));
#4965=CARTESIAN_POINT('Ctrl Pts',(273.964269574142,1.75412063716109,-22.6825053631328));
#4966=CARTESIAN_POINT('Ctrl Pts',(274.456987814832,1.95826716549457,-22.6657931363996));
#4967=CARTESIAN_POINT('Ctrl Pts',(274.724910419662,2.00850904022021,-22.6611648296232));
#4968=CARTESIAN_POINT('Ctrl Pts',(275.227438937855,2.00850904022021,-22.6611648296232));
#4969=CARTESIAN_POINT('Ctrl Pts',(275.495361542684,1.95826716549457,-22.6657931363996));
#4970=CARTESIAN_POINT('Ctrl Pts',(275.988079783375,1.75412063716109,-22.6825053631328));
#4971=CARTESIAN_POINT('Ctrl Pts',(276.212886551109,1.6002231400779,-22.6943476312901));
#4972=CARTESIAN_POINT('Ctrl Pts',(276.567882440002,1.24522955624168,-22.7165915679052));
#4973=CARTESIAN_POINT('Ctrl Pts',(276.721782201958,1.02042171154818,-22.7284404102184));
#4974=CARTESIAN_POINT('Ctrl Pts',(276.925931933719,0.52770027010969,-22.7452148016722));
#4975=CARTESIAN_POINT('Ctrl Pts',(276.976174678758,0.259775676440078,-22.7499044290133));
#4976=CARTESIAN_POINT('Ctrl Pts',(276.976174678758,-0.242751164781601,-22.750092385998));
#4977=CARTESIAN_POINT('Ctrl Pts',(276.925934233558,-0.510672788520031,-22.7456033946836));
#4978=CARTESIAN_POINT('Ctrl Pts',(276.721788364028,-1.00339260903107,-22.7291984847302));
#4979=CARTESIAN_POINT('Ctrl Pts',(276.567890043915,-1.22820157662627,-22.7175185113318));
#4980=CARTESIAN_POINT('Ctrl Pts',(276.21289315863,-1.5832007473831,-22.6955414711507));
#4981=CARTESIAN_POINT('Ctrl Pts',(275.988083450689,-1.73710075302739,-22.6838151258803));
#4982=CARTESIAN_POINT('Ctrl Pts',(275.49536151337,-1.94124938142293,-22.6672569704703));
#4983=CARTESIAN_POINT('Ctrl Pts',(275.227438276607,-1.99149095977977,-22.6626667397532));
#4984=CARTESIAN_POINT('Ctrl Pts',(274.976174678758,-1.99149095977977,-22.6626667397532));
#4985=CARTESIAN_POINT('Origin',(274.976174678758,0.00850904022022169,-0.00850904022022169));
#4986=CARTESIAN_POINT('',(274.976174678758,-1.99149095977977,22.6626667397532));
#4987=CARTESIAN_POINT('',(276.976156577715,-2.29573909020236E-9,22.75));
#4988=CARTESIAN_POINT('Ctrl Pts',(274.976174678758,-1.99149095977977,22.6626667397532));
#4989=CARTESIAN_POINT('Ctrl Pts',(275.227438276607,-1.99149095977977,22.6626667397532));
#4990=CARTESIAN_POINT('Ctrl Pts',(275.49536151337,-1.9412493814229,22.6672569704703));
#4991=CARTESIAN_POINT('Ctrl Pts',(275.988083450689,-1.73710075302734,22.6838151258803));
#4992=CARTESIAN_POINT('Ctrl Pts',(276.21289315863,-1.58320074738309,22.6955414711507));
#4993=CARTESIAN_POINT('Ctrl Pts',(276.567890043915,-1.22820157662626,22.7175185113318));
#4994=CARTESIAN_POINT('Ctrl Pts',(276.721788364028,-1.00339260903106,22.7291984847302));
#4995=CARTESIAN_POINT('Ctrl Pts',(276.924782838745,-0.51345175753225,22.7455108700184));
#4996=CARTESIAN_POINT('Ctrl Pts',(276.975098072444,-0.248793074747171,22.7499999999498));
#4997=CARTESIAN_POINT('Ctrl Pts',(276.976156577715,-4.59147588005582E-9,
22.75));
#4998=CARTESIAN_POINT('',(272.976192779801,-2.29574113717606E-9,22.75));
#4999=CARTESIAN_POINT('Ctrl Pts',(272.976192779801,-4.59147643516733E-9,
22.75));
#5000=CARTESIAN_POINT('Ctrl Pts',(272.977251285072,-0.248793074747172,22.7499999999498));
#5001=CARTESIAN_POINT('Ctrl Pts',(273.027566518771,-0.51345175753229,22.7455108700184));
#5002=CARTESIAN_POINT('Ctrl Pts',(273.230560993488,-1.0033926090311,22.7291984847302));
#5003=CARTESIAN_POINT('Ctrl Pts',(273.384459313601,-1.22820157662627,22.7175185113318));
#5004=CARTESIAN_POINT('Ctrl Pts',(273.739456198887,-1.58320074738309,22.6955414711507));
#5005=CARTESIAN_POINT('Ctrl Pts',(273.964265906827,-1.73710075302731,22.6838151258803));
#5006=CARTESIAN_POINT('Ctrl Pts',(274.456987844146,-1.94124938142289,22.6672569704703));
#5007=CARTESIAN_POINT('Ctrl Pts',(274.724911080909,-1.99149095977977,22.6626667397532));
#5008=CARTESIAN_POINT('Ctrl Pts',(274.976174678758,-1.99149095977977,22.6626667397532));
#5009=CARTESIAN_POINT('',(272.976174678758,0.00850904022022486,22.7499984087084));
#5010=CARTESIAN_POINT('Ctrl Pts',(272.976174678758,0.00850904022022654,
22.7499984087084));
#5011=CARTESIAN_POINT('Ctrl Pts',(272.976174678758,0.00567479530196043,
22.7499994687834));
#5012=CARTESIAN_POINT('Ctrl Pts',(272.976180703514,0.00283842861635574,
22.7500000000006));
#5013=CARTESIAN_POINT('Ctrl Pts',(272.976192779801,-4.59147598068937E-9,
22.75));
#5014=CARTESIAN_POINT('',(272.976174678758,0.0085090402202268,27.7499986954276));
#5015=CARTESIAN_POINT('',(272.976174678758,0.00850904022022145,-0.00850904022022169));
#5016=CARTESIAN_POINT('',(272.976192779801,-2.29600966628161E-9,27.75));
#5017=CARTESIAN_POINT('Ctrl Pts',(272.976192779801,-4.59201718554617E-9,
27.75));
#5018=CARTESIAN_POINT('Ctrl Pts',(272.976180703497,0.00283843256804382,
27.7500000000005));
#5019=CARTESIAN_POINT('Ctrl Pts',(272.976174678758,0.00567479926274918,
27.7499995644969));
#5020=CARTESIAN_POINT('Ctrl Pts',(272.976174678758,0.00850904022022808,
27.7499986954276));
#5021=CARTESIAN_POINT('',(274.976174678758,-1.99149095977976,27.6784476399439));
#5022=CARTESIAN_POINT('Ctrl Pts',(274.976174678758,-1.99149095977976,27.6784476399439));
#5023=CARTESIAN_POINT('Ctrl Pts',(274.724956870082,-1.99149095977976,27.6784476399439));
#5024=CARTESIAN_POINT('Ctrl Pts',(274.457053353554,-1.94126723851684,27.6822044871462));
#5025=CARTESIAN_POINT('Ctrl Pts',(273.964319277437,-1.73713214904777,27.6957638571833));
#5026=CARTESIAN_POINT('Ctrl Pts',(273.739481351209,-1.58322552475211,27.7053693858357));
#5027=CARTESIAN_POINT('Ctrl Pts',(273.384436288786,-1.22817892677189,27.7233777135707));
#5028=CARTESIAN_POINT('Ctrl Pts',(273.230530858888,-1.00334153195951,27.7329505698096));
#5029=CARTESIAN_POINT('Ctrl Pts',(273.02754919243,-0.513388523712201,27.7463206733292));
#5030=CARTESIAN_POINT('Ctrl Pts',(272.97725109816,-0.248749142571838,27.7499999999588));
#5031=CARTESIAN_POINT('Ctrl Pts',(272.976192779801,-4.59201593416836E-9,
27.75));
#5032=CARTESIAN_POINT('',(276.976156577715,-2.29600918055904E-9,27.75));
#5033=CARTESIAN_POINT('Ctrl Pts',(276.976156577715,-4.59201954239319E-9,
27.75));
#5034=CARTESIAN_POINT('Ctrl Pts',(276.975098259356,-0.248749142571842,27.7499999999588));
#5035=CARTESIAN_POINT('Ctrl Pts',(276.924800165086,-0.513388523712184,27.7463206733292));
#5036=CARTESIAN_POINT('Ctrl Pts',(276.721818498628,-1.00334153195948,27.7329505698096));
#5037=CARTESIAN_POINT('Ctrl Pts',(276.56791306873,-1.22817892677189,27.7233777135707));
#5038=CARTESIAN_POINT('Ctrl Pts',(276.212868006308,-1.58322552475211,27.7053693858357));
#5039=CARTESIAN_POINT('Ctrl Pts',(275.988030080079,-1.73713214904777,27.6957638571833));
#5040=CARTESIAN_POINT('Ctrl Pts',(275.495296003963,-1.94126723851684,27.6822044871462));
#5041=CARTESIAN_POINT('Ctrl Pts',(275.227392487434,-1.99149095977976,27.6784476399439));
#5042=CARTESIAN_POINT('Ctrl Pts',(274.976174678758,-1.99149095977976,27.6784476399439));
#5043=CARTESIAN_POINT('Ctrl Pts',(272.976174678758,0.00850904022022557,
27.7499986954276));
#5044=CARTESIAN_POINT('Ctrl Pts',(272.976174678758,0.259728998995564,27.7499216633255));
#5045=CARTESIAN_POINT('Ctrl Pts',(273.026399210283,0.527633385933743,27.7460780448802));
#5046=CARTESIAN_POINT('Ctrl Pts',(273.23053499573,1.0203670125114,27.7323294193434));
#5047=CARTESIAN_POINT('Ctrl Pts',(273.384441393952,1.24520365450851,27.7226182923884));
#5048=CARTESIAN_POINT('Ctrl Pts',(273.739485790158,1.60024650201032,27.7043914899079));
#5049=CARTESIAN_POINT('Ctrl Pts',(273.964321743436,1.75415144266273,27.6946911368587));
#5050=CARTESIAN_POINT('Ctrl Pts',(274.457053339204,1.95828512147733,27.6810058317325));
#5051=CARTESIAN_POINT('Ctrl Pts',(274.724956431084,2.00850904022022,27.6772179135721));
#5052=CARTESIAN_POINT('Ctrl Pts',(275.227392926433,2.00850904022022,27.6772179135721));
#5053=CARTESIAN_POINT('Ctrl Pts',(275.495296018312,1.95828512147733,27.6810058317325));
#5054=CARTESIAN_POINT('Ctrl Pts',(275.98802761408,1.75415144266273,27.6946911368587));
#5055=CARTESIAN_POINT('Ctrl Pts',(276.212863567358,1.60024650201032,27.7043914899079));
#5056=CARTESIAN_POINT('Ctrl Pts',(276.567907963564,1.24520365450851,27.7226182923884));
#5057=CARTESIAN_POINT('Ctrl Pts',(276.721814361786,1.0203670125114,27.7323294193434));
#5058=CARTESIAN_POINT('Ctrl Pts',(276.925950147233,0.527633385933749,27.7460780448802));
#5059=CARTESIAN_POINT('Ctrl Pts',(276.976174678758,0.259728998995566,27.7499216633255));
#5060=CARTESIAN_POINT('Ctrl Pts',(276.976174678758,0.00567479926274898,
27.7499995644969));
#5061=CARTESIAN_POINT('Ctrl Pts',(276.976168654019,0.00283843256804379,
27.7500000000005));
#5062=CARTESIAN_POINT('Ctrl Pts',(276.976156577715,-4.59201705547463E-9,
27.75));
#5063=CARTESIAN_POINT('Ctrl Pts',(276.976156577715,-4.59147566606264E-9,
22.75));
#5064=CARTESIAN_POINT('Ctrl Pts',(276.976168654002,0.00283842861635608,
22.7500000000006));
#5065=CARTESIAN_POINT('Ctrl Pts',(276.976174678758,0.00567479530196093,
22.7499994687834));
#5066=CARTESIAN_POINT('Ctrl Pts',(276.976174678758,0.259775676440089,22.7499044290133));
#5067=CARTESIAN_POINT('Ctrl Pts',(276.925931933719,0.5277002701097,22.7452148016722));
#5068=CARTESIAN_POINT('Ctrl Pts',(276.721782201958,1.02042171154819,22.7284404102184));
#5069=CARTESIAN_POINT('Ctrl Pts',(276.567882440002,1.24522955624169,22.7165915679052));
#5070=CARTESIAN_POINT('Ctrl Pts',(276.212886551109,1.60022314007791,22.6943476312901));
#5071=CARTESIAN_POINT('Ctrl Pts',(275.988079783375,1.7541206371611,22.6825053631328));
#5072=CARTESIAN_POINT('Ctrl Pts',(275.495361542684,1.95826716549458,22.6657931363996));
#5073=CARTESIAN_POINT('Ctrl Pts',(275.227438937855,2.00850904022022,22.6611648296232));
#5074=CARTESIAN_POINT('Ctrl Pts',(274.724910419662,2.00850904022022,22.6611648296232));
#5075=CARTESIAN_POINT('Ctrl Pts',(274.456987814832,1.95826716549458,22.6657931363996));
#5076=CARTESIAN_POINT('Ctrl Pts',(273.964269574142,1.7541206371611,22.6825053631328));
#5077=CARTESIAN_POINT('Ctrl Pts',(273.739462806407,1.60022314007791,22.6943476312901));
#5078=CARTESIAN_POINT('Ctrl Pts',(273.384466917515,1.24522955624169,22.7165915679052));
#5079=CARTESIAN_POINT('Ctrl Pts',(273.230567155558,1.0204217115482,22.7284404102184));
#5080=CARTESIAN_POINT('Ctrl Pts',(273.026417423797,0.5277002701097,22.7452148016722));
#5081=CARTESIAN_POINT('Ctrl Pts',(272.976174678758,0.259775676440087,22.7499044290133));
#5082=CARTESIAN_POINT('Ctrl Pts',(272.976174678758,0.00850904022022585,
22.7499984087084));
#5083=CARTESIAN_POINT('Origin',(274.976174678758,0.,0.));
#5084=CARTESIAN_POINT('',(274.976174678758,-27.6778340915614,1.99999999999999));
#5085=CARTESIAN_POINT('',(272.976174678758,-27.75,2.4492935982947E-16));
#5086=CARTESIAN_POINT('Ctrl Pts',(274.976174678758,-27.6778340915614,1.99999999999999));
#5087=CARTESIAN_POINT('Ctrl Pts',(275.227392707521,-27.6778340915614,1.99999999999999));
#5088=CARTESIAN_POINT('Ctrl Pts',(275.495296013221,-27.6816064736923,1.94977617983265));
#5089=CARTESIAN_POINT('Ctrl Pts',(275.988028853943,-27.6952288097649,1.7456417923131));
#5090=CARTESIAN_POINT('Ctrl Pts',(276.212865796948,-27.7048817497065,1.59173600655608));
#5091=CARTESIAN_POINT('Ctrl Pts',(276.567910523013,-27.7229993128227,1.23669128049146));
#5092=CARTESIAN_POINT('Ctrl Pts',(276.721816433803,-27.7326413029688,1.01185426528963));
#5093=CARTESIAN_POINT('Ctrl Pts',(276.925950919328,-27.7462385898545,0.519121187709619));
#5094=CARTESIAN_POINT('Ctrl Pts',(276.976174678758,-27.75,0.251217799085209));
#5095=CARTESIAN_POINT('Ctrl Pts',(276.976174678758,-27.75,-0.251217799085209));
#5096=CARTESIAN_POINT('Ctrl Pts',(276.925950919328,-27.7462385898545,-0.519121187709619));
#5097=CARTESIAN_POINT('Ctrl Pts',(276.721816433803,-27.7326413029688,-1.01185426528963));
#5098=CARTESIAN_POINT('Ctrl Pts',(276.567910523013,-27.7229993128227,-1.23669128049146));
#5099=CARTESIAN_POINT('Ctrl Pts',(276.212865796948,-27.7048817497065,-1.59173600655608));
#5100=CARTESIAN_POINT('Ctrl Pts',(275.988028853943,-27.6952288097649,-1.74564179231308));
#5101=CARTESIAN_POINT('Ctrl Pts',(275.495296013221,-27.6816064736923,-1.94977617983265));
#5102=CARTESIAN_POINT('Ctrl Pts',(275.227392707522,-27.6778340915614,-1.99999999999999));
#5103=CARTESIAN_POINT('Ctrl Pts',(274.724956649995,-27.6778340915614,-1.99999999999999));
#5104=CARTESIAN_POINT('Ctrl Pts',(274.457053344295,-27.6816064736923,-1.94977617983265));
#5105=CARTESIAN_POINT('Ctrl Pts',(273.964320503573,-27.6952288097649,-1.7456417923131));
#5106=CARTESIAN_POINT('Ctrl Pts',(273.739483560568,-27.7048817497065,-1.59173600655608));
#5107=CARTESIAN_POINT('Ctrl Pts',(273.384438834503,-27.7229993128227,-1.23669128049146));
#5108=CARTESIAN_POINT('Ctrl Pts',(273.230532923713,-27.7326413029688,-1.01185426528963));
#5109=CARTESIAN_POINT('Ctrl Pts',(273.026398438189,-27.7462385898545,-0.51912118770962));
#5110=CARTESIAN_POINT('Ctrl Pts',(272.976174678758,-27.75,-0.251217799085211));
#5111=CARTESIAN_POINT('Ctrl Pts',(272.976174678758,-27.75,-2.4980018054066E-15));
#5112=CARTESIAN_POINT('Ctrl Pts',(272.976174678758,-27.75,1.52655665885959E-15));
#5113=CARTESIAN_POINT('Ctrl Pts',(272.976174678758,-27.75,0.251217799085211));
#5114=CARTESIAN_POINT('Ctrl Pts',(273.026398438189,-27.7462385898545,0.519121187709666));
#5115=CARTESIAN_POINT('Ctrl Pts',(273.230532923713,-27.7326413029688,1.01185426528967));
#5116=CARTESIAN_POINT('Ctrl Pts',(273.384438834503,-27.7229993128227,1.23669128049146));
#5117=CARTESIAN_POINT('Ctrl Pts',(273.739483560568,-27.7048817497065,1.59173600655608));
#5118=CARTESIAN_POINT('Ctrl Pts',(273.964320503573,-27.6952288097649,1.7456417923131));
#5119=CARTESIAN_POINT('Ctrl Pts',(274.457053344295,-27.6816064736923,1.94977617983265));
#5120=CARTESIAN_POINT('Ctrl Pts',(274.724956649995,-27.6778340915614,1.99999999999999));
#5121=CARTESIAN_POINT('Ctrl Pts',(274.976174678758,-27.6778340915614,1.99999999999999));
#5122=CARTESIAN_POINT('',(272.976174678758,-22.75,1.89188262541108E-15));
#5123=CARTESIAN_POINT('',(272.976174678758,0.,2.4492935982947E-16));
#5124=CARTESIAN_POINT('',(274.976174678758,-22.6619173946072,1.99999999999999));
#5125=CARTESIAN_POINT('Ctrl Pts',(274.976174678758,-22.6619173946072,1.99999999999999));
#5126=CARTESIAN_POINT('Ctrl Pts',(274.724910749433,-22.6619173946072,1.99999999999999));
#5127=CARTESIAN_POINT('Ctrl Pts',(274.456987826411,-22.6665266623467,1.94975827322143));
#5128=CARTESIAN_POINT('Ctrl Pts',(273.964267730268,-22.6831618506626,1.74561068982348));
#5129=CARTESIAN_POINT('Ctrl Pts',(273.739459487572,-22.6949461557187,1.59171193355963));
#5130=CARTESIAN_POINT('Ctrl Pts',(273.384463105297,-22.7170566404912,1.23671555128492));
#5131=CARTESIAN_POINT('Ctrl Pts',(273.230564069132,-22.7288210457092,1.01190714989126));
#5132=CARTESIAN_POINT('Ctrl Pts',(273.026416273568,-22.7454106922285,0.51918652599512));
#5133=CARTESIAN_POINT('Ctrl Pts',(272.976174678758,-22.75,0.251263419575521));
#5134=CARTESIAN_POINT('Ctrl Pts',(272.976174678758,-22.75,8.32667268468867E-16));
#5135=CARTESIAN_POINT('Ctrl Pts',(272.976174678758,-22.75,3.53883589099269E-15));
#5136=CARTESIAN_POINT('Ctrl Pts',(272.976174678758,-22.75,-0.251263419575517));
#5137=CARTESIAN_POINT('Ctrl Pts',(273.026416273568,-22.7454106922285,-0.51918652599512));
#5138=CARTESIAN_POINT('Ctrl Pts',(273.230564069132,-22.7288210457092,-1.01190714989126));
#5139=CARTESIAN_POINT('Ctrl Pts',(273.384463105297,-22.7170566404912,-1.23671555128492));
#5140=CARTESIAN_POINT('Ctrl Pts',(273.739459487572,-22.6949461557187,-1.59171193355963));
#5141=CARTESIAN_POINT('Ctrl Pts',(273.964267730268,-22.6831618506626,-1.74561068982348));
#5142=CARTESIAN_POINT('Ctrl Pts',(274.456987826411,-22.6665266623467,-1.94975827322143));
#5143=CARTESIAN_POINT('Ctrl Pts',(274.724910749433,-22.6619173946072,-1.99999999999999));
#5144=CARTESIAN_POINT('Ctrl Pts',(275.227438608083,-22.6619173946072,-1.99999999999999));
#5145=CARTESIAN_POINT('Ctrl Pts',(275.495361531106,-22.6665266623467,-1.94975827322143));
#5146=CARTESIAN_POINT('Ctrl Pts',(275.988081627249,-22.6831618506626,-1.74561068982348));
#5147=CARTESIAN_POINT('Ctrl Pts',(276.212889869945,-22.6949461557187,-1.59171193355963));
#5148=CARTESIAN_POINT('Ctrl Pts',(276.567886252219,-22.7170566404912,-1.23671555128492));
#5149=CARTESIAN_POINT('Ctrl Pts',(276.721785288384,-22.7288210457092,-1.01190714989123));
#5150=CARTESIAN_POINT('Ctrl Pts',(276.925933083948,-22.7454106922285,-0.519186525995093));
#5151=CARTESIAN_POINT('Ctrl Pts',(276.976174678758,-22.75,-0.251263419575521));
#5152=CARTESIAN_POINT('Ctrl Pts',(276.976174678758,-22.75,0.25126341957552));
#5153=CARTESIAN_POINT('Ctrl Pts',(276.925933083948,-22.7454106922285,0.51918652599512));
#5154=CARTESIAN_POINT('Ctrl Pts',(276.721785288384,-22.7288210457092,1.01190714989126));
#5155=CARTESIAN_POINT('Ctrl Pts',(276.567886252219,-22.7170566404912,1.23671555128492));
#5156=CARTESIAN_POINT('Ctrl Pts',(276.212889869945,-22.6949461557187,1.59171193355963));
#5157=CARTESIAN_POINT('Ctrl Pts',(275.988081627249,-22.6831618506626,1.7456106898235));
#5158=CARTESIAN_POINT('Ctrl Pts',(275.495361531106,-22.6665266623467,1.94975827322145));
#5159=CARTESIAN_POINT('Ctrl Pts',(275.227438608083,-22.6619173946072,1.99999999999999));
#5160=CARTESIAN_POINT('Ctrl Pts',(274.976174678758,-22.6619173946072,1.99999999999999));
#5161=CARTESIAN_POINT('Origin',(274.976174678758,0.,0.));
#5162=CARTESIAN_POINT('',(274.976174678758,22.6619173946072,1.99999999999999));
#5163=CARTESIAN_POINT('',(272.976174678758,22.75,5.73492783668705E-16));
#5164=CARTESIAN_POINT('Ctrl Pts',(274.976174678758,22.6619173946072,1.99999999999999));
#5165=CARTESIAN_POINT('Ctrl Pts',(275.227438608083,22.6619173946072,1.99999999999999));
#5166=CARTESIAN_POINT('Ctrl Pts',(275.495361531106,22.6665266623467,1.94975827322143));
#5167=CARTESIAN_POINT('Ctrl Pts',(275.988081627249,22.6831618506626,1.74561068982348));
#5168=CARTESIAN_POINT('Ctrl Pts',(276.212889869945,22.6949461557187,1.59171193355963));
#5169=CARTESIAN_POINT('Ctrl Pts',(276.567886252219,22.7170566404912,1.23671555128492));
#5170=CARTESIAN_POINT('Ctrl Pts',(276.721785288384,22.7288210457092,1.01190714989126));
#5171=CARTESIAN_POINT('Ctrl Pts',(276.925933083948,22.7454106922285,0.51918652599512));
#5172=CARTESIAN_POINT('Ctrl Pts',(276.976174678758,22.75,0.25126341957552));
#5173=CARTESIAN_POINT('Ctrl Pts',(276.976174678758,22.75,-0.251263419575521));
#5174=CARTESIAN_POINT('Ctrl Pts',(276.925933083948,22.7454106922285,-0.519186525995121));
#5175=CARTESIAN_POINT('Ctrl Pts',(276.721785288384,22.7288210457092,-1.01190714989126));
#5176=CARTESIAN_POINT('Ctrl Pts',(276.567886252219,22.7170566404912,-1.23671555128492));
#5177=CARTESIAN_POINT('Ctrl Pts',(276.212889869945,22.6949461557187,-1.59171193355963));
#5178=CARTESIAN_POINT('Ctrl Pts',(275.988081627249,22.6831618506626,-1.74561068982348));
#5179=CARTESIAN_POINT('Ctrl Pts',(275.495361531106,22.6665266623467,-1.94975827322143));
#5180=CARTESIAN_POINT('Ctrl Pts',(275.227438608083,22.6619173946072,-1.99999999999999));
#5181=CARTESIAN_POINT('Ctrl Pts',(274.724910749433,22.6619173946072,-1.99999999999999));
#5182=CARTESIAN_POINT('Ctrl Pts',(274.456987826411,22.6665266623467,-1.94975827322145));
#5183=CARTESIAN_POINT('Ctrl Pts',(273.964267730268,22.6831618506626,-1.7456106898235));
#5184=CARTESIAN_POINT('Ctrl Pts',(273.739459487572,22.6949461557187,-1.59171193355963));
#5185=CARTESIAN_POINT('Ctrl Pts',(273.384463105297,22.7170566404912,-1.23671555128492));
#5186=CARTESIAN_POINT('Ctrl Pts',(273.230564069132,22.7288210457092,-1.01190714989127));
#5187=CARTESIAN_POINT('Ctrl Pts',(273.026416273568,22.7454106922285,-0.519186525995134));
#5188=CARTESIAN_POINT('Ctrl Pts',(272.976174678758,22.75,-0.251263419575521));
#5189=CARTESIAN_POINT('Ctrl Pts',(272.976174678758,22.75,-2.77555756156289E-16));
#5190=CARTESIAN_POINT('Ctrl Pts',(272.976174678758,22.75,7.97972798949331E-16));
#5191=CARTESIAN_POINT('Ctrl Pts',(272.976174678758,22.75,0.251263419575521));
#5192=CARTESIAN_POINT('Ctrl Pts',(273.026416273568,22.7454106922285,0.51918652599512));
#5193=CARTESIAN_POINT('Ctrl Pts',(273.230564069132,22.7288210457092,1.01190714989126));
#5194=CARTESIAN_POINT('Ctrl Pts',(273.384463105297,22.7170566404912,1.23671555128492));
#5195=CARTESIAN_POINT('Ctrl Pts',(273.739459487572,22.6949461557187,1.59171193355963));
#5196=CARTESIAN_POINT('Ctrl Pts',(273.964267730268,22.6831618506626,1.74561068982348));
#5197=CARTESIAN_POINT('Ctrl Pts',(274.456987826411,22.6665266623467,1.94975827322143));
#5198=CARTESIAN_POINT('Ctrl Pts',(274.724910749433,22.6619173946072,1.99999999999999));
#5199=CARTESIAN_POINT('Ctrl Pts',(274.976174678758,22.6619173946072,1.99999999999999));
#5200=CARTESIAN_POINT('',(272.976174678758,27.75,2.4492935982947E-16));
#5201=CARTESIAN_POINT('',(272.976174678758,0.,2.4492935982947E-16));
#5202=CARTESIAN_POINT('',(274.976174678758,27.6778340915614,1.99999999999999));
#5203=CARTESIAN_POINT('Ctrl Pts',(274.976174678758,27.6778340915614,1.99999999999999));
#5204=CARTESIAN_POINT('Ctrl Pts',(274.724956649995,27.6778340915614,1.99999999999999));
#5205=CARTESIAN_POINT('Ctrl Pts',(274.457053344295,27.6816064736923,1.94977617983265));
#5206=CARTESIAN_POINT('Ctrl Pts',(273.964320503573,27.6952288097649,1.7456417923131));
#5207=CARTESIAN_POINT('Ctrl Pts',(273.739483560568,27.7048817497065,1.59173600655608));
#5208=CARTESIAN_POINT('Ctrl Pts',(273.384438834503,27.7229993128227,1.23669128049146));
#5209=CARTESIAN_POINT('Ctrl Pts',(273.230532923713,27.7326413029688,1.01185426528963));
#5210=CARTESIAN_POINT('Ctrl Pts',(273.026398438189,27.7462385898545,0.519121187709619));
#5211=CARTESIAN_POINT('Ctrl Pts',(272.976174678758,27.75,0.251217799085211));
#5212=CARTESIAN_POINT('Ctrl Pts',(272.976174678758,27.75,2.22044604925031E-15));
#5213=CARTESIAN_POINT('Ctrl Pts',(272.976174678758,27.75,-1.38777878078145E-16));
#5214=CARTESIAN_POINT('Ctrl Pts',(272.976174678758,27.75,-0.251217799085209));
#5215=CARTESIAN_POINT('Ctrl Pts',(273.026398438189,27.7462385898545,-0.51912118770962));
#5216=CARTESIAN_POINT('Ctrl Pts',(273.230532923713,27.7326413029688,-1.01185426528963));
#5217=CARTESIAN_POINT('Ctrl Pts',(273.384438834503,27.7229993128227,-1.23669128049146));
#5218=CARTESIAN_POINT('Ctrl Pts',(273.739483560568,27.7048817497065,-1.59173600655608));
#5219=CARTESIAN_POINT('Ctrl Pts',(273.964320503573,27.6952288097649,-1.74564179231309));
#5220=CARTESIAN_POINT('Ctrl Pts',(274.457053344295,27.6816064736923,-1.94977617983265));
#5221=CARTESIAN_POINT('Ctrl Pts',(274.724956649995,27.6778340915614,-1.99999999999999));
#5222=CARTESIAN_POINT('Ctrl Pts',(275.227392707522,27.6778340915614,-1.99999999999999));
#5223=CARTESIAN_POINT('Ctrl Pts',(275.495296013221,27.6816064736923,-1.94977617983264));
#5224=CARTESIAN_POINT('Ctrl Pts',(275.988028853943,27.6952288097649,-1.74564179231308));
#5225=CARTESIAN_POINT('Ctrl Pts',(276.212865796948,27.7048817497065,-1.59173600655608));
#5226=CARTESIAN_POINT('Ctrl Pts',(276.567910523013,27.7229993128227,-1.23669128049146));
#5227=CARTESIAN_POINT('Ctrl Pts',(276.721816433803,27.7326413029688,-1.01185426528963));
#5228=CARTESIAN_POINT('Ctrl Pts',(276.925950919328,27.7462385898545,-0.51912118770962));
#5229=CARTESIAN_POINT('Ctrl Pts',(276.976174678758,27.75,-0.251217799085209));
#5230=CARTESIAN_POINT('Ctrl Pts',(276.976174678758,27.75,0.251217799085209));
#5231=CARTESIAN_POINT('Ctrl Pts',(276.925950919328,27.7462385898545,0.519121187709619));
#5232=CARTESIAN_POINT('Ctrl Pts',(276.721816433803,27.7326413029688,1.01185426528963));
#5233=CARTESIAN_POINT('Ctrl Pts',(276.567910523013,27.7229993128227,1.23669128049146));
#5234=CARTESIAN_POINT('Ctrl Pts',(276.212865796948,27.7048817497065,1.59173600655608));
#5235=CARTESIAN_POINT('Ctrl Pts',(275.988028853943,27.6952288097649,1.74564179231309));
#5236=CARTESIAN_POINT('Ctrl Pts',(275.495296013221,27.6816064736923,1.94977617983265));
#5237=CARTESIAN_POINT('Ctrl Pts',(275.227392707522,27.6778340915614,1.99999999999999));
#5238=CARTESIAN_POINT('Ctrl Pts',(274.976174678758,27.6778340915614,2.));
#5239=CARTESIAN_POINT('Origin',(229.999996379811,0.,-0.00850904022022169));
#5240=CARTESIAN_POINT('',(229.999996379811,-2.,-27.6778340915614));
#5241=CARTESIAN_POINT('',(227.999996379811,-6.4047777600251E-15,-27.75));
#5242=CARTESIAN_POINT('Ctrl Pts',(229.999996379811,-2.,-27.6778340915614));
#5243=CARTESIAN_POINT('Ctrl Pts',(230.251214408574,-2.,-27.6778340915614));
#5244=CARTESIAN_POINT('Ctrl Pts',(230.519117714274,-1.94977617983265,-27.6816064736923));
#5245=CARTESIAN_POINT('Ctrl Pts',(231.011850554996,-1.74564179231311,-27.6952288097649));
#5246=CARTESIAN_POINT('Ctrl Pts',(231.236687498001,-1.59173600655609,-27.7048817497065));
#5247=CARTESIAN_POINT('Ctrl Pts',(231.591732224066,-1.23669128049146,-27.7229993128227));
#5248=CARTESIAN_POINT('Ctrl Pts',(231.745638134856,-1.01185426528964,-27.7326413029688));
#5249=CARTESIAN_POINT('Ctrl Pts',(231.949772620381,-0.519121187709625,-27.7462385898545));
#5250=CARTESIAN_POINT('Ctrl Pts',(231.999996379811,-0.251217799085215,-27.75));
#5251=CARTESIAN_POINT('Ctrl Pts',(231.999996379811,0.251217799085203,-27.75));
#5252=CARTESIAN_POINT('Ctrl Pts',(231.949772620381,0.519121187709613,-27.7462385898545));
#5253=CARTESIAN_POINT('Ctrl Pts',(231.745638134856,1.01185426528963,-27.7326413029688));
#5254=CARTESIAN_POINT('Ctrl Pts',(231.591732224066,1.23669128049145,-27.7229993128227));
#5255=CARTESIAN_POINT('Ctrl Pts',(231.236687498001,1.59173600655607,-27.7048817497065));
#5256=CARTESIAN_POINT('Ctrl Pts',(231.011850554996,1.74564179231307,-27.6952288097649));
#5257=CARTESIAN_POINT('Ctrl Pts',(230.519117714274,1.94977617983264,-27.6816064736923));
#5258=CARTESIAN_POINT('Ctrl Pts',(230.251214408574,1.99999999999999,-27.6778340915614));
#5259=CARTESIAN_POINT('Ctrl Pts',(229.748778351048,1.99999999999999,-27.6778340915614));
#5260=CARTESIAN_POINT('Ctrl Pts',(229.480875045348,1.94977617983264,-27.6816064736923));
#5261=CARTESIAN_POINT('Ctrl Pts',(228.988142204626,1.7456417923131,-27.6952288097649));
#5262=CARTESIAN_POINT('Ctrl Pts',(228.763305261621,1.59173600655607,-27.7048817497065));
#5263=CARTESIAN_POINT('Ctrl Pts',(228.408260535556,1.23669128049145,-27.7229993128227));
#5264=CARTESIAN_POINT('Ctrl Pts',(228.254354624766,1.01185426528963,-27.7326413029688));
#5265=CARTESIAN_POINT('Ctrl Pts',(228.050220139242,0.519121187709613,-27.7462385898545));
#5266=CARTESIAN_POINT('Ctrl Pts',(227.999996379811,0.251217799085205,-27.75));
#5267=CARTESIAN_POINT('Ctrl Pts',(227.999996379811,-3.60822483003176E-15,
-27.75));
#5268=CARTESIAN_POINT('Ctrl Pts',(227.999996379811,-4.02455846426619E-15,
-27.75));
#5269=CARTESIAN_POINT('Ctrl Pts',(227.999996379811,-0.251217799085213,-27.75));
#5270=CARTESIAN_POINT('Ctrl Pts',(228.050220139242,-0.519121187709672,-27.7462385898545));
#5271=CARTESIAN_POINT('Ctrl Pts',(228.254354624766,-1.01185426528968,-27.7326413029688));
#5272=CARTESIAN_POINT('Ctrl Pts',(228.408260535556,-1.23669128049146,-27.7229993128227));
#5273=CARTESIAN_POINT('Ctrl Pts',(228.763305261621,-1.59173600655609,-27.7048817497065));
#5274=CARTESIAN_POINT('Ctrl Pts',(228.988142204626,-1.74564179231311,-27.6952288097649));
#5275=CARTESIAN_POINT('Ctrl Pts',(229.480875045348,-1.94977617983265,-27.6816064736923));
#5276=CARTESIAN_POINT('Ctrl Pts',(229.748778351048,-2.,-27.6778340915614));
#5277=CARTESIAN_POINT('Ctrl Pts',(229.999996379811,-2.,-27.6778340915614));
#5278=CARTESIAN_POINT('',(227.999996379811,-4.90241788646982E-15,-22.75));
#5279=CARTESIAN_POINT('',(227.999996379811,-2.4492935982947E-16,-0.00850904022022169));
#5280=CARTESIAN_POINT('',(229.999996379811,-2.,-22.6619173946072));
#5281=CARTESIAN_POINT('Ctrl Pts',(229.999996379811,-2.,-22.6619173946072));
#5282=CARTESIAN_POINT('Ctrl Pts',(229.748732450486,-2.,-22.6619173946072));
#5283=CARTESIAN_POINT('Ctrl Pts',(229.480809527464,-1.94975827322143,-22.6665266623467));
#5284=CARTESIAN_POINT('Ctrl Pts',(228.988089431321,-1.74561068982348,-22.6831618506626));
#5285=CARTESIAN_POINT('Ctrl Pts',(228.763281188625,-1.59171193355963,-22.6949461557187));
#5286=CARTESIAN_POINT('Ctrl Pts',(228.40828480635,-1.23671555128492,-22.7170566404912));
#5287=CARTESIAN_POINT('Ctrl Pts',(228.254385770185,-1.01190714989126,-22.7288210457092));
#5288=CARTESIAN_POINT('Ctrl Pts',(228.050237974621,-0.519186525995125,-22.7454106922285));
#5289=CARTESIAN_POINT('Ctrl Pts',(227.999996379811,-0.251263419575527,-22.75));
#5290=CARTESIAN_POINT('Ctrl Pts',(227.999996379811,-6.93889390390723E-15,
-22.75));
#5291=CARTESIAN_POINT('Ctrl Pts',(227.999996379811,-4.5102810375397E-15,
-22.75));
#5292=CARTESIAN_POINT('Ctrl Pts',(227.999996379811,0.251263419575516,-22.75));
#5293=CARTESIAN_POINT('Ctrl Pts',(228.050237974621,0.519186525995115,-22.7454106922285));
#5294=CARTESIAN_POINT('Ctrl Pts',(228.254385770185,1.01190714989125,-22.7288210457092));
#5295=CARTESIAN_POINT('Ctrl Pts',(228.40828480635,1.23671555128491,-22.7170566404912));
#5296=CARTESIAN_POINT('Ctrl Pts',(228.763281188625,1.59171193355962,-22.6949461557187));
#5297=CARTESIAN_POINT('Ctrl Pts',(228.988089431321,1.74561068982351,-22.6831618506626));
#5298=CARTESIAN_POINT('Ctrl Pts',(229.480809527464,1.94975827322144,-22.6665266623467));
#5299=CARTESIAN_POINT('Ctrl Pts',(229.748732450486,1.99999999999999,-22.6619173946072));
#5300=CARTESIAN_POINT('Ctrl Pts',(230.251260309136,1.99999999999999,-22.6619173946072));
#5301=CARTESIAN_POINT('Ctrl Pts',(230.519183232159,1.94975827322142,-22.6665266623467));
#5302=CARTESIAN_POINT('Ctrl Pts',(231.011903328302,1.74561068982347,-22.6831618506626));
#5303=CARTESIAN_POINT('Ctrl Pts',(231.236711570998,1.59171193355962,-22.6949461557187));
#5304=CARTESIAN_POINT('Ctrl Pts',(231.591707953272,1.23671555128491,-22.7170566404912));
#5305=CARTESIAN_POINT('Ctrl Pts',(231.745606989437,1.01190714989123,-22.7288210457092));
#5306=CARTESIAN_POINT('Ctrl Pts',(231.949754785001,0.519186525995088,-22.7454106922285));
#5307=CARTESIAN_POINT('Ctrl Pts',(231.999996379811,0.251263419575516,-22.75));
#5308=CARTESIAN_POINT('Ctrl Pts',(231.999996379811,-0.251263419575525,-22.75));
#5309=CARTESIAN_POINT('Ctrl Pts',(231.949754785001,-0.519186525995125,-22.7454106922285));
#5310=CARTESIAN_POINT('Ctrl Pts',(231.745606989437,-1.01190714989126,-22.7288210457092));
#5311=CARTESIAN_POINT('Ctrl Pts',(231.591707953272,-1.23671555128492,-22.7170566404912));
#5312=CARTESIAN_POINT('Ctrl Pts',(231.236711570998,-1.59171193355963,-22.6949461557187));
#5313=CARTESIAN_POINT('Ctrl Pts',(231.011903328302,-1.74561068982348,-22.6831618506626));
#5314=CARTESIAN_POINT('Ctrl Pts',(230.519183232159,-1.94975827322143,-22.6665266623467));
#5315=CARTESIAN_POINT('Ctrl Pts',(230.251260309136,-2.,-22.6619173946072));
#5316=CARTESIAN_POINT('Ctrl Pts',(229.999996379811,-2.,-22.6619173946072));
#5317=CARTESIAN_POINT('Origin',(229.999996379811,0.,-0.00850904022022169));
#5318=CARTESIAN_POINT('',(229.999996379811,-1.99999999999999,22.6619173946072));
#5319=CARTESIAN_POINT('',(231.999996379811,7.58021376181127E-16,22.75));
#5320=CARTESIAN_POINT('Ctrl Pts',(229.999996379811,-1.99999999999999,22.6619173946072));
#5321=CARTESIAN_POINT('Ctrl Pts',(230.251260309136,-1.99999999999999,22.6619173946072));
#5322=CARTESIAN_POINT('Ctrl Pts',(230.519183232159,-1.94975827322142,22.6665266623467));
#5323=CARTESIAN_POINT('Ctrl Pts',(231.011903328302,-1.74561068982347,22.6831618506626));
#5324=CARTESIAN_POINT('Ctrl Pts',(231.236711570998,-1.59171193355962,22.6949461557187));
#5325=CARTESIAN_POINT('Ctrl Pts',(231.591707953272,-1.23671555128491,22.7170566404912));
#5326=CARTESIAN_POINT('Ctrl Pts',(231.745606989437,-1.01190714989125,22.7288210457092));
#5327=CARTESIAN_POINT('Ctrl Pts',(231.949754785001,-0.519186525995115,22.7454106922285));
#5328=CARTESIAN_POINT('Ctrl Pts',(231.999996379811,-0.251263419575515,22.75));
#5329=CARTESIAN_POINT('Ctrl Pts',(231.999996379811,4.92661467177413E-15,
22.75));
#5330=CARTESIAN_POINT('',(227.999996379811,4.06957193128223E-15,22.75));
#5331=CARTESIAN_POINT('Ctrl Pts',(227.999996379811,3.33066907387547E-15,
22.75));
#5332=CARTESIAN_POINT('Ctrl Pts',(227.999996379811,-0.251263419575517,22.75));
#5333=CARTESIAN_POINT('Ctrl Pts',(228.050237974621,-0.51918652599513,22.7454106922285));
#5334=CARTESIAN_POINT('Ctrl Pts',(228.254385770185,-1.01190714989127,22.7288210457092));
#5335=CARTESIAN_POINT('Ctrl Pts',(228.40828480635,-1.23671555128491,22.7170566404912));
#5336=CARTESIAN_POINT('Ctrl Pts',(228.763281188625,-1.59171193355962,22.6949461557187));
#5337=CARTESIAN_POINT('Ctrl Pts',(228.988089431321,-1.74561068982347,22.6831618506626));
#5338=CARTESIAN_POINT('Ctrl Pts',(229.480809527464,-1.94975827322142,22.6665266623467));
#5339=CARTESIAN_POINT('Ctrl Pts',(229.748732450486,-1.99999999999999,22.6619173946072));
#5340=CARTESIAN_POINT('Ctrl Pts',(229.999996379811,-1.99999999999999,22.6619173946072));
#5341=CARTESIAN_POINT('',(227.999996379811,5.91869781331414E-15,27.75));
#5342=CARTESIAN_POINT('',(227.999996379811,-2.4492935982947E-16,-0.00850904022022169));
#5343=CARTESIAN_POINT('',(229.999996379811,-1.99999999999999,27.6778340915614));
#5344=CARTESIAN_POINT('Ctrl Pts',(229.999996379811,-1.99999999999999,27.6778340915614));
#5345=CARTESIAN_POINT('Ctrl Pts',(229.748778351048,-1.99999999999998,27.6778340915614));
#5346=CARTESIAN_POINT('Ctrl Pts',(229.480875045348,-1.94977617983264,27.6816064736923));
#5347=CARTESIAN_POINT('Ctrl Pts',(228.988142204626,-1.74564179231309,27.6952288097649));
#5348=CARTESIAN_POINT('Ctrl Pts',(228.763305261621,-1.59173600655607,27.7048817497065));
#5349=CARTESIAN_POINT('Ctrl Pts',(228.408260535556,-1.23669128049145,27.7229993128227));
#5350=CARTESIAN_POINT('Ctrl Pts',(228.254354624766,-1.01185426528962,27.7326413029688));
#5351=CARTESIAN_POINT('Ctrl Pts',(228.050220139242,-0.519121187709613,27.7462385898545));
#5352=CARTESIAN_POINT('Ctrl Pts',(227.999996379811,-0.251217799085204,27.75));
#5353=CARTESIAN_POINT('Ctrl Pts',(227.999996379811,4.92661467177413E-15,
27.75));
#5354=CARTESIAN_POINT('',(231.999996379811,1.97841633525388E-15,27.75));
#5355=CARTESIAN_POINT('Ctrl Pts',(231.999996379811,8.18789480661053E-15,
27.75));
#5356=CARTESIAN_POINT('Ctrl Pts',(231.999996379811,-0.251217799085201,27.75));
#5357=CARTESIAN_POINT('Ctrl Pts',(231.949772620381,-0.519121187709615,27.7462385898545));
#5358=CARTESIAN_POINT('Ctrl Pts',(231.745638134856,-1.01185426528963,27.7326413029688));
#5359=CARTESIAN_POINT('Ctrl Pts',(231.591732224066,-1.23669128049145,27.7229993128227));
#5360=CARTESIAN_POINT('Ctrl Pts',(231.236687498001,-1.59173600655607,27.7048817497065));
#5361=CARTESIAN_POINT('Ctrl Pts',(231.011850554996,-1.74564179231309,27.6952288097649));
#5362=CARTESIAN_POINT('Ctrl Pts',(230.519117714274,-1.94977617983264,27.6816064736923));
#5363=CARTESIAN_POINT('Ctrl Pts',(230.251214408574,-1.99999999999998,27.6778340915614));
#5364=CARTESIAN_POINT('Ctrl Pts',(229.999996379811,-1.99999999999998,27.6778340915614));
#5365=CARTESIAN_POINT('Ctrl Pts',(227.999996379811,8.36136715420821E-15,
27.75));
#5366=CARTESIAN_POINT('Ctrl Pts',(227.999996379811,0.251217799085217,27.75));
#5367=CARTESIAN_POINT('Ctrl Pts',(228.050220139242,0.519121187709626,27.7462385898545));
#5368=CARTESIAN_POINT('Ctrl Pts',(228.254354624766,1.01185426528964,27.7326413029688));
#5369=CARTESIAN_POINT('Ctrl Pts',(228.408260535556,1.23669128049146,27.7229993128227));
#5370=CARTESIAN_POINT('Ctrl Pts',(228.763305261621,1.59173600655609,27.7048817497065));
#5371=CARTESIAN_POINT('Ctrl Pts',(228.988142204626,1.7456417923131,27.6952288097649));
#5372=CARTESIAN_POINT('Ctrl Pts',(229.480875045348,1.94977617983266,27.6816064736923));
#5373=CARTESIAN_POINT('Ctrl Pts',(229.748778351048,2.,27.6778340915614));
#5374=CARTESIAN_POINT('Ctrl Pts',(230.251214408574,2.,27.6778340915614));
#5375=CARTESIAN_POINT('Ctrl Pts',(230.519117714274,1.94977617983264,27.6816064736923));
#5376=CARTESIAN_POINT('Ctrl Pts',(231.011850554996,1.74564179231309,27.6952288097649));
#5377=CARTESIAN_POINT('Ctrl Pts',(231.236687498001,1.59173600655609,27.7048817497065));
#5378=CARTESIAN_POINT('Ctrl Pts',(231.591732224066,1.23669128049146,27.7229993128227));
#5379=CARTESIAN_POINT('Ctrl Pts',(231.745638134856,1.01185426528964,27.7326413029688));
#5380=CARTESIAN_POINT('Ctrl Pts',(231.949772620381,0.519121187709625,27.7462385898545));
#5381=CARTESIAN_POINT('Ctrl Pts',(231.999996379811,0.251217799085216,27.75));
#5382=CARTESIAN_POINT('Ctrl Pts',(231.999996379811,6.73072708679001E-15,
27.75));
#5383=CARTESIAN_POINT('Ctrl Pts',(231.999996379811,4.23272528138341E-15,
22.75));
#5384=CARTESIAN_POINT('Ctrl Pts',(231.999996379811,0.251263419575525,22.75));
#5385=CARTESIAN_POINT('Ctrl Pts',(231.949754785001,0.519186525995099,22.7454106922285));
#5386=CARTESIAN_POINT('Ctrl Pts',(231.745606989437,1.01190714989124,22.7288210457092));
#5387=CARTESIAN_POINT('Ctrl Pts',(231.591707953272,1.23671555128492,22.7170566404912));
#5388=CARTESIAN_POINT('Ctrl Pts',(231.236711570998,1.59171193355963,22.6949461557187));
#5389=CARTESIAN_POINT('Ctrl Pts',(231.011903328302,1.74561068982348,22.6831618506626));
#5390=CARTESIAN_POINT('Ctrl Pts',(230.519183232159,1.94975827322143,22.6665266623467));
#5391=CARTESIAN_POINT('Ctrl Pts',(230.251260309136,2.,22.6619173946072));
#5392=CARTESIAN_POINT('Ctrl Pts',(229.748732450486,2.,22.6619173946072));
#5393=CARTESIAN_POINT('Ctrl Pts',(229.480809527464,1.94975827322145,22.6665266623467));
#5394=CARTESIAN_POINT('Ctrl Pts',(228.988089431321,1.74561068982352,22.6831618506626));
#5395=CARTESIAN_POINT('Ctrl Pts',(228.763281188625,1.59171193355963,22.6949461557187));
#5396=CARTESIAN_POINT('Ctrl Pts',(228.40828480635,1.23671555128492,22.7170566404912));
#5397=CARTESIAN_POINT('Ctrl Pts',(228.254385770185,1.01190714989126,22.7288210457092));
#5398=CARTESIAN_POINT('Ctrl Pts',(228.050237974621,0.519186525995115,22.7454106922285));
#5399=CARTESIAN_POINT('Ctrl Pts',(227.999996379811,0.251263419575527,22.75));
#5400=CARTESIAN_POINT('Ctrl Pts',(227.999996379811,6.31439345255558E-15,
22.75));
#5401=CARTESIAN_POINT('Origin',(229.999996379811,0.,-0.00850904022022169));
#5402=CARTESIAN_POINT('',(229.999996379811,-27.6784476399439,1.99149095977977));
#5403=CARTESIAN_POINT('',(227.999996379811,-27.7499986954276,-0.00850904022022111));
#5404=CARTESIAN_POINT('Ctrl Pts',(229.999996379811,-27.6784476399439,1.99149095977977));
#5405=CARTESIAN_POINT('Ctrl Pts',(230.251214188487,-27.6784476399439,1.99149095977977));
#5406=CARTESIAN_POINT('Ctrl Pts',(230.519117705016,-27.6822044871462,1.94126723851684));
#5407=CARTESIAN_POINT('Ctrl Pts',(231.011851781132,-27.6957638571833,1.73713214904777));
#5408=CARTESIAN_POINT('Ctrl Pts',(231.236689707361,-27.7053693858357,1.58322552475212));
#5409=CARTESIAN_POINT('Ctrl Pts',(231.591734769783,-27.7233777135707,1.22817892677189));
#5410=CARTESIAN_POINT('Ctrl Pts',(231.745640199681,-27.7329505698096,1.00334153195951));
#5411=CARTESIAN_POINT('Ctrl Pts',(231.949773392081,-27.7463965226476,0.510608993869951));
#5412=CARTESIAN_POINT('Ctrl Pts',(231.999996379811,-27.7500757262057,0.242706600516017));
#5413=CARTESIAN_POINT('Ctrl Pts',(231.999996379811,-27.7499216633255,-0.25972899899556));
#5414=CARTESIAN_POINT('Ctrl Pts',(231.949771848286,-27.7460780448802,-0.527633385933729));
#5415=CARTESIAN_POINT('Ctrl Pts',(231.745636062839,-27.7323294193434,-1.02036701251139));
#5416=CARTESIAN_POINT('Ctrl Pts',(231.591729664617,-27.7226182923884,-1.2452036545085));
#5417=CARTESIAN_POINT('Ctrl Pts',(231.236685268411,-27.7043914899079,-1.60024650201032));
#5418=CARTESIAN_POINT('Ctrl Pts',(231.011849315133,-27.6946911368587,-1.75415144266271));
#5419=CARTESIAN_POINT('Ctrl Pts',(230.519117719365,-27.6810058317325,-1.95828512147731));
#5420=CARTESIAN_POINT('Ctrl Pts',(230.251214627486,-27.6772179135721,-2.00850904022021));
#5421=CARTESIAN_POINT('Ctrl Pts',(229.748778132137,-27.6772179135721,-2.00850904022021));
#5422=CARTESIAN_POINT('Ctrl Pts',(229.480875040257,-27.6810058317325,-1.95828512147732));
#5423=CARTESIAN_POINT('Ctrl Pts',(228.988143444489,-27.6946911368587,-1.75415144266273));
#5424=CARTESIAN_POINT('Ctrl Pts',(228.763307491211,-27.7043914899079,-1.60024650201032));
#5425=CARTESIAN_POINT('Ctrl Pts',(228.408263095005,-27.7226182923884,-1.2452036545085));
#5426=CARTESIAN_POINT('Ctrl Pts',(228.254356696783,-27.7323294193434,-1.0203670125114));
#5427=CARTESIAN_POINT('Ctrl Pts',(228.050220911336,-27.7460780448802,-0.527633385933742));
#5428=CARTESIAN_POINT('Ctrl Pts',(227.999996379811,-27.7499216633255,-0.259728998995561));
#5429=CARTESIAN_POINT('Ctrl Pts',(227.999996379811,-27.7499986954276,-0.00850904022022245));
#5430=CARTESIAN_POINT('Ctrl Pts',(227.999996379811,-27.7499986954276,-0.00850904022022078));
#5431=CARTESIAN_POINT('Ctrl Pts',(227.999996379811,-27.7500757262057,0.242706600516018));
#5432=CARTESIAN_POINT('Ctrl Pts',(228.050219367541,-27.7463965226476,0.510608993869951));
#5433=CARTESIAN_POINT('Ctrl Pts',(228.254352559941,-27.7329505698096,1.00334153195951));
#5434=CARTESIAN_POINT('Ctrl Pts',(228.408257989839,-27.7233777135707,1.22817892677189));
#5435=CARTESIAN_POINT('Ctrl Pts',(228.763303052262,-27.7053693858357,1.58322552475212));
#5436=CARTESIAN_POINT('Ctrl Pts',(228.98814097849,-27.6957638571833,1.73713214904777));
#5437=CARTESIAN_POINT('Ctrl Pts',(229.480875054607,-27.6822044871462,1.94126723851684));
#5438=CARTESIAN_POINT('Ctrl Pts',(229.748778571135,-27.6784476399439,1.99149095977977));
#5439=CARTESIAN_POINT('Ctrl Pts',(229.999996379811,-27.6784476399439,1.99149095977977));
#5440=CARTESIAN_POINT('',(227.999996379811,-22.7499984087084,-0.00850904022022077));
#5441=CARTESIAN_POINT('',(227.999996379811,0.,-0.00850904022022145));
#5442=CARTESIAN_POINT('',(229.999996379811,-22.6626667397532,1.99149095977977));
#5443=CARTESIAN_POINT('Ctrl Pts',(229.999996379811,-22.6626667397532,1.99149095977977));
#5444=CARTESIAN_POINT('Ctrl Pts',(229.748732781962,-22.6626667397532,1.99149095977977));
#5445=CARTESIAN_POINT('Ctrl Pts',(229.480809545199,-22.6672569704703,1.9412493814229));
#5446=CARTESIAN_POINT('Ctrl Pts',(228.98808760788,-22.6838151258803,1.73710075302734));
#5447=CARTESIAN_POINT('Ctrl Pts',(228.763277899939,-22.6955414711507,1.5832007473831));
#5448=CARTESIAN_POINT('Ctrl Pts',(228.408281014654,-22.7175185113318,1.22820157662627));
#5449=CARTESIAN_POINT('Ctrl Pts',(228.254382694541,-22.7291984847302,1.00339260903107));
#5450=CARTESIAN_POINT('Ctrl Pts',(228.050236825011,-22.7456033946836,0.510672788520027));
#5451=CARTESIAN_POINT('Ctrl Pts',(227.999996379811,-22.7500923859981,0.2427511647816));
#5452=CARTESIAN_POINT('Ctrl Pts',(227.999996379811,-22.7499984087084,-0.00850904022021912));
#5453=CARTESIAN_POINT('Ctrl Pts',(227.999996379811,-22.7499984087084,-0.00850904022022009));
#5454=CARTESIAN_POINT('Ctrl Pts',(227.999996379811,-22.7499044290133,-0.259775676440081));
#5455=CARTESIAN_POINT('Ctrl Pts',(228.05023912485,-22.7452148016722,-0.527700270109695));
#5456=CARTESIAN_POINT('Ctrl Pts',(228.254388856611,-22.7284404102184,-1.02042171154818));
#5457=CARTESIAN_POINT('Ctrl Pts',(228.408288618567,-22.7165915679052,-1.24522955624169));
#5458=CARTESIAN_POINT('Ctrl Pts',(228.76328450746,-22.6943476312901,-1.60022314007791));
#5459=CARTESIAN_POINT('Ctrl Pts',(228.988091275195,-22.6825053631328,-1.75412063716109));
#5460=CARTESIAN_POINT('Ctrl Pts',(229.480809515885,-22.6657931363996,-1.95826716549458));
#5461=CARTESIAN_POINT('Ctrl Pts',(229.748732120715,-22.6611648296232,-2.00850904022021));
#5462=CARTESIAN_POINT('Ctrl Pts',(230.251260638908,-22.6611648296232,-2.00850904022021));
#5463=CARTESIAN_POINT('Ctrl Pts',(230.519183243737,-22.6657931363996,-1.95826716549456));
#5464=CARTESIAN_POINT('Ctrl Pts',(231.011901484428,-22.6825053631328,-1.75412063716106));
#5465=CARTESIAN_POINT('Ctrl Pts',(231.236708252162,-22.6943476312901,-1.60022314007791));
#5466=CARTESIAN_POINT('Ctrl Pts',(231.591704141055,-22.7165915679052,-1.24522955624169));
#5467=CARTESIAN_POINT('Ctrl Pts',(231.745603903011,-22.7284404102184,-1.02042171154816));
#5468=CARTESIAN_POINT('Ctrl Pts',(231.949753634772,-22.7452148016722,-0.527700270109669));
#5469=CARTESIAN_POINT('Ctrl Pts',(231.999996379811,-22.7499044290133,-0.259775676440083));
#5470=CARTESIAN_POINT('Ctrl Pts',(231.999996379811,-22.750092385998,0.242751164781597));
#5471=CARTESIAN_POINT('Ctrl Pts',(231.949755934611,-22.7456033946836,0.510672788520027));
#5472=CARTESIAN_POINT('Ctrl Pts',(231.745610065081,-22.7291984847302,1.00339260903107));
#5473=CARTESIAN_POINT('Ctrl Pts',(231.591711744968,-22.7175185113318,1.22820157662627));
#5474=CARTESIAN_POINT('Ctrl Pts',(231.236714859683,-22.6955414711507,1.5832007473831));
#5475=CARTESIAN_POINT('Ctrl Pts',(231.011905151742,-22.6838151258803,1.73710075302734));
#5476=CARTESIAN_POINT('Ctrl Pts',(230.519183214423,-22.6672569704703,1.9412493814229));
#5477=CARTESIAN_POINT('Ctrl Pts',(230.25125997766,-22.6626667397532,1.99149095977977));
#5478=CARTESIAN_POINT('Ctrl Pts',(229.999996379811,-22.6626667397532,1.99149095977977));
#5479=CARTESIAN_POINT('Origin',(229.999996379811,0.,-0.00850904022022169));
#5480=CARTESIAN_POINT('',(229.999996379811,22.6626667397532,1.99149095977977));
#5481=CARTESIAN_POINT('',(227.999996379811,22.7499984087084,-0.00850904022022139));
#5482=CARTESIAN_POINT('Ctrl Pts',(229.999996379811,22.6626667397532,1.99149095977977));
#5483=CARTESIAN_POINT('Ctrl Pts',(230.25125997766,22.6626667397532,1.99149095977977));
#5484=CARTESIAN_POINT('Ctrl Pts',(230.519183214423,22.6672569704703,1.9412493814229));
#5485=CARTESIAN_POINT('Ctrl Pts',(231.011905151742,22.6838151258803,1.73710075302734));
#5486=CARTESIAN_POINT('Ctrl Pts',(231.236714859683,22.6955414711507,1.5832007473831));
#5487=CARTESIAN_POINT('Ctrl Pts',(231.591711744968,22.7175185113318,1.22820157662627));
#5488=CARTESIAN_POINT('Ctrl Pts',(231.745610065081,22.7291984847302,1.00339260903107));
#5489=CARTESIAN_POINT('Ctrl Pts',(231.949755934611,22.7456033946836,0.510672788520027));
#5490=CARTESIAN_POINT('Ctrl Pts',(231.999996379811,22.750092385998,0.242751164781597));
#5491=CARTESIAN_POINT('Ctrl Pts',(231.999996379811,22.7499044290133,-0.259775676440083));
#5492=CARTESIAN_POINT('Ctrl Pts',(231.949753634772,22.7452148016722,-0.527700270109695));
#5493=CARTESIAN_POINT('Ctrl Pts',(231.745603903011,22.7284404102184,-1.02042171154818));
#5494=CARTESIAN_POINT('Ctrl Pts',(231.591704141055,22.7165915679052,-1.24522955624169));
#5495=CARTESIAN_POINT('Ctrl Pts',(231.236708252162,22.6943476312901,-1.60022314007791));
#5496=CARTESIAN_POINT('Ctrl Pts',(231.011901484428,22.6825053631328,-1.75412063716107));
#5497=CARTESIAN_POINT('Ctrl Pts',(230.519183243737,22.6657931363996,-1.95826716549456));
#5498=CARTESIAN_POINT('Ctrl Pts',(230.251260638908,22.6611648296232,-2.00850904022021));
#5499=CARTESIAN_POINT('Ctrl Pts',(229.748732120715,22.6611648296232,-2.00850904022021));
#5500=CARTESIAN_POINT('Ctrl Pts',(229.480809515885,22.6657931363996,-1.95826716549458));
#5501=CARTESIAN_POINT('Ctrl Pts',(228.988091275195,22.6825053631328,-1.75412063716109));
#5502=CARTESIAN_POINT('Ctrl Pts',(228.76328450746,22.6943476312901,-1.60022314007791));
#5503=CARTESIAN_POINT('Ctrl Pts',(228.408288618567,22.7165915679052,-1.24522955624169));
#5504=CARTESIAN_POINT('Ctrl Pts',(228.254388856611,22.7284404102184,-1.0204217115482));
#5505=CARTESIAN_POINT('Ctrl Pts',(228.05023912485,22.7452148016722,-0.527700270109695));
#5506=CARTESIAN_POINT('Ctrl Pts',(227.999996379811,22.7499044290133,-0.259775676440085));
#5507=CARTESIAN_POINT('Ctrl Pts',(227.999996379811,22.7499984087084,-0.00850904022022328));
#5508=CARTESIAN_POINT('Ctrl Pts',(227.999996379811,22.7499984087084,-0.00850904022022134));
#5509=CARTESIAN_POINT('Ctrl Pts',(227.999996379811,22.7500923859981,0.242751164781598));
#5510=CARTESIAN_POINT('Ctrl Pts',(228.050236825011,22.7456033946836,0.510672788520067));
#5511=CARTESIAN_POINT('Ctrl Pts',(228.254382694541,22.7291984847302,1.00339260903111));
#5512=CARTESIAN_POINT('Ctrl Pts',(228.408281014654,22.7175185113318,1.22820157662627));
#5513=CARTESIAN_POINT('Ctrl Pts',(228.763277899939,22.6955414711507,1.5832007473831));
#5514=CARTESIAN_POINT('Ctrl Pts',(228.98808760788,22.6838151258803,1.73710075302734));
#5515=CARTESIAN_POINT('Ctrl Pts',(229.480809545199,22.6672569704703,1.9412493814229));
#5516=CARTESIAN_POINT('Ctrl Pts',(229.748732781962,22.6626667397532,1.99149095977977));
#5517=CARTESIAN_POINT('Ctrl Pts',(229.999996379811,22.6626667397532,1.99149095977977));
#5518=CARTESIAN_POINT('',(227.999996379811,27.7499986954276,-0.00850904022022229));
#5519=CARTESIAN_POINT('',(227.999996379811,0.,-0.00850904022022145));
#5520=CARTESIAN_POINT('',(229.999996379811,27.6784476399439,1.99149095977977));
#5521=CARTESIAN_POINT('Ctrl Pts',(229.999996379811,27.6784476399439,1.99149095977977));
#5522=CARTESIAN_POINT('Ctrl Pts',(229.748778571135,27.6784476399439,1.99149095977977));
#5523=CARTESIAN_POINT('Ctrl Pts',(229.480875054607,27.6822044871462,1.94126723851684));
#5524=CARTESIAN_POINT('Ctrl Pts',(228.98814097849,27.6957638571833,1.73713214904777));
#5525=CARTESIAN_POINT('Ctrl Pts',(228.763303052262,27.7053693858357,1.58322552475212));
#5526=CARTESIAN_POINT('Ctrl Pts',(228.408257989839,27.7233777135707,1.22817892677189));
#5527=CARTESIAN_POINT('Ctrl Pts',(228.254352559941,27.7329505698096,1.00334153195951));
#5528=CARTESIAN_POINT('Ctrl Pts',(228.050219367541,27.7463965226476,0.510608993869951));
#5529=CARTESIAN_POINT('Ctrl Pts',(227.999996379811,27.7500757262057,0.24270660051602));
#5530=CARTESIAN_POINT('Ctrl Pts',(227.999996379811,27.7499986954276,-0.00850904022021863));
#5531=CARTESIAN_POINT('Ctrl Pts',(227.999996379811,27.7499986954276,-0.00850904022022279));
#5532=CARTESIAN_POINT('Ctrl Pts',(227.999996379811,27.7499216633255,-0.259728998995561));
#5533=CARTESIAN_POINT('Ctrl Pts',(228.050220911336,27.7460780448802,-0.527633385933742));
#5534=CARTESIAN_POINT('Ctrl Pts',(228.254356696783,27.7323294193434,-1.0203670125114));
#5535=CARTESIAN_POINT('Ctrl Pts',(228.408263095005,27.7226182923884,-1.2452036545085));
#5536=CARTESIAN_POINT('Ctrl Pts',(228.763307491211,27.7043914899079,-1.60024650201032));
#5537=CARTESIAN_POINT('Ctrl Pts',(228.988143444489,27.6946911368587,-1.75415144266273));
#5538=CARTESIAN_POINT('Ctrl Pts',(229.480875040257,27.6810058317325,-1.95828512147732));
#5539=CARTESIAN_POINT('Ctrl Pts',(229.748778132137,27.6772179135721,-2.00850904022021));
#5540=CARTESIAN_POINT('Ctrl Pts',(230.251214627486,27.6772179135721,-2.00850904022021));
#5541=CARTESIAN_POINT('Ctrl Pts',(230.519117719365,27.6810058317325,-1.95828512147732));
#5542=CARTESIAN_POINT('Ctrl Pts',(231.011849315133,27.6946911368587,-1.75415144266273));
#5543=CARTESIAN_POINT('Ctrl Pts',(231.236685268411,27.7043914899079,-1.60024650201032));
#5544=CARTESIAN_POINT('Ctrl Pts',(231.591729664617,27.7226182923884,-1.2452036545085));
#5545=CARTESIAN_POINT('Ctrl Pts',(231.745636062839,27.7323294193434,-1.0203670125114));
#5546=CARTESIAN_POINT('Ctrl Pts',(231.949771848286,27.7460780448802,-0.527633385933742));
#5547=CARTESIAN_POINT('Ctrl Pts',(231.999996379811,27.7499216633255,-0.25972899899556));
#5548=CARTESIAN_POINT('Ctrl Pts',(231.999996379811,27.7500757262057,0.242706600516017));
#5549=CARTESIAN_POINT('Ctrl Pts',(231.949773392081,27.7463965226476,0.510608993869951));
#5550=CARTESIAN_POINT('Ctrl Pts',(231.745640199681,27.7329505698096,1.00334153195951));
#5551=CARTESIAN_POINT('Ctrl Pts',(231.591734769783,27.7233777135707,1.22817892677189));
#5552=CARTESIAN_POINT('Ctrl Pts',(231.236689707361,27.7053693858357,1.58322552475212));
#5553=CARTESIAN_POINT('Ctrl Pts',(231.011851781132,27.6957638571833,1.73713214904777));
#5554=CARTESIAN_POINT('Ctrl Pts',(230.519117705016,27.6822044871462,1.94126723851684));
#5555=CARTESIAN_POINT('Ctrl Pts',(230.251214188487,27.6784476399439,1.99149095977977));
#5556=CARTESIAN_POINT('Ctrl Pts',(229.999996379811,27.6784476399439,1.99149095977977));
#5557=CARTESIAN_POINT('Origin',(229.976174678758,0.,0.));
#5558=CARTESIAN_POINT('',(224.976174678758,-2.78607146806023E-15,22.75));
#5559=CARTESIAN_POINT('Origin',(224.976174678758,0.,0.));
#5560=CARTESIAN_POINT('',(229.976174678758,-2.78607146806023E-15,22.75));
#5561=CARTESIAN_POINT('',(244.976174678758,-2.78607146806023E-15,22.75));
#5562=CARTESIAN_POINT('',(229.976174678758,-2.78607146806023E-15,22.75));
#5563=CARTESIAN_POINT('Origin',(244.976174678758,0.,0.));
#5564=CARTESIAN_POINT('Origin',(244.976174678758,0.,-30.));
#5565=CARTESIAN_POINT('',(244.976174678758,3.06161699786838E-15,25.));
#5566=CARTESIAN_POINT('Origin',(244.976174678758,0.,0.));
#5567=CARTESIAN_POINT('Origin',(252.476174678758,0.,0.));
#5568=CARTESIAN_POINT('',(259.976174678758,3.06161699786838E-15,25.));
#5569=CARTESIAN_POINT('',(252.476174678758,-3.06161699786838E-15,25.));
#5570=CARTESIAN_POINT('Origin',(259.976174678758,0.,0.));
#5571=CARTESIAN_POINT('Origin',(259.976174678758,0.,-27.75));
#5572=CARTESIAN_POINT('',(259.976174678758,-2.78607146806023E-15,22.75));
#5573=CARTESIAN_POINT('Origin',(259.976174678758,0.,0.));
#5574=CARTESIAN_POINT('Origin',(274.976174678758,0.,0.));
#5575=CARTESIAN_POINT('',(274.976174678758,-2.78607146806023E-15,22.75));
#5576=CARTESIAN_POINT('',(284.976174678758,2.78607146806023E-15,22.75));
#5577=CARTESIAN_POINT('',(274.976174678758,-2.78607146806023E-15,22.75));
#5578=CARTESIAN_POINT('Origin',(284.976174678758,0.,0.));
#5579=CARTESIAN_POINT('Origin',(224.976174678758,0.,-27.75));
#5580=CARTESIAN_POINT('Origin',(229.976174678758,0.,0.));
#5581=CARTESIAN_POINT('',(239.976174678758,-3.39839486763391E-15,27.75));
#5582=CARTESIAN_POINT('Origin',(239.976174678758,0.,0.));
#5583=CARTESIAN_POINT('',(229.976174678758,-3.39839486763391E-15,27.75));
#5584=CARTESIAN_POINT('',(219.976174678758,-3.39839486763391E-15,27.75));
#5585=CARTESIAN_POINT('',(229.976174678758,-3.39839486763391E-15,27.75));
#5586=CARTESIAN_POINT('Origin',(219.976174678758,0.,0.));
#5587=CARTESIAN_POINT('Origin',(239.976174678758,0.,-30.));
#5588=CARTESIAN_POINT('',(239.976174678758,-3.67394039744206E-15,30.));
#5589=CARTESIAN_POINT('Origin',(239.976174678758,0.,0.));
#5590=CARTESIAN_POINT('Origin',(252.476174678758,0.,0.));
#5591=CARTESIAN_POINT('',(264.976174678758,-3.67394039744206E-15,30.));
#5592=CARTESIAN_POINT('Origin',(264.976174678758,0.,0.));
#5593=CARTESIAN_POINT('',(252.476174678758,-3.67394039744206E-15,30.));
#5594=CARTESIAN_POINT('Origin',(264.976174678758,0.,-27.75));
#5595=CARTESIAN_POINT('',(264.976174678758,-3.39839486763391E-15,27.75));
#5596=CARTESIAN_POINT('Origin',(264.976174678758,0.,0.));
#5597=CARTESIAN_POINT('Origin',(274.976174678758,0.,0.));
#5598=CARTESIAN_POINT('',(284.976174678758,-3.39839486763391E-15,27.75));
#5599=CARTESIAN_POINT('Origin',(284.976174678758,0.,0.));
#5600=CARTESIAN_POINT('',(274.976174678758,-3.39839486763391E-15,27.75));
#5601=CARTESIAN_POINT('',(274.976174678758,-3.39839486763391E-15,27.75));
#5602=CARTESIAN_POINT('Origin',(284.976174678758,0.,4.44089209850063E-15));
#5603=CARTESIAN_POINT('Origin',(219.976174678758,0.,-27.75));
#5604=CARTESIAN_POINT('',(0.,0.,0.));
#5605=CARTESIAN_POINT('Origin',(404.976174678758,0.00850904022022169,-0.00850904022022169));
#5606=CARTESIAN_POINT('',(404.976174678758,-1.99149095977982,-29.9338264135595));
#5607=CARTESIAN_POINT('',(402.976174678758,0.00850904022021154,-29.9999987932705));
#5608=CARTESIAN_POINT('Ctrl Pts',(404.976174678758,-1.99149095977982,-29.9338264135595));
#5609=CARTESIAN_POINT('Ctrl Pts',(405.227378968475,-1.99149095977982,-29.9338264135595));
#5610=CARTESIAN_POINT('Ctrl Pts',(405.495276648071,-1.94127251318373,-29.9372997732917));
#5611=CARTESIAN_POINT('Ctrl Pts',(405.98801429705,-1.73714143191026,-29.9498380014303));
#5612=CARTESIAN_POINT('Ctrl Pts',(406.212860561565,-1.58323285858215,-29.9587209390642));
#5613=CARTESIAN_POINT('Ctrl Pts',(406.567919869589,-1.22817223682695,-29.9753762126366));
#5614=CARTESIAN_POINT('Ctrl Pts',(406.72182740541,-1.00332643556537,-29.9842303886203));
#5615=CARTESIAN_POINT('Ctrl Pts',(406.9259568527,-0.510590131674279,-29.9966670423739));
#5616=CARTESIAN_POINT('Ctrl Pts',(406.976174678758,-0.242693422923865,-30.0000700430022));
#5617=CARTESIAN_POINT('Ctrl Pts',(406.976174678758,0.259715196871199,-29.9999275424913));
#5618=CARTESIAN_POINT('Ctrl Pts',(406.92595553228,0.527613610745106,-29.9963724773662));
#5619=CARTESIAN_POINT('Ctrl Pts',(406.721823867016,1.02035084573524,-29.9836559157704));
#5620=CARTESIAN_POINT('Ctrl Pts',(406.567915502862,1.24519600334773,-29.9746738862312));
#5621=CARTESIAN_POINT('Ctrl Pts',(406.212856763991,1.60025341724259,-29.9578166142884));
#5622=CARTESIAN_POINT('Ctrl Pts',(405.988012186779,1.75416055060223,-29.9488460218229));
#5623=CARTESIAN_POINT('Ctrl Pts',(405.495276658997,1.9582904250872,-29.9361914061783));
#5624=CARTESIAN_POINT('Ctrl Pts',(405.227379342725,2.00850904022024,-29.932689345185));
#5625=CARTESIAN_POINT('Ctrl Pts',(404.724970014791,2.00850904022024,-29.932689345185));
#5626=CARTESIAN_POINT('Ctrl Pts',(404.457072698519,1.9582904250872,-29.9361914061783));
#5627=CARTESIAN_POINT('Ctrl Pts',(403.964337170737,1.75416055060223,-29.9488460218229));
#5628=CARTESIAN_POINT('Ctrl Pts',(403.739492593525,1.60025341724259,-29.9578166142884));
#5629=CARTESIAN_POINT('Ctrl Pts',(403.384433854655,1.24519600334773,-29.9746738862312));
#5630=CARTESIAN_POINT('Ctrl Pts',(403.2305254905,1.02035084573524,-29.9836559157704));
#5631=CARTESIAN_POINT('Ctrl Pts',(403.026393825236,0.527613610745106,-29.9963724773662));
#5632=CARTESIAN_POINT('Ctrl Pts',(402.976174678758,0.259715196871202,-29.9999275424913));
#5633=CARTESIAN_POINT('Ctrl Pts',(402.976174678758,0.00850904022021842,
-29.9999987932705));
#5634=CARTESIAN_POINT('Ctrl Pts',(402.976174678758,0.00850904022020836,
-29.9999987932705));
#5635=CARTESIAN_POINT('Ctrl Pts',(402.976174678758,-0.242693422923872,-30.0000700430022));
#5636=CARTESIAN_POINT('Ctrl Pts',(403.026392504816,-0.510590131674279,-29.9966670423739));
#5637=CARTESIAN_POINT('Ctrl Pts',(403.230521952106,-1.00332643556537,-29.9842303886203));
#5638=CARTESIAN_POINT('Ctrl Pts',(403.384429487927,-1.22817223682695,-29.9753762126366));
#5639=CARTESIAN_POINT('Ctrl Pts',(403.739488795951,-1.58323285858215,-29.9587209390642));
#5640=CARTESIAN_POINT('Ctrl Pts',(403.964335060467,-1.73714143191026,-29.9498380014303));
#5641=CARTESIAN_POINT('Ctrl Pts',(404.457072709446,-1.94127251318373,-29.9372997732917));
#5642=CARTESIAN_POINT('Ctrl Pts',(404.724970389041,-1.99149095977981,-29.9338264135595));
#5643=CARTESIAN_POINT('Ctrl Pts',(404.976174678758,-1.99149095977981,-29.9338264135595));
#5644=CARTESIAN_POINT('',(402.976174678758,0.00850904022021131,-27.9999987070756));
#5645=CARTESIAN_POINT('',(402.976174678758,0.00850904022022145,-0.00850904022022169));
#5646=CARTESIAN_POINT('',(404.976174678758,-1.99149095977981,-27.9290881297101));
#5647=CARTESIAN_POINT('Ctrl Pts',(404.976174678758,-1.99149095977981,-27.9290881297101));
#5648=CARTESIAN_POINT('Ctrl Pts',(404.724958535498,-1.99149095977981,-27.9290881297101));
#5649=CARTESIAN_POINT('Ctrl Pts',(404.457055737667,-1.94126788824816,-27.9328112060736));
#5650=CARTESIAN_POINT('Ctrl Pts',(403.964321221133,-1.73713329228436,-27.9462489574175));
#5651=CARTESIAN_POINT('Ctrl Pts',(403.739482267875,-1.58322642775983,-27.9557684352151));
#5652=CARTESIAN_POINT('Ctrl Pts',(403.384435451053,-1.22817810269684,-27.9736156537066));
#5653=CARTESIAN_POINT('Ctrl Pts',(403.230529761891,-1.0033396726171,-27.9831029435367));
#5654=CARTESIAN_POINT('Ctrl Pts',(403.0263970308,-0.510606670886015,-27.996428730719));
#5655=CARTESIAN_POINT('Ctrl Pts',(402.976174678758,-0.242704977653443,-28.0000750495856));
#5656=CARTESIAN_POINT('Ctrl Pts',(402.976174678758,0.00850904022021565,
-27.9999987070756));
#5657=CARTESIAN_POINT('Ctrl Pts',(402.976174678758,0.00850904022020718,
-27.9999987070756));
#5658=CARTESIAN_POINT('Ctrl Pts',(402.976174678758,0.259727299211656,-27.9999223632767));
#5659=CARTESIAN_POINT('Ctrl Pts',(403.026398547081,0.527630950497679,-27.9961131000564));
#5660=CARTESIAN_POINT('Ctrl Pts',(403.230533825023,1.02036502133263,-27.9824873511088));
#5661=CARTESIAN_POINT('Ctrl Pts',(403.384440465267,1.24520271204777,-27.9728630313059));
#5662=CARTESIAN_POINT('Ctrl Pts',(403.73948662784,1.60024735346775,-27.954799300716));
#5663=CARTESIAN_POINT('Ctrl Pts',(403.964323643336,1.75415256436459,-27.9451858527889));
#5664=CARTESIAN_POINT('Ctrl Pts',(404.457055723764,1.9582857747804,-27.9316233043027));
#5665=CARTESIAN_POINT('Ctrl Pts',(404.724958104497,2.00850904022024,-27.9278694396002));
#5666=CARTESIAN_POINT('Ctrl Pts',(405.227391253019,2.00850904022024,-27.9278694396002));
#5667=CARTESIAN_POINT('Ctrl Pts',(405.495293633753,1.95828577478038,-27.9316233043027));
#5668=CARTESIAN_POINT('Ctrl Pts',(405.98802571418,1.75415256436456,-27.9451858527889));
#5669=CARTESIAN_POINT('Ctrl Pts',(406.212862729676,1.60024735346775,-27.954799300716));
#5670=CARTESIAN_POINT('Ctrl Pts',(406.56790889225,1.24520271204777,-27.9728630313059));
#5671=CARTESIAN_POINT('Ctrl Pts',(406.721815532494,1.02036502133258,-27.9824873511088));
#5672=CARTESIAN_POINT('Ctrl Pts',(406.925950810435,0.527630950497628,-27.9961131000564));
#5673=CARTESIAN_POINT('Ctrl Pts',(406.976174678758,0.259727299211665,-27.9999223632767));
#5674=CARTESIAN_POINT('Ctrl Pts',(406.976174678758,-0.242704977653443,-28.0000750495856));
#5675=CARTESIAN_POINT('Ctrl Pts',(406.925952326717,-0.510606670886015,-27.996428730719));
#5676=CARTESIAN_POINT('Ctrl Pts',(406.721819595625,-1.0033396726171,-27.9831029435367));
#5677=CARTESIAN_POINT('Ctrl Pts',(406.567913906464,-1.22817810269683,-27.9736156537066));
#5678=CARTESIAN_POINT('Ctrl Pts',(406.212867089642,-1.58322642775983,-27.9557684352151));
#5679=CARTESIAN_POINT('Ctrl Pts',(405.988028136383,-1.73713329228436,-27.9462489574175));
#5680=CARTESIAN_POINT('Ctrl Pts',(405.495293619849,-1.94126788824816,-27.9328112060736));
#5681=CARTESIAN_POINT('Ctrl Pts',(405.227390822018,-1.99149095977981,-27.9290881297101));
#5682=CARTESIAN_POINT('Ctrl Pts',(404.976174678758,-1.99149095977981,-27.9290881297101));
#5683=CARTESIAN_POINT('Origin',(404.976174678758,0.00850904022022169,-0.00850904022022169));
#5684=CARTESIAN_POINT('',(404.976174678758,-1.9914909597798,27.9290881297101));
#5685=CARTESIAN_POINT('',(406.976156577715,-2.29601859806836E-9,28.));
#5686=CARTESIAN_POINT('Ctrl Pts',(404.976174678758,-1.9914909597798,27.9290881297101));
#5687=CARTESIAN_POINT('Ctrl Pts',(405.227390822018,-1.9914909597798,27.9290881297101));
#5688=CARTESIAN_POINT('Ctrl Pts',(405.495293619849,-1.94126788824815,27.9328112060736));
#5689=CARTESIAN_POINT('Ctrl Pts',(405.988028136383,-1.73713329228435,27.9462489574175));
#5690=CARTESIAN_POINT('Ctrl Pts',(406.212867089642,-1.58322642775982,27.9557684352151));
#5691=CARTESIAN_POINT('Ctrl Pts',(406.567913906464,-1.22817810269682,27.9736156537066));
#5692=CARTESIAN_POINT('Ctrl Pts',(406.721819595625,-1.00333967261709,27.9831029435367));
#5693=CARTESIAN_POINT('Ctrl Pts',(406.924800795997,-0.513386221158162,27.9963535587795));
#5694=CARTESIAN_POINT('Ctrl Pts',(406.975098266163,-0.248747542735715,27.9999999999592));
#5695=CARTESIAN_POINT('Ctrl Pts',(406.976156577715,-4.5920362651275E-9,
28.));
#5696=CARTESIAN_POINT('',(402.976192779801,-2.29602019401396E-9,28.));
#5697=CARTESIAN_POINT('Ctrl Pts',(402.976192779801,-4.59203564062705E-9,
28.));
#5698=CARTESIAN_POINT('Ctrl Pts',(402.977251091354,-0.248747542735715,27.9999999999592));
#5699=CARTESIAN_POINT('Ctrl Pts',(403.02754856152,-0.513386221158162,27.9963535587795));
#5700=CARTESIAN_POINT('Ctrl Pts',(403.230529761891,-1.00333967261709,27.9831029435367));
#5701=CARTESIAN_POINT('Ctrl Pts',(403.384435451053,-1.22817810269682,27.9736156537066));
#5702=CARTESIAN_POINT('Ctrl Pts',(403.739482267875,-1.58322642775982,27.9557684352151));
#5703=CARTESIAN_POINT('Ctrl Pts',(403.964321221133,-1.73713329228435,27.9462489574175));
#5704=CARTESIAN_POINT('Ctrl Pts',(404.457055737667,-1.94126788824815,27.9328112060736));
#5705=CARTESIAN_POINT('Ctrl Pts',(404.724958535498,-1.9914909597798,27.9290881297101));
#5706=CARTESIAN_POINT('Ctrl Pts',(404.976174678758,-1.9914909597798,27.9290881297101));
#5707=CARTESIAN_POINT('',(402.976174678758,0.00850904022022742,27.9999987070756));
#5708=CARTESIAN_POINT('Ctrl Pts',(402.976174678758,0.00850904022022767,
27.9999987070756));
#5709=CARTESIAN_POINT('Ctrl Pts',(402.976174678758,0.00567479940705827,
27.9999995683852));
#5710=CARTESIAN_POINT('Ctrl Pts',(402.976180703496,0.00283843271202147,
28.0000000000005));
#5711=CARTESIAN_POINT('Ctrl Pts',(402.976192779801,-4.59203701942728E-9,
28.));
#5712=CARTESIAN_POINT('',(402.976174678758,0.008509040220225,29.9999987932705));
#5713=CARTESIAN_POINT('',(402.976174678758,0.00850904022022145,-0.00850904022022169));
#5714=CARTESIAN_POINT('',(402.976192779801,-2.29608915030617E-9,30.));
#5715=CARTESIAN_POINT('Ctrl Pts',(402.976192779801,-4.5921770218331E-9,
30.));
#5716=CARTESIAN_POINT('Ctrl Pts',(402.976180703492,0.00283843373728716,
30.0000000000004));
#5717=CARTESIAN_POINT('Ctrl Pts',(402.976174678758,0.00567480043468478,
29.9999995971593));
#5718=CARTESIAN_POINT('Ctrl Pts',(402.976174678758,0.00850904022022862,
29.9999987932705));
#5719=CARTESIAN_POINT('',(404.976174678758,-1.9914909597798,29.9338264135595));
#5720=CARTESIAN_POINT('Ctrl Pts',(404.976174678758,-1.9914909597798,29.9338264135595));
#5721=CARTESIAN_POINT('Ctrl Pts',(404.724970389041,-1.9914909597798,29.9338264135595));
#5722=CARTESIAN_POINT('Ctrl Pts',(404.457072709446,-1.94127251318372,29.9372997732917));
#5723=CARTESIAN_POINT('Ctrl Pts',(403.964335060467,-1.73714143191025,29.9498380014303));
#5724=CARTESIAN_POINT('Ctrl Pts',(403.739488795951,-1.58323285858214,29.9587209390642));
#5725=CARTESIAN_POINT('Ctrl Pts',(403.384429487927,-1.22817223682694,29.9753762126366));
#5726=CARTESIAN_POINT('Ctrl Pts',(403.230521952106,-1.00332643556535,29.9842303886203));
#5727=CARTESIAN_POINT('Ctrl Pts',(403.027544069561,-0.513369827420061,29.9965968829128));
#5728=CARTESIAN_POINT('Ctrl Pts',(402.977251042891,-0.248736151970261,29.9999999999619));
#5729=CARTESIAN_POINT('Ctrl Pts',(402.976192779801,-4.59218094106539E-9,
30.));
#5730=CARTESIAN_POINT('',(406.976156577715,-2.2960899135845E-9,30.));
#5731=CARTESIAN_POINT('Ctrl Pts',(406.976156577715,-4.59217927573086E-9,
30.));
#5732=CARTESIAN_POINT('Ctrl Pts',(406.975098314625,-0.248736151970258,29.9999999999619));
#5733=CARTESIAN_POINT('Ctrl Pts',(406.924805287955,-0.513369827420043,29.9965968829128));
#5734=CARTESIAN_POINT('Ctrl Pts',(406.72182740541,-1.00332643556534,29.9842303886202));
#5735=CARTESIAN_POINT('Ctrl Pts',(406.567919869589,-1.22817223682694,29.9753762126366));
#5736=CARTESIAN_POINT('Ctrl Pts',(406.212860561565,-1.58323285858214,29.9587209390642));
#5737=CARTESIAN_POINT('Ctrl Pts',(405.98801429705,-1.73714143191025,29.9498380014303));
#5738=CARTESIAN_POINT('Ctrl Pts',(405.495276648071,-1.94127251318372,29.9372997732917));
#5739=CARTESIAN_POINT('Ctrl Pts',(405.227378968475,-1.9914909597798,29.9338264135595));
#5740=CARTESIAN_POINT('Ctrl Pts',(404.976174678758,-1.9914909597798,29.9338264135595));
#5741=CARTESIAN_POINT('Ctrl Pts',(402.976174678758,0.00850904022022418,
29.9999987932705));
#5742=CARTESIAN_POINT('Ctrl Pts',(402.976174678758,0.259715196871208,29.9999275424913));
#5743=CARTESIAN_POINT('Ctrl Pts',(403.026393825236,0.527613610745119,29.9963724773662));
#5744=CARTESIAN_POINT('Ctrl Pts',(403.2305254905,1.02035084573525,29.9836559157704));
#5745=CARTESIAN_POINT('Ctrl Pts',(403.384433854655,1.24519600334775,29.9746738862312));
#5746=CARTESIAN_POINT('Ctrl Pts',(403.739492593525,1.6002534172426,29.9578166142884));
#5747=CARTESIAN_POINT('Ctrl Pts',(403.964337170738,1.75416055060232,29.9488460218229));
#5748=CARTESIAN_POINT('Ctrl Pts',(404.457072698519,1.95829042508725,29.9361914061783));
#5749=CARTESIAN_POINT('Ctrl Pts',(404.724970014791,2.00850904022026,29.932689345185));
#5750=CARTESIAN_POINT('Ctrl Pts',(405.227379342725,2.00850904022026,29.932689345185));
#5751=CARTESIAN_POINT('Ctrl Pts',(405.495276658997,1.95829042508722,29.9361914061783));
#5752=CARTESIAN_POINT('Ctrl Pts',(405.988012186779,1.75416055060225,29.9488460218229));
#5753=CARTESIAN_POINT('Ctrl Pts',(406.212856763991,1.6002534172426,29.9578166142884));
#5754=CARTESIAN_POINT('Ctrl Pts',(406.567915502862,1.24519600334775,29.9746738862312));
#5755=CARTESIAN_POINT('Ctrl Pts',(406.721823867016,1.02035084573521,29.9836559157704));
#5756=CARTESIAN_POINT('Ctrl Pts',(406.92595553228,0.527613610745079,29.9963724773662));
#5757=CARTESIAN_POINT('Ctrl Pts',(406.976174678758,0.259715196871212,29.9999275424913));
#5758=CARTESIAN_POINT('Ctrl Pts',(406.976174678758,0.0056748004346845,29.9999995971593));
#5759=CARTESIAN_POINT('Ctrl Pts',(406.976168654024,0.00283843373728686,
30.0000000000004));
#5760=CARTESIAN_POINT('Ctrl Pts',(406.976156577715,-4.5921773066721E-9,
30.));
#5761=CARTESIAN_POINT('Ctrl Pts',(406.976156577715,-4.59203715962174E-9,
28.));
#5762=CARTESIAN_POINT('Ctrl Pts',(406.97616865402,0.00283843271202152,28.0000000000005));
#5763=CARTESIAN_POINT('Ctrl Pts',(406.976174678758,0.00567479940705882,
27.9999995683852));
#5764=CARTESIAN_POINT('Ctrl Pts',(406.976174678758,0.259727299211677,27.9999223632767));
#5765=CARTESIAN_POINT('Ctrl Pts',(406.925950810435,0.52763095049764,27.9961131000564));
#5766=CARTESIAN_POINT('Ctrl Pts',(406.721815532494,1.02036502133259,27.9824873511088));
#5767=CARTESIAN_POINT('Ctrl Pts',(406.56790889225,1.24520271204778,27.9728630313059));
#5768=CARTESIAN_POINT('Ctrl Pts',(406.212862729676,1.60024735346776,27.954799300716));
#5769=CARTESIAN_POINT('Ctrl Pts',(405.98802571418,1.75415256436457,27.945185852789));
#5770=CARTESIAN_POINT('Ctrl Pts',(405.495293633753,1.95828577478039,27.9316233043027));
#5771=CARTESIAN_POINT('Ctrl Pts',(405.227391253019,2.00850904022026,27.9278694396002));
#5772=CARTESIAN_POINT('Ctrl Pts',(404.724958104497,2.00850904022026,27.9278694396002));
#5773=CARTESIAN_POINT('Ctrl Pts',(404.457055723764,1.95828577478041,27.9316233043027));
#5774=CARTESIAN_POINT('Ctrl Pts',(403.964323643336,1.75415256436461,27.9451858527889));
#5775=CARTESIAN_POINT('Ctrl Pts',(403.73948662784,1.60024735346776,27.954799300716));
#5776=CARTESIAN_POINT('Ctrl Pts',(403.384440465267,1.24520271204778,27.9728630313059));
#5777=CARTESIAN_POINT('Ctrl Pts',(403.230533825023,1.02036502133259,27.9824873511088));
#5778=CARTESIAN_POINT('Ctrl Pts',(403.026398547081,0.527630950497639,27.9961131000564));
#5779=CARTESIAN_POINT('Ctrl Pts',(402.976174678758,0.259727299211674,27.9999223632767));
#5780=CARTESIAN_POINT('Ctrl Pts',(402.976174678758,0.00850904022022501,
27.9999987070756));
#5781=CARTESIAN_POINT('Origin',(404.976174678758,0.,0.));
#5782=CARTESIAN_POINT('',(404.976174678758,-29.9332590941915,2.00000000000003));
#5783=CARTESIAN_POINT('',(402.976174678758,-30.,2.44929359829474E-16));
#5784=CARTESIAN_POINT('Ctrl Pts',(404.976174678758,-29.9332590941915,2.00000000000003));
#5785=CARTESIAN_POINT('Ctrl Pts',(405.227379156107,-29.9332590941915,2.00000000000003));
#5786=CARTESIAN_POINT('Ctrl Pts',(405.49527665532,-29.9367468041196,1.94978146899356));
#5787=CARTESIAN_POINT('Ctrl Pts',(405.988013247786,-29.949343224819,1.74565098822557));
#5788=CARTESIAN_POINT('Ctrl Pts',(406.212858671429,-29.9582699891501,1.59174313207532));
#5789=CARTESIAN_POINT('Ctrl Pts',(406.567917692092,-29.9750262603329,1.23668411141216));
#5790=CARTESIAN_POINT('Ctrl Pts',(406.721825639284,-29.9839443619467,1.01183863471817));
#5791=CARTESIAN_POINT('Ctrl Pts',(406.925956192656,-29.9965209678006,0.51910186934387));
#5792=CARTESIAN_POINT('Ctrl Pts',(406.976174678758,-30.,0.251204309330151));
#5793=CARTESIAN_POINT('Ctrl Pts',(406.976174678758,-30.,-0.25120430933015));
#5794=CARTESIAN_POINT('Ctrl Pts',(406.925956192656,-29.9965209678006,-0.51910186934387));
#5795=CARTESIAN_POINT('Ctrl Pts',(406.721825639284,-29.9839443619467,-1.01183863471817));
#5796=CARTESIAN_POINT('Ctrl Pts',(406.567917692092,-29.9750262603329,-1.23668411141216));
#5797=CARTESIAN_POINT('Ctrl Pts',(406.212858671429,-29.9582699891501,-1.59174313207532));
#5798=CARTESIAN_POINT('Ctrl Pts',(405.988013247786,-29.949343224819,-1.74565098822557));
#5799=CARTESIAN_POINT('Ctrl Pts',(405.49527665532,-29.9367468041196,-1.94978146899356));
#5800=CARTESIAN_POINT('Ctrl Pts',(405.227379156107,-29.9332590941915,-2.00000000000003));
#5801=CARTESIAN_POINT('Ctrl Pts',(404.724970201409,-29.9332590941915,-2.00000000000003));
#5802=CARTESIAN_POINT('Ctrl Pts',(404.457072702196,-29.9367468041196,-1.94978146899356));
#5803=CARTESIAN_POINT('Ctrl Pts',(403.96433610973,-29.949343224819,-1.74565098822557));
#5804=CARTESIAN_POINT('Ctrl Pts',(403.739490686087,-29.9582699891501,-1.59174313207532));
#5805=CARTESIAN_POINT('Ctrl Pts',(403.384431665424,-29.9750262603329,-1.23668411141216));
#5806=CARTESIAN_POINT('Ctrl Pts',(403.230523718233,-29.9839443619467,-1.01183863471817));
#5807=CARTESIAN_POINT('Ctrl Pts',(403.02639316486,-29.9965209678006,-0.51910186934387));
#5808=CARTESIAN_POINT('Ctrl Pts',(402.976174678758,-30.,-0.251204309330153));
#5809=CARTESIAN_POINT('Ctrl Pts',(402.976174678758,-30.,-2.70616862252382E-15));
#5810=CARTESIAN_POINT('Ctrl Pts',(402.976174678758,-30.,2.35922392732846E-15));
#5811=CARTESIAN_POINT('Ctrl Pts',(402.976174678758,-30.,0.251204309330153));
#5812=CARTESIAN_POINT('Ctrl Pts',(403.02639316486,-29.9965209678006,0.51910186934387));
#5813=CARTESIAN_POINT('Ctrl Pts',(403.230523718233,-29.9839443619467,1.01183863471817));
#5814=CARTESIAN_POINT('Ctrl Pts',(403.384431665424,-29.9750262603329,1.23668411141216));
#5815=CARTESIAN_POINT('Ctrl Pts',(403.739490686087,-29.9582699891501,1.59174313207531));
#5816=CARTESIAN_POINT('Ctrl Pts',(403.96433610973,-29.949343224819,1.74565098822557));
#5817=CARTESIAN_POINT('Ctrl Pts',(404.457072702196,-29.9367468041196,1.94978146899356));
#5818=CARTESIAN_POINT('Ctrl Pts',(404.724970201409,-29.9332590941915,2.00000000000003));
#5819=CARTESIAN_POINT('Ctrl Pts',(404.976174678758,-29.9332590941915,2.00000000000003));
#5820=CARTESIAN_POINT('',(402.976174678758,-28.,-2.0285924302965E-15));
#5821=CARTESIAN_POINT('',(402.976174678758,0.,2.44929359829474E-16));
#5822=CARTESIAN_POINT('',(404.976174678758,-27.9284800875379,2.00000000000003));
#5823=CARTESIAN_POINT('Ctrl Pts',(404.976174678758,-27.9284800875379,2.00000000000003));
#5824=CARTESIAN_POINT('Ctrl Pts',(404.724958319419,-27.9284800875379,2.00000000000003));
#5825=CARTESIAN_POINT('Ctrl Pts',(404.457055728668,-27.9322185575352,1.94977683135258));
#5826=CARTESIAN_POINT('Ctrl Pts',(403.964322425493,-27.9457187059815,1.7456429248453));
#5827=CARTESIAN_POINT('Ctrl Pts',(403.739484437922,-27.955285167959,1.59173688391035));
#5828=CARTESIAN_POINT('Ctrl Pts',(403.384437951417,-27.9732406405612,1.23669039740516));
#5829=CARTESIAN_POINT('Ctrl Pts',(403.230531789926,-27.9827964439655,1.0118523401541));
#5830=CARTESIAN_POINT('Ctrl Pts',(403.026397788747,-27.99627220979,0.519118808540026));
#5831=CARTESIAN_POINT('Ctrl Pts',(402.976174678758,-28.,0.25121613777481));
#5832=CARTESIAN_POINT('Ctrl Pts',(402.976174678758,-28.,6.73072708679001E-15));
#5833=CARTESIAN_POINT('Ctrl Pts',(402.976174678758,-28.,-4.30211422042248E-15));
#5834=CARTESIAN_POINT('Ctrl Pts',(402.976174678758,-28.,-0.251216137774808));
#5835=CARTESIAN_POINT('Ctrl Pts',(403.026397788747,-27.99627220979,-0.519118808540025));
#5836=CARTESIAN_POINT('Ctrl Pts',(403.230531789926,-27.9827964439655,-1.0118523401541));
#5837=CARTESIAN_POINT('Ctrl Pts',(403.384437951417,-27.9732406405612,-1.23669039740516));
#5838=CARTESIAN_POINT('Ctrl Pts',(403.739484437922,-27.955285167959,-1.59173688391035));
#5839=CARTESIAN_POINT('Ctrl Pts',(403.964322425493,-27.9457187059815,-1.7456429248453));
#5840=CARTESIAN_POINT('Ctrl Pts',(404.457055728668,-27.9322185575352,-1.94977683135258));
#5841=CARTESIAN_POINT('Ctrl Pts',(404.724958319419,-27.9284800875379,-2.00000000000003));
#5842=CARTESIAN_POINT('Ctrl Pts',(405.227391038097,-27.9284800875379,-2.00000000000003));
#5843=CARTESIAN_POINT('Ctrl Pts',(405.495293628848,-27.9322185575352,-1.94977683135258));
#5844=CARTESIAN_POINT('Ctrl Pts',(405.988026932023,-27.9457187059815,-1.7456429248453));
#5845=CARTESIAN_POINT('Ctrl Pts',(406.212864919594,-27.955285167959,-1.59173688391035));
#5846=CARTESIAN_POINT('Ctrl Pts',(406.567911406099,-27.9732406405612,-1.23669039740516));
#5847=CARTESIAN_POINT('Ctrl Pts',(406.721817567591,-27.9827964439655,-1.01185234015402));
#5848=CARTESIAN_POINT('Ctrl Pts',(406.925951568769,-27.99627220979,-0.519118808539941));
#5849=CARTESIAN_POINT('Ctrl Pts',(406.976174678758,-28.,-0.251216137774804));
#5850=CARTESIAN_POINT('Ctrl Pts',(406.976174678758,-28.,0.251216137774803));
#5851=CARTESIAN_POINT('Ctrl Pts',(406.925951568769,-27.99627220979,0.519118808539965));
#5852=CARTESIAN_POINT('Ctrl Pts',(406.721817567591,-27.9827964439655,1.01185234015402));
#5853=CARTESIAN_POINT('Ctrl Pts',(406.567911406099,-27.9732406405612,1.23669039740516));
#5854=CARTESIAN_POINT('Ctrl Pts',(406.212864919594,-27.955285167959,1.59173688391035));
#5855=CARTESIAN_POINT('Ctrl Pts',(405.988026932023,-27.9457187059815,1.7456429248453));
#5856=CARTESIAN_POINT('Ctrl Pts',(405.495293628848,-27.9322185575352,1.94977683135258));
#5857=CARTESIAN_POINT('Ctrl Pts',(405.227391038097,-27.9284800875379,2.00000000000003));
#5858=CARTESIAN_POINT('Ctrl Pts',(404.976174678758,-27.9284800875379,2.00000000000003));
#5859=CARTESIAN_POINT('Origin',(404.976174678758,0.,0.));
#5860=CARTESIAN_POINT('',(404.976174678758,27.9284800875379,2.00000000000002));
#5861=CARTESIAN_POINT('',(402.976174678758,28.,2.20413285108691E-15));
#5862=CARTESIAN_POINT('Ctrl Pts',(404.976174678758,27.9284800875379,2.00000000000002));
#5863=CARTESIAN_POINT('Ctrl Pts',(405.227391038097,27.9284800875379,2.00000000000002));
#5864=CARTESIAN_POINT('Ctrl Pts',(405.495293628848,27.9322185575352,1.94977683135258));
#5865=CARTESIAN_POINT('Ctrl Pts',(405.988026932023,27.9457187059815,1.7456429248453));
#5866=CARTESIAN_POINT('Ctrl Pts',(406.212864919594,27.955285167959,1.59173688391035));
#5867=CARTESIAN_POINT('Ctrl Pts',(406.567911406099,27.9732406405612,1.23669039740516));
#5868=CARTESIAN_POINT('Ctrl Pts',(406.721817567591,27.9827964439655,1.0118523401541));
#5869=CARTESIAN_POINT('Ctrl Pts',(406.925951568769,27.99627220979,0.519118808540025));
#5870=CARTESIAN_POINT('Ctrl Pts',(406.976174678758,28.,0.251216137774803));
#5871=CARTESIAN_POINT('Ctrl Pts',(406.976174678758,28.,-0.251216137774804));
#5872=CARTESIAN_POINT('Ctrl Pts',(406.925951568769,27.99627220979,-0.519118808540026));
#5873=CARTESIAN_POINT('Ctrl Pts',(406.721817567591,27.9827964439655,-1.0118523401541));
#5874=CARTESIAN_POINT('Ctrl Pts',(406.567911406099,27.9732406405612,-1.23669039740516));
#5875=CARTESIAN_POINT('Ctrl Pts',(406.212864919594,27.955285167959,-1.59173688391035));
#5876=CARTESIAN_POINT('Ctrl Pts',(405.988026932023,27.9457187059815,-1.7456429248453));
#5877=CARTESIAN_POINT('Ctrl Pts',(405.495293628848,27.9322185575352,-1.94977683135258));
#5878=CARTESIAN_POINT('Ctrl Pts',(405.227391038097,27.9284800875379,-2.00000000000003));
#5879=CARTESIAN_POINT('Ctrl Pts',(404.724958319419,27.9284800875379,-2.00000000000003));
#5880=CARTESIAN_POINT('Ctrl Pts',(404.457055728668,27.9322185575352,-1.94977683135258));
#5881=CARTESIAN_POINT('Ctrl Pts',(403.964322425493,27.9457187059815,-1.7456429248453));
#5882=CARTESIAN_POINT('Ctrl Pts',(403.739484437922,27.955285167959,-1.59173688391035));
#5883=CARTESIAN_POINT('Ctrl Pts',(403.384437951417,27.9732406405612,-1.23669039740516));
#5884=CARTESIAN_POINT('Ctrl Pts',(403.230531789926,27.9827964439655,-1.0118523401541));
#5885=CARTESIAN_POINT('Ctrl Pts',(403.026397788747,27.99627220979,-0.519118808540025));
#5886=CARTESIAN_POINT('Ctrl Pts',(402.976174678758,28.,-0.251216137774809));
#5887=CARTESIAN_POINT('Ctrl Pts',(402.976174678758,28.,-5.759281940243E-15));
#5888=CARTESIAN_POINT('Ctrl Pts',(402.976174678758,28.,5.20417042793042E-15));
#5889=CARTESIAN_POINT('Ctrl Pts',(402.976174678758,28.,0.251216137774808));
#5890=CARTESIAN_POINT('Ctrl Pts',(403.026397788747,27.99627220979,0.519118808540025));
#5891=CARTESIAN_POINT('Ctrl Pts',(403.230531789926,27.9827964439655,1.0118523401541));
#5892=CARTESIAN_POINT('Ctrl Pts',(403.384437951417,27.9732406405612,1.23669039740516));
#5893=CARTESIAN_POINT('Ctrl Pts',(403.739484437922,27.955285167959,1.59173688391035));
#5894=CARTESIAN_POINT('Ctrl Pts',(403.964322425493,27.9457187059815,1.7456429248453));
#5895=CARTESIAN_POINT('Ctrl Pts',(404.457055728668,27.9322185575352,1.94977683135258));
#5896=CARTESIAN_POINT('Ctrl Pts',(404.724958319419,27.9284800875379,2.00000000000002));
#5897=CARTESIAN_POINT('Ctrl Pts',(404.976174678758,27.9284800875379,2.00000000000002));
#5898=CARTESIAN_POINT('',(402.976174678758,30.,2.44929359829474E-16));
#5899=CARTESIAN_POINT('',(402.976174678758,0.,2.44929359829474E-16));
#5900=CARTESIAN_POINT('',(404.976174678758,29.9332590941915,2.00000000000002));
#5901=CARTESIAN_POINT('Ctrl Pts',(404.976174678758,29.9332590941915,2.00000000000002));
#5902=CARTESIAN_POINT('Ctrl Pts',(404.724970201409,29.9332590941915,2.00000000000002));
#5903=CARTESIAN_POINT('Ctrl Pts',(404.457072702196,29.9367468041196,1.94978146899356));
#5904=CARTESIAN_POINT('Ctrl Pts',(403.96433610973,29.949343224819,1.74565098822557));
#5905=CARTESIAN_POINT('Ctrl Pts',(403.739490686087,29.9582699891501,1.59174313207531));
#5906=CARTESIAN_POINT('Ctrl Pts',(403.384431665424,29.9750262603329,1.23668411141216));
#5907=CARTESIAN_POINT('Ctrl Pts',(403.230523718233,29.9839443619467,1.01183863471817));
#5908=CARTESIAN_POINT('Ctrl Pts',(403.02639316486,29.9965209678006,0.51910186934387));
#5909=CARTESIAN_POINT('Ctrl Pts',(402.976174678758,30.,0.251204309330151));
#5910=CARTESIAN_POINT('Ctrl Pts',(402.976174678758,30.,7.63278329429795E-16));
#5911=CARTESIAN_POINT('Ctrl Pts',(402.976174678758,30.,1.2490009027033E-15));
#5912=CARTESIAN_POINT('Ctrl Pts',(402.976174678758,30.,-0.251204309330149));
#5913=CARTESIAN_POINT('Ctrl Pts',(403.02639316486,29.9965209678006,-0.519101869343893));
#5914=CARTESIAN_POINT('Ctrl Pts',(403.230523718233,29.9839443619467,-1.0118386347182));
#5915=CARTESIAN_POINT('Ctrl Pts',(403.384431665424,29.9750262603329,-1.23668411141216));
#5916=CARTESIAN_POINT('Ctrl Pts',(403.739490686087,29.9582699891501,-1.59174313207532));
#5917=CARTESIAN_POINT('Ctrl Pts',(403.96433610973,29.949343224819,-1.74565098822557));
#5918=CARTESIAN_POINT('Ctrl Pts',(404.457072702196,29.9367468041196,-1.94978146899356));
#5919=CARTESIAN_POINT('Ctrl Pts',(404.724970201409,29.9332590941915,-2.00000000000003));
#5920=CARTESIAN_POINT('Ctrl Pts',(405.227379156107,29.9332590941915,-2.00000000000003));
#5921=CARTESIAN_POINT('Ctrl Pts',(405.49527665532,29.9367468041196,-1.94978146899356));
#5922=CARTESIAN_POINT('Ctrl Pts',(405.988013247786,29.949343224819,-1.74565098822557));
#5923=CARTESIAN_POINT('Ctrl Pts',(406.212858671429,29.9582699891501,-1.59174313207532));
#5924=CARTESIAN_POINT('Ctrl Pts',(406.567917692092,29.9750262603329,-1.23668411141216));
#5925=CARTESIAN_POINT('Ctrl Pts',(406.721825639284,29.9839443619467,-1.01183863471817));
#5926=CARTESIAN_POINT('Ctrl Pts',(406.925956192656,29.9965209678006,-0.51910186934387));
#5927=CARTESIAN_POINT('Ctrl Pts',(406.976174678758,30.,-0.25120430933015));
#5928=CARTESIAN_POINT('Ctrl Pts',(406.976174678758,30.,0.25120430933015));
#5929=CARTESIAN_POINT('Ctrl Pts',(406.925956192656,29.9965209678006,0.51910186934387));
#5930=CARTESIAN_POINT('Ctrl Pts',(406.721825639284,29.9839443619467,1.01183863471817));
#5931=CARTESIAN_POINT('Ctrl Pts',(406.567917692092,29.9750262603329,1.23668411141216));
#5932=CARTESIAN_POINT('Ctrl Pts',(406.212858671429,29.9582699891501,1.59174313207532));
#5933=CARTESIAN_POINT('Ctrl Pts',(405.988013247786,29.949343224819,1.74565098822557));
#5934=CARTESIAN_POINT('Ctrl Pts',(405.49527665532,29.9367468041196,1.94978146899356));
#5935=CARTESIAN_POINT('Ctrl Pts',(405.227379156107,29.9332590941915,2.00000000000002));
#5936=CARTESIAN_POINT('Ctrl Pts',(404.976174678758,29.9332590941915,2.00000000000003));
#5937=CARTESIAN_POINT('Origin',(274.976174678758,0.00850904022022169,-0.00850904022022169));
#5938=CARTESIAN_POINT('',(274.976174678758,-1.99149095977978,-29.9338264135596));
#5939=CARTESIAN_POINT('',(272.976174678758,0.00850904022021546,-29.9999987932705));
#5940=CARTESIAN_POINT('Ctrl Pts',(274.976174678758,-1.99149095977978,-29.9338264135596));
#5941=CARTESIAN_POINT('Ctrl Pts',(275.227378968475,-1.99149095977977,-29.9338264135596));
#5942=CARTESIAN_POINT('Ctrl Pts',(275.495276648071,-1.94127251318367,-29.9372997732917));
#5943=CARTESIAN_POINT('Ctrl Pts',(275.98801429705,-1.73714143191019,-29.9498380014303));
#5944=CARTESIAN_POINT('Ctrl Pts',(276.212860561565,-1.58323285858213,-29.9587209390642));
#5945=CARTESIAN_POINT('Ctrl Pts',(276.567919869589,-1.22817223682693,-29.9753762126366));
#5946=CARTESIAN_POINT('Ctrl Pts',(276.72182740541,-1.00332643556534,-29.9842303886203));
#5947=CARTESIAN_POINT('Ctrl Pts',(276.925956852701,-0.51059013167426,-29.9966670423739));
#5948=CARTESIAN_POINT('Ctrl Pts',(276.976174678758,-0.242693422923859,-30.0000700430022));
#5949=CARTESIAN_POINT('Ctrl Pts',(276.976174678758,0.259715196871195,-29.9999275424913));
#5950=CARTESIAN_POINT('Ctrl Pts',(276.92595553228,0.527613610745123,-29.9963724773662));
#5951=CARTESIAN_POINT('Ctrl Pts',(276.721823867016,1.02035084573522,-29.9836559157704));
#5952=CARTESIAN_POINT('Ctrl Pts',(276.567915502862,1.24519600334771,-29.9746738862312));
#5953=CARTESIAN_POINT('Ctrl Pts',(276.212856763991,1.60025341724256,-29.9578166142884));
#5954=CARTESIAN_POINT('Ctrl Pts',(275.988012186779,1.7541605506022,-29.9488460218229));
#5955=CARTESIAN_POINT('Ctrl Pts',(275.495276658997,1.95829042508718,-29.9361914061783));
#5956=CARTESIAN_POINT('Ctrl Pts',(275.227379342725,2.00850904022021,-29.932689345185));
#5957=CARTESIAN_POINT('Ctrl Pts',(274.724970014791,2.00850904022021,-29.932689345185));
#5958=CARTESIAN_POINT('Ctrl Pts',(274.457072698519,1.95829042508718,-29.9361914061783));
#5959=CARTESIAN_POINT('Ctrl Pts',(273.964337170738,1.7541605506022,-29.9488460218229));
#5960=CARTESIAN_POINT('Ctrl Pts',(273.739492593525,1.60025341724256,-29.9578166142884));
#5961=CARTESIAN_POINT('Ctrl Pts',(273.384433854655,1.24519600334771,-29.9746738862312));
#5962=CARTESIAN_POINT('Ctrl Pts',(273.2305254905,1.02035084573522,-29.9836559157704));
#5963=CARTESIAN_POINT('Ctrl Pts',(273.026393825236,0.527613610745123,-29.9963724773662));
#5964=CARTESIAN_POINT('Ctrl Pts',(272.976174678758,0.259715196871195,-29.9999275424913));
#5965=CARTESIAN_POINT('Ctrl Pts',(272.976174678758,0.00850904022021509,
-29.9999987932705));
#5966=CARTESIAN_POINT('Ctrl Pts',(272.976174678758,0.00850904022021606,
-29.9999987932705));
#5967=CARTESIAN_POINT('Ctrl Pts',(272.976174678758,-0.242693422923858,-30.0000700430022));
#5968=CARTESIAN_POINT('Ctrl Pts',(273.026392504816,-0.510590131674286,-29.9966670423739));
#5969=CARTESIAN_POINT('Ctrl Pts',(273.230521952106,-1.00332643556537,-29.9842303886203));
#5970=CARTESIAN_POINT('Ctrl Pts',(273.384429487927,-1.22817223682693,-29.9753762126366));
#5971=CARTESIAN_POINT('Ctrl Pts',(273.739488795951,-1.58323285858213,-29.9587209390642));
#5972=CARTESIAN_POINT('Ctrl Pts',(273.964335060467,-1.73714143191019,-29.9498380014303));
#5973=CARTESIAN_POINT('Ctrl Pts',(274.457072709446,-1.94127251318367,-29.9372997732917));
#5974=CARTESIAN_POINT('Ctrl Pts',(274.724970389041,-1.99149095977978,-29.9338264135596));
#5975=CARTESIAN_POINT('Ctrl Pts',(274.976174678758,-1.99149095977978,-29.9338264135596));
#5976=CARTESIAN_POINT('',(272.976174678758,0.00850904022021627,-27.9999987070756));
#5977=CARTESIAN_POINT('',(272.976174678758,0.00850904022022145,-0.00850904022022169));
#5978=CARTESIAN_POINT('',(274.976174678758,-1.99149095977978,-27.9290881297101));
#5979=CARTESIAN_POINT('Ctrl Pts',(274.976174678758,-1.99149095977978,-27.9290881297101));
#5980=CARTESIAN_POINT('Ctrl Pts',(274.724958535498,-1.99149095977978,-27.9290881297101));
#5981=CARTESIAN_POINT('Ctrl Pts',(274.457055737667,-1.94126788824812,-27.9328112060736));
#5982=CARTESIAN_POINT('Ctrl Pts',(273.964321221133,-1.73713329228437,-27.9462489574174));
#5983=CARTESIAN_POINT('Ctrl Pts',(273.739482267875,-1.58322642775979,-27.9557684352151));
#5984=CARTESIAN_POINT('Ctrl Pts',(273.384435451053,-1.22817810269681,-27.9736156537066));
#5985=CARTESIAN_POINT('Ctrl Pts',(273.230529761891,-1.0033396726171,-27.9831029435367));
#5986=CARTESIAN_POINT('Ctrl Pts',(273.0263970308,-0.510606670886016,-27.996428730719));
#5987=CARTESIAN_POINT('Ctrl Pts',(272.976174678758,-0.242704977653443,-28.0000750495856));
#5988=CARTESIAN_POINT('Ctrl Pts',(272.976174678758,0.00850904022021523,
-27.9999987070756));
#5989=CARTESIAN_POINT('Ctrl Pts',(272.976174678758,0.00850904022021749,
-27.9999987070756));
#5990=CARTESIAN_POINT('Ctrl Pts',(272.976174678758,0.259727299211665,-27.9999223632767));
#5991=CARTESIAN_POINT('Ctrl Pts',(273.026398547081,0.527630950497633,-27.9961131000564));
#5992=CARTESIAN_POINT('Ctrl Pts',(273.230533825023,1.02036502133255,-27.9824873511088));
#5993=CARTESIAN_POINT('Ctrl Pts',(273.384440465267,1.24520271204775,-27.9728630313059));
#5994=CARTESIAN_POINT('Ctrl Pts',(273.73948662784,1.60024735346771,-27.954799300716));
#5995=CARTESIAN_POINT('Ctrl Pts',(273.964323643336,1.7541525643646,-27.945185852789));
#5996=CARTESIAN_POINT('Ctrl Pts',(274.457055723764,1.95828577478039,-27.9316233043027));
#5997=CARTESIAN_POINT('Ctrl Pts',(274.724958104497,2.00850904022021,-27.9278694396002));
#5998=CARTESIAN_POINT('Ctrl Pts',(275.227391253019,2.00850904022021,-27.9278694396002));
#5999=CARTESIAN_POINT('Ctrl Pts',(275.495293633753,1.95828577478035,-27.9316233043027));
#6000=CARTESIAN_POINT('Ctrl Pts',(275.98802571418,1.75415256436455,-27.945185852789));
#6001=CARTESIAN_POINT('Ctrl Pts',(276.212862729676,1.60024735346771,-27.954799300716));
#6002=CARTESIAN_POINT('Ctrl Pts',(276.56790889225,1.24520271204775,-27.9728630313059));
#6003=CARTESIAN_POINT('Ctrl Pts',(276.721815532494,1.02036502133254,-27.9824873511088));
#6004=CARTESIAN_POINT('Ctrl Pts',(276.925950810435,0.527630950497622,-27.9961131000564));
#6005=CARTESIAN_POINT('Ctrl Pts',(276.976174678758,0.259727299211664,-27.9999223632767));
#6006=CARTESIAN_POINT('Ctrl Pts',(276.976174678758,-0.242704977653442,-28.0000750495856));
#6007=CARTESIAN_POINT('Ctrl Pts',(276.925952326717,-0.510606670886015,-27.996428730719));
#6008=CARTESIAN_POINT('Ctrl Pts',(276.721819595625,-1.0033396726171,-27.9831029435367));
#6009=CARTESIAN_POINT('Ctrl Pts',(276.567913906464,-1.22817810269681,-27.9736156537066));
#6010=CARTESIAN_POINT('Ctrl Pts',(276.212867089642,-1.58322642775979,-27.9557684352151));
#6011=CARTESIAN_POINT('Ctrl Pts',(275.988028136383,-1.73713329228437,-27.9462489574174));
#6012=CARTESIAN_POINT('Ctrl Pts',(275.495293619849,-1.94126788824812,-27.9328112060736));
#6013=CARTESIAN_POINT('Ctrl Pts',(275.227390822018,-1.99149095977978,-27.9290881297101));
#6014=CARTESIAN_POINT('Ctrl Pts',(274.976174678758,-1.99149095977978,-27.9290881297101));
#6015=CARTESIAN_POINT('Origin',(274.976174678758,0.00850904022022169,-0.00850904022022169));
#6016=CARTESIAN_POINT('',(274.976174678758,-1.99149095977977,27.9290881297101));
#6017=CARTESIAN_POINT('',(276.976156577715,-2.29601877154071E-9,28.));
#6018=CARTESIAN_POINT('Ctrl Pts',(274.976174678758,-1.99149095977977,27.9290881297101));
#6019=CARTESIAN_POINT('Ctrl Pts',(275.227390822018,-1.99149095977977,27.9290881297101));
#6020=CARTESIAN_POINT('Ctrl Pts',(275.495293619849,-1.94126788824811,27.9328112060736));
#6021=CARTESIAN_POINT('Ctrl Pts',(275.988028136383,-1.73713329228435,27.9462489574174));
#6022=CARTESIAN_POINT('Ctrl Pts',(276.212867089642,-1.58322642775978,27.9557684352151));
#6023=CARTESIAN_POINT('Ctrl Pts',(276.567913906464,-1.2281781026968,27.9736156537066));
#6024=CARTESIAN_POINT('Ctrl Pts',(276.721819595625,-1.00333967261709,27.9831029435367));
#6025=CARTESIAN_POINT('Ctrl Pts',(276.924800795997,-0.513386221158162,27.9963535587795));
#6026=CARTESIAN_POINT('Ctrl Pts',(276.975098266163,-0.248747542735716,27.9999999999592));
#6027=CARTESIAN_POINT('Ctrl Pts',(276.976156577715,-4.59203772229522E-9,
28.));
#6028=CARTESIAN_POINT('',(272.976192779801,-2.29602008993055E-9,28.));
#6029=CARTESIAN_POINT('Ctrl Pts',(272.976192779801,-4.5920407060196E-9,
28.));
#6030=CARTESIAN_POINT('Ctrl Pts',(272.977251091354,-0.248747542735719,27.9999999999592));
#6031=CARTESIAN_POINT('Ctrl Pts',(273.02754856152,-0.513386221158163,27.9963535587795));
#6032=CARTESIAN_POINT('Ctrl Pts',(273.230529761891,-1.00333967261709,27.9831029435367));
#6033=CARTESIAN_POINT('Ctrl Pts',(273.384435451053,-1.2281781026968,27.9736156537066));
#6034=CARTESIAN_POINT('Ctrl Pts',(273.739482267875,-1.58322642775978,27.9557684352151));
#6035=CARTESIAN_POINT('Ctrl Pts',(273.964321221133,-1.73713329228432,27.9462489574175));
#6036=CARTESIAN_POINT('Ctrl Pts',(274.457055737667,-1.9412678882481,27.9328112060736));
#6037=CARTESIAN_POINT('Ctrl Pts',(274.724958535498,-1.99149095977977,27.9290881297101));
#6038=CARTESIAN_POINT('Ctrl Pts',(274.976174678758,-1.99149095977976,27.9290881297101));
#6039=CARTESIAN_POINT('',(272.976174678758,0.00850904022022787,27.9999987070756));
#6040=CARTESIAN_POINT('Ctrl Pts',(272.976174678758,0.00850904022022768,
27.9999987070756));
#6041=CARTESIAN_POINT('Ctrl Pts',(272.976174678758,0.00567479940705829,
27.9999995683852));
#6042=CARTESIAN_POINT('Ctrl Pts',(272.976180703497,0.0028384327120218,28.0000000000005));
#6043=CARTESIAN_POINT('Ctrl Pts',(272.976192779801,-4.59203652205286E-9,
28.));
#6044=CARTESIAN_POINT('',(272.976174678758,0.00850904022022785,29.9999987932705));
#6045=CARTESIAN_POINT('',(272.976174678758,0.00850904022022145,-0.00850904022022169));
#6046=CARTESIAN_POINT('',(272.976192779801,-2.29609091972411E-9,30.));
#6047=CARTESIAN_POINT('Ctrl Pts',(272.976192779801,-4.59217676578159E-9,
30.));
#6048=CARTESIAN_POINT('Ctrl Pts',(272.976180703492,0.00283843373728752,
30.0000000000004));
#6049=CARTESIAN_POINT('Ctrl Pts',(272.976174678758,0.005674800434685,29.9999995971593));
#6050=CARTESIAN_POINT('Ctrl Pts',(272.976174678758,0.00850904022022864,
29.9999987932705));
#6051=CARTESIAN_POINT('',(274.976174678758,-1.99149095977976,29.9338264135596));
#6052=CARTESIAN_POINT('Ctrl Pts',(274.976174678758,-1.99149095977976,29.9338264135596));
#6053=CARTESIAN_POINT('Ctrl Pts',(274.724970389041,-1.99149095977976,29.9338264135596));
#6054=CARTESIAN_POINT('Ctrl Pts',(274.457072709446,-1.94127251318365,29.9372997732917));
#6055=CARTESIAN_POINT('Ctrl Pts',(273.964335060467,-1.73714143191018,29.9498380014303));
#6056=CARTESIAN_POINT('Ctrl Pts',(273.739488795951,-1.58323285858211,29.9587209390642));
#6057=CARTESIAN_POINT('Ctrl Pts',(273.384429487927,-1.22817223682692,29.9753762126366));
#6058=CARTESIAN_POINT('Ctrl Pts',(273.230521952106,-1.00332643556533,29.9842303886203));
#6059=CARTESIAN_POINT('Ctrl Pts',(273.027544069561,-0.513369827420042,29.9965968829128));
#6060=CARTESIAN_POINT('Ctrl Pts',(272.977251042891,-0.248736151970253,29.9999999999619));
#6061=CARTESIAN_POINT('Ctrl Pts',(272.976192779801,-4.59217941450873E-9,
30.));
#6062=CARTESIAN_POINT('',(276.976156577715,-2.29609008705685E-9,30.));
#6063=CARTESIAN_POINT('Ctrl Pts',(276.976156577715,-4.59217830428571E-9,
30.));
#6064=CARTESIAN_POINT('Ctrl Pts',(276.975098314625,-0.248736151970251,29.9999999999619));
#6065=CARTESIAN_POINT('Ctrl Pts',(276.924805287955,-0.513369827420043,29.9965968829128));
#6066=CARTESIAN_POINT('Ctrl Pts',(276.72182740541,-1.00332643556533,29.9842303886203));
#6067=CARTESIAN_POINT('Ctrl Pts',(276.567919869589,-1.22817223682692,29.9753762126366));
#6068=CARTESIAN_POINT('Ctrl Pts',(276.212860561565,-1.58323285858211,29.9587209390642));
#6069=CARTESIAN_POINT('Ctrl Pts',(275.98801429705,-1.73714143191018,29.9498380014303));
#6070=CARTESIAN_POINT('Ctrl Pts',(275.495276648071,-1.94127251318365,29.9372997732917));
#6071=CARTESIAN_POINT('Ctrl Pts',(275.227378968475,-1.99149095977976,29.9338264135596));
#6072=CARTESIAN_POINT('Ctrl Pts',(274.976174678758,-1.99149095977976,29.9338264135596));
#6073=CARTESIAN_POINT('Ctrl Pts',(272.976174678758,0.00850904022022723,
29.9999987932705));
#6074=CARTESIAN_POINT('Ctrl Pts',(272.976174678758,0.259715196871207,29.9999275424913));
#6075=CARTESIAN_POINT('Ctrl Pts',(273.026393825236,0.527613610745137,29.9963724773662));
#6076=CARTESIAN_POINT('Ctrl Pts',(273.2305254905,1.02035084573523,29.9836559157704));
#6077=CARTESIAN_POINT('Ctrl Pts',(273.384433854655,1.24519600334772,29.9746738862312));
#6078=CARTESIAN_POINT('Ctrl Pts',(273.739492593525,1.60025341724257,29.9578166142884));
#6079=CARTESIAN_POINT('Ctrl Pts',(273.964337170738,1.75416055060222,29.9488460218229));
#6080=CARTESIAN_POINT('Ctrl Pts',(274.457072698519,1.95829042508719,29.9361914061783));
#6081=CARTESIAN_POINT('Ctrl Pts',(274.724970014791,2.00850904022022,29.932689345185));
#6082=CARTESIAN_POINT('Ctrl Pts',(275.227379342725,2.00850904022022,29.932689345185));
#6083=CARTESIAN_POINT('Ctrl Pts',(275.495276658997,1.95829042508719,29.9361914061783));
#6084=CARTESIAN_POINT('Ctrl Pts',(275.988012186779,1.75416055060222,29.9488460218229));
#6085=CARTESIAN_POINT('Ctrl Pts',(276.212856763991,1.60025341724257,29.9578166142884));
#6086=CARTESIAN_POINT('Ctrl Pts',(276.567915502862,1.24519600334772,29.9746738862312));
#6087=CARTESIAN_POINT('Ctrl Pts',(276.721823867016,1.02035084573523,29.9836559157704));
#6088=CARTESIAN_POINT('Ctrl Pts',(276.92595553228,0.527613610745136,29.9963724773662));
#6089=CARTESIAN_POINT('Ctrl Pts',(276.976174678758,0.259715196871208,29.9999275424913));
#6090=CARTESIAN_POINT('Ctrl Pts',(276.976174678758,0.00567480043468465,
29.9999995971593));
#6091=CARTESIAN_POINT('Ctrl Pts',(276.976168654024,0.00283843373728717,
30.0000000000004));
#6092=CARTESIAN_POINT('Ctrl Pts',(276.976156577715,-4.5921773130126E-9,
30.));
#6093=CARTESIAN_POINT('Ctrl Pts',(276.976156577715,-4.59203647391296E-9,
28.));
#6094=CARTESIAN_POINT('Ctrl Pts',(276.97616865402,0.00283843271202202,28.0000000000005));
#6095=CARTESIAN_POINT('Ctrl Pts',(276.976174678758,0.00567479940705898,
27.9999995683852));
#6096=CARTESIAN_POINT('Ctrl Pts',(276.976174678758,0.259727299211676,27.9999223632767));
#6097=CARTESIAN_POINT('Ctrl Pts',(276.925950810435,0.527630950497646,27.9961131000564));
#6098=CARTESIAN_POINT('Ctrl Pts',(276.721815532494,1.02036502133256,27.9824873511088));
#6099=CARTESIAN_POINT('Ctrl Pts',(276.56790889225,1.24520271204776,27.9728630313059));
#6100=CARTESIAN_POINT('Ctrl Pts',(276.212862729676,1.60024735346772,27.954799300716));
#6101=CARTESIAN_POINT('Ctrl Pts',(275.98802571418,1.75415256436453,27.945185852789));
#6102=CARTESIAN_POINT('Ctrl Pts',(275.495293633753,1.95828577478037,27.9316233043027));
#6103=CARTESIAN_POINT('Ctrl Pts',(275.227391253019,2.00850904022022,27.9278694396002));
#6104=CARTESIAN_POINT('Ctrl Pts',(274.724958104497,2.00850904022022,27.9278694396002));
#6105=CARTESIAN_POINT('Ctrl Pts',(274.457055723764,1.95828577478038,27.9316233043027));
#6106=CARTESIAN_POINT('Ctrl Pts',(273.964323643336,1.75415256436461,27.945185852789));
#6107=CARTESIAN_POINT('Ctrl Pts',(273.73948662784,1.60024735346772,27.954799300716));
#6108=CARTESIAN_POINT('Ctrl Pts',(273.384440465267,1.24520271204776,27.9728630313059));
#6109=CARTESIAN_POINT('Ctrl Pts',(273.230533825023,1.02036502133256,27.9824873511088));
#6110=CARTESIAN_POINT('Ctrl Pts',(273.026398547081,0.527630950497645,27.9961131000564));
#6111=CARTESIAN_POINT('Ctrl Pts',(272.976174678758,0.259727299211675,27.9999223632767));
#6112=CARTESIAN_POINT('Ctrl Pts',(272.976174678758,0.00850904022022768,
27.9999987070756));
#6113=CARTESIAN_POINT('Origin',(274.976174678758,0.,0.));
#6114=CARTESIAN_POINT('',(274.976174678758,-29.9332590941915,1.99999999999999));
#6115=CARTESIAN_POINT('',(272.976174678758,-30.,2.4492935982947E-16));
#6116=CARTESIAN_POINT('Ctrl Pts',(274.976174678758,-29.9332590941915,1.99999999999999));
#6117=CARTESIAN_POINT('Ctrl Pts',(275.227379156107,-29.9332590941915,1.99999999999999));
#6118=CARTESIAN_POINT('Ctrl Pts',(275.49527665532,-29.9367468041196,1.94978146899351));
#6119=CARTESIAN_POINT('Ctrl Pts',(275.988013247786,-29.949343224819,1.74565098822554));
#6120=CARTESIAN_POINT('Ctrl Pts',(276.212858671429,-29.9582699891501,1.59174313207529));
#6121=CARTESIAN_POINT('Ctrl Pts',(276.567917692092,-29.9750262603329,1.23668411141214));
#6122=CARTESIAN_POINT('Ctrl Pts',(276.721825639284,-29.9839443619467,1.01183863471816));
#6123=CARTESIAN_POINT('Ctrl Pts',(276.925956192656,-29.9965209678006,0.519101869343858));
#6124=CARTESIAN_POINT('Ctrl Pts',(276.976174678758,-30.,0.251204309330144));
#6125=CARTESIAN_POINT('Ctrl Pts',(276.976174678758,-30.,-0.251204309330144));
#6126=CARTESIAN_POINT('Ctrl Pts',(276.925956192656,-29.9965209678006,-0.519101869343858));
#6127=CARTESIAN_POINT('Ctrl Pts',(276.721825639284,-29.9839443619467,-1.01183863471816));
#6128=CARTESIAN_POINT('Ctrl Pts',(276.567917692092,-29.9750262603329,-1.23668411141214));
#6129=CARTESIAN_POINT('Ctrl Pts',(276.212858671429,-29.9582699891501,-1.59174313207529));
#6130=CARTESIAN_POINT('Ctrl Pts',(275.988013247786,-29.949343224819,-1.74565098822554));
#6131=CARTESIAN_POINT('Ctrl Pts',(275.49527665532,-29.9367468041196,-1.94978146899351));
#6132=CARTESIAN_POINT('Ctrl Pts',(275.227379156107,-29.9332590941915,-1.99999999999999));
#6133=CARTESIAN_POINT('Ctrl Pts',(274.724970201409,-29.9332590941915,-1.99999999999999));
#6134=CARTESIAN_POINT('Ctrl Pts',(274.457072702196,-29.9367468041196,-1.94978146899351));
#6135=CARTESIAN_POINT('Ctrl Pts',(273.96433610973,-29.949343224819,-1.74565098822554));
#6136=CARTESIAN_POINT('Ctrl Pts',(273.739490686087,-29.9582699891501,-1.59174313207529));
#6137=CARTESIAN_POINT('Ctrl Pts',(273.384431665424,-29.9750262603329,-1.23668411141214));
#6138=CARTESIAN_POINT('Ctrl Pts',(273.230523718233,-29.9839443619467,-1.01183863471815));
#6139=CARTESIAN_POINT('Ctrl Pts',(273.02639316486,-29.9965209678006,-0.519101869343857));
#6140=CARTESIAN_POINT('Ctrl Pts',(272.976174678758,-30.,-0.251204309330143));
#6141=CARTESIAN_POINT('Ctrl Pts',(272.976174678758,-30.,2.77555756156289E-16));
#6142=CARTESIAN_POINT('Ctrl Pts',(272.976174678758,-30.,-8.32667268468867E-16));
#6143=CARTESIAN_POINT('Ctrl Pts',(272.976174678758,-30.,0.251204309330143));
#6144=CARTESIAN_POINT('Ctrl Pts',(273.02639316486,-29.9965209678006,0.519101869343856));
#6145=CARTESIAN_POINT('Ctrl Pts',(273.230523718233,-29.9839443619467,1.01183863471815));
#6146=CARTESIAN_POINT('Ctrl Pts',(273.384431665424,-29.9750262603329,1.23668411141214));
#6147=CARTESIAN_POINT('Ctrl Pts',(273.739490686087,-29.9582699891501,1.59174313207529));
#6148=CARTESIAN_POINT('Ctrl Pts',(273.96433610973,-29.949343224819,1.74565098822548));
#6149=CARTESIAN_POINT('Ctrl Pts',(274.457072702196,-29.9367468041196,1.94978146899349));
#6150=CARTESIAN_POINT('Ctrl Pts',(274.724970201409,-29.9332590941915,1.99999999999999));
#6151=CARTESIAN_POINT('Ctrl Pts',(274.976174678758,-29.9332590941915,1.99999999999999));
#6152=CARTESIAN_POINT('',(272.976174678758,-28.,-1.55091076241554E-16));
#6153=CARTESIAN_POINT('',(272.976174678758,0.,2.4492935982947E-16));
#6154=CARTESIAN_POINT('',(274.976174678758,-27.9284800875379,2.));
#6155=CARTESIAN_POINT('Ctrl Pts',(274.976174678758,-27.9284800875379,2.));
#6156=CARTESIAN_POINT('Ctrl Pts',(274.724958319419,-27.9284800875379,1.99999999999999));
#6157=CARTESIAN_POINT('Ctrl Pts',(274.457055728668,-27.9322185575352,1.94977683135257));
#6158=CARTESIAN_POINT('Ctrl Pts',(273.964322425493,-27.9457187059815,1.74564292484531));
#6159=CARTESIAN_POINT('Ctrl Pts',(273.739484437922,-27.955285167959,1.59173688391033));
#6160=CARTESIAN_POINT('Ctrl Pts',(273.384437951417,-27.9732406405612,1.23669039740513));
#6161=CARTESIAN_POINT('Ctrl Pts',(273.230531789926,-27.9827964439655,1.01185234015404));
#6162=CARTESIAN_POINT('Ctrl Pts',(273.026397788747,-27.99627220979,0.519118808539998));
#6163=CARTESIAN_POINT('Ctrl Pts',(272.976174678758,-28.,0.251216137774797));
#6164=CARTESIAN_POINT('Ctrl Pts',(272.976174678758,-28.,0.));
#6165=CARTESIAN_POINT('Ctrl Pts',(272.976174678758,-28.,-5.55111512312578E-16));
#6166=CARTESIAN_POINT('Ctrl Pts',(272.976174678758,-28.,-0.251216137774798));
#6167=CARTESIAN_POINT('Ctrl Pts',(273.026397788747,-27.99627220979,-0.519118808539998));
#6168=CARTESIAN_POINT('Ctrl Pts',(273.230531789926,-27.9827964439655,-1.01185234015404));
#6169=CARTESIAN_POINT('Ctrl Pts',(273.384437951417,-27.9732406405612,-1.23669039740513));
#6170=CARTESIAN_POINT('Ctrl Pts',(273.739484437922,-27.955285167959,-1.59173688391033));
#6171=CARTESIAN_POINT('Ctrl Pts',(273.964322425493,-27.9457187059815,-1.74564292484531));
#6172=CARTESIAN_POINT('Ctrl Pts',(274.457055728668,-27.9322185575352,-1.94977683135257));
#6173=CARTESIAN_POINT('Ctrl Pts',(274.724958319419,-27.9284800875379,-1.99999999999999));
#6174=CARTESIAN_POINT('Ctrl Pts',(275.227391038097,-27.9284800875379,-1.99999999999999));
#6175=CARTESIAN_POINT('Ctrl Pts',(275.495293628848,-27.9322185575352,-1.94977683135257));
#6176=CARTESIAN_POINT('Ctrl Pts',(275.988026932023,-27.9457187059815,-1.74564292484531));
#6177=CARTESIAN_POINT('Ctrl Pts',(276.212864919594,-27.955285167959,-1.59173688391033));
#6178=CARTESIAN_POINT('Ctrl Pts',(276.567911406099,-27.9732406405612,-1.23669039740513));
#6179=CARTESIAN_POINT('Ctrl Pts',(276.721817567591,-27.9827964439655,-1.01185234015404));
#6180=CARTESIAN_POINT('Ctrl Pts',(276.925951568769,-27.99627220979,-0.519118808539998));
#6181=CARTESIAN_POINT('Ctrl Pts',(276.976174678758,-28.,-0.251216137774797));
#6182=CARTESIAN_POINT('Ctrl Pts',(276.976174678758,-28.,0.251216137774796));
#6183=CARTESIAN_POINT('Ctrl Pts',(276.925951568769,-27.99627220979,0.519118808539998));
#6184=CARTESIAN_POINT('Ctrl Pts',(276.721817567591,-27.9827964439655,1.01185234015404));
#6185=CARTESIAN_POINT('Ctrl Pts',(276.567911406099,-27.9732406405612,1.23669039740513));
#6186=CARTESIAN_POINT('Ctrl Pts',(276.212864919594,-27.955285167959,1.59173688391033));
#6187=CARTESIAN_POINT('Ctrl Pts',(275.988026932023,-27.9457187059815,1.74564292484531));
#6188=CARTESIAN_POINT('Ctrl Pts',(275.495293628848,-27.9322185575352,1.94977683135257));
#6189=CARTESIAN_POINT('Ctrl Pts',(275.227391038097,-27.9284800875379,1.99999999999999));
#6190=CARTESIAN_POINT('Ctrl Pts',(274.976174678758,-27.9284800875379,1.99999999999999));
#6191=CARTESIAN_POINT('Origin',(274.976174678758,0.,0.));
#6192=CARTESIAN_POINT('',(274.976174678758,27.9284800875379,1.99999999999999));
#6193=CARTESIAN_POINT('',(272.976174678758,28.,1.09390982646175E-15));
#6194=CARTESIAN_POINT('Ctrl Pts',(274.976174678758,27.9284800875379,1.99999999999999));
#6195=CARTESIAN_POINT('Ctrl Pts',(275.227391038097,27.9284800875379,1.99999999999999));
#6196=CARTESIAN_POINT('Ctrl Pts',(275.495293628848,27.9322185575352,1.94977683135257));
#6197=CARTESIAN_POINT('Ctrl Pts',(275.988026932023,27.9457187059815,1.74564292484531));
#6198=CARTESIAN_POINT('Ctrl Pts',(276.212864919594,27.955285167959,1.59173688391033));
#6199=CARTESIAN_POINT('Ctrl Pts',(276.567911406099,27.9732406405612,1.23669039740513));
#6200=CARTESIAN_POINT('Ctrl Pts',(276.721817567591,27.9827964439655,1.01185234015404));
#6201=CARTESIAN_POINT('Ctrl Pts',(276.925951568769,27.99627220979,0.519118808539998));
#6202=CARTESIAN_POINT('Ctrl Pts',(276.976174678758,28.,0.251216137774796));
#6203=CARTESIAN_POINT('Ctrl Pts',(276.976174678758,28.,-0.251216137774797));
#6204=CARTESIAN_POINT('Ctrl Pts',(276.925951568769,27.99627220979,-0.519118808539998));
#6205=CARTESIAN_POINT('Ctrl Pts',(276.721817567591,27.9827964439655,-1.01185234015404));
#6206=CARTESIAN_POINT('Ctrl Pts',(276.567911406099,27.9732406405612,-1.23669039740513));
#6207=CARTESIAN_POINT('Ctrl Pts',(276.212864919594,27.955285167959,-1.59173688391033));
#6208=CARTESIAN_POINT('Ctrl Pts',(275.988026932023,27.9457187059815,-1.74564292484531));
#6209=CARTESIAN_POINT('Ctrl Pts',(275.495293628848,27.9322185575352,-1.94977683135257));
#6210=CARTESIAN_POINT('Ctrl Pts',(275.227391038097,27.9284800875379,-1.99999999999999));
#6211=CARTESIAN_POINT('Ctrl Pts',(274.724958319419,27.9284800875379,-1.99999999999999));
#6212=CARTESIAN_POINT('Ctrl Pts',(274.457055728668,27.9322185575352,-1.94977683135257));
#6213=CARTESIAN_POINT('Ctrl Pts',(273.964322425493,27.9457187059815,-1.74564292484531));
#6214=CARTESIAN_POINT('Ctrl Pts',(273.739484437922,27.955285167959,-1.59173688391033));
#6215=CARTESIAN_POINT('Ctrl Pts',(273.384437951417,27.9732406405612,-1.23669039740513));
#6216=CARTESIAN_POINT('Ctrl Pts',(273.230531789926,27.9827964439655,-1.01185234015407));
#6217=CARTESIAN_POINT('Ctrl Pts',(273.026397788747,27.99627220979,-0.519118808540025));
#6218=CARTESIAN_POINT('Ctrl Pts',(272.976174678758,28.,-0.251216137774798));
#6219=CARTESIAN_POINT('Ctrl Pts',(272.976174678758,28.,-1.04083408558608E-15));
#6220=CARTESIAN_POINT('Ctrl Pts',(272.976174678758,28.,2.22044604925031E-15));
#6221=CARTESIAN_POINT('Ctrl Pts',(272.976174678758,28.,0.251216137774799));
#6222=CARTESIAN_POINT('Ctrl Pts',(273.026397788747,27.99627220979,0.519118808539998));
#6223=CARTESIAN_POINT('Ctrl Pts',(273.230531789926,27.9827964439655,1.01185234015404));
#6224=CARTESIAN_POINT('Ctrl Pts',(273.384437951417,27.9732406405612,1.23669039740513));
#6225=CARTESIAN_POINT('Ctrl Pts',(273.739484437922,27.955285167959,1.59173688391033));
#6226=CARTESIAN_POINT('Ctrl Pts',(273.964322425493,27.9457187059815,1.74564292484531));
#6227=CARTESIAN_POINT('Ctrl Pts',(274.457055728668,27.9322185575352,1.94977683135257));
#6228=CARTESIAN_POINT('Ctrl Pts',(274.724958319419,27.9284800875379,2.));
#6229=CARTESIAN_POINT('Ctrl Pts',(274.976174678758,27.9284800875379,2.));
#6230=CARTESIAN_POINT('',(272.976174678758,30.,2.4492935982947E-16));
#6231=CARTESIAN_POINT('',(272.976174678758,0.,2.4492935982947E-16));
#6232=CARTESIAN_POINT('',(274.976174678758,29.9332590941915,1.99999999999999));
#6233=CARTESIAN_POINT('Ctrl Pts',(274.976174678758,29.9332590941915,1.99999999999999));
#6234=CARTESIAN_POINT('Ctrl Pts',(274.724970201409,29.9332590941915,1.99999999999999));
#6235=CARTESIAN_POINT('Ctrl Pts',(274.457072702196,29.9367468041196,1.94978146899351));
#6236=CARTESIAN_POINT('Ctrl Pts',(273.96433610973,29.949343224819,1.74565098822554));
#6237=CARTESIAN_POINT('Ctrl Pts',(273.739490686087,29.9582699891501,1.59174313207529));
#6238=CARTESIAN_POINT('Ctrl Pts',(273.384431665424,29.9750262603329,1.23668411141214));
#6239=CARTESIAN_POINT('Ctrl Pts',(273.230523718233,29.9839443619467,1.01183863471816));
#6240=CARTESIAN_POINT('Ctrl Pts',(273.02639316486,29.9965209678006,0.519101869343858));
#6241=CARTESIAN_POINT('Ctrl Pts',(272.976174678758,30.,0.251204309330146));
#6242=CARTESIAN_POINT('Ctrl Pts',(272.976174678758,30.,1.87350135405495E-15));
#6243=CARTESIAN_POINT('Ctrl Pts',(272.976174678758,30.,-3.19189119579733E-15));
#6244=CARTESIAN_POINT('Ctrl Pts',(272.976174678758,30.,-0.251204309330147));
#6245=CARTESIAN_POINT('Ctrl Pts',(273.02639316486,29.9965209678006,-0.519101869343858));
#6246=CARTESIAN_POINT('Ctrl Pts',(273.230523718233,29.9839443619467,-1.01183863471816));
#6247=CARTESIAN_POINT('Ctrl Pts',(273.384431665424,29.9750262603329,-1.23668411141214));
#6248=CARTESIAN_POINT('Ctrl Pts',(273.739490686087,29.9582699891501,-1.59174313207529));
#6249=CARTESIAN_POINT('Ctrl Pts',(273.96433610973,29.949343224819,-1.74565098822554));
#6250=CARTESIAN_POINT('Ctrl Pts',(274.457072702196,29.9367468041196,-1.94978146899351));
#6251=CARTESIAN_POINT('Ctrl Pts',(274.724970201409,29.9332590941915,-1.99999999999999));
#6252=CARTESIAN_POINT('Ctrl Pts',(275.227379156107,29.9332590941915,-1.99999999999999));
#6253=CARTESIAN_POINT('Ctrl Pts',(275.49527665532,29.9367468041196,-1.94978146899351));
#6254=CARTESIAN_POINT('Ctrl Pts',(275.988013247786,29.949343224819,-1.74565098822554));
#6255=CARTESIAN_POINT('Ctrl Pts',(276.212858671429,29.9582699891501,-1.59174313207529));
#6256=CARTESIAN_POINT('Ctrl Pts',(276.567917692092,29.9750262603329,-1.23668411141214));
#6257=CARTESIAN_POINT('Ctrl Pts',(276.721825639284,29.9839443619467,-1.01183863471813));
#6258=CARTESIAN_POINT('Ctrl Pts',(276.925956192656,29.9965209678006,-0.519101869343831));
#6259=CARTESIAN_POINT('Ctrl Pts',(276.976174678758,30.,-0.251204309330144));
#6260=CARTESIAN_POINT('Ctrl Pts',(276.976174678758,30.,0.251204309330144));
#6261=CARTESIAN_POINT('Ctrl Pts',(276.925956192656,29.9965209678006,0.519101869343831));
#6262=CARTESIAN_POINT('Ctrl Pts',(276.721825639284,29.9839443619467,1.01183863471813));
#6263=CARTESIAN_POINT('Ctrl Pts',(276.567917692092,29.9750262603329,1.23668411141214));
#6264=CARTESIAN_POINT('Ctrl Pts',(276.212858671429,29.9582699891501,1.59174313207529));
#6265=CARTESIAN_POINT('Ctrl Pts',(275.988013247786,29.949343224819,1.74565098822556));
#6266=CARTESIAN_POINT('Ctrl Pts',(275.49527665532,29.9367468041196,1.94978146899352));
#6267=CARTESIAN_POINT('Ctrl Pts',(275.227379156107,29.9332590941915,1.99999999999999));
#6268=CARTESIAN_POINT('Ctrl Pts',(274.976174678758,29.9332590941915,2.));
#6269=CARTESIAN_POINT('Origin',(264.976174678758,0.,-30.));
#6270=CARTESIAN_POINT('',(264.976174678758,-3.67394039744206E-15,30.));
#6271=CARTESIAN_POINT('Origin',(264.976174678758,0.,0.));
#6272=CARTESIAN_POINT('',(264.976174678758,-3.42901103761259E-15,28.));
#6273=CARTESIAN_POINT('Origin',(264.976174678758,0.,0.));
#6274=CARTESIAN_POINT('Origin',(339.976174678758,0.,0.));
#6275=CARTESIAN_POINT('',(414.976174678758,-3.67394039744206E-15,30.));
#6276=CARTESIAN_POINT('Origin',(414.976174678758,0.,0.));
#6277=CARTESIAN_POINT('',(339.976174678758,-3.67394039744206E-15,30.));
#6278=CARTESIAN_POINT('',(339.976174678758,-3.67394039744206E-15,30.));
#6279=CARTESIAN_POINT('',(339.976174678758,-3.67394039744206E-15,30.));
#6280=CARTESIAN_POINT('Origin',(414.976174678758,0.,-28.));
#6281=CARTESIAN_POINT('',(414.976174678758,-3.42901103761259E-15,28.));
#6282=CARTESIAN_POINT('Origin',(414.976174678758,0.,0.));
#6283=CARTESIAN_POINT('Origin',(339.976174678758,0.,0.));
#6284=CARTESIAN_POINT('',(339.976174678758,-3.42901103761259E-15,28.));
#6285=CARTESIAN_POINT('',(339.976174678758,-3.42901103761259E-15,28.));
#6286=CARTESIAN_POINT('',(339.976174678758,-3.42901103761259E-15,28.));
#6287=CARTESIAN_POINT('',(0.,0.,0.));
#6288=CARTESIAN_POINT('Origin',(603.0000089854,0.00850904022022169,-0.00850904022022169));
#6289=CARTESIAN_POINT('',(603.0000089854,-22.5722821436638,-19.760873099358));
#6290=CARTESIAN_POINT('',(601.0000089854,-21.2046930049044,-21.2217110853448));
#6291=CARTESIAN_POINT('Ctrl Pts',(603.0000089854,-22.5722821436638,-19.760873099358));
#6292=CARTESIAN_POINT('Ctrl Pts',(603.251213197098,-22.5722821436637,-19.760873099358));
#6293=CARTESIAN_POINT('Ctrl Pts',(603.51911095066,-22.5392241976055,-19.7988347119919));
#6294=CARTESIAN_POINT('Ctrl Pts',(604.011849034868,-22.4037303733934,-19.9520261807925));
#6295=CARTESIAN_POINT('Ctrl Pts',(604.236695646058,-22.3011687177143,-20.0671245346683));
#6296=CARTESIAN_POINT('Ctrl Pts',(604.591755074745,-22.0618499524076,-20.3299382516629));
#6297=CARTESIAN_POINT('Ctrl Pts',(604.745662441809,-21.9091019902884,-20.4951704635324));
#6298=CARTESIAN_POINT('Ctrl Pts',(604.949791432646,-21.569437993751,-20.8523405636703));
#6299=CARTESIAN_POINT('Ctrl Pts',(605.0000089854,-21.3823906790588,-21.0441559102237));
#6300=CARTESIAN_POINT('Ctrl Pts',(605.0000089854,-21.0269916357614,-21.3992699524916));
#6301=CARTESIAN_POINT('Ctrl Pts',(604.949789565289,-20.8350225195829,-21.5861669078059));
#6302=CARTESIAN_POINT('Ctrl Pts',(604.745657437764,-20.4775715804944,-21.9255519275909));
#6303=CARTESIAN_POINT('Ctrl Pts',(604.591748899259,-20.3122121587136,-22.0781713925004));
#6304=CARTESIAN_POINT('Ctrl Pts',(604.236690275478,-20.0491996512054,-22.3172849515726));
#6305=CARTESIAN_POINT('Ctrl Pts',(604.011846050494,-19.934015082466,-22.4197575124509));
#6306=CARTESIAN_POINT('Ctrl Pts',(603.519110966112,-19.7807084329465,-22.5551337423671));
#6307=CARTESIAN_POINT('Ctrl Pts',(603.251213726367,-19.7427179505139,-22.5881631557005));
#6308=CARTESIAN_POINT('Ctrl Pts',(602.748804244433,-19.7427179505139,-22.5881631557005));
#6309=CARTESIAN_POINT('Ctrl Pts',(602.480907004688,-19.7807084329465,-22.5551337423671));
#6310=CARTESIAN_POINT('Ctrl Pts',(601.988171920306,-19.934015082466,-22.4197575124509));
#6311=CARTESIAN_POINT('Ctrl Pts',(601.763327695322,-20.0491996512054,-22.3172849515726));
#6312=CARTESIAN_POINT('Ctrl Pts',(601.408269071542,-20.3122121587136,-22.0781713925004));
#6313=CARTESIAN_POINT('Ctrl Pts',(601.254360533037,-20.4775715804944,-21.9255519275909));
#6314=CARTESIAN_POINT('Ctrl Pts',(601.050228405511,-20.8350225195829,-21.5861669078059));
#6315=CARTESIAN_POINT('Ctrl Pts',(601.0000089854,-21.0269916357614,-21.3992699524916));
#6316=CARTESIAN_POINT('Ctrl Pts',(601.0000089854,-21.2046930049044,-21.2217110853448));
#6317=CARTESIAN_POINT('Ctrl Pts',(601.0000089854,-21.2046930049044,-21.2217110853448));
#6318=CARTESIAN_POINT('Ctrl Pts',(601.0000089854,-21.3823906790588,-21.0441559102237));
#6319=CARTESIAN_POINT('Ctrl Pts',(601.050226538154,-21.569437993751,-20.8523405636702));
#6320=CARTESIAN_POINT('Ctrl Pts',(601.254355528991,-21.9091019902885,-20.4951704635324));
#6321=CARTESIAN_POINT('Ctrl Pts',(601.408262896055,-22.0618499524076,-20.3299382516629));
#6322=CARTESIAN_POINT('Ctrl Pts',(601.763322324742,-22.3011687177143,-20.0671245346683));
#6323=CARTESIAN_POINT('Ctrl Pts',(601.988168935932,-22.4037303733933,-19.9520261807925));
#6324=CARTESIAN_POINT('Ctrl Pts',(602.48090702014,-22.5392241976055,-19.7988347119919));
#6325=CARTESIAN_POINT('Ctrl Pts',(602.748804773702,-22.5722821436637,-19.760873099358));
#6326=CARTESIAN_POINT('Ctrl Pts',(603.0000089854,-22.5722821436637,-19.760873099358));
#6327=CARTESIAN_POINT('',(601.0000089854,-19.7904790045318,-19.8074970849723));
#6328=CARTESIAN_POINT('',(601.0000089854,0.00850904022022152,-0.00850904022022152));
#6329=CARTESIAN_POINT('',(603.0000089854,-21.1547296828133,-18.3433206385075));
#6330=CARTESIAN_POINT('Ctrl Pts',(603.0000089854,-21.1547296828133,-18.3433206385075));
#6331=CARTESIAN_POINT('Ctrl Pts',(602.748792931982,-21.1547296828133,-18.3433206385075));
#6332=CARTESIAN_POINT('Ctrl Pts',(602.480890049235,-21.1218447409466,-18.3814617885219));
#6333=CARTESIAN_POINT('Ctrl Pts',(601.988155032862,-20.9869832333201,-18.535290596183));
#6334=CARTESIAN_POINT('Ctrl Pts',(601.763315681473,-20.884871932177,-18.6508369499696));
#6335=CARTESIAN_POINT('Ctrl Pts',(601.408268725959,-20.6464024998512,-18.9144827485444));
#6336=CARTESIAN_POINT('Ctrl Pts',(601.254363230562,-20.4941060711617,-19.0801560980209));
#6337=CARTESIAN_POINT('Ctrl Pts',(601.050231023602,-20.155070205262,-19.4379496192678));
#6338=CARTESIAN_POINT('Ctrl Pts',(601.0000089854,-19.9681898617138,-19.6299389122839));
#6339=CARTESIAN_POINT('Ctrl Pts',(601.0000089854,-19.7904790045318,-19.8074970849723));
#6340=CARTESIAN_POINT('Ctrl Pts',(601.0000089854,-19.7904790045318,-19.8074970849723));
#6341=CARTESIAN_POINT('Ctrl Pts',(601.0000089854,-19.6127639044089,-19.9850594969561));
#6342=CARTESIAN_POINT('Ctrl Pts',(601.050233167949,-19.420609708977,-20.1717788541959));
#6343=CARTESIAN_POINT('Ctrl Pts',(601.254368976698,-19.0625151568442,-20.5105158274173));
#6344=CARTESIAN_POINT('Ctrl Pts',(601.408275817129,-18.8967055167512,-20.662674486761));
#6345=CARTESIAN_POINT('Ctrl Pts',(601.763321847396,-18.6328468897131,-20.9009237233369));
#6346=CARTESIAN_POINT('Ctrl Pts',(601.988158458375,-18.5172082194226,-21.0029394007203));
#6347=CARTESIAN_POINT('Ctrl Pts',(602.480890029573,-18.3632560001633,-21.1376747256525));
#6348=CARTESIAN_POINT('Ctrl Pts',(602.748792322454,-18.3250838679003,-21.170529073087));
#6349=CARTESIAN_POINT('Ctrl Pts',(603.251225648346,-18.3250838679003,-21.170529073087));
#6350=CARTESIAN_POINT('Ctrl Pts',(603.519127941227,-18.3632560001633,-21.1376747256525));
#6351=CARTESIAN_POINT('Ctrl Pts',(604.011859512426,-18.5172082194226,-21.0029394007203));
#6352=CARTESIAN_POINT('Ctrl Pts',(604.236696123404,-18.6328468897131,-20.9009237233369));
#6353=CARTESIAN_POINT('Ctrl Pts',(604.591742153671,-18.8967055167512,-20.662674486761));
#6354=CARTESIAN_POINT('Ctrl Pts',(604.745648994102,-19.0625151568442,-20.5105158274173));
#6355=CARTESIAN_POINT('Ctrl Pts',(604.949784802852,-19.4206097089771,-20.1717788541958));
#6356=CARTESIAN_POINT('Ctrl Pts',(605.0000089854,-19.6127639044089,-19.9850594969561));
#6357=CARTESIAN_POINT('Ctrl Pts',(605.0000089854,-19.9681898617138,-19.6299389122839));
#6358=CARTESIAN_POINT('Ctrl Pts',(604.949786947198,-20.155070205262,-19.4379496192678));
#6359=CARTESIAN_POINT('Ctrl Pts',(604.745654740238,-20.4941060711617,-19.0801560980209));
#6360=CARTESIAN_POINT('Ctrl Pts',(604.591749244841,-20.6464024998512,-18.9144827485444));
#6361=CARTESIAN_POINT('Ctrl Pts',(604.236702289327,-20.884871932177,-18.6508369499696));
#6362=CARTESIAN_POINT('Ctrl Pts',(604.011862937938,-20.9869832333202,-18.535290596183));
#6363=CARTESIAN_POINT('Ctrl Pts',(603.519127921565,-21.1218447409466,-18.3814617885218));
#6364=CARTESIAN_POINT('Ctrl Pts',(603.251225038819,-21.1547296828133,-18.3433206385075));
#6365=CARTESIAN_POINT('Ctrl Pts',(603.0000089854,-21.1547296828133,-18.3433206385075));
#6366=CARTESIAN_POINT('Origin',(603.0000089854,0.00850904022022169,-0.00850904022022169));
#6367=CARTESIAN_POINT('',(603.0000089854,18.3433206385075,21.1547296828133));
#6368=CARTESIAN_POINT('',(601.0000089854,19.8074970849723,19.7904790045318));
#6369=CARTESIAN_POINT('Ctrl Pts',(603.0000089854,18.3433206385075,21.1547296828133));
#6370=CARTESIAN_POINT('Ctrl Pts',(603.251225038819,18.3433206385075,21.1547296828133));
#6371=CARTESIAN_POINT('Ctrl Pts',(603.519127921565,18.3814617885219,21.1218447409466));
#6372=CARTESIAN_POINT('Ctrl Pts',(604.011862937938,18.535290596183,20.9869832333201));
#6373=CARTESIAN_POINT('Ctrl Pts',(604.236702289327,18.6508369499696,20.884871932177));
#6374=CARTESIAN_POINT('Ctrl Pts',(604.591749244841,18.9144827485445,20.6464024998512));
#6375=CARTESIAN_POINT('Ctrl Pts',(604.745654740238,19.080156098021,20.4941060711616));
#6376=CARTESIAN_POINT('Ctrl Pts',(604.949786947198,19.4379496192678,20.155070205262));
#6377=CARTESIAN_POINT('Ctrl Pts',(605.0000089854,19.6299389122839,19.9681898617138));
#6378=CARTESIAN_POINT('Ctrl Pts',(605.0000089854,19.9850594969561,19.6127639044089));
#6379=CARTESIAN_POINT('Ctrl Pts',(604.949784802852,20.1717788541958,19.420609708977));
#6380=CARTESIAN_POINT('Ctrl Pts',(604.745648994102,20.5105158274173,19.0625151568442));
#6381=CARTESIAN_POINT('Ctrl Pts',(604.591742153671,20.662674486761,18.8967055167512));
#6382=CARTESIAN_POINT('Ctrl Pts',(604.236696123404,20.9009237233369,18.632846889713));
#6383=CARTESIAN_POINT('Ctrl Pts',(604.011859512426,21.0029394007203,18.5172082194226));
#6384=CARTESIAN_POINT('Ctrl Pts',(603.519127941227,21.1376747256525,18.3632560001632));
#6385=CARTESIAN_POINT('Ctrl Pts',(603.251225648346,21.170529073087,18.3250838679003));
#6386=CARTESIAN_POINT('Ctrl Pts',(602.748792322454,21.170529073087,18.3250838679003));
#6387=CARTESIAN_POINT('Ctrl Pts',(602.480890029573,21.1376747256525,18.3632560001632));
#6388=CARTESIAN_POINT('Ctrl Pts',(601.988158458375,21.0029394007204,18.5172082194225));
#6389=CARTESIAN_POINT('Ctrl Pts',(601.763321847396,20.9009237233369,18.632846889713));
#6390=CARTESIAN_POINT('Ctrl Pts',(601.408275817129,20.662674486761,18.8967055167512));
#6391=CARTESIAN_POINT('Ctrl Pts',(601.254368976698,20.5105158274173,19.0625151568442));
#6392=CARTESIAN_POINT('Ctrl Pts',(601.050233167949,20.1717788541958,19.420609708977));
#6393=CARTESIAN_POINT('Ctrl Pts',(601.0000089854,19.9850594969561,19.6127639044089));
#6394=CARTESIAN_POINT('Ctrl Pts',(601.0000089854,19.8074970849723,19.7904790045318));
#6395=CARTESIAN_POINT('Ctrl Pts',(601.0000089854,19.8074970849723,19.7904790045318));
#6396=CARTESIAN_POINT('Ctrl Pts',(601.0000089854,19.6299389122839,19.9681898617138));
#6397=CARTESIAN_POINT('Ctrl Pts',(601.050231023602,19.4379496192678,20.155070205262));
#6398=CARTESIAN_POINT('Ctrl Pts',(601.254363230562,19.080156098021,20.4941060711616));
#6399=CARTESIAN_POINT('Ctrl Pts',(601.408268725959,18.9144827485445,20.6464024998512));
#6400=CARTESIAN_POINT('Ctrl Pts',(601.763315681473,18.6508369499696,20.884871932177));
#6401=CARTESIAN_POINT('Ctrl Pts',(601.988155032862,18.535290596183,20.9869832333201));
#6402=CARTESIAN_POINT('Ctrl Pts',(602.480890049235,18.3814617885219,21.1218447409466));
#6403=CARTESIAN_POINT('Ctrl Pts',(602.748792931982,18.3433206385075,21.1547296828133));
#6404=CARTESIAN_POINT('Ctrl Pts',(603.0000089854,18.3433206385075,21.1547296828133));
#6405=CARTESIAN_POINT('',(601.0000089854,21.2217110853449,21.2046930049044));
#6406=CARTESIAN_POINT('',(601.0000089854,0.00850904022022152,-0.00850904022022152));
#6407=CARTESIAN_POINT('',(603.0000089854,19.760873099358,22.5722821436637));
#6408=CARTESIAN_POINT('Ctrl Pts',(603.0000089854,19.760873099358,22.5722821436637));
#6409=CARTESIAN_POINT('Ctrl Pts',(602.748804773702,19.760873099358,22.5722821436637));
#6410=CARTESIAN_POINT('Ctrl Pts',(602.48090702014,19.7988347119919,22.5392241976055));
#6411=CARTESIAN_POINT('Ctrl Pts',(601.988168935932,19.9520261807925,22.4037303733934));
#6412=CARTESIAN_POINT('Ctrl Pts',(601.763322324742,20.0671245346683,22.3011687177143));
#6413=CARTESIAN_POINT('Ctrl Pts',(601.408262896055,20.3299382516629,22.0618499524076));
#6414=CARTESIAN_POINT('Ctrl Pts',(601.254355528991,20.4951704635324,21.9091019902884));
#6415=CARTESIAN_POINT('Ctrl Pts',(601.050226538154,20.8523405636703,21.569437993751));
#6416=CARTESIAN_POINT('Ctrl Pts',(601.0000089854,21.0441559102237,21.3823906790588));
#6417=CARTESIAN_POINT('Ctrl Pts',(601.0000089854,21.2217110853449,21.2046930049044));
#6418=CARTESIAN_POINT('Ctrl Pts',(601.0000089854,21.2217110853449,21.2046930049044));
#6419=CARTESIAN_POINT('Ctrl Pts',(601.0000089854,21.3992699524916,21.0269916357613));
#6420=CARTESIAN_POINT('Ctrl Pts',(601.050228405511,21.586166907806,20.8350225195828));
#6421=CARTESIAN_POINT('Ctrl Pts',(601.254360533036,21.9255519275909,20.4775715804944));
#6422=CARTESIAN_POINT('Ctrl Pts',(601.408269071542,22.0781713925004,20.3122121587136));
#6423=CARTESIAN_POINT('Ctrl Pts',(601.763327695322,22.3172849515726,20.0491996512054));
#6424=CARTESIAN_POINT('Ctrl Pts',(601.988171920306,22.419757512451,19.9340150824659));
#6425=CARTESIAN_POINT('Ctrl Pts',(602.480907004688,22.5551337423671,19.7807084329464));
#6426=CARTESIAN_POINT('Ctrl Pts',(602.748804244433,22.5881631557006,19.7427179505139));
#6427=CARTESIAN_POINT('Ctrl Pts',(603.251213726367,22.5881631557006,19.7427179505139));
#6428=CARTESIAN_POINT('Ctrl Pts',(603.519110966112,22.5551337423671,19.7807084329465));
#6429=CARTESIAN_POINT('Ctrl Pts',(604.011846050494,22.4197575124509,19.934015082466));
#6430=CARTESIAN_POINT('Ctrl Pts',(604.236690275478,22.3172849515726,20.0491996512054));
#6431=CARTESIAN_POINT('Ctrl Pts',(604.591748899259,22.0781713925004,20.3122121587136));
#6432=CARTESIAN_POINT('Ctrl Pts',(604.745657437764,21.9255519275909,20.4775715804944));
#6433=CARTESIAN_POINT('Ctrl Pts',(604.949789565289,21.5861669078059,20.8350225195829));
#6434=CARTESIAN_POINT('Ctrl Pts',(605.0000089854,21.3992699524916,21.0269916357613));
#6435=CARTESIAN_POINT('Ctrl Pts',(605.0000089854,21.0441559102237,21.3823906790588));
#6436=CARTESIAN_POINT('Ctrl Pts',(604.949791432646,20.8523405636703,21.5694379937509));
#6437=CARTESIAN_POINT('Ctrl Pts',(604.745662441809,20.4951704635325,21.9091019902884));
#6438=CARTESIAN_POINT('Ctrl Pts',(604.591755074745,20.3299382516629,22.0618499524076));
#6439=CARTESIAN_POINT('Ctrl Pts',(604.236695646058,20.0671245346683,22.3011687177143));
#6440=CARTESIAN_POINT('Ctrl Pts',(604.011849034868,19.9520261807925,22.4037303733934));
#6441=CARTESIAN_POINT('Ctrl Pts',(603.51911095066,19.7988347119918,22.5392241976055));
#6442=CARTESIAN_POINT('Ctrl Pts',(603.251213197098,19.760873099358,22.5722821436637));
#6443=CARTESIAN_POINT('Ctrl Pts',(603.0000089854,19.760873099358,22.5722821436637));
#6444=CARTESIAN_POINT('Origin',(630.000009909272,0.,0.));
#6445=CARTESIAN_POINT('',(630.000009909272,-22.580224367696,-19.7517972429498));
#6446=CARTESIAN_POINT('',(628.000009909272,-21.2132037516978,-21.2132037516978));
#6447=CARTESIAN_POINT('Ctrl Pts',(630.000009909272,-22.580224367696,-19.7517972429498));
#6448=CARTESIAN_POINT('Ctrl Pts',(630.251214386619,-22.580224367696,-19.7517972429498));
#6449=CARTESIAN_POINT('Ctrl Pts',(630.519111885831,-22.5471806871847,-19.789773290069));
#6450=CARTESIAN_POINT('Ctrl Pts',(631.011848478298,-22.4117456543493,-19.9430223516284));
#6451=CARTESIAN_POINT('Ctrl Pts',(631.236693901942,-22.3092285410856,-20.0581638158886));
#6452=CARTESIAN_POINT('Ctrl Pts',(631.591752922608,-22.0700123726553,-20.3210769299267));
#6453=CARTESIAN_POINT('Ctrl Pts',(631.745660869799,-21.9173286613972,-20.4863727412495));
#6454=CARTESIAN_POINT('Ctrl Pts',(631.949791423171,-21.5778041564116,-20.8436832525371));
#6455=CARTESIAN_POINT('Ctrl Pts',(632.000009909272,-21.3908320222867,-21.0355754811088));
#6456=CARTESIAN_POINT('Ctrl Pts',(632.000009909272,-21.0355754811089,-21.3908320222867));
#6457=CARTESIAN_POINT('Ctrl Pts',(631.949791423171,-20.8436832525371,-21.5778041564116));
#6458=CARTESIAN_POINT('Ctrl Pts',(631.745660869799,-20.4863727412496,-21.9173286613971));
#6459=CARTESIAN_POINT('Ctrl Pts',(631.591752922608,-20.3210769299267,-22.0700123726553));
#6460=CARTESIAN_POINT('Ctrl Pts',(631.236693901942,-20.0581638158886,-22.3092285410855));
#6461=CARTESIAN_POINT('Ctrl Pts',(631.011848478298,-19.9430223516284,-22.4117456543492));
#6462=CARTESIAN_POINT('Ctrl Pts',(630.519111885831,-19.789773290069,-22.5471806871847));
#6463=CARTESIAN_POINT('Ctrl Pts',(630.251214386619,-19.7517972429498,-22.580224367696));
#6464=CARTESIAN_POINT('Ctrl Pts',(629.748805431926,-19.7517972429498,-22.580224367696));
#6465=CARTESIAN_POINT('Ctrl Pts',(629.480907932714,-19.789773290069,-22.5471806871847));
#6466=CARTESIAN_POINT('Ctrl Pts',(628.988171340247,-19.9430223516284,-22.4117456543493));
#6467=CARTESIAN_POINT('Ctrl Pts',(628.763325916603,-20.0581638158886,-22.3092285410855));
#6468=CARTESIAN_POINT('Ctrl Pts',(628.408266895937,-20.3210769299267,-22.0700123726553));
#6469=CARTESIAN_POINT('Ctrl Pts',(628.254358948745,-20.4863727412495,-21.9173286613972));
#6470=CARTESIAN_POINT('Ctrl Pts',(628.050228395373,-20.8436832525371,-21.5778041564116));
#6471=CARTESIAN_POINT('Ctrl Pts',(628.000009909272,-21.0355754811088,-21.3908320222867));
#6472=CARTESIAN_POINT('Ctrl Pts',(628.000009909272,-21.2132037516978,-21.2132037516978));
#6473=CARTESIAN_POINT('Ctrl Pts',(628.000009909272,-21.2132037516978,-21.2132037516978));
#6474=CARTESIAN_POINT('Ctrl Pts',(628.000009909272,-21.3908320222867,-21.0355754811088));
#6475=CARTESIAN_POINT('Ctrl Pts',(628.050228395373,-21.5778041564116,-20.8436832525371));
#6476=CARTESIAN_POINT('Ctrl Pts',(628.254358948745,-21.9173286613972,-20.4863727412495));
#6477=CARTESIAN_POINT('Ctrl Pts',(628.408266895937,-22.0700123726553,-20.3210769299267));
#6478=CARTESIAN_POINT('Ctrl Pts',(628.763325916603,-22.3092285410856,-20.0581638158886));
#6479=CARTESIAN_POINT('Ctrl Pts',(628.988171340246,-22.4117456543492,-19.9430223516284));
#6480=CARTESIAN_POINT('Ctrl Pts',(629.480907932714,-22.5471806871847,-19.789773290069));
#6481=CARTESIAN_POINT('Ctrl Pts',(629.748805431925,-22.580224367696,-19.7517972429498));
#6482=CARTESIAN_POINT('Ctrl Pts',(630.000009909272,-22.580224367696,-19.7517972429498));
#6483=CARTESIAN_POINT('',(628.000009909272,-19.7989898732233,-19.7989898732233));
#6484=CARTESIAN_POINT('',(628.000009909272,-1.73191211247101E-16,1.73191211247101E-16));
#6485=CARTESIAN_POINT('',(630.000009909272,-21.1626312205046,-18.3342040957584));
#6486=CARTESIAN_POINT('Ctrl Pts',(630.000009909272,-21.1626312205046,-18.3342040957584));
#6487=CARTESIAN_POINT('Ctrl Pts',(629.748793549933,-21.1626312205046,-18.3342040957584));
#6488=CARTESIAN_POINT('Ctrl Pts',(629.480890959182,-21.1297615748677,-18.372360736368));
#6489=CARTESIAN_POINT('Ctrl Pts',(628.988157656007,-20.9949631518197,-18.5262512524428));
#6490=CARTESIAN_POINT('Ctrl Pts',(628.763319668436,-20.8928996567453,-18.6418437677898));
#6491=CARTESIAN_POINT('Ctrl Pts',(628.408273181931,-20.6545403149374,-18.9055959824705));
#6492=CARTESIAN_POINT('Ctrl Pts',(628.25436702044,-20.5023127733733,-19.0713374708084));
#6493=CARTESIAN_POINT('Ctrl Pts',(628.050233019261,-20.1634263572471,-19.4292814977268));
#6494=CARTESIAN_POINT('Ctrl Pts',(628.000009909272,-19.9766265077874,-19.6213532386593));
#6495=CARTESIAN_POINT('Ctrl Pts',(628.000009909272,-19.7989898732233,-19.7989898732233));
#6496=CARTESIAN_POINT('Ctrl Pts',(628.000009909272,-19.7989898732233,-19.7989898732233));
#6497=CARTESIAN_POINT('Ctrl Pts',(628.000009909272,-19.6213532386593,-19.9766265077874));
#6498=CARTESIAN_POINT('Ctrl Pts',(628.050233019261,-19.4292814977268,-20.1634263572471));
#6499=CARTESIAN_POINT('Ctrl Pts',(628.25436702044,-19.0713374708084,-20.5023127733732));
#6500=CARTESIAN_POINT('Ctrl Pts',(628.408273181931,-18.9055959824705,-20.6545403149374));
#6501=CARTESIAN_POINT('Ctrl Pts',(628.763319668436,-18.6418437677898,-20.8928996567453));
#6502=CARTESIAN_POINT('Ctrl Pts',(628.988157656007,-18.5262512524428,-20.9949631518197));
#6503=CARTESIAN_POINT('Ctrl Pts',(629.480890959182,-18.372360736368,-21.1297615748677));
#6504=CARTESIAN_POINT('Ctrl Pts',(629.748793549933,-18.3342040957584,-21.1626312205046));
#6505=CARTESIAN_POINT('Ctrl Pts',(630.251226268611,-18.3342040957584,-21.1626312205046));
#6506=CARTESIAN_POINT('Ctrl Pts',(630.519128859362,-18.372360736368,-21.1297615748677));
#6507=CARTESIAN_POINT('Ctrl Pts',(631.011862162537,-18.5262512524428,-20.9949631518197));
#6508=CARTESIAN_POINT('Ctrl Pts',(631.236700150108,-18.6418437677898,-20.8928996567453));
#6509=CARTESIAN_POINT('Ctrl Pts',(631.591746636613,-18.9055959824705,-20.6545403149374));
#6510=CARTESIAN_POINT('Ctrl Pts',(631.745652798105,-19.0713374708084,-20.5023127733732));
#6511=CARTESIAN_POINT('Ctrl Pts',(631.949786799283,-19.4292814977268,-20.1634263572471));
#6512=CARTESIAN_POINT('Ctrl Pts',(632.000009909272,-19.6213532386593,-19.9766265077874));
#6513=CARTESIAN_POINT('Ctrl Pts',(632.000009909272,-19.9766265077874,-19.6213532386593));
#6514=CARTESIAN_POINT('Ctrl Pts',(631.949786799283,-20.163426357247,-19.4292814977269));
#6515=CARTESIAN_POINT('Ctrl Pts',(631.745652798105,-20.5023127733732,-19.0713374708084));
#6516=CARTESIAN_POINT('Ctrl Pts',(631.591746636613,-20.6545403149374,-18.9055959824705));
#6517=CARTESIAN_POINT('Ctrl Pts',(631.236700150108,-20.8928996567453,-18.6418437677898));
#6518=CARTESIAN_POINT('Ctrl Pts',(631.011862162537,-20.9949631518197,-18.5262512524428));
#6519=CARTESIAN_POINT('Ctrl Pts',(630.519128859362,-21.1297615748677,-18.372360736368));
#6520=CARTESIAN_POINT('Ctrl Pts',(630.251226268611,-21.1626312205046,-18.3342040957584));
#6521=CARTESIAN_POINT('Ctrl Pts',(630.000009909272,-21.1626312205046,-18.3342040957584));
#6522=CARTESIAN_POINT('Origin',(630.000009909272,0.,0.));
#6523=CARTESIAN_POINT('',(630.000009909272,18.3342040957584,21.1626312205046));
#6524=CARTESIAN_POINT('',(628.000009909272,19.7989898732233,19.7989898732233));
#6525=CARTESIAN_POINT('Ctrl Pts',(630.000009909272,18.3342040957584,21.1626312205046));
#6526=CARTESIAN_POINT('Ctrl Pts',(630.251226268611,18.3342040957584,21.1626312205046));
#6527=CARTESIAN_POINT('Ctrl Pts',(630.519128859362,18.372360736368,21.1297615748677));
#6528=CARTESIAN_POINT('Ctrl Pts',(631.011862162537,18.5262512524428,20.9949631518197));
#6529=CARTESIAN_POINT('Ctrl Pts',(631.236700150108,18.6418437677898,20.8928996567453));
#6530=CARTESIAN_POINT('Ctrl Pts',(631.591746636613,18.9055959824705,20.6545403149374));
#6531=CARTESIAN_POINT('Ctrl Pts',(631.745652798105,19.0713374708084,20.5023127733732));
#6532=CARTESIAN_POINT('Ctrl Pts',(631.949786799283,19.4292814977268,20.1634263572471));
#6533=CARTESIAN_POINT('Ctrl Pts',(632.000009909272,19.6213532386593,19.9766265077874));
#6534=CARTESIAN_POINT('Ctrl Pts',(632.000009909272,19.9766265077874,19.6213532386593));
#6535=CARTESIAN_POINT('Ctrl Pts',(631.949786799283,20.1634263572471,19.4292814977268));
#6536=CARTESIAN_POINT('Ctrl Pts',(631.745652798105,20.5023127733733,19.0713374708084));
#6537=CARTESIAN_POINT('Ctrl Pts',(631.591746636613,20.6545403149374,18.9055959824705));
#6538=CARTESIAN_POINT('Ctrl Pts',(631.236700150108,20.8928996567453,18.6418437677898));
#6539=CARTESIAN_POINT('Ctrl Pts',(631.011862162538,20.9949631518197,18.5262512524428));
#6540=CARTESIAN_POINT('Ctrl Pts',(630.519128859362,21.1297615748677,18.372360736368));
#6541=CARTESIAN_POINT('Ctrl Pts',(630.251226268611,21.1626312205046,18.3342040957584));
#6542=CARTESIAN_POINT('Ctrl Pts',(629.748793549933,21.1626312205046,18.3342040957584));
#6543=CARTESIAN_POINT('Ctrl Pts',(629.480890959182,21.1297615748677,18.372360736368));
#6544=CARTESIAN_POINT('Ctrl Pts',(628.988157656007,20.9949631518197,18.5262512524428));
#6545=CARTESIAN_POINT('Ctrl Pts',(628.763319668436,20.8928996567453,18.6418437677898));
#6546=CARTESIAN_POINT('Ctrl Pts',(628.408273181931,20.6545403149374,18.9055959824705));
#6547=CARTESIAN_POINT('Ctrl Pts',(628.25436702044,20.5023127733733,19.0713374708084));
#6548=CARTESIAN_POINT('Ctrl Pts',(628.050233019261,20.1634263572471,19.4292814977268));
#6549=CARTESIAN_POINT('Ctrl Pts',(628.000009909272,19.9766265077874,19.6213532386593));
#6550=CARTESIAN_POINT('Ctrl Pts',(628.000009909272,19.7989898732233,19.7989898732233));
#6551=CARTESIAN_POINT('Ctrl Pts',(628.000009909272,19.7989898732233,19.7989898732233));
#6552=CARTESIAN_POINT('Ctrl Pts',(628.000009909272,19.6213532386593,19.9766265077874));
#6553=CARTESIAN_POINT('Ctrl Pts',(628.050233019261,19.4292814977268,20.1634263572471));
#6554=CARTESIAN_POINT('Ctrl Pts',(628.25436702044,19.0713374708084,20.5023127733732));
#6555=CARTESIAN_POINT('Ctrl Pts',(628.408273181931,18.9055959824705,20.6545403149374));
#6556=CARTESIAN_POINT('Ctrl Pts',(628.763319668436,18.6418437677898,20.8928996567453));
#6557=CARTESIAN_POINT('Ctrl Pts',(628.988157656007,18.5262512524428,20.9949631518197));
#6558=CARTESIAN_POINT('Ctrl Pts',(629.480890959182,18.372360736368,21.1297615748677));
#6559=CARTESIAN_POINT('Ctrl Pts',(629.748793549933,18.3342040957584,21.1626312205046));
#6560=CARTESIAN_POINT('Ctrl Pts',(630.000009909272,18.3342040957584,21.1626312205046));
#6561=CARTESIAN_POINT('',(628.000009909272,21.2132037516978,21.2132037516978));
#6562=CARTESIAN_POINT('',(628.000009909272,-1.73191211247101E-16,1.73191211247101E-16));
#6563=CARTESIAN_POINT('',(630.000009909272,19.7517972429498,22.580224367696));
#6564=CARTESIAN_POINT('Ctrl Pts',(630.000009909272,19.7517972429498,22.580224367696));
#6565=CARTESIAN_POINT('Ctrl Pts',(629.748805431925,19.7517972429498,22.580224367696));
#6566=CARTESIAN_POINT('Ctrl Pts',(629.480907932714,19.789773290069,22.5471806871847));
#6567=CARTESIAN_POINT('Ctrl Pts',(628.988171340247,19.9430223516284,22.4117456543492));
#6568=CARTESIAN_POINT('Ctrl Pts',(628.763325916603,20.0581638158886,22.3092285410855));
#6569=CARTESIAN_POINT('Ctrl Pts',(628.408266895937,20.3210769299267,22.0700123726553));
#6570=CARTESIAN_POINT('Ctrl Pts',(628.254358948745,20.4863727412496,21.9173286613971));
#6571=CARTESIAN_POINT('Ctrl Pts',(628.050228395373,20.8436832525371,21.5778041564116));
#6572=CARTESIAN_POINT('Ctrl Pts',(628.000009909272,21.0355754811088,21.3908320222867));
#6573=CARTESIAN_POINT('Ctrl Pts',(628.000009909272,21.2132037516978,21.2132037516978));
#6574=CARTESIAN_POINT('Ctrl Pts',(628.000009909272,21.2132037516978,21.2132037516978));
#6575=CARTESIAN_POINT('Ctrl Pts',(628.000009909272,21.3908320222867,21.0355754811088));
#6576=CARTESIAN_POINT('Ctrl Pts',(628.050228395373,21.5778041564116,20.8436832525371));
#6577=CARTESIAN_POINT('Ctrl Pts',(628.254358948745,21.9173286613972,20.4863727412495));
#6578=CARTESIAN_POINT('Ctrl Pts',(628.408266895937,22.0700123726553,20.3210769299267));
#6579=CARTESIAN_POINT('Ctrl Pts',(628.763325916603,22.3092285410856,20.0581638158886));
#6580=CARTESIAN_POINT('Ctrl Pts',(628.988171340247,22.4117456543492,19.9430223516284));
#6581=CARTESIAN_POINT('Ctrl Pts',(629.480907932714,22.5471806871847,19.789773290069));
#6582=CARTESIAN_POINT('Ctrl Pts',(629.748805431925,22.580224367696,19.7517972429498));
#6583=CARTESIAN_POINT('Ctrl Pts',(630.251214386619,22.580224367696,19.7517972429498));
#6584=CARTESIAN_POINT('Ctrl Pts',(630.519111885831,22.5471806871847,19.789773290069));
#6585=CARTESIAN_POINT('Ctrl Pts',(631.011848478298,22.4117456543492,19.9430223516284));
#6586=CARTESIAN_POINT('Ctrl Pts',(631.236693901942,22.3092285410856,20.0581638158886));
#6587=CARTESIAN_POINT('Ctrl Pts',(631.591752922608,22.0700123726553,20.3210769299267));
#6588=CARTESIAN_POINT('Ctrl Pts',(631.745660869799,21.9173286613972,20.4863727412495));
#6589=CARTESIAN_POINT('Ctrl Pts',(631.949791423171,21.5778041564116,20.8436832525371));
#6590=CARTESIAN_POINT('Ctrl Pts',(632.000009909272,21.3908320222867,21.0355754811088));
#6591=CARTESIAN_POINT('Ctrl Pts',(632.000009909272,21.0355754811089,21.3908320222867));
#6592=CARTESIAN_POINT('Ctrl Pts',(631.949791423171,20.8436832525371,21.5778041564116));
#6593=CARTESIAN_POINT('Ctrl Pts',(631.745660869799,20.4863727412496,21.9173286613971));
#6594=CARTESIAN_POINT('Ctrl Pts',(631.591752922608,20.3210769299267,22.0700123726553));
#6595=CARTESIAN_POINT('Ctrl Pts',(631.236693901942,20.0581638158886,22.3092285410855));
#6596=CARTESIAN_POINT('Ctrl Pts',(631.011848478298,19.9430223516284,22.4117456543492));
#6597=CARTESIAN_POINT('Ctrl Pts',(630.519111885831,19.789773290069,22.5471806871847));
#6598=CARTESIAN_POINT('Ctrl Pts',(630.251214386619,19.7517972429498,22.580224367696));
#6599=CARTESIAN_POINT('Ctrl Pts',(630.000009909272,19.7517972429498,22.580224367696));
#6600=CARTESIAN_POINT('Origin',(655.000009760261,0.00850904022022169,-0.00850904022022169));
#6601=CARTESIAN_POINT('',(655.000009760261,-22.5722821436637,-19.760873099358));
#6602=CARTESIAN_POINT('',(653.000009760261,-21.2046930049044,-21.2217110853448));
#6603=CARTESIAN_POINT('Ctrl Pts',(655.000009760261,-22.5722821436637,-19.760873099358));
#6604=CARTESIAN_POINT('Ctrl Pts',(655.251213971959,-22.5722821436637,-19.760873099358));
#6605=CARTESIAN_POINT('Ctrl Pts',(655.51911172552,-22.5392241976055,-19.7988347119918));
#6606=CARTESIAN_POINT('Ctrl Pts',(656.011849809728,-22.4037303733934,-19.9520261807925));
#6607=CARTESIAN_POINT('Ctrl Pts',(656.236696420919,-22.3011687177143,-20.0671245346683));
#6608=CARTESIAN_POINT('Ctrl Pts',(656.591755849605,-22.0618499524076,-20.3299382516629));
#6609=CARTESIAN_POINT('Ctrl Pts',(656.74566321667,-21.9091019902884,-20.4951704635324));
#6610=CARTESIAN_POINT('Ctrl Pts',(656.949792207506,-21.5694379937509,-20.8523405636703));
#6611=CARTESIAN_POINT('Ctrl Pts',(657.000009760261,-21.3823906790588,-21.0441559102237));
#6612=CARTESIAN_POINT('Ctrl Pts',(657.000009760261,-21.0269916357614,-21.3992699524916));
#6613=CARTESIAN_POINT('Ctrl Pts',(656.94979034015,-20.8350225195829,-21.5861669078059));
#6614=CARTESIAN_POINT('Ctrl Pts',(656.745658212624,-20.4775715804944,-21.9255519275909));
#6615=CARTESIAN_POINT('Ctrl Pts',(656.591749674119,-20.3122121587136,-22.0781713925004));
#6616=CARTESIAN_POINT('Ctrl Pts',(656.236691050338,-20.0491996512054,-22.3172849515726));
#6617=CARTESIAN_POINT('Ctrl Pts',(656.011846825355,-19.934015082466,-22.4197575124509));
#6618=CARTESIAN_POINT('Ctrl Pts',(655.519111740973,-19.7807084329465,-22.5551337423671));
#6619=CARTESIAN_POINT('Ctrl Pts',(655.251214501227,-19.7427179505139,-22.5881631557005));
#6620=CARTESIAN_POINT('Ctrl Pts',(654.748805019294,-19.7427179505139,-22.5881631557005));
#6621=CARTESIAN_POINT('Ctrl Pts',(654.480907779549,-19.7807084329465,-22.5551337423671));
#6622=CARTESIAN_POINT('Ctrl Pts',(653.988172695166,-19.934015082466,-22.4197575124509));
#6623=CARTESIAN_POINT('Ctrl Pts',(653.763328470183,-20.0491996512054,-22.3172849515726));
#6624=CARTESIAN_POINT('Ctrl Pts',(653.408269846402,-20.3122121587136,-22.0781713925004));
#6625=CARTESIAN_POINT('Ctrl Pts',(653.254361307897,-20.4775715804944,-21.9255519275909));
#6626=CARTESIAN_POINT('Ctrl Pts',(653.050229180371,-20.8350225195829,-21.5861669078059));
#6627=CARTESIAN_POINT('Ctrl Pts',(653.000009760261,-21.0269916357614,-21.3992699524916));
#6628=CARTESIAN_POINT('Ctrl Pts',(653.000009760261,-21.2046930049044,-21.2217110853448));
#6629=CARTESIAN_POINT('Ctrl Pts',(653.000009760261,-21.2046930049044,-21.2217110853448));
#6630=CARTESIAN_POINT('Ctrl Pts',(653.000009760261,-21.3823906790588,-21.0441559102237));
#6631=CARTESIAN_POINT('Ctrl Pts',(653.050227313015,-21.5694379937509,-20.8523405636703));
#6632=CARTESIAN_POINT('Ctrl Pts',(653.254356303851,-21.9091019902884,-20.4951704635324));
#6633=CARTESIAN_POINT('Ctrl Pts',(653.408263670916,-22.0618499524076,-20.3299382516629));
#6634=CARTESIAN_POINT('Ctrl Pts',(653.763323099603,-22.3011687177143,-20.0671245346683));
#6635=CARTESIAN_POINT('Ctrl Pts',(653.988169710793,-22.4037303733934,-19.9520261807925));
#6636=CARTESIAN_POINT('Ctrl Pts',(654.480907795001,-22.5392241976055,-19.7988347119918));
#6637=CARTESIAN_POINT('Ctrl Pts',(654.748805548562,-22.5722821436638,-19.7608730993579));
#6638=CARTESIAN_POINT('Ctrl Pts',(655.000009760261,-22.5722821436638,-19.760873099358));
#6639=CARTESIAN_POINT('',(653.000009760261,-19.7904790045318,-19.8074970849723));
#6640=CARTESIAN_POINT('',(653.000009760261,0.00850904022022152,-0.00850904022022152));
#6641=CARTESIAN_POINT('',(655.000009760261,-21.1547296828133,-18.3433206385075));
#6642=CARTESIAN_POINT('Ctrl Pts',(655.000009760261,-21.1547296828133,-18.3433206385075));
#6643=CARTESIAN_POINT('Ctrl Pts',(654.748793706842,-21.1547296828133,-18.3433206385075));
#6644=CARTESIAN_POINT('Ctrl Pts',(654.480890824095,-21.1218447409466,-18.3814617885219));
#6645=CARTESIAN_POINT('Ctrl Pts',(653.988155807722,-20.9869832333201,-18.535290596183));
#6646=CARTESIAN_POINT('Ctrl Pts',(653.763316456333,-20.884871932177,-18.6508369499696));
#6647=CARTESIAN_POINT('Ctrl Pts',(653.40826950082,-20.6464024998512,-18.9144827485444));
#6648=CARTESIAN_POINT('Ctrl Pts',(653.254364005423,-20.4941060711617,-19.0801560980209));
#6649=CARTESIAN_POINT('Ctrl Pts',(653.050231798463,-20.1550702052621,-19.4379496192678));
#6650=CARTESIAN_POINT('Ctrl Pts',(653.000009760261,-19.9681898617138,-19.6299389122839));
#6651=CARTESIAN_POINT('Ctrl Pts',(653.000009760261,-19.7904790045318,-19.8074970849723));
#6652=CARTESIAN_POINT('Ctrl Pts',(653.000009760261,-19.7904790045318,-19.8074970849723));
#6653=CARTESIAN_POINT('Ctrl Pts',(653.000009760261,-19.6127639044089,-19.9850594969561));
#6654=CARTESIAN_POINT('Ctrl Pts',(653.050233942809,-19.4206097089771,-20.1717788541958));
#6655=CARTESIAN_POINT('Ctrl Pts',(653.254369751559,-19.0625151568442,-20.5105158274173));
#6656=CARTESIAN_POINT('Ctrl Pts',(653.40827659199,-18.8967055167512,-20.662674486761));
#6657=CARTESIAN_POINT('Ctrl Pts',(653.763322622256,-18.6328468897131,-20.9009237233369));
#6658=CARTESIAN_POINT('Ctrl Pts',(653.988159233235,-18.5172082194226,-21.0029394007203));
#6659=CARTESIAN_POINT('Ctrl Pts',(654.480890804434,-18.3632560001633,-21.1376747256525));
#6660=CARTESIAN_POINT('Ctrl Pts',(654.748793097315,-18.3250838679003,-21.170529073087));
#6661=CARTESIAN_POINT('Ctrl Pts',(655.251226423206,-18.3250838679003,-21.170529073087));
#6662=CARTESIAN_POINT('Ctrl Pts',(655.519128716087,-18.3632560001633,-21.1376747256525));
#6663=CARTESIAN_POINT('Ctrl Pts',(656.011860287286,-18.5172082194226,-21.0029394007203));
#6664=CARTESIAN_POINT('Ctrl Pts',(656.236696898265,-18.6328468897131,-20.9009237233369));
#6665=CARTESIAN_POINT('Ctrl Pts',(656.591742928531,-18.8967055167512,-20.662674486761));
#6666=CARTESIAN_POINT('Ctrl Pts',(656.745649768962,-19.0625151568442,-20.5105158274173));
#6667=CARTESIAN_POINT('Ctrl Pts',(656.949785577712,-19.4206097089771,-20.1717788541958));
#6668=CARTESIAN_POINT('Ctrl Pts',(657.000009760261,-19.6127639044089,-19.9850594969561));
#6669=CARTESIAN_POINT('Ctrl Pts',(657.000009760261,-19.9681898617138,-19.6299389122839));
#6670=CARTESIAN_POINT('Ctrl Pts',(656.949787722058,-20.1550702052621,-19.4379496192678));
#6671=CARTESIAN_POINT('Ctrl Pts',(656.745655515098,-20.4941060711617,-19.0801560980209));
#6672=CARTESIAN_POINT('Ctrl Pts',(656.591750019701,-20.6464024998512,-18.9144827485444));
#6673=CARTESIAN_POINT('Ctrl Pts',(656.236703064188,-20.884871932177,-18.6508369499696));
#6674=CARTESIAN_POINT('Ctrl Pts',(656.011863712799,-20.9869832333201,-18.535290596183));
#6675=CARTESIAN_POINT('Ctrl Pts',(655.519128696426,-21.1218447409466,-18.3814617885219));
#6676=CARTESIAN_POINT('Ctrl Pts',(655.251225813679,-21.1547296828133,-18.3433206385075));
#6677=CARTESIAN_POINT('Ctrl Pts',(655.000009760261,-21.1547296828133,-18.3433206385075));
#6678=CARTESIAN_POINT('Origin',(655.000009760261,0.00850904022022169,-0.00850904022022169));
#6679=CARTESIAN_POINT('',(655.000009760261,18.3433206385075,21.1547296828133));
#6680=CARTESIAN_POINT('',(653.000009760261,19.8074970849723,19.7904790045318));
#6681=CARTESIAN_POINT('Ctrl Pts',(655.000009760261,18.3433206385075,21.1547296828133));
#6682=CARTESIAN_POINT('Ctrl Pts',(655.251225813679,18.3433206385075,21.1547296828133));
#6683=CARTESIAN_POINT('Ctrl Pts',(655.519128696426,18.3814617885219,21.1218447409466));
#6684=CARTESIAN_POINT('Ctrl Pts',(656.011863712799,18.535290596183,20.9869832333201));
#6685=CARTESIAN_POINT('Ctrl Pts',(656.236703064188,18.6508369499696,20.884871932177));
#6686=CARTESIAN_POINT('Ctrl Pts',(656.591750019701,18.9144827485445,20.6464024998512));
#6687=CARTESIAN_POINT('Ctrl Pts',(656.745655515098,19.0801560980209,20.4941060711617));
#6688=CARTESIAN_POINT('Ctrl Pts',(656.949787722058,19.4379496192678,20.1550702052621));
#6689=CARTESIAN_POINT('Ctrl Pts',(657.000009760261,19.6299389122839,19.9681898617138));
#6690=CARTESIAN_POINT('Ctrl Pts',(657.000009760261,19.9850594969561,19.6127639044089));
#6691=CARTESIAN_POINT('Ctrl Pts',(656.949785577712,20.1717788541958,19.420609708977));
#6692=CARTESIAN_POINT('Ctrl Pts',(656.745649768962,20.5105158274174,19.0625151568442));
#6693=CARTESIAN_POINT('Ctrl Pts',(656.591742928531,20.662674486761,18.8967055167512));
#6694=CARTESIAN_POINT('Ctrl Pts',(656.236696898265,20.9009237233369,18.632846889713));
#6695=CARTESIAN_POINT('Ctrl Pts',(656.011860287286,21.0029394007203,18.5172082194226));
#6696=CARTESIAN_POINT('Ctrl Pts',(655.519128716087,21.1376747256525,18.3632560001632));
#6697=CARTESIAN_POINT('Ctrl Pts',(655.251226423206,21.170529073087,18.3250838679003));
#6698=CARTESIAN_POINT('Ctrl Pts',(654.748793097315,21.170529073087,18.3250838679003));
#6699=CARTESIAN_POINT('Ctrl Pts',(654.480890804434,21.1376747256525,18.3632560001632));
#6700=CARTESIAN_POINT('Ctrl Pts',(653.988159233235,21.0029394007203,18.5172082194226));
#6701=CARTESIAN_POINT('Ctrl Pts',(653.763322622256,20.9009237233369,18.632846889713));
#6702=CARTESIAN_POINT('Ctrl Pts',(653.40827659199,20.662674486761,18.8967055167512));
#6703=CARTESIAN_POINT('Ctrl Pts',(653.254369751559,20.5105158274174,19.0625151568442));
#6704=CARTESIAN_POINT('Ctrl Pts',(653.050233942809,20.1717788541958,19.420609708977));
#6705=CARTESIAN_POINT('Ctrl Pts',(653.000009760261,19.9850594969561,19.6127639044089));
#6706=CARTESIAN_POINT('Ctrl Pts',(653.000009760261,19.8074970849723,19.7904790045318));
#6707=CARTESIAN_POINT('Ctrl Pts',(653.000009760261,19.8074970849723,19.7904790045318));
#6708=CARTESIAN_POINT('Ctrl Pts',(653.000009760261,19.6299389122839,19.9681898617138));
#6709=CARTESIAN_POINT('Ctrl Pts',(653.050231798463,19.4379496192678,20.1550702052621));
#6710=CARTESIAN_POINT('Ctrl Pts',(653.254364005423,19.0801560980209,20.4941060711617));
#6711=CARTESIAN_POINT('Ctrl Pts',(653.40826950082,18.9144827485445,20.6464024998512));
#6712=CARTESIAN_POINT('Ctrl Pts',(653.763316456333,18.6508369499696,20.884871932177));
#6713=CARTESIAN_POINT('Ctrl Pts',(653.988155807722,18.535290596183,20.9869832333201));
#6714=CARTESIAN_POINT('Ctrl Pts',(654.480890824095,18.3814617885219,21.1218447409466));
#6715=CARTESIAN_POINT('Ctrl Pts',(654.748793706842,18.3433206385075,21.1547296828133));
#6716=CARTESIAN_POINT('Ctrl Pts',(655.00000976026,18.3433206385075,21.1547296828133));
#6717=CARTESIAN_POINT('',(653.000009760261,21.2217110853449,21.2046930049044));
#6718=CARTESIAN_POINT('',(653.000009760261,0.00850904022022152,-0.00850904022022152));
#6719=CARTESIAN_POINT('',(655.000009760261,19.760873099358,22.5722821436637));
#6720=CARTESIAN_POINT('Ctrl Pts',(655.000009760261,19.760873099358,22.5722821436637));
#6721=CARTESIAN_POINT('Ctrl Pts',(654.748805548562,19.760873099358,22.5722821436637));
#6722=CARTESIAN_POINT('Ctrl Pts',(654.480907795001,19.7988347119918,22.5392241976055));
#6723=CARTESIAN_POINT('Ctrl Pts',(653.988169710793,19.9520261807925,22.4037303733934));
#6724=CARTESIAN_POINT('Ctrl Pts',(653.763323099603,20.0671245346683,22.3011687177143));
#6725=CARTESIAN_POINT('Ctrl Pts',(653.408263670916,20.3299382516629,22.0618499524076));
#6726=CARTESIAN_POINT('Ctrl Pts',(653.254356303851,20.4951704635324,21.9091019902884));
#6727=CARTESIAN_POINT('Ctrl Pts',(653.050227313015,20.8523405636703,21.5694379937509));
#6728=CARTESIAN_POINT('Ctrl Pts',(653.000009760261,21.0441559102237,21.3823906790588));
#6729=CARTESIAN_POINT('Ctrl Pts',(653.000009760261,21.2217110853449,21.2046930049044));
#6730=CARTESIAN_POINT('Ctrl Pts',(653.000009760261,21.2217110853448,21.2046930049044));
#6731=CARTESIAN_POINT('Ctrl Pts',(653.000009760261,21.3992699524916,21.0269916357614));
#6732=CARTESIAN_POINT('Ctrl Pts',(653.050229180371,21.5861669078059,20.8350225195828));
#6733=CARTESIAN_POINT('Ctrl Pts',(653.254361307897,21.9255519275909,20.4775715804944));
#6734=CARTESIAN_POINT('Ctrl Pts',(653.408269846402,22.0781713925004,20.3122121587136));
#6735=CARTESIAN_POINT('Ctrl Pts',(653.763328470183,22.3172849515726,20.0491996512054));
#6736=CARTESIAN_POINT('Ctrl Pts',(653.988172695166,22.4197575124509,19.934015082466));
#6737=CARTESIAN_POINT('Ctrl Pts',(654.480907779549,22.5551337423671,19.7807084329465));
#6738=CARTESIAN_POINT('Ctrl Pts',(654.748805019294,22.5881631557006,19.7427179505139));
#6739=CARTESIAN_POINT('Ctrl Pts',(655.251214501227,22.5881631557006,19.7427179505139));
#6740=CARTESIAN_POINT('Ctrl Pts',(655.519111740973,22.5551337423671,19.7807084329465));
#6741=CARTESIAN_POINT('Ctrl Pts',(656.011846825355,22.4197575124509,19.934015082466));
#6742=CARTESIAN_POINT('Ctrl Pts',(656.236691050338,22.3172849515726,20.0491996512054));
#6743=CARTESIAN_POINT('Ctrl Pts',(656.591749674119,22.0781713925004,20.3122121587136));
#6744=CARTESIAN_POINT('Ctrl Pts',(656.745658212624,21.9255519275909,20.4775715804944));
#6745=CARTESIAN_POINT('Ctrl Pts',(656.94979034015,21.5861669078059,20.8350225195828));
#6746=CARTESIAN_POINT('Ctrl Pts',(657.000009760261,21.3992699524916,21.0269916357613));
#6747=CARTESIAN_POINT('Ctrl Pts',(657.000009760261,21.0441559102237,21.3823906790588));
#6748=CARTESIAN_POINT('Ctrl Pts',(656.949792207506,20.8523405636703,21.5694379937509));
#6749=CARTESIAN_POINT('Ctrl Pts',(656.74566321667,20.4951704635324,21.9091019902884));
#6750=CARTESIAN_POINT('Ctrl Pts',(656.591755849605,20.3299382516629,22.0618499524076));
#6751=CARTESIAN_POINT('Ctrl Pts',(656.236696420919,20.0671245346683,22.3011687177143));
#6752=CARTESIAN_POINT('Ctrl Pts',(656.011849809728,19.9520261807925,22.4037303733934));
#6753=CARTESIAN_POINT('Ctrl Pts',(655.51911172552,19.7988347119918,22.5392241976055));
#6754=CARTESIAN_POINT('Ctrl Pts',(655.251213971959,19.760873099358,22.5722821436637));
#6755=CARTESIAN_POINT('Ctrl Pts',(655.000009760261,19.760873099358,22.5722821436637));
#6756=CARTESIAN_POINT('Origin',(655.000009760261,0.,0.));
#6757=CARTESIAN_POINT('',(655.000009760261,-19.7517972429498,22.580224367696));
#6758=CARTESIAN_POINT('',(653.000009760261,-21.2132037516978,21.2132037516978));
#6759=CARTESIAN_POINT('Ctrl Pts',(655.000009760261,-19.7517972429498,22.580224367696));
#6760=CARTESIAN_POINT('Ctrl Pts',(655.251214237607,-19.7517972429498,22.580224367696));
#6761=CARTESIAN_POINT('Ctrl Pts',(655.519111736819,-19.789773290069,22.5471806871847));
#6762=CARTESIAN_POINT('Ctrl Pts',(656.011848329286,-19.9430223516283,22.4117456543493));
#6763=CARTESIAN_POINT('Ctrl Pts',(656.23669375293,-20.0581638158886,22.3092285410856));
#6764=CARTESIAN_POINT('Ctrl Pts',(656.591752773596,-20.3210769299267,22.0700123726553));
#6765=CARTESIAN_POINT('Ctrl Pts',(656.745660720788,-20.4863727412496,21.9173286613971));
#6766=CARTESIAN_POINT('Ctrl Pts',(656.94979127416,-20.8436832525371,21.5778041564116));
#6767=CARTESIAN_POINT('Ctrl Pts',(657.000009760261,-21.0355754811088,21.3908320222867));
#6768=CARTESIAN_POINT('Ctrl Pts',(657.000009760261,-21.3908320222867,21.0355754811088));
#6769=CARTESIAN_POINT('Ctrl Pts',(656.94979127416,-21.5778041564116,20.8436832525371));
#6770=CARTESIAN_POINT('Ctrl Pts',(656.745660720788,-21.9173286613971,20.4863727412496));
#6771=CARTESIAN_POINT('Ctrl Pts',(656.591752773596,-22.0700123726553,20.3210769299267));
#6772=CARTESIAN_POINT('Ctrl Pts',(656.23669375293,-22.3092285410856,20.0581638158886));
#6773=CARTESIAN_POINT('Ctrl Pts',(656.011848329286,-22.4117456543493,19.9430223516283));
#6774=CARTESIAN_POINT('Ctrl Pts',(655.519111736819,-22.5471806871847,19.789773290069));
#6775=CARTESIAN_POINT('Ctrl Pts',(655.251214237607,-22.580224367696,19.7517972429498));
#6776=CARTESIAN_POINT('Ctrl Pts',(654.748805282914,-22.580224367696,19.7517972429498));
#6777=CARTESIAN_POINT('Ctrl Pts',(654.480907783702,-22.5471806871847,19.789773290069));
#6778=CARTESIAN_POINT('Ctrl Pts',(653.988171191235,-22.4117456543493,19.9430223516283));
#6779=CARTESIAN_POINT('Ctrl Pts',(653.763325767591,-22.3092285410856,20.0581638158886));
#6780=CARTESIAN_POINT('Ctrl Pts',(653.408266746925,-22.0700123726553,20.3210769299267));
#6781=CARTESIAN_POINT('Ctrl Pts',(653.254358799733,-21.9173286613971,20.4863727412496));
#6782=CARTESIAN_POINT('Ctrl Pts',(653.050228246361,-21.5778041564116,20.8436832525371));
#6783=CARTESIAN_POINT('Ctrl Pts',(653.000009760261,-21.3908320222867,21.0355754811088));
#6784=CARTESIAN_POINT('Ctrl Pts',(653.000009760261,-21.2132037516978,21.2132037516978));
#6785=CARTESIAN_POINT('Ctrl Pts',(653.000009760261,-21.2132037516978,21.2132037516978));
#6786=CARTESIAN_POINT('Ctrl Pts',(653.000009760261,-21.0355754811088,21.3908320222867));
#6787=CARTESIAN_POINT('Ctrl Pts',(653.050228246361,-20.8436832525371,21.5778041564116));
#6788=CARTESIAN_POINT('Ctrl Pts',(653.254358799733,-20.4863727412496,21.9173286613971));
#6789=CARTESIAN_POINT('Ctrl Pts',(653.408266746925,-20.3210769299267,22.0700123726553));
#6790=CARTESIAN_POINT('Ctrl Pts',(653.763325767591,-20.0581638158886,22.3092285410856));
#6791=CARTESIAN_POINT('Ctrl Pts',(653.988171191235,-19.9430223516283,22.4117456543493));
#6792=CARTESIAN_POINT('Ctrl Pts',(654.480907783702,-19.789773290069,22.5471806871847));
#6793=CARTESIAN_POINT('Ctrl Pts',(654.748805282914,-19.7517972429498,22.580224367696));
#6794=CARTESIAN_POINT('Ctrl Pts',(655.000009760261,-19.7517972429498,22.580224367696));
#6795=CARTESIAN_POINT('',(653.000009760261,-19.7989898732233,19.7989898732233));
#6796=CARTESIAN_POINT('',(653.000009760261,1.73191211247101E-16,1.73191211247101E-16));
#6797=CARTESIAN_POINT('',(655.000009760261,-18.3342040957584,21.1626312205046));
#6798=CARTESIAN_POINT('Ctrl Pts',(655.000009760261,-18.3342040957584,21.1626312205046));
#6799=CARTESIAN_POINT('Ctrl Pts',(654.748793400922,-18.3342040957584,21.1626312205046));
#6800=CARTESIAN_POINT('Ctrl Pts',(654.480890810171,-18.372360736368,21.1297615748677));
#6801=CARTESIAN_POINT('Ctrl Pts',(653.988157506995,-18.5262512524429,20.9949631518197));
#6802=CARTESIAN_POINT('Ctrl Pts',(653.763319519425,-18.6418437677898,20.8928996567453));
#6803=CARTESIAN_POINT('Ctrl Pts',(653.408273032919,-18.9055959824705,20.6545403149374));
#6804=CARTESIAN_POINT('Ctrl Pts',(653.254366871428,-19.0713374708084,20.5023127733732));
#6805=CARTESIAN_POINT('Ctrl Pts',(653.05023287025,-19.4292814977269,20.1634263572471));
#6806=CARTESIAN_POINT('Ctrl Pts',(653.000009760261,-19.6213532386593,19.9766265077874));
#6807=CARTESIAN_POINT('Ctrl Pts',(653.000009760261,-19.7989898732233,19.7989898732233));
#6808=CARTESIAN_POINT('Ctrl Pts',(653.000009760261,-19.7989898732233,19.7989898732233));
#6809=CARTESIAN_POINT('Ctrl Pts',(653.000009760261,-19.9766265077874,19.6213532386593));
#6810=CARTESIAN_POINT('Ctrl Pts',(653.05023287025,-20.1634263572471,19.4292814977269));
#6811=CARTESIAN_POINT('Ctrl Pts',(653.254366871428,-20.5023127733732,19.0713374708084));
#6812=CARTESIAN_POINT('Ctrl Pts',(653.408273032919,-20.6545403149374,18.9055959824705));
#6813=CARTESIAN_POINT('Ctrl Pts',(653.763319519425,-20.8928996567453,18.6418437677898));
#6814=CARTESIAN_POINT('Ctrl Pts',(653.988157506995,-20.9949631518197,18.5262512524429));
#6815=CARTESIAN_POINT('Ctrl Pts',(654.480890810171,-21.1297615748677,18.372360736368));
#6816=CARTESIAN_POINT('Ctrl Pts',(654.748793400922,-21.1626312205046,18.3342040957584));
#6817=CARTESIAN_POINT('Ctrl Pts',(655.251226119599,-21.1626312205046,18.3342040957584));
#6818=CARTESIAN_POINT('Ctrl Pts',(655.519128710351,-21.1297615748677,18.372360736368));
#6819=CARTESIAN_POINT('Ctrl Pts',(656.011862013526,-20.9949631518197,18.5262512524429));
#6820=CARTESIAN_POINT('Ctrl Pts',(656.236700001097,-20.8928996567453,18.6418437677898));
#6821=CARTESIAN_POINT('Ctrl Pts',(656.591746487602,-20.6545403149374,18.9055959824705));
#6822=CARTESIAN_POINT('Ctrl Pts',(656.745652649093,-20.5023127733732,19.0713374708084));
#6823=CARTESIAN_POINT('Ctrl Pts',(656.949786650271,-20.1634263572471,19.4292814977269));
#6824=CARTESIAN_POINT('Ctrl Pts',(657.000009760261,-19.9766265077874,19.6213532386593));
#6825=CARTESIAN_POINT('Ctrl Pts',(657.000009760261,-19.6213532386593,19.9766265077874));
#6826=CARTESIAN_POINT('Ctrl Pts',(656.949786650271,-19.4292814977269,20.1634263572471));
#6827=CARTESIAN_POINT('Ctrl Pts',(656.745652649093,-19.0713374708084,20.5023127733732));
#6828=CARTESIAN_POINT('Ctrl Pts',(656.591746487602,-18.9055959824705,20.6545403149374));
#6829=CARTESIAN_POINT('Ctrl Pts',(656.236700001097,-18.6418437677898,20.8928996567453));
#6830=CARTESIAN_POINT('Ctrl Pts',(656.011862013526,-18.5262512524429,20.9949631518197));
#6831=CARTESIAN_POINT('Ctrl Pts',(655.519128710351,-18.372360736368,21.1297615748677));
#6832=CARTESIAN_POINT('Ctrl Pts',(655.251226119599,-18.3342040957584,21.1626312205046));
#6833=CARTESIAN_POINT('Ctrl Pts',(655.000009760261,-18.3342040957584,21.1626312205046));
#6834=CARTESIAN_POINT('Origin',(655.000009760261,0.,0.));
#6835=CARTESIAN_POINT('',(655.000009760261,21.1626312205046,-18.3342040957584));
#6836=CARTESIAN_POINT('',(653.000009760261,19.7989898732233,-19.7989898732233));
#6837=CARTESIAN_POINT('Ctrl Pts',(655.000009760261,21.1626312205046,-18.3342040957584));
#6838=CARTESIAN_POINT('Ctrl Pts',(655.251226119599,21.1626312205046,-18.3342040957584));
#6839=CARTESIAN_POINT('Ctrl Pts',(655.519128710351,21.1297615748677,-18.372360736368));
#6840=CARTESIAN_POINT('Ctrl Pts',(656.011862013526,20.9949631518197,-18.5262512524429));
#6841=CARTESIAN_POINT('Ctrl Pts',(656.236700001097,20.8928996567453,-18.6418437677898));
#6842=CARTESIAN_POINT('Ctrl Pts',(656.591746487602,20.6545403149374,-18.9055959824705));
#6843=CARTESIAN_POINT('Ctrl Pts',(656.745652649093,20.5023127733732,-19.0713374708084));
#6844=CARTESIAN_POINT('Ctrl Pts',(656.949786650271,20.1634263572471,-19.4292814977269));
#6845=CARTESIAN_POINT('Ctrl Pts',(657.000009760261,19.9766265077874,-19.6213532386593));
#6846=CARTESIAN_POINT('Ctrl Pts',(657.000009760261,19.6213532386593,-19.9766265077874));
#6847=CARTESIAN_POINT('Ctrl Pts',(656.949786650271,19.4292814977269,-20.1634263572471));
#6848=CARTESIAN_POINT('Ctrl Pts',(656.745652649093,19.0713374708084,-20.5023127733732));
#6849=CARTESIAN_POINT('Ctrl Pts',(656.591746487602,18.9055959824705,-20.6545403149374));
#6850=CARTESIAN_POINT('Ctrl Pts',(656.236700001097,18.6418437677898,-20.8928996567453));
#6851=CARTESIAN_POINT('Ctrl Pts',(656.011862013526,18.5262512524429,-20.9949631518197));
#6852=CARTESIAN_POINT('Ctrl Pts',(655.519128710351,18.372360736368,-21.1297615748677));
#6853=CARTESIAN_POINT('Ctrl Pts',(655.251226119599,18.3342040957584,-21.1626312205046));
#6854=CARTESIAN_POINT('Ctrl Pts',(654.748793400922,18.3342040957584,-21.1626312205046));
#6855=CARTESIAN_POINT('Ctrl Pts',(654.480890810171,18.372360736368,-21.1297615748677));
#6856=CARTESIAN_POINT('Ctrl Pts',(653.988157506995,18.5262512524429,-20.9949631518197));
#6857=CARTESIAN_POINT('Ctrl Pts',(653.763319519425,18.6418437677898,-20.8928996567453));
#6858=CARTESIAN_POINT('Ctrl Pts',(653.408273032919,18.9055959824705,-20.6545403149374));
#6859=CARTESIAN_POINT('Ctrl Pts',(653.254366871428,19.0713374708084,-20.5023127733732));
#6860=CARTESIAN_POINT('Ctrl Pts',(653.05023287025,19.4292814977269,-20.1634263572471));
#6861=CARTESIAN_POINT('Ctrl Pts',(653.000009760261,19.6213532386593,-19.9766265077874));
#6862=CARTESIAN_POINT('Ctrl Pts',(653.000009760261,19.7989898732233,-19.7989898732233));
#6863=CARTESIAN_POINT('Ctrl Pts',(653.000009760261,19.7989898732233,-19.7989898732233));
#6864=CARTESIAN_POINT('Ctrl Pts',(653.000009760261,19.9766265077874,-19.6213532386593));
#6865=CARTESIAN_POINT('Ctrl Pts',(653.05023287025,20.1634263572471,-19.4292814977269));
#6866=CARTESIAN_POINT('Ctrl Pts',(653.254366871428,20.5023127733732,-19.0713374708084));
#6867=CARTESIAN_POINT('Ctrl Pts',(653.408273032919,20.6545403149374,-18.9055959824705));
#6868=CARTESIAN_POINT('Ctrl Pts',(653.763319519425,20.8928996567453,-18.6418437677898));
#6869=CARTESIAN_POINT('Ctrl Pts',(653.988157506995,20.9949631518197,-18.5262512524429));
#6870=CARTESIAN_POINT('Ctrl Pts',(654.480890810171,21.1297615748677,-18.372360736368));
#6871=CARTESIAN_POINT('Ctrl Pts',(654.748793400922,21.1626312205046,-18.3342040957584));
#6872=CARTESIAN_POINT('Ctrl Pts',(655.000009760261,21.1626312205046,-18.3342040957584));
#6873=CARTESIAN_POINT('',(653.000009760261,21.2132037516978,-21.2132037516978));
#6874=CARTESIAN_POINT('',(653.000009760261,1.73191211247101E-16,1.73191211247101E-16));
#6875=CARTESIAN_POINT('',(655.000009760261,22.580224367696,-19.7517972429498));
#6876=CARTESIAN_POINT('Ctrl Pts',(655.000009760261,22.580224367696,-19.7517972429498));
#6877=CARTESIAN_POINT('Ctrl Pts',(654.748805282914,22.580224367696,-19.7517972429498));
#6878=CARTESIAN_POINT('Ctrl Pts',(654.480907783702,22.5471806871847,-19.789773290069));
#6879=CARTESIAN_POINT('Ctrl Pts',(653.988171191235,22.4117456543493,-19.9430223516283));
#6880=CARTESIAN_POINT('Ctrl Pts',(653.763325767591,22.3092285410856,-20.0581638158886));
#6881=CARTESIAN_POINT('Ctrl Pts',(653.408266746925,22.0700123726553,-20.3210769299267));
#6882=CARTESIAN_POINT('Ctrl Pts',(653.254358799733,21.9173286613971,-20.4863727412496));
#6883=CARTESIAN_POINT('Ctrl Pts',(653.050228246361,21.5778041564116,-20.8436832525371));
#6884=CARTESIAN_POINT('Ctrl Pts',(653.000009760261,21.3908320222867,-21.0355754811088));
#6885=CARTESIAN_POINT('Ctrl Pts',(653.000009760261,21.2132037516978,-21.2132037516978));
#6886=CARTESIAN_POINT('Ctrl Pts',(653.000009760261,21.2132037516978,-21.2132037516978));
#6887=CARTESIAN_POINT('Ctrl Pts',(653.000009760261,21.0355754811088,-21.3908320222867));
#6888=CARTESIAN_POINT('Ctrl Pts',(653.050228246361,20.8436832525371,-21.5778041564116));
#6889=CARTESIAN_POINT('Ctrl Pts',(653.254358799733,20.4863727412496,-21.9173286613971));
#6890=CARTESIAN_POINT('Ctrl Pts',(653.408266746925,20.3210769299267,-22.0700123726553));
#6891=CARTESIAN_POINT('Ctrl Pts',(653.763325767591,20.0581638158886,-22.3092285410856));
#6892=CARTESIAN_POINT('Ctrl Pts',(653.988171191235,19.9430223516283,-22.4117456543493));
#6893=CARTESIAN_POINT('Ctrl Pts',(654.480907783702,19.789773290069,-22.5471806871847));
#6894=CARTESIAN_POINT('Ctrl Pts',(654.748805282914,19.7517972429498,-22.580224367696));
#6895=CARTESIAN_POINT('Ctrl Pts',(655.251214237607,19.7517972429498,-22.580224367696));
#6896=CARTESIAN_POINT('Ctrl Pts',(655.519111736819,19.789773290069,-22.5471806871847));
#6897=CARTESIAN_POINT('Ctrl Pts',(656.011848329286,19.9430223516283,-22.4117456543493));
#6898=CARTESIAN_POINT('Ctrl Pts',(656.23669375293,20.0581638158886,-22.3092285410856));
#6899=CARTESIAN_POINT('Ctrl Pts',(656.591752773596,20.3210769299267,-22.0700123726553));
#6900=CARTESIAN_POINT('Ctrl Pts',(656.745660720788,20.4863727412496,-21.9173286613971));
#6901=CARTESIAN_POINT('Ctrl Pts',(656.94979127416,20.8436832525371,-21.5778041564116));
#6902=CARTESIAN_POINT('Ctrl Pts',(657.000009760261,21.0355754811088,-21.3908320222867));
#6903=CARTESIAN_POINT('Ctrl Pts',(657.000009760261,21.3908320222867,-21.0355754811088));
#6904=CARTESIAN_POINT('Ctrl Pts',(656.94979127416,21.5778041564116,-20.8436832525371));
#6905=CARTESIAN_POINT('Ctrl Pts',(656.745660720788,21.9173286613971,-20.4863727412496));
#6906=CARTESIAN_POINT('Ctrl Pts',(656.591752773596,22.0700123726553,-20.3210769299267));
#6907=CARTESIAN_POINT('Ctrl Pts',(656.23669375293,22.3092285410856,-20.0581638158886));
#6908=CARTESIAN_POINT('Ctrl Pts',(656.011848329286,22.4117456543493,-19.9430223516283));
#6909=CARTESIAN_POINT('Ctrl Pts',(655.519111736819,22.5471806871847,-19.789773290069));
#6910=CARTESIAN_POINT('Ctrl Pts',(655.251214237607,22.580224367696,-19.7517972429498));
#6911=CARTESIAN_POINT('Ctrl Pts',(655.000009760261,22.580224367696,-19.7517972429498));
#6912=CARTESIAN_POINT('Origin',(449.976174678758,0.00850904022022169,-0.00850904022022169));
#6913=CARTESIAN_POINT('',(449.976174678758,-1.99149095977981,-29.9338268615826));
#6914=CARTESIAN_POINT('',(447.976174678758,0.0085090402202148,-29.9999992403054));
#6915=CARTESIAN_POINT('Ctrl Pts',(449.976174678758,-1.99149095977981,-29.9338268615826));
#6916=CARTESIAN_POINT('Ctrl Pts',(450.227378968473,-1.99149095977981,-29.9338268615826));
#6917=CARTESIAN_POINT('Ctrl Pts',(450.495276648067,-1.94127251318465,-29.9373002212628));
#6918=CARTESIAN_POINT('Ctrl Pts',(450.988014297047,-1.73714143191191,-29.9498384492137));
#6919=CARTESIAN_POINT('Ctrl Pts',(451.212860561564,-1.58323285858345,-29.9587213867149));
#6920=CARTESIAN_POINT('Ctrl Pts',(451.56791986959,-1.22817223682577,-29.9753766600387));
#6921=CARTESIAN_POINT('Ctrl Pts',(451.721827405412,-1.00332643556272,-29.9842308358903));
#6922=CARTESIAN_POINT('Ctrl Pts',(451.925956852701,-0.510590131670957,-29.9966674894584));
#6923=CARTESIAN_POINT('Ctrl Pts',(451.976174678758,-0.242693422921538,-30.000070490036));
#6924=CARTESIAN_POINT('Ctrl Pts',(451.976174678758,0.259715196868762,-29.9999279895273));
#6925=CARTESIAN_POINT('Ctrl Pts',(451.925955532281,0.527613610741593,-29.9963729244551));
#6926=CARTESIAN_POINT('Ctrl Pts',(451.721823867018,1.02035084573235,-29.983656363049));
#6927=CARTESIAN_POINT('Ctrl Pts',(451.567915502863,1.24519600334638,-29.9746743336437));
#6928=CARTESIAN_POINT('Ctrl Pts',(451.21285676399,1.60025341724381,-29.9578170619526));
#6929=CARTESIAN_POINT('Ctrl Pts',(450.988012186776,1.75416055060382,-29.9488464696212));
#6930=CARTESIAN_POINT('Ctrl Pts',(450.495276658993,1.95829042508815,-29.9361918541659));
#6931=CARTESIAN_POINT('Ctrl Pts',(450.227379342722,2.00850904022024,-29.9326897932251));
#6932=CARTESIAN_POINT('Ctrl Pts',(449.724970014794,2.00850904022024,-29.9326897932251));
#6933=CARTESIAN_POINT('Ctrl Pts',(449.457072698523,1.95829042508815,-29.9361918541659));
#6934=CARTESIAN_POINT('Ctrl Pts',(448.96433717074,1.75416055060384,-29.9488464696212));
#6935=CARTESIAN_POINT('Ctrl Pts',(448.739492593526,1.60025341724381,-29.9578170619526));
#6936=CARTESIAN_POINT('Ctrl Pts',(448.384433854653,1.24519600334638,-29.9746743336437));
#6937=CARTESIAN_POINT('Ctrl Pts',(448.230525490498,1.02035084573237,-29.983656363049));
#6938=CARTESIAN_POINT('Ctrl Pts',(448.026393825235,0.527613610741619,-29.9963729244551));
#6939=CARTESIAN_POINT('Ctrl Pts',(447.976174678758,0.259715196868753,-29.9999279895273));
#6940=CARTESIAN_POINT('Ctrl Pts',(447.976174678758,0.008509040220206,-29.9999992403054));
#6941=CARTESIAN_POINT('Ctrl Pts',(447.976174678758,0.00850904022021877,
-29.9999992403054));
#6942=CARTESIAN_POINT('Ctrl Pts',(447.976174678758,-0.242693422921534,-30.000070490036));
#6943=CARTESIAN_POINT('Ctrl Pts',(448.026392504815,-0.510590131670957,-29.9966674894584));
#6944=CARTESIAN_POINT('Ctrl Pts',(448.230521952104,-1.00332643556272,-29.9842308358903));
#6945=CARTESIAN_POINT('Ctrl Pts',(448.384429487926,-1.22817223682577,-29.9753766600387));
#6946=CARTESIAN_POINT('Ctrl Pts',(448.739488795953,-1.58323285858345,-29.9587213867149));
#6947=CARTESIAN_POINT('Ctrl Pts',(448.964335060469,-1.73714143191183,-29.9498384492137));
#6948=CARTESIAN_POINT('Ctrl Pts',(449.457072709449,-1.9412725131846,-29.9373002212628));
#6949=CARTESIAN_POINT('Ctrl Pts',(449.724970389043,-1.99149095977981,-29.9338268615826));
#6950=CARTESIAN_POINT('Ctrl Pts',(449.976174678758,-1.99149095977982,-29.9338268615826));
#6951=CARTESIAN_POINT('',(447.976174678758,0.00850904022021561,-27.9999987070756));
#6952=CARTESIAN_POINT('',(447.976174678758,0.00850904022022145,-0.00850904022022169));
#6953=CARTESIAN_POINT('',(449.976174678758,-1.99149095977981,-27.9290881297101));
#6954=CARTESIAN_POINT('Ctrl Pts',(449.976174678758,-1.99149095977981,-27.9290881297101));
#6955=CARTESIAN_POINT('Ctrl Pts',(449.724958535498,-1.99149095977981,-27.9290881297101));
#6956=CARTESIAN_POINT('Ctrl Pts',(449.457055737667,-1.94126788824816,-27.9328112060736));
#6957=CARTESIAN_POINT('Ctrl Pts',(448.964321221133,-1.73713329228436,-27.9462489574175));
#6958=CARTESIAN_POINT('Ctrl Pts',(448.739482267875,-1.58322642775983,-27.9557684352151));
#6959=CARTESIAN_POINT('Ctrl Pts',(448.384435451053,-1.22817810269684,-27.9736156537066));
#6960=CARTESIAN_POINT('Ctrl Pts',(448.230529761891,-1.0033396726171,-27.9831029435367));
#6961=CARTESIAN_POINT('Ctrl Pts',(448.0263970308,-0.510606670886015,-27.996428730719));
#6962=CARTESIAN_POINT('Ctrl Pts',(447.976174678758,-0.242704977653444,-28.0000750495856));
#6963=CARTESIAN_POINT('Ctrl Pts',(447.976174678758,0.00850904022021518,
-27.9999987070756));
#6964=CARTESIAN_POINT('Ctrl Pts',(447.976174678758,0.00850904022021518,
-27.9999987070756));
#6965=CARTESIAN_POINT('Ctrl Pts',(447.976174678758,0.259727299211664,-27.9999223632767));
#6966=CARTESIAN_POINT('Ctrl Pts',(448.026398547081,0.527630950497679,-27.9961131000564));
#6967=CARTESIAN_POINT('Ctrl Pts',(448.230533825023,1.02036502133263,-27.9824873511088));
#6968=CARTESIAN_POINT('Ctrl Pts',(448.384440465267,1.24520271204777,-27.9728630313059));
#6969=CARTESIAN_POINT('Ctrl Pts',(448.73948662784,1.60024735346775,-27.954799300716));
#6970=CARTESIAN_POINT('Ctrl Pts',(448.964323643336,1.75415256436459,-27.9451858527889));
#6971=CARTESIAN_POINT('Ctrl Pts',(449.457055723764,1.9582857747804,-27.9316233043027));
#6972=CARTESIAN_POINT('Ctrl Pts',(449.724958104497,2.00850904022024,-27.9278694396002));
#6973=CARTESIAN_POINT('Ctrl Pts',(450.227391253019,2.00850904022024,-27.9278694396002));
#6974=CARTESIAN_POINT('Ctrl Pts',(450.495293633753,1.95828577478038,-27.9316233043027));
#6975=CARTESIAN_POINT('Ctrl Pts',(450.98802571418,1.75415256436456,-27.9451858527889));
#6976=CARTESIAN_POINT('Ctrl Pts',(451.212862729676,1.60024735346775,-27.954799300716));
#6977=CARTESIAN_POINT('Ctrl Pts',(451.56790889225,1.24520271204777,-27.9728630313059));
#6978=CARTESIAN_POINT('Ctrl Pts',(451.721815532494,1.02036502133258,-27.9824873511088));
#6979=CARTESIAN_POINT('Ctrl Pts',(451.925950810435,0.527630950497628,-27.9961131000564));
#6980=CARTESIAN_POINT('Ctrl Pts',(451.976174678758,0.259727299211665,-27.9999223632767));
#6981=CARTESIAN_POINT('Ctrl Pts',(451.976174678758,-0.242704977653443,-28.0000750495856));
#6982=CARTESIAN_POINT('Ctrl Pts',(451.925952326717,-0.510606670886015,-27.996428730719));
#6983=CARTESIAN_POINT('Ctrl Pts',(451.721819595625,-1.0033396726171,-27.9831029435367));
#6984=CARTESIAN_POINT('Ctrl Pts',(451.567913906464,-1.22817810269683,-27.9736156537066));
#6985=CARTESIAN_POINT('Ctrl Pts',(451.212867089642,-1.58322642775983,-27.9557684352151));
#6986=CARTESIAN_POINT('Ctrl Pts',(450.988028136383,-1.73713329228436,-27.9462489574175));
#6987=CARTESIAN_POINT('Ctrl Pts',(450.495293619849,-1.94126788824816,-27.9328112060736));
#6988=CARTESIAN_POINT('Ctrl Pts',(450.227390822018,-1.99149095977982,-27.9290881297101));
#6989=CARTESIAN_POINT('Ctrl Pts',(449.976174678758,-1.99149095977982,-27.9290881297101));
#6990=CARTESIAN_POINT('Origin',(449.976174678758,0.00850904022022169,-0.00850904022022169));
#6991=CARTESIAN_POINT('',(449.976174678758,-1.9914909597798,27.9290881297101));
#6992=CARTESIAN_POINT('',(451.976156577715,-2.29601845929049E-9,28.));
#6993=CARTESIAN_POINT('Ctrl Pts',(449.976174678758,-1.9914909597798,27.9290881297101));
#6994=CARTESIAN_POINT('Ctrl Pts',(450.227390822018,-1.9914909597798,27.9290881297101));
#6995=CARTESIAN_POINT('Ctrl Pts',(450.495293619849,-1.94126788824815,27.9328112060736));
#6996=CARTESIAN_POINT('Ctrl Pts',(450.988028136383,-1.73713329228435,27.9462489574175));
#6997=CARTESIAN_POINT('Ctrl Pts',(451.212867089642,-1.58322642775982,27.9557684352151));
#6998=CARTESIAN_POINT('Ctrl Pts',(451.567913906464,-1.22817810269682,27.9736156537066));
#6999=CARTESIAN_POINT('Ctrl Pts',(451.721819595625,-1.00333967261709,27.9831029435367));
#7000=CARTESIAN_POINT('Ctrl Pts',(451.924800795997,-0.513386221158162,27.9963535587795));
#7001=CARTESIAN_POINT('Ctrl Pts',(451.975098266163,-0.248747542735712,27.9999999999592));
#7002=CARTESIAN_POINT('Ctrl Pts',(451.976156577715,-4.59203279568055E-9,
28.));
#7003=CARTESIAN_POINT('',(447.976192779801,-2.29602279609918E-9,28.));
#7004=CARTESIAN_POINT('Ctrl Pts',(447.976192779801,-4.59203633451644E-9,
28.));
#7005=CARTESIAN_POINT('Ctrl Pts',(447.977251091354,-0.248747542735716,27.9999999999592));
#7006=CARTESIAN_POINT('Ctrl Pts',(448.02754856152,-0.513386221158162,27.9963535587795));
#7007=CARTESIAN_POINT('Ctrl Pts',(448.230529761891,-1.00333967261709,27.9831029435367));
#7008=CARTESIAN_POINT('Ctrl Pts',(448.384435451053,-1.22817810269682,27.9736156537066));
#7009=CARTESIAN_POINT('Ctrl Pts',(448.739482267874,-1.58322642775982,27.9557684352151));
#7010=CARTESIAN_POINT('Ctrl Pts',(448.964321221133,-1.73713329228433,27.9462489574175));
#7011=CARTESIAN_POINT('Ctrl Pts',(449.457055737667,-1.94126788824815,27.9328112060736));
#7012=CARTESIAN_POINT('Ctrl Pts',(449.724958535498,-1.9914909597798,27.9290881297101));
#7013=CARTESIAN_POINT('Ctrl Pts',(449.976174678758,-1.9914909597798,27.9290881297101));
#7014=CARTESIAN_POINT('',(447.976174678758,0.00850904022022561,27.9999987070756));
#7015=CARTESIAN_POINT('Ctrl Pts',(447.976174678758,0.00850904022022767,
27.9999987070756));
#7016=CARTESIAN_POINT('Ctrl Pts',(447.976174678758,0.00567479940705827,
27.9999995683852));
#7017=CARTESIAN_POINT('Ctrl Pts',(447.976180703496,0.00283843271202147,
28.0000000000005));
#7018=CARTESIAN_POINT('Ctrl Pts',(447.976192779801,-4.59203701942728E-9,
28.));
#7019=CARTESIAN_POINT('',(447.976174678758,0.00850904022022406,29.9999992403054));
#7020=CARTESIAN_POINT('',(447.976174678758,0.00850904022022145,-0.00850904022022169));
#7021=CARTESIAN_POINT('',(447.976192779801,-2.29608967072324E-9,30.0000004470348));
#7022=CARTESIAN_POINT('Ctrl Pts',(447.976192779801,-4.59217656006942E-9,
30.0000004470348));
#7023=CARTESIAN_POINT('Ctrl Pts',(447.976180703492,0.00283843373728766,
30.0000004470353));
#7024=CARTESIAN_POINT('Ctrl Pts',(447.976174678758,0.00567480043468513,
30.0000000441941));
#7025=CARTESIAN_POINT('Ctrl Pts',(447.976174678758,0.0085090402202286,29.9999992403054));
#7026=CARTESIAN_POINT('',(449.976174678758,-1.99149095977981,29.9338268615826));
#7027=CARTESIAN_POINT('Ctrl Pts',(449.976174678758,-1.99149095977981,29.9338268615826));
#7028=CARTESIAN_POINT('Ctrl Pts',(449.724970389043,-1.99149095977981,29.9338268615826));
#7029=CARTESIAN_POINT('Ctrl Pts',(449.457072709449,-1.94127251318464,29.9373002212628));
#7030=CARTESIAN_POINT('Ctrl Pts',(448.96433506047,-1.73714143191189,29.9498384492137));
#7031=CARTESIAN_POINT('Ctrl Pts',(448.739488795953,-1.58323285858343,29.9587213867149));
#7032=CARTESIAN_POINT('Ctrl Pts',(448.384429487926,-1.22817223682576,29.9753766600387));
#7033=CARTESIAN_POINT('Ctrl Pts',(448.230521952104,-1.00332643556271,29.9842308358903));
#7034=CARTESIAN_POINT('Ctrl Pts',(448.02754406956,-0.513369827416768,29.9965973299984));
#7035=CARTESIAN_POINT('Ctrl Pts',(447.977251042891,-0.248736151967973,30.0000004469968));
#7036=CARTESIAN_POINT('Ctrl Pts',(447.976192779801,-4.59218767179248E-9,
30.0000004470348));
#7037=CARTESIAN_POINT('',(451.976156577715,-2.29609078094626E-9,30.0000004470348));
#7038=CARTESIAN_POINT('Ctrl Pts',(451.976156577715,-4.59217823489677E-9,
30.0000004470348));
#7039=CARTESIAN_POINT('Ctrl Pts',(451.975098314625,-0.248736151967964,30.0000004469968));
#7040=CARTESIAN_POINT('Ctrl Pts',(451.924805287956,-0.513369827416768,29.9965973299984));
#7041=CARTESIAN_POINT('Ctrl Pts',(451.721827405412,-1.00332643556271,29.9842308358903));
#7042=CARTESIAN_POINT('Ctrl Pts',(451.56791986959,-1.22817223682576,29.9753766600387));
#7043=CARTESIAN_POINT('Ctrl Pts',(451.212860561564,-1.58323285858343,29.9587213867149));
#7044=CARTESIAN_POINT('Ctrl Pts',(450.988014297047,-1.73714143191189,29.9498384492137));
#7045=CARTESIAN_POINT('Ctrl Pts',(450.495276648067,-1.94127251318462,29.9373002212628));
#7046=CARTESIAN_POINT('Ctrl Pts',(450.227378968473,-1.9914909597798,29.9338268615826));
#7047=CARTESIAN_POINT('Ctrl Pts',(449.976174678758,-1.9914909597798,29.9338268615826));
#7048=CARTESIAN_POINT('Ctrl Pts',(447.976174678758,0.00850904022021995,
29.9999992403054));
#7049=CARTESIAN_POINT('Ctrl Pts',(447.976174678758,0.259715196868767,29.9999279895273));
#7050=CARTESIAN_POINT('Ctrl Pts',(448.026393825235,0.527613610741632,29.9963729244551));
#7051=CARTESIAN_POINT('Ctrl Pts',(448.230525490498,1.02035084573239,29.983656363049));
#7052=CARTESIAN_POINT('Ctrl Pts',(448.384433854653,1.24519600334639,29.9746743336437));
#7053=CARTESIAN_POINT('Ctrl Pts',(448.739492593526,1.60025341724382,29.9578170619526));
#7054=CARTESIAN_POINT('Ctrl Pts',(448.96433717074,1.7541605506039,29.9488464696212));
#7055=CARTESIAN_POINT('Ctrl Pts',(449.457072698523,1.95829042508818,29.9361918541659));
#7056=CARTESIAN_POINT('Ctrl Pts',(449.724970014794,2.00850904022026,29.9326897932251));
#7057=CARTESIAN_POINT('Ctrl Pts',(450.227379342722,2.00850904022026,29.9326897932251));
#7058=CARTESIAN_POINT('Ctrl Pts',(450.495276658993,1.95829042508817,29.9361918541659));
#7059=CARTESIAN_POINT('Ctrl Pts',(450.988012186776,1.75416055060385,29.9488464696212));
#7060=CARTESIAN_POINT('Ctrl Pts',(451.21285676399,1.60025341724382,29.9578170619526));
#7061=CARTESIAN_POINT('Ctrl Pts',(451.567915502863,1.24519600334639,29.9746743336437));
#7062=CARTESIAN_POINT('Ctrl Pts',(451.721823867018,1.02035084573239,29.983656363049));
#7063=CARTESIAN_POINT('Ctrl Pts',(451.925955532281,0.527613610741632,29.9963729244551));
#7064=CARTESIAN_POINT('Ctrl Pts',(451.976174678758,0.259715196868775,29.9999279895273));
#7065=CARTESIAN_POINT('Ctrl Pts',(451.976174678758,0.00567480043468502,
30.0000000441941));
#7066=CARTESIAN_POINT('Ctrl Pts',(451.976168654024,0.00283843373728754,
30.0000004470353));
#7067=CARTESIAN_POINT('Ctrl Pts',(451.976156577715,-4.59217668397465E-9,
30.0000004470348));
#7068=CARTESIAN_POINT('Ctrl Pts',(451.976156577715,-4.59203684012537E-9,
28.));
#7069=CARTESIAN_POINT('Ctrl Pts',(451.97616865402,0.00283843271202184,28.0000000000005));
#7070=CARTESIAN_POINT('Ctrl Pts',(451.976174678758,0.00567479940705882,
27.9999995683852));
#7071=CARTESIAN_POINT('Ctrl Pts',(451.976174678758,0.259727299211677,27.9999223632767));
#7072=CARTESIAN_POINT('Ctrl Pts',(451.925950810435,0.52763095049764,27.9961131000564));
#7073=CARTESIAN_POINT('Ctrl Pts',(451.721815532494,1.02036502133259,27.9824873511088));
#7074=CARTESIAN_POINT('Ctrl Pts',(451.56790889225,1.24520271204778,27.9728630313059));
#7075=CARTESIAN_POINT('Ctrl Pts',(451.212862729676,1.60024735346776,27.954799300716));
#7076=CARTESIAN_POINT('Ctrl Pts',(450.98802571418,1.75415256436457,27.945185852789));
#7077=CARTESIAN_POINT('Ctrl Pts',(450.495293633753,1.95828577478039,27.9316233043027));
#7078=CARTESIAN_POINT('Ctrl Pts',(450.227391253019,2.00850904022026,27.9278694396002));
#7079=CARTESIAN_POINT('Ctrl Pts',(449.724958104497,2.00850904022026,27.9278694396002));
#7080=CARTESIAN_POINT('Ctrl Pts',(449.457055723764,1.95828577478041,27.9316233043027));
#7081=CARTESIAN_POINT('Ctrl Pts',(448.964323643336,1.75415256436461,27.9451858527889));
#7082=CARTESIAN_POINT('Ctrl Pts',(448.73948662784,1.60024735346776,27.954799300716));
#7083=CARTESIAN_POINT('Ctrl Pts',(448.384440465267,1.24520271204778,27.9728630313059));
#7084=CARTESIAN_POINT('Ctrl Pts',(448.230533825023,1.02036502133259,27.9824873511088));
#7085=CARTESIAN_POINT('Ctrl Pts',(448.026398547081,0.527630950497639,27.9961131000564));
#7086=CARTESIAN_POINT('Ctrl Pts',(447.976174678758,0.259727299211678,27.9999223632767));
#7087=CARTESIAN_POINT('Ctrl Pts',(447.976174678758,0.00850904022022952,
27.9999987070756));
#7088=CARTESIAN_POINT('Origin',(470.000007003546,0.00850904022022169,-0.00850904022022169));
#7089=CARTESIAN_POINT('',(470.000007003546,-1.99149095977981,-29.9338268615826));
#7090=CARTESIAN_POINT('',(468.000007003546,0.00850904022021702,-29.9999992403054));
#7091=CARTESIAN_POINT('Ctrl Pts',(470.000007003546,-1.99149095977981,-29.9338268615826));
#7092=CARTESIAN_POINT('Ctrl Pts',(470.251211293261,-1.99149095977981,-29.9338268615826));
#7093=CARTESIAN_POINT('Ctrl Pts',(470.519108972855,-1.94127251318465,-29.9373002212628));
#7094=CARTESIAN_POINT('Ctrl Pts',(471.011846621834,-1.73714143191191,-29.9498384492137));
#7095=CARTESIAN_POINT('Ctrl Pts',(471.236692886351,-1.58323285858345,-29.9587213867149));
#7096=CARTESIAN_POINT('Ctrl Pts',(471.591752194378,-1.22817223682577,-29.9753766600387));
#7097=CARTESIAN_POINT('Ctrl Pts',(471.7456597302,-1.00332643556272,-29.9842308358903));
#7098=CARTESIAN_POINT('Ctrl Pts',(471.949789177489,-0.510590131670957,-29.9966674894584));
#7099=CARTESIAN_POINT('Ctrl Pts',(472.000007003546,-0.242693422921538,-30.000070490036));
#7100=CARTESIAN_POINT('Ctrl Pts',(472.000007003546,0.259715196868762,-29.9999279895273));
#7101=CARTESIAN_POINT('Ctrl Pts',(471.949787857069,0.527613610741593,-29.9963729244551));
#7102=CARTESIAN_POINT('Ctrl Pts',(471.745656191805,1.02035084573235,-29.983656363049));
#7103=CARTESIAN_POINT('Ctrl Pts',(471.59174782765,1.24519600334638,-29.9746743336437));
#7104=CARTESIAN_POINT('Ctrl Pts',(471.236689088778,1.60025341724381,-29.9578170619526));
#7105=CARTESIAN_POINT('Ctrl Pts',(471.011844511564,1.75416055060382,-29.9488464696212));
#7106=CARTESIAN_POINT('Ctrl Pts',(470.519108983781,1.95829042508815,-29.9361918541659));
#7107=CARTESIAN_POINT('Ctrl Pts',(470.25121166751,2.00850904022024,-29.9326897932251));
#7108=CARTESIAN_POINT('Ctrl Pts',(469.748802339581,2.00850904022024,-29.9326897932251));
#7109=CARTESIAN_POINT('Ctrl Pts',(469.48090502331,1.95829042508815,-29.9361918541659));
#7110=CARTESIAN_POINT('Ctrl Pts',(468.988169495528,1.75416055060384,-29.9488464696212));
#7111=CARTESIAN_POINT('Ctrl Pts',(468.763324918314,1.60025341724381,-29.9578170619526));
#7112=CARTESIAN_POINT('Ctrl Pts',(468.408266179441,1.24519600334638,-29.9746743336437));
#7113=CARTESIAN_POINT('Ctrl Pts',(468.254357815286,1.02035084573237,-29.983656363049));
#7114=CARTESIAN_POINT('Ctrl Pts',(468.050226150023,0.527613610741619,-29.9963729244551));
#7115=CARTESIAN_POINT('Ctrl Pts',(468.000007003546,0.259715196868763,-29.9999279895273));
#7116=CARTESIAN_POINT('Ctrl Pts',(468.000007003546,0.00850904022021579,
-29.9999992403054));
#7117=CARTESIAN_POINT('Ctrl Pts',(468.000007003546,0.00850904022021905,
-29.9999992403054));
#7118=CARTESIAN_POINT('Ctrl Pts',(468.000007003546,-0.242693422921534,-30.000070490036));
#7119=CARTESIAN_POINT('Ctrl Pts',(468.050224829602,-0.510590131670957,-29.9966674894584));
#7120=CARTESIAN_POINT('Ctrl Pts',(468.254354276892,-1.00332643556272,-29.9842308358903));
#7121=CARTESIAN_POINT('Ctrl Pts',(468.408261812713,-1.22817223682577,-29.9753766600387));
#7122=CARTESIAN_POINT('Ctrl Pts',(468.76332112074,-1.58323285858345,-29.9587213867149));
#7123=CARTESIAN_POINT('Ctrl Pts',(468.988167385257,-1.73714143191183,-29.9498384492137));
#7124=CARTESIAN_POINT('Ctrl Pts',(469.480905034237,-1.9412725131846,-29.9373002212628));
#7125=CARTESIAN_POINT('Ctrl Pts',(469.748802713831,-1.99149095977982,-29.9338268615826));
#7126=CARTESIAN_POINT('Ctrl Pts',(470.000007003546,-1.99149095977982,-29.9338268615826));
#7127=CARTESIAN_POINT('',(468.000007003546,0.00850904022021593,-27.9999987070756));
#7128=CARTESIAN_POINT('',(468.000007003546,0.00850904022022145,-0.00850904022022169));
#7129=CARTESIAN_POINT('',(470.000007003546,-1.99149095977982,-27.9290881297101));
#7130=CARTESIAN_POINT('Ctrl Pts',(470.000007003546,-1.99149095977982,-27.9290881297101));
#7131=CARTESIAN_POINT('Ctrl Pts',(469.748790860286,-1.99149095977982,-27.9290881297101));
#7132=CARTESIAN_POINT('Ctrl Pts',(469.480888062454,-1.94126788824816,-27.9328112060736));
#7133=CARTESIAN_POINT('Ctrl Pts',(468.988153545921,-1.73713329228436,-27.9462489574175));
#7134=CARTESIAN_POINT('Ctrl Pts',(468.763314592662,-1.58322642775983,-27.9557684352151));
#7135=CARTESIAN_POINT('Ctrl Pts',(468.40826777584,-1.22817810269684,-27.9736156537066));
#7136=CARTESIAN_POINT('Ctrl Pts',(468.254362086679,-1.0033396726171,-27.9831029435367));
#7137=CARTESIAN_POINT('Ctrl Pts',(468.050229355587,-0.510606670886015,-27.996428730719));
#7138=CARTESIAN_POINT('Ctrl Pts',(468.000007003546,-0.242704977653446,-28.0000750495856));
#7139=CARTESIAN_POINT('Ctrl Pts',(468.000007003546,0.00850904022021294,
-27.9999987070756));
#7140=CARTESIAN_POINT('Ctrl Pts',(468.000007003546,0.00850904022021662,
-27.9999987070756));
#7141=CARTESIAN_POINT('Ctrl Pts',(468.000007003546,0.259727299211666,-27.9999223632767));
#7142=CARTESIAN_POINT('Ctrl Pts',(468.050230871869,0.527630950497679,-27.9961131000564));
#7143=CARTESIAN_POINT('Ctrl Pts',(468.25436614981,1.02036502133263,-27.9824873511088));
#7144=CARTESIAN_POINT('Ctrl Pts',(468.408272790054,1.24520271204777,-27.9728630313059));
#7145=CARTESIAN_POINT('Ctrl Pts',(468.763318952628,1.60024735346775,-27.954799300716));
#7146=CARTESIAN_POINT('Ctrl Pts',(468.988155968124,1.75415256436459,-27.9451858527889));
#7147=CARTESIAN_POINT('Ctrl Pts',(469.480888048551,1.9582857747804,-27.9316233043027));
#7148=CARTESIAN_POINT('Ctrl Pts',(469.748790429285,2.00850904022024,-27.9278694396002));
#7149=CARTESIAN_POINT('Ctrl Pts',(470.251223577807,2.00850904022024,-27.9278694396002));
#7150=CARTESIAN_POINT('Ctrl Pts',(470.51912595854,1.95828577478038,-27.9316233043027));
#7151=CARTESIAN_POINT('Ctrl Pts',(471.011858038968,1.75415256436456,-27.9451858527889));
#7152=CARTESIAN_POINT('Ctrl Pts',(471.236695054464,1.60024735346775,-27.954799300716));
#7153=CARTESIAN_POINT('Ctrl Pts',(471.591741217037,1.24520271204777,-27.9728630313059));
#7154=CARTESIAN_POINT('Ctrl Pts',(471.745647857281,1.02036502133258,-27.9824873511088));
#7155=CARTESIAN_POINT('Ctrl Pts',(471.949783135223,0.527630950497628,-27.9961131000564));
#7156=CARTESIAN_POINT('Ctrl Pts',(472.000007003546,0.259727299211665,-27.9999223632767));
#7157=CARTESIAN_POINT('Ctrl Pts',(472.000007003546,-0.242704977653443,-28.0000750495856));
#7158=CARTESIAN_POINT('Ctrl Pts',(471.949784651504,-0.510606670886015,-27.996428730719));
#7159=CARTESIAN_POINT('Ctrl Pts',(471.745651920413,-1.0033396726171,-27.9831029435367));
#7160=CARTESIAN_POINT('Ctrl Pts',(471.591746231251,-1.22817810269683,-27.9736156537066));
#7161=CARTESIAN_POINT('Ctrl Pts',(471.236699414429,-1.58322642775983,-27.9557684352151));
#7162=CARTESIAN_POINT('Ctrl Pts',(471.011860461171,-1.73713329228436,-27.9462489574175));
#7163=CARTESIAN_POINT('Ctrl Pts',(470.519125944637,-1.94126788824816,-27.9328112060736));
#7164=CARTESIAN_POINT('Ctrl Pts',(470.251223146806,-1.99149095977981,-27.9290881297101));
#7165=CARTESIAN_POINT('Ctrl Pts',(470.000007003546,-1.99149095977981,-27.9290881297101));
#7166=CARTESIAN_POINT('Origin',(470.000007003546,0.00850904022022169,-0.00850904022022169));
#7167=CARTESIAN_POINT('',(470.000007003546,-1.99149095977981,27.9290881297101));
#7168=CARTESIAN_POINT('',(471.999988902503,-2.29601526739929E-9,28.));
#7169=CARTESIAN_POINT('Ctrl Pts',(470.000007003546,-1.99149095977981,27.9290881297101));
#7170=CARTESIAN_POINT('Ctrl Pts',(470.251223146806,-1.99149095977981,27.9290881297101));
#7171=CARTESIAN_POINT('Ctrl Pts',(470.519125944637,-1.94126788824815,27.9328112060736));
#7172=CARTESIAN_POINT('Ctrl Pts',(471.011860461171,-1.73713329228435,27.9462489574175));
#7173=CARTESIAN_POINT('Ctrl Pts',(471.236699414429,-1.58322642775982,27.9557684352151));
#7174=CARTESIAN_POINT('Ctrl Pts',(471.591746231251,-1.22817810269682,27.9736156537066));
#7175=CARTESIAN_POINT('Ctrl Pts',(471.745651920413,-1.00333967261709,27.9831029435367));
#7176=CARTESIAN_POINT('Ctrl Pts',(471.948633120784,-0.513386221158162,27.9963535587795));
#7177=CARTESIAN_POINT('Ctrl Pts',(471.99893059095,-0.248747542735713,27.9999999999592));
#7178=CARTESIAN_POINT('Ctrl Pts',(471.999988902503,-4.59203348956994E-9,
28.));
#7179=CARTESIAN_POINT('',(468.000025104589,-2.29602182465403E-9,28.));
#7180=CARTESIAN_POINT('Ctrl Pts',(468.000025104589,-4.59203702840583E-9,
28.));
#7181=CARTESIAN_POINT('Ctrl Pts',(468.001083416141,-0.248747542735716,27.9999999999592));
#7182=CARTESIAN_POINT('Ctrl Pts',(468.051380886307,-0.513386221158162,27.9963535587795));
#7183=CARTESIAN_POINT('Ctrl Pts',(468.254362086679,-1.00333967261709,27.9831029435367));
#7184=CARTESIAN_POINT('Ctrl Pts',(468.40826777584,-1.22817810269682,27.9736156537066));
#7185=CARTESIAN_POINT('Ctrl Pts',(468.763314592662,-1.58322642775982,27.9557684352151));
#7186=CARTESIAN_POINT('Ctrl Pts',(468.988153545921,-1.73713329228433,27.9462489574175));
#7187=CARTESIAN_POINT('Ctrl Pts',(469.480888062454,-1.94126788824815,27.9328112060736));
#7188=CARTESIAN_POINT('Ctrl Pts',(469.748790860286,-1.99149095977981,27.9290881297101));
#7189=CARTESIAN_POINT('Ctrl Pts',(470.000007003546,-1.99149095977981,27.9290881297101));
#7190=CARTESIAN_POINT('',(468.000007003546,0.00850904022022593,27.9999987070756));
#7191=CARTESIAN_POINT('Ctrl Pts',(468.000007003546,0.00850904022022767,
27.9999987070756));
#7192=CARTESIAN_POINT('Ctrl Pts',(468.000007003546,0.00567479940705827,
27.9999995683852));
#7193=CARTESIAN_POINT('Ctrl Pts',(468.000013028284,0.00283843271202147,
28.0000000000005));
#7194=CARTESIAN_POINT('Ctrl Pts',(468.000025104589,-4.59203701911895E-9,
28.));
#7195=CARTESIAN_POINT('',(468.000007003546,0.00850904022022812,29.9999992403054));
#7196=CARTESIAN_POINT('',(468.000007003546,0.00850904022022145,-0.00850904022022169));
#7197=CARTESIAN_POINT('',(468.000025104589,-2.29608842172234E-9,30.0000004470348));
#7198=CARTESIAN_POINT('Ctrl Pts',(468.000025104589,-4.59217679723799E-9,
30.0000004470348));
#7199=CARTESIAN_POINT('Ctrl Pts',(468.00001302828,0.00283843373728762,30.0000004470353));
#7200=CARTESIAN_POINT('Ctrl Pts',(468.000007003546,0.00567480043468494,
30.0000000441941));
#7201=CARTESIAN_POINT('Ctrl Pts',(468.000007003546,0.0085090402202286,29.9999992403054));
#7202=CARTESIAN_POINT('',(470.000007003546,-1.9914909597798,29.9338268615826));
#7203=CARTESIAN_POINT('Ctrl Pts',(470.000007003546,-1.9914909597798,29.9338268615826));
#7204=CARTESIAN_POINT('Ctrl Pts',(469.748802713831,-1.9914909597798,29.9338268615826));
#7205=CARTESIAN_POINT('Ctrl Pts',(469.480905034237,-1.94127251318464,29.9373002212628));
#7206=CARTESIAN_POINT('Ctrl Pts',(468.988167385257,-1.73714143191189,29.9498384492137));
#7207=CARTESIAN_POINT('Ctrl Pts',(468.76332112074,-1.58323285858343,29.9587213867149));
#7208=CARTESIAN_POINT('Ctrl Pts',(468.408261812713,-1.22817223682576,29.9753766600387));
#7209=CARTESIAN_POINT('Ctrl Pts',(468.254354276892,-1.00332643556271,29.9842308358903));
#7210=CARTESIAN_POINT('Ctrl Pts',(468.051376394348,-0.513369827416768,29.9965973299984));
#7211=CARTESIAN_POINT('Ctrl Pts',(468.001083367679,-0.248736151967965,30.0000004469968));
#7212=CARTESIAN_POINT('Ctrl Pts',(468.000025104589,-4.59218010839813E-9,
30.0000004470348));
#7213=CARTESIAN_POINT('',(471.999988902503,-2.29609150953012E-9,30.0000004470348));
#7214=CARTESIAN_POINT('Ctrl Pts',(471.999988902503,-4.592174557283E-9,30.0000004470348));
#7215=CARTESIAN_POINT('Ctrl Pts',(471.998930639413,-0.24873615196796,30.0000004469968));
#7216=CARTESIAN_POINT('Ctrl Pts',(471.948637612744,-0.513369827416768,29.9965973299984));
#7217=CARTESIAN_POINT('Ctrl Pts',(471.7456597302,-1.00332643556271,29.9842308358903));
#7218=CARTESIAN_POINT('Ctrl Pts',(471.591752194378,-1.22817223682576,29.9753766600387));
#7219=CARTESIAN_POINT('Ctrl Pts',(471.236692886351,-1.58323285858343,29.9587213867149));
#7220=CARTESIAN_POINT('Ctrl Pts',(471.011846621834,-1.73714143191189,29.9498384492137));
#7221=CARTESIAN_POINT('Ctrl Pts',(470.519108972855,-1.94127251318462,29.9373002212628));
#7222=CARTESIAN_POINT('Ctrl Pts',(470.251211293261,-1.99149095977979,29.9338268615826));
#7223=CARTESIAN_POINT('Ctrl Pts',(470.000007003546,-1.99149095977979,29.9338268615826));
#7224=CARTESIAN_POINT('Ctrl Pts',(468.000007003546,0.00850904022022737,
29.9999992403054));
#7225=CARTESIAN_POINT('Ctrl Pts',(468.000007003546,0.259715196868774,29.9999279895273));
#7226=CARTESIAN_POINT('Ctrl Pts',(468.050226150023,0.527613610741632,29.9963729244551));
#7227=CARTESIAN_POINT('Ctrl Pts',(468.254357815286,1.02035084573239,29.983656363049));
#7228=CARTESIAN_POINT('Ctrl Pts',(468.408266179441,1.24519600334639,29.9746743336437));
#7229=CARTESIAN_POINT('Ctrl Pts',(468.763324918314,1.60025341724382,29.9578170619526));
#7230=CARTESIAN_POINT('Ctrl Pts',(468.988169495528,1.7541605506039,29.9488464696212));
#7231=CARTESIAN_POINT('Ctrl Pts',(469.480905023311,1.95829042508818,29.9361918541659));
#7232=CARTESIAN_POINT('Ctrl Pts',(469.748802339581,2.00850904022026,29.9326897932251));
#7233=CARTESIAN_POINT('Ctrl Pts',(470.25121166751,2.00850904022026,29.9326897932251));
#7234=CARTESIAN_POINT('Ctrl Pts',(470.519108983781,1.95829042508817,29.9361918541659));
#7235=CARTESIAN_POINT('Ctrl Pts',(471.011844511564,1.75416055060385,29.9488464696212));
#7236=CARTESIAN_POINT('Ctrl Pts',(471.236689088778,1.60025341724382,29.9578170619526));
#7237=CARTESIAN_POINT('Ctrl Pts',(471.59174782765,1.24519600334639,29.9746743336437));
#7238=CARTESIAN_POINT('Ctrl Pts',(471.745656191805,1.02035084573239,29.983656363049));
#7239=CARTESIAN_POINT('Ctrl Pts',(471.949787857069,0.527613610741632,29.9963729244551));
#7240=CARTESIAN_POINT('Ctrl Pts',(472.000007003546,0.259715196868775,29.9999279895273));
#7241=CARTESIAN_POINT('Ctrl Pts',(472.000007003546,0.00567480043468502,
30.0000000441941));
#7242=CARTESIAN_POINT('Ctrl Pts',(472.000000978812,0.00283843373728754,
30.0000004470353));
#7243=CARTESIAN_POINT('Ctrl Pts',(471.999988902503,-4.59217700316314E-9,
30.0000004470348));
#7244=CARTESIAN_POINT('Ctrl Pts',(471.999988902503,-4.59203684012537E-9,
28.));
#7245=CARTESIAN_POINT('Ctrl Pts',(472.000000978807,0.00283843271202184,
28.0000000000005));
#7246=CARTESIAN_POINT('Ctrl Pts',(472.000007003546,0.00567479940705882,
27.9999995683852));
#7247=CARTESIAN_POINT('Ctrl Pts',(472.000007003546,0.259727299211677,27.9999223632767));
#7248=CARTESIAN_POINT('Ctrl Pts',(471.949783135223,0.52763095049764,27.9961131000564));
#7249=CARTESIAN_POINT('Ctrl Pts',(471.745647857281,1.02036502133259,27.9824873511088));
#7250=CARTESIAN_POINT('Ctrl Pts',(471.591741217037,1.24520271204778,27.9728630313059));
#7251=CARTESIAN_POINT('Ctrl Pts',(471.236695054464,1.60024735346776,27.954799300716));
#7252=CARTESIAN_POINT('Ctrl Pts',(471.011858038968,1.75415256436457,27.945185852789));
#7253=CARTESIAN_POINT('Ctrl Pts',(470.51912595854,1.95828577478039,27.9316233043027));
#7254=CARTESIAN_POINT('Ctrl Pts',(470.251223577807,2.00850904022026,27.9278694396002));
#7255=CARTESIAN_POINT('Ctrl Pts',(469.748790429285,2.00850904022026,27.9278694396002));
#7256=CARTESIAN_POINT('Ctrl Pts',(469.480888048551,1.95828577478041,27.9316233043027));
#7257=CARTESIAN_POINT('Ctrl Pts',(468.988155968124,1.75415256436461,27.9451858527889));
#7258=CARTESIAN_POINT('Ctrl Pts',(468.763318952628,1.60024735346776,27.954799300716));
#7259=CARTESIAN_POINT('Ctrl Pts',(468.408272790054,1.24520271204778,27.9728630313059));
#7260=CARTESIAN_POINT('Ctrl Pts',(468.25436614981,1.02036502133259,27.9824873511088));
#7261=CARTESIAN_POINT('Ctrl Pts',(468.050230871869,0.527630950497639,27.9961131000564));
#7262=CARTESIAN_POINT('Ctrl Pts',(468.000007003546,0.259727299211676,27.9999223632767));
#7263=CARTESIAN_POINT('Ctrl Pts',(468.000007003546,0.00850904022022696,
27.9999987070756));
#7264=CARTESIAN_POINT('Origin',(449.976174678758,0.,0.));
#7265=CARTESIAN_POINT('',(449.976174678758,-29.9332595422231,2.00000000000003));
#7266=CARTESIAN_POINT('',(447.976174678758,-30.0000004470348,2.44929359829474E-16));
#7267=CARTESIAN_POINT('Ctrl Pts',(449.976174678758,-29.9332595422231,2.00000000000003));
#7268=CARTESIAN_POINT('Ctrl Pts',(450.227379156105,-29.9332595422231,2.00000000000003));
#7269=CARTESIAN_POINT('Ctrl Pts',(450.495276655317,-29.9367472520989,1.94978146899447));
#7270=CARTESIAN_POINT('Ctrl Pts',(450.988013247784,-29.9493436726098,1.74565098822718));
#7271=CARTESIAN_POINT('Ctrl Pts',(451.212858671428,-29.9582704368075,1.59174313207657));
#7272=CARTESIAN_POINT('Ctrl Pts',(451.567917692093,-29.9750267077402,1.23668411141089));
#7273=CARTESIAN_POINT('Ctrl Pts',(451.721825639285,-29.983944809221,1.01183863471539));
#7274=CARTESIAN_POINT('Ctrl Pts',(451.925956192657,-29.9965214148873,0.519101869340458));
#7275=CARTESIAN_POINT('Ctrl Pts',(451.976174678758,-30.0000004470348,0.251204309327768));
#7276=CARTESIAN_POINT('Ctrl Pts',(451.976174678758,-30.0000004470348,-0.251204309327768));
#7277=CARTESIAN_POINT('Ctrl Pts',(451.925956192657,-29.9965214148873,-0.519101869340458));
#7278=CARTESIAN_POINT('Ctrl Pts',(451.721825639285,-29.983944809221,-1.01183863471539));
#7279=CARTESIAN_POINT('Ctrl Pts',(451.567917692093,-29.9750267077402,-1.23668411141089));
#7280=CARTESIAN_POINT('Ctrl Pts',(451.212858671428,-29.9582704368075,-1.59174313207657));
#7281=CARTESIAN_POINT('Ctrl Pts',(450.988013247784,-29.9493436726098,-1.74565098822718));
#7282=CARTESIAN_POINT('Ctrl Pts',(450.495276655317,-29.9367472520989,-1.94978146899447));
#7283=CARTESIAN_POINT('Ctrl Pts',(450.227379156105,-29.9332595422231,-2.00000000000003));
#7284=CARTESIAN_POINT('Ctrl Pts',(449.724970201411,-29.9332595422231,-2.00000000000003));
#7285=CARTESIAN_POINT('Ctrl Pts',(449.4570727022,-29.9367472520989,-1.94978146899447));
#7286=CARTESIAN_POINT('Ctrl Pts',(448.964336109733,-29.9493436726098,-1.74565098822718));
#7287=CARTESIAN_POINT('Ctrl Pts',(448.739490686089,-29.9582704368075,-1.59174313207657));
#7288=CARTESIAN_POINT('Ctrl Pts',(448.384431665423,-29.9750267077402,-1.23668411141089));
#7289=CARTESIAN_POINT('Ctrl Pts',(448.230523718231,-29.983944809221,-1.01183863471539));
#7290=CARTESIAN_POINT('Ctrl Pts',(448.026393164859,-29.9965214148873,-0.519101869340458));
#7291=CARTESIAN_POINT('Ctrl Pts',(447.976174678758,-30.0000004470348,-0.251204309327767));
#7292=CARTESIAN_POINT('Ctrl Pts',(447.976174678758,-30.0000004470348,1.04083408558608E-15));
#7293=CARTESIAN_POINT('Ctrl Pts',(447.976174678758,-30.0000004470348,-1.52655665885959E-15));
#7294=CARTESIAN_POINT('Ctrl Pts',(447.976174678758,-30.0000004470348,0.251204309327767));
#7295=CARTESIAN_POINT('Ctrl Pts',(448.026393164859,-29.9965214148873,0.519101869340457));
#7296=CARTESIAN_POINT('Ctrl Pts',(448.230523718231,-29.983944809221,1.01183863471539));
#7297=CARTESIAN_POINT('Ctrl Pts',(448.384431665423,-29.9750267077402,1.23668411141089));
#7298=CARTESIAN_POINT('Ctrl Pts',(448.739490686089,-29.9582704368075,1.59174313207657));
#7299=CARTESIAN_POINT('Ctrl Pts',(448.964336109733,-29.9493436726098,1.74565098822718));
#7300=CARTESIAN_POINT('Ctrl Pts',(449.4570727022,-29.9367472520989,1.94978146899447));
#7301=CARTESIAN_POINT('Ctrl Pts',(449.724970201411,-29.9332595422231,2.00000000000003));
#7302=CARTESIAN_POINT('Ctrl Pts',(449.976174678758,-29.9332595422231,2.00000000000003));
#7303=CARTESIAN_POINT('',(447.976174678758,-28.,-2.15002307361488E-15));
#7304=CARTESIAN_POINT('',(447.976174678758,0.,2.44929359829474E-16));
#7305=CARTESIAN_POINT('',(449.976174678758,-27.9284800875379,2.00000000000004));
#7306=CARTESIAN_POINT('Ctrl Pts',(449.976174678758,-27.9284800875379,2.00000000000004));
#7307=CARTESIAN_POINT('Ctrl Pts',(449.724958319419,-27.9284800875379,2.00000000000004));
#7308=CARTESIAN_POINT('Ctrl Pts',(449.457055728668,-27.9322185575352,1.94977683135258));
#7309=CARTESIAN_POINT('Ctrl Pts',(448.964322425493,-27.9457187059815,1.7456429248453));
#7310=CARTESIAN_POINT('Ctrl Pts',(448.739484437922,-27.955285167959,1.59173688391035));
#7311=CARTESIAN_POINT('Ctrl Pts',(448.384437951417,-27.9732406405612,1.23669039740516));
#7312=CARTESIAN_POINT('Ctrl Pts',(448.230531789926,-27.9827964439655,1.0118523401541));
#7313=CARTESIAN_POINT('Ctrl Pts',(448.026397788747,-27.99627220979,0.519118808540026));
#7314=CARTESIAN_POINT('Ctrl Pts',(447.976174678758,-28.,0.251216137774806));
#7315=CARTESIAN_POINT('Ctrl Pts',(447.976174678758,-28.,2.74086309204336E-15));
#7316=CARTESIAN_POINT('Ctrl Pts',(447.976174678758,-28.,-4.54497550705923E-15));
#7317=CARTESIAN_POINT('Ctrl Pts',(447.976174678758,-28.,-0.251216137774808));
#7318=CARTESIAN_POINT('Ctrl Pts',(448.026397788747,-27.99627220979,-0.519118808540025));
#7319=CARTESIAN_POINT('Ctrl Pts',(448.230531789926,-27.9827964439655,-1.0118523401541));
#7320=CARTESIAN_POINT('Ctrl Pts',(448.384437951417,-27.9732406405612,-1.23669039740516));
#7321=CARTESIAN_POINT('Ctrl Pts',(448.739484437922,-27.955285167959,-1.59173688391035));
#7322=CARTESIAN_POINT('Ctrl Pts',(448.964322425493,-27.9457187059815,-1.7456429248453));
#7323=CARTESIAN_POINT('Ctrl Pts',(449.457055728668,-27.9322185575352,-1.94977683135258));
#7324=CARTESIAN_POINT('Ctrl Pts',(449.724958319419,-27.9284800875379,-2.00000000000003));
#7325=CARTESIAN_POINT('Ctrl Pts',(450.227391038097,-27.9284800875379,-2.00000000000003));
#7326=CARTESIAN_POINT('Ctrl Pts',(450.495293628848,-27.9322185575352,-1.94977683135258));
#7327=CARTESIAN_POINT('Ctrl Pts',(450.988026932023,-27.9457187059815,-1.7456429248453));
#7328=CARTESIAN_POINT('Ctrl Pts',(451.212864919594,-27.955285167959,-1.59173688391035));
#7329=CARTESIAN_POINT('Ctrl Pts',(451.567911406099,-27.9732406405612,-1.23669039740516));
#7330=CARTESIAN_POINT('Ctrl Pts',(451.721817567591,-27.9827964439655,-1.01185234015402));
#7331=CARTESIAN_POINT('Ctrl Pts',(451.925951568769,-27.99627220979,-0.519118808539941));
#7332=CARTESIAN_POINT('Ctrl Pts',(451.976174678758,-28.,-0.251216137774804));
#7333=CARTESIAN_POINT('Ctrl Pts',(451.976174678758,-28.,0.251216137774803));
#7334=CARTESIAN_POINT('Ctrl Pts',(451.925951568769,-27.99627220979,0.519118808539965));
#7335=CARTESIAN_POINT('Ctrl Pts',(451.721817567591,-27.9827964439655,1.01185234015402));
#7336=CARTESIAN_POINT('Ctrl Pts',(451.567911406099,-27.9732406405612,1.23669039740516));
#7337=CARTESIAN_POINT('Ctrl Pts',(451.212864919594,-27.955285167959,1.59173688391035));
#7338=CARTESIAN_POINT('Ctrl Pts',(450.988026932023,-27.9457187059815,1.74564292484537));
#7339=CARTESIAN_POINT('Ctrl Pts',(450.495293628848,-27.9322185575352,1.94977683135263));
#7340=CARTESIAN_POINT('Ctrl Pts',(450.227391038097,-27.9284800875379,2.00000000000003));
#7341=CARTESIAN_POINT('Ctrl Pts',(449.976174678758,-27.9284800875379,2.00000000000003));
#7342=CARTESIAN_POINT('Origin',(449.976174678758,0.,0.));
#7343=CARTESIAN_POINT('',(449.976174678758,27.9284800875379,2.00000000000003));
#7344=CARTESIAN_POINT('',(447.976174678758,28.,2.72454989387995E-15));
#7345=CARTESIAN_POINT('Ctrl Pts',(449.976174678758,27.9284800875379,2.00000000000003));
#7346=CARTESIAN_POINT('Ctrl Pts',(450.227391038097,27.9284800875379,2.00000000000003));
#7347=CARTESIAN_POINT('Ctrl Pts',(450.495293628848,27.9322185575352,1.94977683135258));
#7348=CARTESIAN_POINT('Ctrl Pts',(450.988026932023,27.9457187059815,1.7456429248453));
#7349=CARTESIAN_POINT('Ctrl Pts',(451.212864919594,27.955285167959,1.59173688391035));
#7350=CARTESIAN_POINT('Ctrl Pts',(451.567911406099,27.9732406405612,1.23669039740516));
#7351=CARTESIAN_POINT('Ctrl Pts',(451.721817567591,27.9827964439655,1.0118523401541));
#7352=CARTESIAN_POINT('Ctrl Pts',(451.925951568769,27.99627220979,0.519118808540025));
#7353=CARTESIAN_POINT('Ctrl Pts',(451.976174678758,28.,0.251216137774803));
#7354=CARTESIAN_POINT('Ctrl Pts',(451.976174678758,28.,-0.251216137774804));
#7355=CARTESIAN_POINT('Ctrl Pts',(451.925951568769,27.99627220979,-0.519118808540026));
#7356=CARTESIAN_POINT('Ctrl Pts',(451.721817567591,27.9827964439655,-1.0118523401541));
#7357=CARTESIAN_POINT('Ctrl Pts',(451.567911406099,27.9732406405612,-1.23669039740516));
#7358=CARTESIAN_POINT('Ctrl Pts',(451.212864919594,27.955285167959,-1.59173688391035));
#7359=CARTESIAN_POINT('Ctrl Pts',(450.988026932023,27.9457187059815,-1.7456429248453));
#7360=CARTESIAN_POINT('Ctrl Pts',(450.495293628848,27.9322185575352,-1.94977683135258));
#7361=CARTESIAN_POINT('Ctrl Pts',(450.227391038097,27.9284800875379,-2.00000000000003));
#7362=CARTESIAN_POINT('Ctrl Pts',(449.724958319419,27.9284800875379,-2.00000000000003));
#7363=CARTESIAN_POINT('Ctrl Pts',(449.457055728668,27.9322185575352,-1.94977683135258));
#7364=CARTESIAN_POINT('Ctrl Pts',(448.964322425493,27.9457187059815,-1.7456429248453));
#7365=CARTESIAN_POINT('Ctrl Pts',(448.739484437922,27.955285167959,-1.59173688391035));
#7366=CARTESIAN_POINT('Ctrl Pts',(448.384437951417,27.9732406405612,-1.23669039740516));
#7367=CARTESIAN_POINT('Ctrl Pts',(448.230531789926,27.9827964439655,-1.0118523401541));
#7368=CARTESIAN_POINT('Ctrl Pts',(448.026397788747,27.99627220979,-0.519118808540025));
#7369=CARTESIAN_POINT('Ctrl Pts',(447.976174678758,28.,-0.251216137774808));
#7370=CARTESIAN_POINT('Ctrl Pts',(447.976174678758,28.,-5.06539254985228E-15));
#7371=CARTESIAN_POINT('Ctrl Pts',(447.976174678758,28.,5.62050406216485E-15));
#7372=CARTESIAN_POINT('Ctrl Pts',(447.976174678758,28.,0.251216137774809));
#7373=CARTESIAN_POINT('Ctrl Pts',(448.026397788747,27.99627220979,0.519118808540025));
#7374=CARTESIAN_POINT('Ctrl Pts',(448.230531789926,27.9827964439655,1.0118523401541));
#7375=CARTESIAN_POINT('Ctrl Pts',(448.384437951417,27.9732406405612,1.23669039740516));
#7376=CARTESIAN_POINT('Ctrl Pts',(448.739484437922,27.955285167959,1.59173688391035));
#7377=CARTESIAN_POINT('Ctrl Pts',(448.964322425493,27.9457187059815,1.74564292484529));
#7378=CARTESIAN_POINT('Ctrl Pts',(449.457055728668,27.9322185575352,1.94977683135259));
#7379=CARTESIAN_POINT('Ctrl Pts',(449.724958319419,27.9284800875379,2.00000000000003));
#7380=CARTESIAN_POINT('Ctrl Pts',(449.976174678758,27.9284800875379,2.00000000000003));
#7381=CARTESIAN_POINT('',(447.976174678758,30.0000004470348,2.44929359829474E-16));
#7382=CARTESIAN_POINT('',(447.976174678758,0.,2.44929359829474E-16));
#7383=CARTESIAN_POINT('',(449.976174678758,29.9332595422231,2.00000000000003));
#7384=CARTESIAN_POINT('Ctrl Pts',(449.976174678758,29.9332595422231,2.00000000000003));
#7385=CARTESIAN_POINT('Ctrl Pts',(449.724970201411,29.9332595422231,2.00000000000003));
#7386=CARTESIAN_POINT('Ctrl Pts',(449.4570727022,29.9367472520989,1.94978146899447));
#7387=CARTESIAN_POINT('Ctrl Pts',(448.964336109733,29.9493436726098,1.74565098822718));
#7388=CARTESIAN_POINT('Ctrl Pts',(448.739490686089,29.9582704368075,1.59174313207657));
#7389=CARTESIAN_POINT('Ctrl Pts',(448.384431665423,29.9750267077402,1.23668411141089));
#7390=CARTESIAN_POINT('Ctrl Pts',(448.230523718231,29.983944809221,1.01183863471539));
#7391=CARTESIAN_POINT('Ctrl Pts',(448.026393164859,29.9965214148873,0.519101869340457));
#7392=CARTESIAN_POINT('Ctrl Pts',(447.976174678758,30.0000004470348,0.251204309327768));
#7393=CARTESIAN_POINT('Ctrl Pts',(447.976174678758,30.0000004470348,2.08166817117217E-16));
#7394=CARTESIAN_POINT('Ctrl Pts',(447.976174678758,30.0000004470348,-3.05311331771918E-15));
#7395=CARTESIAN_POINT('Ctrl Pts',(447.976174678758,30.0000004470348,-0.251204309327771));
#7396=CARTESIAN_POINT('Ctrl Pts',(448.026393164859,29.9965214148873,-0.5191018693405));
#7397=CARTESIAN_POINT('Ctrl Pts',(448.230523718231,29.983944809221,-1.01183863471543));
#7398=CARTESIAN_POINT('Ctrl Pts',(448.384431665423,29.9750267077402,-1.23668411141089));
#7399=CARTESIAN_POINT('Ctrl Pts',(448.739490686089,29.9582704368075,-1.59174313207657));
#7400=CARTESIAN_POINT('Ctrl Pts',(448.964336109733,29.9493436726098,-1.74565098822718));
#7401=CARTESIAN_POINT('Ctrl Pts',(449.4570727022,29.9367472520989,-1.94978146899447));
#7402=CARTESIAN_POINT('Ctrl Pts',(449.724970201411,29.9332595422231,-2.00000000000003));
#7403=CARTESIAN_POINT('Ctrl Pts',(450.227379156105,29.9332595422231,-2.00000000000003));
#7404=CARTESIAN_POINT('Ctrl Pts',(450.495276655317,29.9367472520989,-1.94978146899447));
#7405=CARTESIAN_POINT('Ctrl Pts',(450.988013247784,29.9493436726098,-1.74565098822718));
#7406=CARTESIAN_POINT('Ctrl Pts',(451.212858671428,29.9582704368075,-1.59174313207657));
#7407=CARTESIAN_POINT('Ctrl Pts',(451.567917692093,29.9750267077402,-1.23668411141089));
#7408=CARTESIAN_POINT('Ctrl Pts',(451.721825639285,29.983944809221,-1.01183863471539));
#7409=CARTESIAN_POINT('Ctrl Pts',(451.925956192657,29.9965214148873,-0.519101869340458));
#7410=CARTESIAN_POINT('Ctrl Pts',(451.976174678758,30.0000004470348,-0.251204309327768));
#7411=CARTESIAN_POINT('Ctrl Pts',(451.976174678758,30.0000004470348,0.251204309327768));
#7412=CARTESIAN_POINT('Ctrl Pts',(451.925956192657,29.9965214148873,0.519101869340458));
#7413=CARTESIAN_POINT('Ctrl Pts',(451.721825639285,29.983944809221,1.01183863471539));
#7414=CARTESIAN_POINT('Ctrl Pts',(451.567917692093,29.9750267077402,1.23668411141089));
#7415=CARTESIAN_POINT('Ctrl Pts',(451.212858671428,29.9582704368075,1.59174313207657));
#7416=CARTESIAN_POINT('Ctrl Pts',(450.988013247784,29.9493436726098,1.74565098822718));
#7417=CARTESIAN_POINT('Ctrl Pts',(450.495276655317,29.9367472520989,1.94978146899447));
#7418=CARTESIAN_POINT('Ctrl Pts',(450.227379156105,29.9332595422231,2.00000000000003));
#7419=CARTESIAN_POINT('Ctrl Pts',(449.976174678758,29.9332595422231,2.00000000000003));
#7420=CARTESIAN_POINT('Origin',(470.000007003546,0.,0.));
#7421=CARTESIAN_POINT('',(470.000007003546,-29.9332595422231,2.00000000000002));
#7422=CARTESIAN_POINT('',(468.000007003546,-30.0000004470348,2.44929359829474E-16));
#7423=CARTESIAN_POINT('Ctrl Pts',(470.000007003546,-29.9332595422231,2.00000000000002));
#7424=CARTESIAN_POINT('Ctrl Pts',(470.251211480892,-29.9332595422231,2.00000000000002));
#7425=CARTESIAN_POINT('Ctrl Pts',(470.519108980104,-29.9367472520989,1.94978146899447));
#7426=CARTESIAN_POINT('Ctrl Pts',(471.011845572571,-29.9493436726098,1.74565098822718));
#7427=CARTESIAN_POINT('Ctrl Pts',(471.236690996215,-29.9582704368075,1.59174313207657));
#7428=CARTESIAN_POINT('Ctrl Pts',(471.591750016881,-29.9750267077402,1.23668411141089));
#7429=CARTESIAN_POINT('Ctrl Pts',(471.745657964073,-29.983944809221,1.01183863471539));
#7430=CARTESIAN_POINT('Ctrl Pts',(471.949788517445,-29.9965214148873,0.519101869340458));
#7431=CARTESIAN_POINT('Ctrl Pts',(472.000007003546,-30.0000004470348,0.251204309327768));
#7432=CARTESIAN_POINT('Ctrl Pts',(472.000007003546,-30.0000004470348,-0.251204309327768));
#7433=CARTESIAN_POINT('Ctrl Pts',(471.949788517445,-29.9965214148873,-0.519101869340458));
#7434=CARTESIAN_POINT('Ctrl Pts',(471.745657964073,-29.983944809221,-1.01183863471539));
#7435=CARTESIAN_POINT('Ctrl Pts',(471.591750016881,-29.9750267077402,-1.23668411141089));
#7436=CARTESIAN_POINT('Ctrl Pts',(471.236690996215,-29.9582704368075,-1.59174313207657));
#7437=CARTESIAN_POINT('Ctrl Pts',(471.011845572571,-29.9493436726098,-1.74565098822718));
#7438=CARTESIAN_POINT('Ctrl Pts',(470.519108980104,-29.9367472520989,-1.94978146899447));
#7439=CARTESIAN_POINT('Ctrl Pts',(470.251211480892,-29.9332595422231,-2.00000000000003));
#7440=CARTESIAN_POINT('Ctrl Pts',(469.748802526199,-29.9332595422231,-2.00000000000003));
#7441=CARTESIAN_POINT('Ctrl Pts',(469.480905026987,-29.9367472520989,-1.94978146899447));
#7442=CARTESIAN_POINT('Ctrl Pts',(468.98816843452,-29.9493436726098,-1.74565098822718));
#7443=CARTESIAN_POINT('Ctrl Pts',(468.763323010876,-29.9582704368075,-1.59174313207657));
#7444=CARTESIAN_POINT('Ctrl Pts',(468.40826399021,-29.9750267077402,-1.23668411141089));
#7445=CARTESIAN_POINT('Ctrl Pts',(468.254356043019,-29.983944809221,-1.01183863471539));
#7446=CARTESIAN_POINT('Ctrl Pts',(468.050225489647,-29.9965214148873,-0.519101869340458));
#7447=CARTESIAN_POINT('Ctrl Pts',(468.000007003546,-30.0000004470348,-0.251204309327773));
#7448=CARTESIAN_POINT('Ctrl Pts',(468.000007003546,-30.0000004470348,-4.92661467177413E-15));
#7449=CARTESIAN_POINT('Ctrl Pts',(468.000007003546,-30.0000004470348,4.57966997657877E-15));
#7450=CARTESIAN_POINT('Ctrl Pts',(468.000007003546,-30.0000004470348,0.251204309327773));
#7451=CARTESIAN_POINT('Ctrl Pts',(468.050225489647,-29.9965214148873,0.519101869340457));
#7452=CARTESIAN_POINT('Ctrl Pts',(468.254356043019,-29.983944809221,1.01183863471539));
#7453=CARTESIAN_POINT('Ctrl Pts',(468.40826399021,-29.9750267077402,1.23668411141089));
#7454=CARTESIAN_POINT('Ctrl Pts',(468.763323010876,-29.9582704368075,1.59174313207657));
#7455=CARTESIAN_POINT('Ctrl Pts',(468.98816843452,-29.9493436726098,1.74565098822718));
#7456=CARTESIAN_POINT('Ctrl Pts',(469.480905026987,-29.9367472520989,1.94978146899447));
#7457=CARTESIAN_POINT('Ctrl Pts',(469.748802526199,-29.9332595422231,2.00000000000003));
#7458=CARTESIAN_POINT('Ctrl Pts',(470.000007003546,-29.9332595422231,2.00000000000003));
#7459=CARTESIAN_POINT('',(468.000007003546,-28.,-3.72862143675378E-15));
#7460=CARTESIAN_POINT('',(468.000007003546,0.,2.44929359829474E-16));
#7461=CARTESIAN_POINT('',(470.000007003546,-27.9284800875379,2.00000000000003));
#7462=CARTESIAN_POINT('Ctrl Pts',(470.000007003546,-27.9284800875379,2.00000000000003));
#7463=CARTESIAN_POINT('Ctrl Pts',(469.748790644207,-27.9284800875379,2.00000000000002));
#7464=CARTESIAN_POINT('Ctrl Pts',(469.480888053456,-27.9322185575352,1.94977683135258));
#7465=CARTESIAN_POINT('Ctrl Pts',(468.98815475028,-27.9457187059815,1.7456429248453));
#7466=CARTESIAN_POINT('Ctrl Pts',(468.76331676271,-27.955285167959,1.59173688391035));
#7467=CARTESIAN_POINT('Ctrl Pts',(468.408270276205,-27.9732406405612,1.23669039740516));
#7468=CARTESIAN_POINT('Ctrl Pts',(468.254364114713,-27.9827964439655,1.0118523401541));
#7469=CARTESIAN_POINT('Ctrl Pts',(468.050230113535,-27.99627220979,0.519118808540026));
#7470=CARTESIAN_POINT('Ctrl Pts',(468.000007003546,-28.,0.251216137774809));
#7471=CARTESIAN_POINT('Ctrl Pts',(468.000007003546,-28.,5.34294830600857E-15));
#7472=CARTESIAN_POINT('Ctrl Pts',(468.000007003546,-28.,-7.70217223333702E-15));
#7473=CARTESIAN_POINT('Ctrl Pts',(468.000007003546,-28.,-0.251216137774811));
#7474=CARTESIAN_POINT('Ctrl Pts',(468.050230113535,-27.99627220979,-0.519118808540025));
#7475=CARTESIAN_POINT('Ctrl Pts',(468.254364114713,-27.9827964439655,-1.0118523401541));
#7476=CARTESIAN_POINT('Ctrl Pts',(468.408270276205,-27.9732406405612,-1.23669039740516));
#7477=CARTESIAN_POINT('Ctrl Pts',(468.76331676271,-27.955285167959,-1.59173688391035));
#7478=CARTESIAN_POINT('Ctrl Pts',(468.98815475028,-27.9457187059815,-1.7456429248453));
#7479=CARTESIAN_POINT('Ctrl Pts',(469.480888053456,-27.9322185575352,-1.94977683135258));
#7480=CARTESIAN_POINT('Ctrl Pts',(469.748790644207,-27.9284800875379,-2.00000000000003));
#7481=CARTESIAN_POINT('Ctrl Pts',(470.251223362885,-27.9284800875379,-2.00000000000003));
#7482=CARTESIAN_POINT('Ctrl Pts',(470.519125953636,-27.9322185575352,-1.94977683135258));
#7483=CARTESIAN_POINT('Ctrl Pts',(471.011859256811,-27.9457187059815,-1.7456429248453));
#7484=CARTESIAN_POINT('Ctrl Pts',(471.236697244382,-27.955285167959,-1.59173688391035));
#7485=CARTESIAN_POINT('Ctrl Pts',(471.591743730887,-27.9732406405612,-1.23669039740516));
#7486=CARTESIAN_POINT('Ctrl Pts',(471.745649892378,-27.9827964439655,-1.01185234015402));
#7487=CARTESIAN_POINT('Ctrl Pts',(471.949783893557,-27.99627220979,-0.519118808539941));
#7488=CARTESIAN_POINT('Ctrl Pts',(472.000007003546,-28.,-0.251216137774804));
#7489=CARTESIAN_POINT('Ctrl Pts',(472.000007003546,-28.,0.251216137774803));
#7490=CARTESIAN_POINT('Ctrl Pts',(471.949783893557,-27.99627220979,0.519118808539965));
#7491=CARTESIAN_POINT('Ctrl Pts',(471.745649892378,-27.9827964439655,1.01185234015402));
#7492=CARTESIAN_POINT('Ctrl Pts',(471.591743730887,-27.9732406405612,1.23669039740516));
#7493=CARTESIAN_POINT('Ctrl Pts',(471.236697244382,-27.955285167959,1.59173688391035));
#7494=CARTESIAN_POINT('Ctrl Pts',(471.011859256811,-27.9457187059815,1.74564292484537));
#7495=CARTESIAN_POINT('Ctrl Pts',(470.519125953636,-27.9322185575352,1.94977683135263));
#7496=CARTESIAN_POINT('Ctrl Pts',(470.251223362885,-27.9284800875379,2.00000000000003));
#7497=CARTESIAN_POINT('Ctrl Pts',(470.000007003546,-27.9284800875379,2.00000000000004));
#7498=CARTESIAN_POINT('Origin',(470.000007003546,0.,0.));
#7499=CARTESIAN_POINT('',(470.000007003546,27.9284800875379,2.00000000000003));
#7500=CARTESIAN_POINT('',(468.000007003546,28.,4.63274571745444E-15));
#7501=CARTESIAN_POINT('Ctrl Pts',(470.000007003546,27.9284800875379,2.00000000000003));
#7502=CARTESIAN_POINT('Ctrl Pts',(470.251223362885,27.9284800875379,2.00000000000002));
#7503=CARTESIAN_POINT('Ctrl Pts',(470.519125953636,27.9322185575352,1.94977683135258));
#7504=CARTESIAN_POINT('Ctrl Pts',(471.011859256811,27.9457187059815,1.7456429248453));
#7505=CARTESIAN_POINT('Ctrl Pts',(471.236697244382,27.955285167959,1.59173688391035));
#7506=CARTESIAN_POINT('Ctrl Pts',(471.591743730887,27.9732406405612,1.23669039740516));
#7507=CARTESIAN_POINT('Ctrl Pts',(471.745649892378,27.9827964439655,1.0118523401541));
#7508=CARTESIAN_POINT('Ctrl Pts',(471.949783893557,27.99627220979,0.519118808540025));
#7509=CARTESIAN_POINT('Ctrl Pts',(472.000007003546,28.,0.251216137774803));
#7510=CARTESIAN_POINT('Ctrl Pts',(472.000007003546,28.,-0.251216137774804));
#7511=CARTESIAN_POINT('Ctrl Pts',(471.949783893557,27.99627220979,-0.519118808540026));
#7512=CARTESIAN_POINT('Ctrl Pts',(471.745649892378,27.9827964439655,-1.0118523401541));
#7513=CARTESIAN_POINT('Ctrl Pts',(471.591743730887,27.9732406405612,-1.23669039740516));
#7514=CARTESIAN_POINT('Ctrl Pts',(471.236697244382,27.955285167959,-1.59173688391035));
#7515=CARTESIAN_POINT('Ctrl Pts',(471.011859256811,27.9457187059815,-1.7456429248453));
#7516=CARTESIAN_POINT('Ctrl Pts',(470.519125953636,27.9322185575352,-1.94977683135258));
#7517=CARTESIAN_POINT('Ctrl Pts',(470.251223362885,27.9284800875379,-2.00000000000003));
#7518=CARTESIAN_POINT('Ctrl Pts',(469.748790644207,27.9284800875379,-2.00000000000003));
#7519=CARTESIAN_POINT('Ctrl Pts',(469.480888053456,27.9322185575352,-1.94977683135258));
#7520=CARTESIAN_POINT('Ctrl Pts',(468.98815475028,27.9457187059815,-1.7456429248453));
#7521=CARTESIAN_POINT('Ctrl Pts',(468.76331676271,27.955285167959,-1.59173688391035));
#7522=CARTESIAN_POINT('Ctrl Pts',(468.408270276205,27.9732406405612,-1.23669039740516));
#7523=CARTESIAN_POINT('Ctrl Pts',(468.254364114713,27.9827964439655,-1.0118523401541));
#7524=CARTESIAN_POINT('Ctrl Pts',(468.050230113535,27.99627220979,-0.519118808540025));
#7525=CARTESIAN_POINT('Ctrl Pts',(468.000007003546,28.,-0.25121613777481));
#7526=CARTESIAN_POINT('Ctrl Pts',(468.000007003546,28.,-7.28583859910259E-15));
#7527=CARTESIAN_POINT('Ctrl Pts',(468.000007003546,28.,9.0205620750794E-15));
#7528=CARTESIAN_POINT('Ctrl Pts',(468.000007003546,28.,0.251216137774812));
#7529=CARTESIAN_POINT('Ctrl Pts',(468.050230113535,27.99627220979,0.519118808540025));
#7530=CARTESIAN_POINT('Ctrl Pts',(468.254364114713,27.9827964439655,1.0118523401541));
#7531=CARTESIAN_POINT('Ctrl Pts',(468.408270276205,27.9732406405612,1.23669039740516));
#7532=CARTESIAN_POINT('Ctrl Pts',(468.76331676271,27.955285167959,1.59173688391035));
#7533=CARTESIAN_POINT('Ctrl Pts',(468.98815475028,27.9457187059815,1.74564292484529));
#7534=CARTESIAN_POINT('Ctrl Pts',(469.480888053456,27.9322185575352,1.94977683135259));
#7535=CARTESIAN_POINT('Ctrl Pts',(469.748790644207,27.9284800875379,2.00000000000003));
#7536=CARTESIAN_POINT('Ctrl Pts',(470.000007003546,27.9284800875379,2.00000000000003));
#7537=CARTESIAN_POINT('',(468.000007003546,30.0000004470348,2.44929359829474E-16));
#7538=CARTESIAN_POINT('',(468.000007003546,0.,2.44929359829474E-16));
#7539=CARTESIAN_POINT('',(470.000007003546,29.9332595422231,2.00000000000003));
#7540=CARTESIAN_POINT('Ctrl Pts',(470.000007003546,29.9332595422231,2.00000000000003));
#7541=CARTESIAN_POINT('Ctrl Pts',(469.748802526199,29.9332595422231,2.00000000000003));
#7542=CARTESIAN_POINT('Ctrl Pts',(469.480905026987,29.9367472520989,1.94978146899447));
#7543=CARTESIAN_POINT('Ctrl Pts',(468.98816843452,29.9493436726098,1.74565098822718));
#7544=CARTESIAN_POINT('Ctrl Pts',(468.763323010876,29.9582704368075,1.59174313207657));
#7545=CARTESIAN_POINT('Ctrl Pts',(468.40826399021,29.9750267077402,1.23668411141089));
#7546=CARTESIAN_POINT('Ctrl Pts',(468.254356043019,29.983944809221,1.01183863471539));
#7547=CARTESIAN_POINT('Ctrl Pts',(468.050225489647,29.9965214148873,0.519101869340457));
#7548=CARTESIAN_POINT('Ctrl Pts',(468.000007003546,30.0000004470348,0.251204309327771));
#7549=CARTESIAN_POINT('Ctrl Pts',(468.000007003546,30.0000004470348,2.56739074444567E-15));
#7550=CARTESIAN_POINT('Ctrl Pts',(468.000007003546,30.0000004470348,-5.27355936696949E-15));
#7551=CARTESIAN_POINT('Ctrl Pts',(468.000007003546,30.0000004470348,-0.251204309327774));
#7552=CARTESIAN_POINT('Ctrl Pts',(468.050225489647,29.9965214148873,-0.5191018693405));
#7553=CARTESIAN_POINT('Ctrl Pts',(468.254356043019,29.983944809221,-1.01183863471543));
#7554=CARTESIAN_POINT('Ctrl Pts',(468.40826399021,29.9750267077402,-1.23668411141089));
#7555=CARTESIAN_POINT('Ctrl Pts',(468.763323010876,29.9582704368075,-1.59174313207657));
#7556=CARTESIAN_POINT('Ctrl Pts',(468.98816843452,29.9493436726098,-1.74565098822718));
#7557=CARTESIAN_POINT('Ctrl Pts',(469.480905026987,29.9367472520989,-1.94978146899447));
#7558=CARTESIAN_POINT('Ctrl Pts',(469.748802526199,29.9332595422231,-2.00000000000003));
#7559=CARTESIAN_POINT('Ctrl Pts',(470.251211480892,29.9332595422231,-2.00000000000003));
#7560=CARTESIAN_POINT('Ctrl Pts',(470.519108980104,29.9367472520989,-1.94978146899447));
#7561=CARTESIAN_POINT('Ctrl Pts',(471.011845572571,29.9493436726098,-1.74565098822718));
#7562=CARTESIAN_POINT('Ctrl Pts',(471.236690996215,29.9582704368075,-1.59174313207657));
#7563=CARTESIAN_POINT('Ctrl Pts',(471.591750016881,29.9750267077402,-1.23668411141089));
#7564=CARTESIAN_POINT('Ctrl Pts',(471.745657964073,29.983944809221,-1.01183863471539));
#7565=CARTESIAN_POINT('Ctrl Pts',(471.949788517445,29.9965214148873,-0.519101869340458));
#7566=CARTESIAN_POINT('Ctrl Pts',(472.000007003546,30.0000004470348,-0.251204309327768));
#7567=CARTESIAN_POINT('Ctrl Pts',(472.000007003546,30.0000004470348,0.251204309327768));
#7568=CARTESIAN_POINT('Ctrl Pts',(471.949788517445,29.9965214148873,0.519101869340458));
#7569=CARTESIAN_POINT('Ctrl Pts',(471.745657964073,29.983944809221,1.01183863471539));
#7570=CARTESIAN_POINT('Ctrl Pts',(471.591750016881,29.9750267077402,1.23668411141089));
#7571=CARTESIAN_POINT('Ctrl Pts',(471.236690996215,29.9582704368075,1.59174313207657));
#7572=CARTESIAN_POINT('Ctrl Pts',(471.011845572571,29.9493436726098,1.74565098822718));
#7573=CARTESIAN_POINT('Ctrl Pts',(470.519108980104,29.9367472520989,1.94978146899447));
#7574=CARTESIAN_POINT('Ctrl Pts',(470.251211480892,29.9332595422231,2.00000000000003));
#7575=CARTESIAN_POINT('Ctrl Pts',(470.000007003546,29.9332595422231,2.00000000000003));
#7576=CARTESIAN_POINT('Origin',(665.,0.,-28.));
#7577=CARTESIAN_POINT('',(665.000009909272,-3.67394045218804E-15,30.0000004470348));
#7578=CARTESIAN_POINT('Origin',(665.000009909272,0.,0.));
#7579=CARTESIAN_POINT('',(665.,-3.42901103761259E-15,28.));
#7580=CARTESIAN_POINT('Origin',(665.,0.,0.));
#7581=CARTESIAN_POINT('Origin',(552.488087339379,0.,0.));
#7582=CARTESIAN_POINT('',(552.488087339379,-3.42901103761259E-15,28.));
#7583=CARTESIAN_POINT('',(552.488087339379,-3.42901103761259E-15,28.));
#7584=CARTESIAN_POINT('',(439.976174678758,-3.42901103761259E-15,28.));
#7585=CARTESIAN_POINT('',(552.488087339379,-3.42901103761259E-15,28.));
#7586=CARTESIAN_POINT('Origin',(439.976174678758,0.,0.));
#7587=CARTESIAN_POINT('Origin',(439.976174678758,0.,-30.));
#7588=CARTESIAN_POINT('',(439.976174678758,-3.67394045218804E-15,30.0000004470348));
#7589=CARTESIAN_POINT('Origin',(439.976174678758,0.,0.));
#7590=CARTESIAN_POINT('Origin',(552.488092294015,0.,0.));
#7591=CARTESIAN_POINT('',(552.488092294015,-3.67394045218804E-15,30.0000004470348));
#7592=CARTESIAN_POINT('',(552.488092294015,-3.67394045218804E-15,30.0000004470348));
#7593=CARTESIAN_POINT('',(552.488092294015,-3.67394045218804E-15,30.0000004470348));
#7594=CARTESIAN_POINT('',(0.,0.,0.));
#7595=CARTESIAN_POINT('Origin',(615.997106128609,0.,0.));
#7596=CARTESIAN_POINT('',(595.000009909272,-3.70455662216672E-15,30.2500004470348));
#7597=CARTESIAN_POINT('Origin',(595.000009909272,0.,0.));
#7598=CARTESIAN_POINT('',(610.000009089708,3.70455662216672E-15,30.2500004470348));
#7599=CARTESIAN_POINT('',(615.997106128609,-3.70455662216672E-15,30.2500004470348));
#7600=CARTESIAN_POINT('Origin',(610.000009089708,0.,0.));
#7601=CARTESIAN_POINT('',(603.0000089854,19.9380359728776,22.7494450171833));
#7602=CARTESIAN_POINT('',(601.0000089854,21.3984877947454,21.3814697143049));
#7603=CARTESIAN_POINT('Ctrl Pts',(603.0000089854,19.9380359728776,22.7494450171833));
#7604=CARTESIAN_POINT('Ctrl Pts',(602.748806090427,19.9380359728776,22.7494450171833));
#7605=CARTESIAN_POINT('Ctrl Pts',(602.480908907515,19.975976841863,22.7163670540016));
#7606=CARTESIAN_POINT('Ctrl Pts',(601.988170482424,20.129094615512,22.5808000934181));
#7607=CARTESIAN_POINT('Ctrl Pts',(601.76332306384,20.2441411476573,22.4781863543467));
#7608=CARTESIAN_POINT('Ctrl Pts',(601.408262247748,20.5068585726263,22.2387693781256));
#7609=CARTESIAN_POINT('Ctrl Pts',(601.254354672418,20.6720397265428,22.0859692016918));
#7610=CARTESIAN_POINT('Ctrl Pts',(601.050226039241,21.0291376919911,21.7462325464567));
#7611=CARTESIAN_POINT('Ctrl Pts',(601.0000089854,21.220932930324,21.5591658993655));
#7612=CARTESIAN_POINT('Ctrl Pts',(601.0000089854,21.3984877947454,21.3814697143049));
#7613=CARTESIAN_POINT('Ctrl Pts',(601.0000089854,21.3984877947454,21.3814697143049));
#7614=CARTESIAN_POINT('Ctrl Pts',(601.0000089854,21.5760462903245,21.2037698951966));
#7615=CARTESIAN_POINT('Ctrl Pts',(601.050227875793,21.7629638085049,21.0118221739627));
#7616=CARTESIAN_POINT('Ctrl Pts',(601.254359593932,22.1024237911554,20.6544457044303));
#7617=CARTESIAN_POINT('Ctrl Pts',(601.408268321395,22.2550965421933,20.4891383911348));
#7618=CARTESIAN_POINT('Ctrl Pts',(601.763328345949,22.4943100432783,20.2262238009247));
#7619=CARTESIAN_POINT('Ctrl Pts',(601.988173417713,22.5968354413113,20.1110917601574));
#7620=CARTESIAN_POINT('Ctrl Pts',(602.480908892501,22.7322857992657,19.9578597576887));
#7621=CARTESIAN_POINT('Ctrl Pts',(602.748805570056,22.7653354679122,19.9198902627255));
#7622=CARTESIAN_POINT('Ctrl Pts',(603.251212400744,22.7653354679122,19.9198902627255));
#7623=CARTESIAN_POINT('Ctrl Pts',(603.519109078299,22.7322857992656,19.9578597576887));
#7624=CARTESIAN_POINT('Ctrl Pts',(604.011844553087,22.5968354413112,20.1110917601575));
#7625=CARTESIAN_POINT('Ctrl Pts',(604.236689624852,22.4943100432783,20.2262238009247));
#7626=CARTESIAN_POINT('Ctrl Pts',(604.591749649405,22.2550965421933,20.4891383911348));
#7627=CARTESIAN_POINT('Ctrl Pts',(604.745658376868,22.1024237911553,20.6544457044303));
#7628=CARTESIAN_POINT('Ctrl Pts',(604.949790095007,21.7629638085049,21.0118221739627));
#7629=CARTESIAN_POINT('Ctrl Pts',(605.0000089854,21.5760462903245,21.2037698951966));
#7630=CARTESIAN_POINT('Ctrl Pts',(605.0000089854,21.220932930324,21.5591658993655));
#7631=CARTESIAN_POINT('Ctrl Pts',(604.94979193156,21.0291376919911,21.7462325464567));
#7632=CARTESIAN_POINT('Ctrl Pts',(604.745663298382,20.6720397265428,22.0859692016918));
#7633=CARTESIAN_POINT('Ctrl Pts',(604.591755723052,20.5068585726263,22.2387693781256));
#7634=CARTESIAN_POINT('Ctrl Pts',(604.23669490696,20.2441411476573,22.4781863543467));
#7635=CARTESIAN_POINT('Ctrl Pts',(604.011847488377,20.129094615512,22.5808000934181));
#7636=CARTESIAN_POINT('Ctrl Pts',(603.519109063285,19.975976841863,22.7163670540016));
#7637=CARTESIAN_POINT('Ctrl Pts',(603.251211880373,19.9380359728776,22.7494450171833));
#7638=CARTESIAN_POINT('Ctrl Pts',(603.0000089854,19.9380359728776,22.7494450171833));
#7639=CARTESIAN_POINT('',(603.0000089854,-22.7494450171833,-19.9380359728776));
#7640=CARTESIAN_POINT('',(601.0000089854,-21.381469714305,-21.3984877947454));
#7641=CARTESIAN_POINT('Ctrl Pts',(603.0000089854,-22.7494450171833,-19.9380359728776));
#7642=CARTESIAN_POINT('Ctrl Pts',(603.251211880373,-22.7494450171833,-19.9380359728776));
#7643=CARTESIAN_POINT('Ctrl Pts',(603.519109063285,-22.7163670540016,-19.975976841863));
#7644=CARTESIAN_POINT('Ctrl Pts',(604.011847488377,-22.5808000934181,-20.1290946155119));
#7645=CARTESIAN_POINT('Ctrl Pts',(604.23669490696,-22.4781863543467,-20.2441411476572));
#7646=CARTESIAN_POINT('Ctrl Pts',(604.591755723052,-22.2387693781256,-20.5068585726263));
#7647=CARTESIAN_POINT('Ctrl Pts',(604.745663298382,-22.0859692016918,-20.6720397265428));
#7648=CARTESIAN_POINT('Ctrl Pts',(604.94979193156,-21.7462325464567,-21.0291376919911));
#7649=CARTESIAN_POINT('Ctrl Pts',(605.0000089854,-21.5591658993655,-21.220932930324));
#7650=CARTESIAN_POINT('Ctrl Pts',(605.0000089854,-21.2037698951966,-21.5760462903245));
#7651=CARTESIAN_POINT('Ctrl Pts',(604.949790095007,-21.0118221739627,-21.7629638085049));
#7652=CARTESIAN_POINT('Ctrl Pts',(604.745658376868,-20.6544457044303,-22.1024237911553));
#7653=CARTESIAN_POINT('Ctrl Pts',(604.591749649405,-20.4891383911348,-22.2550965421933));
#7654=CARTESIAN_POINT('Ctrl Pts',(604.236689624852,-20.2262238009247,-22.4943100432783));
#7655=CARTESIAN_POINT('Ctrl Pts',(604.011844553087,-20.1110917601575,-22.5968354413113));
#7656=CARTESIAN_POINT('Ctrl Pts',(603.519109078299,-19.9578597576887,-22.7322857992656));
#7657=CARTESIAN_POINT('Ctrl Pts',(603.251212400744,-19.9198902627255,-22.7653354679122));
#7658=CARTESIAN_POINT('Ctrl Pts',(602.748805570056,-19.9198902627255,-22.7653354679122));
#7659=CARTESIAN_POINT('Ctrl Pts',(602.480908892501,-19.9578597576887,-22.7322857992656));
#7660=CARTESIAN_POINT('Ctrl Pts',(601.988173417713,-20.1110917601574,-22.5968354413113));
#7661=CARTESIAN_POINT('Ctrl Pts',(601.763328345949,-20.2262238009247,-22.4943100432783));
#7662=CARTESIAN_POINT('Ctrl Pts',(601.408268321395,-20.4891383911348,-22.2550965421933));
#7663=CARTESIAN_POINT('Ctrl Pts',(601.254359593932,-20.6544457044303,-22.1024237911553));
#7664=CARTESIAN_POINT('Ctrl Pts',(601.050227875793,-21.0118221739627,-21.7629638085049));
#7665=CARTESIAN_POINT('Ctrl Pts',(601.0000089854,-21.2037698951966,-21.5760462903245));
#7666=CARTESIAN_POINT('Ctrl Pts',(601.0000089854,-21.381469714305,-21.3984877947454));
#7667=CARTESIAN_POINT('Ctrl Pts',(601.0000089854,-21.381469714305,-21.3984877947454));
#7668=CARTESIAN_POINT('Ctrl Pts',(601.0000089854,-21.5591658993655,-21.220932930324));
#7669=CARTESIAN_POINT('Ctrl Pts',(601.050226039241,-21.7462325464567,-21.0291376919911));
#7670=CARTESIAN_POINT('Ctrl Pts',(601.254354672418,-22.0859692016918,-20.6720397265428));
#7671=CARTESIAN_POINT('Ctrl Pts',(601.408262247748,-22.2387693781256,-20.5068585726263));
#7672=CARTESIAN_POINT('Ctrl Pts',(601.76332306384,-22.4781863543467,-20.2441411476572));
#7673=CARTESIAN_POINT('Ctrl Pts',(601.988170482424,-22.5808000934181,-20.1290946155119));
#7674=CARTESIAN_POINT('Ctrl Pts',(602.480908907515,-22.7163670540016,-19.975976841863));
#7675=CARTESIAN_POINT('Ctrl Pts',(602.748806090427,-22.7494450171833,-19.9380359728776));
#7676=CARTESIAN_POINT('Ctrl Pts',(603.0000089854,-22.7494450171833,-19.9380359728776));
#7677=CARTESIAN_POINT('Origin',(603.0000089854,0.00850904022022169,-0.00850904022022169));
#7678=CARTESIAN_POINT('',(603.0000089854,-23.6351671534896,-20.8237581091838));
#7679=CARTESIAN_POINT('',(601.0000089854,-22.2653532579496,-22.2823713383901));
#7680=CARTESIAN_POINT('Ctrl Pts',(603.0000089854,-23.6351671534896,-20.8237581091838));
#7681=CARTESIAN_POINT('Ctrl Pts',(603.251205761943,-23.6351671534896,-20.8237581091838));
#7682=CARTESIAN_POINT('Ctrl Pts',(603.519100292387,-23.6019938687455,-20.8616002804649));
#7683=CARTESIAN_POINT('Ctrl Pts',(604.01184030083,-23.4660787046203,-21.0143672532071));
#7684=CARTESIAN_POINT('Ctrl Pts',(604.236691471522,-23.3632170148175,-21.1291670500718));
#7685=CARTESIAN_POINT('Ctrl Pts',(604.591758735694,-23.1233325330971,-21.3914258877279));
#7686=CARTESIAN_POINT('Ctrl Pts',(604.745667279161,-22.9702837994882,-21.5563638588162));
#7687=CARTESIAN_POINT('Ctrl Pts',(604.949794250281,-22.6302011996306,-21.9131183154392));
#7688=CARTESIAN_POINT('Ctrl Pts',(605.0000089854,-22.4430424550747,-22.104817850746));
#7689=CARTESIAN_POINT('Ctrl Pts',(605.0000089854,-22.0876607099822,-22.4599281743173));
#7690=CARTESIAN_POINT('Ctrl Pts',(604.949792556879,-21.895814815171,-22.6469436519272));
#7691=CARTESIAN_POINT('Ctrl Pts',(604.745662741185,-21.5387929690091,-22.9867605510762));
#7692=CARTESIAN_POINT('Ctrl Pts',(604.59175313532,-21.3737338407733,-23.1396869603981));
#7693=CARTESIAN_POINT('Ctrl Pts',(604.236686600603,-21.1112855803646,-23.3793762012598));
#7694=CARTESIAN_POINT('Ctrl Pts',(604.011837593703,-20.9964036387699,-23.4821531347427));
#7695=CARTESIAN_POINT('Ctrl Pts',(603.519100305448,-20.8435269689658,-23.6179564128225));
#7696=CARTESIAN_POINT('Ctrl Pts',(603.251206241039,-20.8056573311235,-23.6511025363102));
#7697=CARTESIAN_POINT('Ctrl Pts',(602.748811729761,-20.8056573311235,-23.6511025363102));
#7698=CARTESIAN_POINT('Ctrl Pts',(602.480917665353,-20.8435269689658,-23.6179564128225));
#7699=CARTESIAN_POINT('Ctrl Pts',(601.988180377097,-20.9964036387698,-23.4821531347427));
#7700=CARTESIAN_POINT('Ctrl Pts',(601.763331370198,-21.1112855803646,-23.3793762012598));
#7701=CARTESIAN_POINT('Ctrl Pts',(601.40826483548,-21.3737338407733,-23.1396869603981));
#7702=CARTESIAN_POINT('Ctrl Pts',(601.254355229615,-21.5387929690091,-22.9867605510762));
#7703=CARTESIAN_POINT('Ctrl Pts',(601.050225413921,-21.895814815171,-22.6469436519272));
#7704=CARTESIAN_POINT('Ctrl Pts',(601.0000089854,-22.0876607099822,-22.4599281743173));
#7705=CARTESIAN_POINT('Ctrl Pts',(601.0000089854,-22.2653532579496,-22.2823713383901));
#7706=CARTESIAN_POINT('Ctrl Pts',(601.0000089854,-22.2653532579496,-22.2823713383901));
#7707=CARTESIAN_POINT('Ctrl Pts',(601.0000089854,-22.4430424550747,-22.104817850746));
#7708=CARTESIAN_POINT('Ctrl Pts',(601.050223720519,-22.6302011996306,-21.9131183154392));
#7709=CARTESIAN_POINT('Ctrl Pts',(601.25435069164,-22.9702837994882,-21.5563638588162));
#7710=CARTESIAN_POINT('Ctrl Pts',(601.408259235107,-23.1233325330971,-21.3914258877279));
#7711=CARTESIAN_POINT('Ctrl Pts',(601.763326499278,-23.3632170148175,-21.1291670500718));
#7712=CARTESIAN_POINT('Ctrl Pts',(601.98817766997,-23.4660787046203,-21.0143672532071));
#7713=CARTESIAN_POINT('Ctrl Pts',(602.480917678413,-23.6019938687455,-20.8616002804649));
#7714=CARTESIAN_POINT('Ctrl Pts',(602.748812208857,-23.6351671534896,-20.8237581091838));
#7715=CARTESIAN_POINT('Ctrl Pts',(603.0000089854,-23.6351671534896,-20.8237581091838));
#7716=CARTESIAN_POINT('',(601.0000089854,0.00850904022022152,-0.00850904022022152));
#7717=CARTESIAN_POINT('Origin',(603.0000089854,0.00850904022022169,-0.00850904022022169));
#7718=CARTESIAN_POINT('',(601.0000089854,22.2823713383901,22.2653532579496));
#7719=CARTESIAN_POINT('',(601.0000089854,0.00850904022022152,-0.00850904022022152));
#7720=CARTESIAN_POINT('',(603.0000089854,20.8237581091838,23.6351671534896));
#7721=CARTESIAN_POINT('Ctrl Pts',(603.0000089854,20.8237581091838,23.6351671534896));
#7722=CARTESIAN_POINT('Ctrl Pts',(602.748812208857,20.8237581091838,23.6351671534896));
#7723=CARTESIAN_POINT('Ctrl Pts',(602.480917678413,20.8616002804649,23.6019938687455));
#7724=CARTESIAN_POINT('Ctrl Pts',(601.98817766997,21.0143672532071,23.4660787046203));
#7725=CARTESIAN_POINT('Ctrl Pts',(601.763326499278,21.1291670500718,23.3632170148175));
#7726=CARTESIAN_POINT('Ctrl Pts',(601.408259235107,21.3914258877279,23.1233325330971));
#7727=CARTESIAN_POINT('Ctrl Pts',(601.25435069164,21.5563638588162,22.9702837994882));
#7728=CARTESIAN_POINT('Ctrl Pts',(601.050223720519,21.9131183154393,22.6302011996306));
#7729=CARTESIAN_POINT('Ctrl Pts',(601.0000089854,22.104817850746,22.4430424550747));
#7730=CARTESIAN_POINT('Ctrl Pts',(601.0000089854,22.2823713383901,22.2653532579496));
#7731=CARTESIAN_POINT('Ctrl Pts',(601.0000089854,22.2823713383901,22.2653532579496));
#7732=CARTESIAN_POINT('Ctrl Pts',(601.0000089854,22.4599281743173,22.0876607099822));
#7733=CARTESIAN_POINT('Ctrl Pts',(601.050225413921,22.6469436519273,21.895814815171));
#7734=CARTESIAN_POINT('Ctrl Pts',(601.254355229615,22.9867605510763,21.5387929690091));
#7735=CARTESIAN_POINT('Ctrl Pts',(601.40826483548,23.1396869603981,21.3737338407732));
#7736=CARTESIAN_POINT('Ctrl Pts',(601.763331370198,23.3793762012598,21.1112855803646));
#7737=CARTESIAN_POINT('Ctrl Pts',(601.988180377097,23.4821531347427,20.9964036387698));
#7738=CARTESIAN_POINT('Ctrl Pts',(602.480917665352,23.6179564128225,20.8435269689658));
#7739=CARTESIAN_POINT('Ctrl Pts',(602.748811729761,23.6511025363102,20.8056573311235));
#7740=CARTESIAN_POINT('Ctrl Pts',(603.251206241039,23.6511025363102,20.8056573311235));
#7741=CARTESIAN_POINT('Ctrl Pts',(603.519100305448,23.6179564128225,20.8435269689658));
#7742=CARTESIAN_POINT('Ctrl Pts',(604.011837593703,23.4821531347427,20.9964036387699));
#7743=CARTESIAN_POINT('Ctrl Pts',(604.236686600603,23.3793762012598,21.1112855803646));
#7744=CARTESIAN_POINT('Ctrl Pts',(604.59175313532,23.1396869603981,21.3737338407732));
#7745=CARTESIAN_POINT('Ctrl Pts',(604.745662741185,22.9867605510763,21.5387929690091));
#7746=CARTESIAN_POINT('Ctrl Pts',(604.949792556879,22.6469436519272,21.895814815171));
#7747=CARTESIAN_POINT('Ctrl Pts',(605.0000089854,22.4599281743173,22.0876607099822));
#7748=CARTESIAN_POINT('Ctrl Pts',(605.0000089854,22.104817850746,22.4430424550747));
#7749=CARTESIAN_POINT('Ctrl Pts',(604.949794250281,21.9131183154393,22.6302011996306));
#7750=CARTESIAN_POINT('Ctrl Pts',(604.745667279161,21.5563638588162,22.9702837994882));
#7751=CARTESIAN_POINT('Ctrl Pts',(604.591758735694,21.3914258877279,23.1233325330971));
#7752=CARTESIAN_POINT('Ctrl Pts',(604.236691471522,21.1291670500718,23.3632170148175));
#7753=CARTESIAN_POINT('Ctrl Pts',(604.01184030083,21.0143672532071,23.4660787046203));
#7754=CARTESIAN_POINT('Ctrl Pts',(603.519100292387,20.8616002804649,23.6019938687455));
#7755=CARTESIAN_POINT('Ctrl Pts',(603.251205761943,20.8237581091838,23.6351671534896));
#7756=CARTESIAN_POINT('Ctrl Pts',(603.0000089854,20.8237581091838,23.6351671534896));
#7757=CARTESIAN_POINT('Origin',(602.50000949949,0.,0.));
#7758=CARTESIAN_POINT('',(595.000009909272,0.,-31.5000004470348));
#7759=CARTESIAN_POINT('',(610.000009089708,0.,-31.5000004470348));
#7760=CARTESIAN_POINT('',(602.50000949949,0.,-31.5000004470348));
#7761=CARTESIAN_POINT('',(595.000009909272,31.5000004470348,5.78645620809021E-15));
#7762=CARTESIAN_POINT('Origin',(595.000009909272,0.,0.));
#7763=CARTESIAN_POINT('',(610.000009089708,31.5000004470348,5.78645620809021E-15));
#7764=CARTESIAN_POINT('',(602.50000949949,31.5000004470348,5.78645620809021E-15));
#7765=CARTESIAN_POINT('Origin',(610.000009089708,0.,0.));
#7766=CARTESIAN_POINT('Origin',(602.50000949949,0.,0.));
#7767=CARTESIAN_POINT('',(610.000009089708,-31.5000004470348,-1.92881873603007E-15));
#7768=CARTESIAN_POINT('Origin',(610.000009089708,0.,0.));
#7769=CARTESIAN_POINT('',(595.000009909272,-31.5000004470348,-1.92881873603007E-15));
#7770=CARTESIAN_POINT('',(602.50000949949,-31.5000004470348,-1.92881873603007E-15));
#7771=CARTESIAN_POINT('Origin',(595.000009909272,0.,0.));
#7772=CARTESIAN_POINT('Origin',(602.50000949949,0.,0.));
#7773=CARTESIAN_POINT('',(610.000009089708,-3.85763747206014E-15,31.5000004470348));
#7774=CARTESIAN_POINT('Origin',(610.000009089708,0.,0.));
#7775=CARTESIAN_POINT('',(595.000009909272,-3.85763747206014E-15,31.5000004470348));
#7776=CARTESIAN_POINT('',(602.50000949949,-3.85763747206014E-15,31.5000004470348));
#7777=CARTESIAN_POINT('Origin',(595.000009909272,0.,0.));
#7778=CARTESIAN_POINT('Origin',(595.000009909272,0.,-31.5000004470348));
#7779=CARTESIAN_POINT('Origin',(595.000009909272,0.,0.));
#7780=CARTESIAN_POINT('Origin',(602.50000949949,0.,0.));
#7781=CARTESIAN_POINT('Origin',(610.000009089708,0.,0.));
#7782=CARTESIAN_POINT('Origin',(610.000009089708,0.,-30.0000004470348));
#7783=CARTESIAN_POINT('Origin',(645.000009909272,-59.0000004470348,-1.));
#7784=CARTESIAN_POINT('',(625.000009909272,-86.5000004470348,-1.00000000000001));
#7785=CARTESIAN_POINT('',(595.000009909272,-31.5000004470348,-1.));
#7786=CARTESIAN_POINT('',(625.000009909272,-86.5000004470348,-1.00000000000001));
#7787=CARTESIAN_POINT('',(665.000009909272,-31.5000004470348,-1.));
#7788=CARTESIAN_POINT('',(595.000009909272,-31.5000004470348,-1.));
#7789=CARTESIAN_POINT('',(695.000009909272,-86.5000004470348,-1.00000000000001));
#7790=CARTESIAN_POINT('',(695.000009909272,-86.5000004470348,-1.00000000000001));
#7791=CARTESIAN_POINT('',(625.000009909272,-86.5000004470348,-1.00000000000001));
#7792=CARTESIAN_POINT('Origin',(625.000009909272,-86.5000004470348,-5.29659743368529E-15));
#7793=CARTESIAN_POINT('',(595.000009909272,-31.5000004470348,0.999999999999998));
#7794=CARTESIAN_POINT('',(595.000009909272,-31.5000004470348,-1.92881873603007E-15));
#7795=CARTESIAN_POINT('',(595.000009909272,-31.5000004470348,-1.92881873603007E-15));
#7796=CARTESIAN_POINT('',(595.000009909272,-31.5000004470348,-1.92881873603007E-15));
#7797=CARTESIAN_POINT('',(625.000009909272,-86.5000004470348,0.999999999999995));
#7798=CARTESIAN_POINT('',(625.000009909272,-86.5000004470348,-5.29659743368529E-15));
#7799=CARTESIAN_POINT('',(625.000009909272,-86.5000004470348,0.999999999999995));
#7800=CARTESIAN_POINT('Origin',(595.000009909272,-31.5000004470348,-1.92881873603007E-15));
#7801=CARTESIAN_POINT('',(665.000009909272,-31.5000004470348,0.999999999999998));
#7802=CARTESIAN_POINT('',(665.000009909272,-31.5000004470348,-1.92881873603007E-15));
#7803=CARTESIAN_POINT('',(610.000009089708,-31.5000004470348,-1.92881873603007E-15));
#7804=CARTESIAN_POINT('',(602.50000949949,-31.5000004470348,-1.92881873603007E-15));
#7805=CARTESIAN_POINT('',(595.000009909272,-31.5000004470348,0.999999999999998));
#7806=CARTESIAN_POINT('',(620.00000923872,-31.5000004470348,-1.92881873603007E-15));
#7807=CARTESIAN_POINT('',(636.965166627471,-31.5000004470348,-1.92881873603007E-15));
#7808=CARTESIAN_POINT('',(628.482587933096,-31.5000004470348,-1.92881873603007E-15));
#7809=CARTESIAN_POINT('Origin',(665.000009909272,-31.5000004470348,-1.92881873603007E-15));
#7810=CARTESIAN_POINT('',(695.000009909272,-86.5000004470348,0.999999999999995));
#7811=CARTESIAN_POINT('',(695.000009909272,-86.5000004470348,-5.29659743368529E-15));
#7812=CARTESIAN_POINT('',(695.000009909272,-86.5000004470348,0.999999999999995));
#7813=CARTESIAN_POINT('Origin',(695.000009909272,-86.5000004470348,-5.29659743368529E-15));
#7814=CARTESIAN_POINT('',(625.000009909272,-86.5000004470348,0.999999999999995));
#7815=CARTESIAN_POINT('Origin',(645.000009909272,-59.0000004470348,0.999999999999996));
#7816=CARTESIAN_POINT('Origin',(645.000009909272,-1.,-59.0000004470348));
#7817=CARTESIAN_POINT('',(595.000009909272,-1.,-31.5000004470348));
#7818=CARTESIAN_POINT('',(625.000009909272,-1.,-86.5000004470348));
#7819=CARTESIAN_POINT('',(625.000009909272,-1.,-86.5000004470348));
#7820=CARTESIAN_POINT('',(695.000009909272,-1.,-86.5000004470348));
#7821=CARTESIAN_POINT('',(625.000009909272,-1.,-86.5000004470348));
#7822=CARTESIAN_POINT('',(665.000009909272,-1.,-31.5000004470348));
#7823=CARTESIAN_POINT('',(695.000009909272,-1.,-86.5000004470348));
#7824=CARTESIAN_POINT('',(595.000009909272,-1.,-31.5000004470348));
#7825=CARTESIAN_POINT('Origin',(695.000009909272,0.,-86.5000004470348));
#7826=CARTESIAN_POINT('',(625.000009909272,1.,-86.5000004470348));
#7827=CARTESIAN_POINT('',(625.000009909272,0.,-86.5000004470348));
#7828=CARTESIAN_POINT('',(695.000009909272,1.,-86.5000004470348));
#7829=CARTESIAN_POINT('',(625.000009909272,1.,-86.5000004470348));
#7830=CARTESIAN_POINT('',(695.000009909272,0.,-86.5000004470348));
#7831=CARTESIAN_POINT('Origin',(665.000009909272,0.,-31.5000004470348));
#7832=CARTESIAN_POINT('',(665.000009909272,1.,-31.5000004470348));
#7833=CARTESIAN_POINT('',(695.000009909272,1.,-86.5000004470348));
#7834=CARTESIAN_POINT('',(665.000009909272,0.,-31.5000004470348));
#7835=CARTESIAN_POINT('Origin',(595.000009909272,0.,-31.5000004470348));
#7836=CARTESIAN_POINT('',(595.000009909272,1.,-31.5000004470348));
#7837=CARTESIAN_POINT('',(595.000009909272,1.,-31.5000004470348));
#7838=CARTESIAN_POINT('',(595.000009909272,0.,-31.5000004470348));
#7839=CARTESIAN_POINT('',(595.000009909272,0.,-31.5000004470348));
#7840=CARTESIAN_POINT('',(610.000009089708,0.,-31.5000004470348));
#7841=CARTESIAN_POINT('',(602.50000949949,0.,-31.5000004470348));
#7842=CARTESIAN_POINT('',(595.000009909272,0.,-31.5000004470348));
#7843=CARTESIAN_POINT('',(620.00000923872,0.,-31.5000004470348));
#7844=CARTESIAN_POINT('',(636.965166627471,0.,-31.5000004470348));
#7845=CARTESIAN_POINT('',(628.482587933096,0.,-31.5000004470348));
#7846=CARTESIAN_POINT('Origin',(625.000009909272,0.,-86.5000004470348));
#7847=CARTESIAN_POINT('',(625.000009909272,1.,-86.5000004470348));
#7848=CARTESIAN_POINT('Origin',(645.000009909272,1.,-59.0000004470348));
#7849=CARTESIAN_POINT('Origin',(645.000009909272,-1.00000000000001,59.0000004470348));
#7850=CARTESIAN_POINT('',(625.000009909272,-1.00000000000001,86.5000004470348));
#7851=CARTESIAN_POINT('',(595.000009909272,-1.,31.5000004470348));
#7852=CARTESIAN_POINT('',(625.000009909272,-1.00000000000001,86.5000004470348));
#7853=CARTESIAN_POINT('',(665.000009909272,-1.,31.5000004470348));
#7854=CARTESIAN_POINT('',(595.000009909272,-1.,31.5000004470348));
#7855=CARTESIAN_POINT('',(695.000009909272,-1.00000000000001,86.5000004470348));
#7856=CARTESIAN_POINT('',(695.000009909272,-1.00000000000001,86.5000004470348));
#7857=CARTESIAN_POINT('',(625.000009909272,-1.00000000000001,86.5000004470348));
#7858=CARTESIAN_POINT('Origin',(625.000009909272,-1.05931948673706E-14,
86.5000004470348));
#7859=CARTESIAN_POINT('',(595.000009909272,0.999999999999996,31.5000004470348));
#7860=CARTESIAN_POINT('',(595.000009909272,-3.85763747206014E-15,31.5000004470348));
#7861=CARTESIAN_POINT('',(595.000009909272,-3.85763747206014E-15,31.5000004470348));
#7862=CARTESIAN_POINT('',(595.000009909272,-3.85763747206014E-15,31.5000004470348));
#7863=CARTESIAN_POINT('',(625.000009909272,0.99999999999999,86.5000004470348));
#7864=CARTESIAN_POINT('',(625.000009909272,-1.05931948673706E-14,86.5000004470348));
#7865=CARTESIAN_POINT('',(625.000009909272,0.99999999999999,86.5000004470348));
#7866=CARTESIAN_POINT('Origin',(595.000009909272,-3.85763747206014E-15,
31.5000004470348));
#7867=CARTESIAN_POINT('',(665.000009909272,0.999999999999996,31.5000004470348));
#7868=CARTESIAN_POINT('',(665.000009909272,-3.85763747206014E-15,31.5000004470348));
#7869=CARTESIAN_POINT('',(610.000009089708,-3.85763747206014E-15,31.5000004470348));
#7870=CARTESIAN_POINT('',(602.50000949949,-3.85763747206014E-15,31.5000004470348));
#7871=CARTESIAN_POINT('',(595.000009909272,0.999999999999996,31.5000004470348));
#7872=CARTESIAN_POINT('',(620.00000923872,-3.85763747206014E-15,31.5000004470348));
#7873=CARTESIAN_POINT('',(636.965166627471,-3.85763747206014E-15,31.5000004470348));
#7874=CARTESIAN_POINT('',(628.482587933096,-3.85763747206014E-15,31.5000004470348));
#7875=CARTESIAN_POINT('Origin',(665.000009909272,-3.85763747206014E-15,
31.5000004470348));
#7876=CARTESIAN_POINT('',(695.000009909272,0.99999999999999,86.5000004470348));
#7877=CARTESIAN_POINT('',(695.000009909272,-1.05931948673706E-14,86.5000004470348));
#7878=CARTESIAN_POINT('',(695.000009909272,0.99999999999999,86.5000004470348));
#7879=CARTESIAN_POINT('Origin',(695.000009909272,-1.05931948673706E-14,
86.5000004470348));
#7880=CARTESIAN_POINT('',(625.000009909272,0.99999999999999,86.5000004470348));
#7881=CARTESIAN_POINT('Origin',(645.000009909272,0.999999999999993,59.0000004470348));
#7882=CARTESIAN_POINT('Origin',(615.997106128609,0.,0.));
#7883=CARTESIAN_POINT('',(620.00000923872,-3.70455662216672E-15,30.2500004470348));
#7884=CARTESIAN_POINT('Origin',(620.00000923872,0.,0.));
#7885=CARTESIAN_POINT('',(636.994202347945,-3.70455662216672E-15,30.2500004470348));
#7886=CARTESIAN_POINT('',(615.997106128609,-3.70455662216672E-15,30.2500004470348));
#7887=CARTESIAN_POINT('Origin',(636.994202347945,0.,0.));
#7888=CARTESIAN_POINT('',(630.000009909272,-22.7573919461754,-19.9289648214291));
#7889=CARTESIAN_POINT('',(628.000009909272,-21.3899804469944,-21.3899804469944));
#7890=CARTESIAN_POINT('Ctrl Pts',(630.000009909272,-22.7573919461754,-19.9289648214291));
#7891=CARTESIAN_POINT('Ctrl Pts',(630.251213065429,-22.7573919461754,-19.9289648214291));
#7892=CARTESIAN_POINT('Ctrl Pts',(630.519109998179,-22.7243281294642,-19.9669200030016));
#7893=CARTESIAN_POINT('Ctrl Pts',(631.011846956155,-22.5888194645331,-20.120094893434));
#7894=CARTESIAN_POINT('Ctrl Pts',(631.236693206794,-22.4862498910867,-20.2351841828024));
#7895=CARTESIAN_POINT('Ctrl Pts',(631.59175362164,-22.2469346463146,-20.4980001921667));
#7896=CARTESIAN_POINT('Ctrl Pts',(631.745661767535,-22.0941981848114,-20.663244420374));
#7897=CARTESIAN_POINT('Ctrl Pts',(631.949791937481,-21.7545998690129,-21.0204816296969));
#7898=CARTESIAN_POINT('Ctrl Pts',(632.000009909272,-21.5676077872484,-21.2123531067404));
#7899=CARTESIAN_POINT('Ctrl Pts',(632.000009909272,-21.2123531067404,-21.5676077872484));
#7900=CARTESIAN_POINT('Ctrl Pts',(631.949791937481,-21.0204816296969,-21.754599869013));
#7901=CARTESIAN_POINT('Ctrl Pts',(631.745661767535,-20.6632444203739,-22.0941981848115));
#7902=CARTESIAN_POINT('Ctrl Pts',(631.59175362164,-20.4980001921667,-22.2469346463146));
#7903=CARTESIAN_POINT('Ctrl Pts',(631.236693206794,-20.2351841828024,-22.4862498910867));
#7904=CARTESIAN_POINT('Ctrl Pts',(631.011846956155,-20.1200948934341,-22.5888194645331));
#7905=CARTESIAN_POINT('Ctrl Pts',(630.519109998179,-19.9669200030016,-22.7243281294641));
#7906=CARTESIAN_POINT('Ctrl Pts',(630.251213065429,-19.9289648214291,-22.7573919461754));
#7907=CARTESIAN_POINT('Ctrl Pts',(629.748806753116,-19.9289648214291,-22.7573919461754));
#7908=CARTESIAN_POINT('Ctrl Pts',(629.480909820366,-19.9669200030016,-22.7243281294642));
#7909=CARTESIAN_POINT('Ctrl Pts',(628.98817286239,-20.120094893434,-22.5888194645332));
#7910=CARTESIAN_POINT('Ctrl Pts',(628.76332661175,-20.2351841828024,-22.4862498910867));
#7911=CARTESIAN_POINT('Ctrl Pts',(628.408266196905,-20.4980001921667,-22.2469346463146));
#7912=CARTESIAN_POINT('Ctrl Pts',(628.254358051009,-20.6632444203739,-22.0941981848115));
#7913=CARTESIAN_POINT('Ctrl Pts',(628.050227881064,-21.0204816296969,-21.754599869013));
#7914=CARTESIAN_POINT('Ctrl Pts',(628.000009909272,-21.2123531067404,-21.5676077872484));
#7915=CARTESIAN_POINT('Ctrl Pts',(628.000009909272,-21.3899804469944,-21.3899804469944));
#7916=CARTESIAN_POINT('Ctrl Pts',(628.000009909272,-21.3899804469944,-21.3899804469944));
#7917=CARTESIAN_POINT('Ctrl Pts',(628.000009909272,-21.5676077872484,-21.2123531067404));
#7918=CARTESIAN_POINT('Ctrl Pts',(628.050227881064,-21.7545998690129,-21.0204816296969));
#7919=CARTESIAN_POINT('Ctrl Pts',(628.254358051009,-22.0941981848114,-20.663244420374));
#7920=CARTESIAN_POINT('Ctrl Pts',(628.408266196905,-22.2469346463146,-20.4980001921667));
#7921=CARTESIAN_POINT('Ctrl Pts',(628.76332661175,-22.4862498910867,-20.2351841828024));
#7922=CARTESIAN_POINT('Ctrl Pts',(628.98817286239,-22.5888194645331,-20.120094893434));
#7923=CARTESIAN_POINT('Ctrl Pts',(629.480909820366,-22.7243281294642,-19.9669200030016));
#7924=CARTESIAN_POINT('Ctrl Pts',(629.748806753116,-22.7573919461754,-19.9289648214291));
#7925=CARTESIAN_POINT('Ctrl Pts',(630.000009909272,-22.7573919461754,-19.9289648214291));
#7926=CARTESIAN_POINT('',(630.000009909272,19.9289648214291,22.7573919461754));
#7927=CARTESIAN_POINT('',(628.000009909272,21.3899804469944,21.3899804469944));
#7928=CARTESIAN_POINT('Ctrl Pts',(630.000009909272,19.9289648214291,22.7573919461754));
#7929=CARTESIAN_POINT('Ctrl Pts',(629.748806753116,19.9289648214291,22.7573919461754));
#7930=CARTESIAN_POINT('Ctrl Pts',(629.480909820366,19.9669200030016,22.7243281294642));
#7931=CARTESIAN_POINT('Ctrl Pts',(628.98817286239,20.120094893434,22.5888194645331));
#7932=CARTESIAN_POINT('Ctrl Pts',(628.76332661175,20.2351841828024,22.4862498910867));
#7933=CARTESIAN_POINT('Ctrl Pts',(628.408266196905,20.4980001921667,22.2469346463146));
#7934=CARTESIAN_POINT('Ctrl Pts',(628.254358051009,20.6632444203739,22.0941981848115));
#7935=CARTESIAN_POINT('Ctrl Pts',(628.050227881064,21.0204816296969,21.754599869013));
#7936=CARTESIAN_POINT('Ctrl Pts',(628.000009909272,21.2123531067404,21.5676077872484));
#7937=CARTESIAN_POINT('Ctrl Pts',(628.000009909272,21.3899804469944,21.3899804469944));
#7938=CARTESIAN_POINT('Ctrl Pts',(628.000009909272,21.3899804469944,21.3899804469944));
#7939=CARTESIAN_POINT('Ctrl Pts',(628.000009909272,21.5676077872484,21.2123531067404));
#7940=CARTESIAN_POINT('Ctrl Pts',(628.050227881064,21.754599869013,21.0204816296969));
#7941=CARTESIAN_POINT('Ctrl Pts',(628.254358051009,22.0941981848115,20.6632444203739));
#7942=CARTESIAN_POINT('Ctrl Pts',(628.408266196905,22.2469346463146,20.4980001921667));
#7943=CARTESIAN_POINT('Ctrl Pts',(628.76332661175,22.4862498910867,20.2351841828024));
#7944=CARTESIAN_POINT('Ctrl Pts',(628.98817286239,22.5888194645332,20.120094893434));
#7945=CARTESIAN_POINT('Ctrl Pts',(629.480909820366,22.7243281294642,19.9669200030016));
#7946=CARTESIAN_POINT('Ctrl Pts',(629.748806753116,22.7573919461754,19.9289648214291));
#7947=CARTESIAN_POINT('Ctrl Pts',(630.251213065429,22.7573919461754,19.9289648214291));
#7948=CARTESIAN_POINT('Ctrl Pts',(630.519109998179,22.7243281294641,19.9669200030016));
#7949=CARTESIAN_POINT('Ctrl Pts',(631.011846956155,22.5888194645331,20.1200948934341));
#7950=CARTESIAN_POINT('Ctrl Pts',(631.236693206794,22.4862498910867,20.2351841828024));
#7951=CARTESIAN_POINT('Ctrl Pts',(631.59175362164,22.2469346463146,20.4980001921667));
#7952=CARTESIAN_POINT('Ctrl Pts',(631.745661767535,22.0941981848114,20.663244420374));
#7953=CARTESIAN_POINT('Ctrl Pts',(631.949791937481,21.7545998690129,21.0204816296969));
#7954=CARTESIAN_POINT('Ctrl Pts',(632.000009909272,21.5676077872484,21.2123531067404));
#7955=CARTESIAN_POINT('Ctrl Pts',(632.000009909272,21.2123531067404,21.5676077872484));
#7956=CARTESIAN_POINT('Ctrl Pts',(631.949791937481,21.0204816296969,21.754599869013));
#7957=CARTESIAN_POINT('Ctrl Pts',(631.745661767535,20.6632444203739,22.0941981848115));
#7958=CARTESIAN_POINT('Ctrl Pts',(631.59175362164,20.4980001921667,22.2469346463146));
#7959=CARTESIAN_POINT('Ctrl Pts',(631.236693206794,20.2351841828024,22.4862498910867));
#7960=CARTESIAN_POINT('Ctrl Pts',(631.011846956155,20.120094893434,22.5888194645331));
#7961=CARTESIAN_POINT('Ctrl Pts',(630.519109998179,19.9669200030016,22.7243281294642));
#7962=CARTESIAN_POINT('Ctrl Pts',(630.251213065429,19.9289648214291,22.7573919461754));
#7963=CARTESIAN_POINT('Ctrl Pts',(630.000009909272,19.9289648214291,22.7573919461754));
#7964=CARTESIAN_POINT('Origin',(630.000009909272,0.,0.));
#7965=CARTESIAN_POINT('',(630.000009909272,-23.6431364800855,-20.8147093553392));
#7966=CARTESIAN_POINT('',(628.000009909272,-22.2738639234776,-22.2738639234776));
#7967=CARTESIAN_POINT('Ctrl Pts',(630.000009909272,-23.6431364800855,-20.8147093553392));
#7968=CARTESIAN_POINT('Ctrl Pts',(630.251206926287,-23.6431364800855,-20.8147093553392));
#7969=CARTESIAN_POINT('Ctrl Pts',(630.519101226033,-23.6099767752563,-20.8525652595535));
#7970=CARTESIAN_POINT('Ctrl Pts',(631.01183988179,-23.4741175489943,-21.0053870830761));
#7971=CARTESIAN_POINT('Ctrl Pts',(631.236689975623,-23.3712982328763,-21.1202279550268));
#7972=CARTESIAN_POINT('Ctrl Pts',(631.591756870014,-23.1315113660258,-21.3825815057729));
#7973=CARTESIAN_POINT('Ctrl Pts',(631.745665939608,-22.9785237966792,-21.547580050513));
#7974=CARTESIAN_POINT('Ctrl Pts',(631.94979432775,-22.6385740501673,-21.9044681944664));
#7975=CARTESIAN_POINT('Ctrl Pts',(632.000009909272,-22.4514869399203,-22.0962409070349));
#7976=CARTESIAN_POINT('Ctrl Pts',(632.000009909272,-22.0962409070349,-22.4514869399203));
#7977=CARTESIAN_POINT('Ctrl Pts',(631.94979432775,-21.9044681944664,-22.6385740501673));
#7978=CARTESIAN_POINT('Ctrl Pts',(631.745665939608,-21.547580050513,-22.9785237966792));
#7979=CARTESIAN_POINT('Ctrl Pts',(631.591756870014,-21.3825815057729,-23.1315113660258));
#7980=CARTESIAN_POINT('Ctrl Pts',(631.236689975623,-21.1202279550268,-23.3712982328763));
#7981=CARTESIAN_POINT('Ctrl Pts',(631.01183988179,-21.0053870830761,-23.4741175489943));
#7982=CARTESIAN_POINT('Ctrl Pts',(630.519101226033,-20.8525652595535,-23.6099767752563));
#7983=CARTESIAN_POINT('Ctrl Pts',(630.251206926287,-20.8147093553392,-23.6431364800855));
#7984=CARTESIAN_POINT('Ctrl Pts',(629.748812892257,-20.8147093553392,-23.6431364800855));
#7985=CARTESIAN_POINT('Ctrl Pts',(629.480918592511,-20.8525652595535,-23.6099767752563));
#7986=CARTESIAN_POINT('Ctrl Pts',(628.988179936754,-21.0053870830761,-23.4741175489943));
#7987=CARTESIAN_POINT('Ctrl Pts',(628.763329842921,-21.1202279550268,-23.3712982328763));
#7988=CARTESIAN_POINT('Ctrl Pts',(628.40826294853,-21.3825815057729,-23.1315113660258));
#7989=CARTESIAN_POINT('Ctrl Pts',(628.254353878936,-21.547580050513,-22.9785237966792));
#7990=CARTESIAN_POINT('Ctrl Pts',(628.050225490794,-21.9044681944664,-22.6385740501673));
#7991=CARTESIAN_POINT('Ctrl Pts',(628.000009909272,-22.0962409070349,-22.4514869399203));
#7992=CARTESIAN_POINT('Ctrl Pts',(628.000009909272,-22.2738639234776,-22.2738639234776));
#7993=CARTESIAN_POINT('Ctrl Pts',(628.000009909272,-22.2738639234776,-22.2738639234776));
#7994=CARTESIAN_POINT('Ctrl Pts',(628.000009909272,-22.4514869399203,-22.0962409070349));
#7995=CARTESIAN_POINT('Ctrl Pts',(628.050225490794,-22.6385740501673,-21.9044681944664));
#7996=CARTESIAN_POINT('Ctrl Pts',(628.254353878936,-22.9785237966792,-21.547580050513));
#7997=CARTESIAN_POINT('Ctrl Pts',(628.40826294853,-23.1315113660258,-21.3825815057729));
#7998=CARTESIAN_POINT('Ctrl Pts',(628.763329842921,-23.3712982328763,-21.1202279550268));
#7999=CARTESIAN_POINT('Ctrl Pts',(628.988179936754,-23.4741175489943,-21.0053870830762));
#8000=CARTESIAN_POINT('Ctrl Pts',(629.480918592511,-23.6099767752562,-20.8525652595535));
#8001=CARTESIAN_POINT('Ctrl Pts',(629.748812892257,-23.6431364800855,-20.8147093553392));
#8002=CARTESIAN_POINT('Ctrl Pts',(630.000009909272,-23.6431364800855,-20.8147093553392));
#8003=CARTESIAN_POINT('',(628.000009909272,-1.73191211247101E-16,1.73191211247101E-16));
#8004=CARTESIAN_POINT('Origin',(630.000009909272,0.,0.));
#8005=CARTESIAN_POINT('',(628.000009909272,22.2738639234776,22.2738639234776));
#8006=CARTESIAN_POINT('',(628.000009909272,-1.73191211247101E-16,1.73191211247101E-16));
#8007=CARTESIAN_POINT('',(630.000009909272,20.8147093553392,23.6431364800855));
#8008=CARTESIAN_POINT('Ctrl Pts',(630.000009909272,20.8147093553392,23.6431364800855));
#8009=CARTESIAN_POINT('Ctrl Pts',(629.748812892257,20.8147093553392,23.6431364800855));
#8010=CARTESIAN_POINT('Ctrl Pts',(629.480918592511,20.8525652595535,23.6099767752563));
#8011=CARTESIAN_POINT('Ctrl Pts',(628.988179936754,21.0053870830761,23.4741175489943));
#8012=CARTESIAN_POINT('Ctrl Pts',(628.763329842921,21.1202279550268,23.3712982328763));
#8013=CARTESIAN_POINT('Ctrl Pts',(628.40826294853,21.3825815057729,23.1315113660258));
#8014=CARTESIAN_POINT('Ctrl Pts',(628.254353878936,21.547580050513,22.9785237966792));
#8015=CARTESIAN_POINT('Ctrl Pts',(628.050225490794,21.9044681944664,22.6385740501673));
#8016=CARTESIAN_POINT('Ctrl Pts',(628.000009909272,22.0962409070349,22.4514869399203));
#8017=CARTESIAN_POINT('Ctrl Pts',(628.000009909272,22.2738639234776,22.2738639234776));
#8018=CARTESIAN_POINT('Ctrl Pts',(628.000009909272,22.2738639234776,22.2738639234776));
#8019=CARTESIAN_POINT('Ctrl Pts',(628.000009909272,22.4514869399203,22.0962409070349));
#8020=CARTESIAN_POINT('Ctrl Pts',(628.050225490794,22.6385740501674,21.9044681944663));
#8021=CARTESIAN_POINT('Ctrl Pts',(628.254353878936,22.9785237966792,21.5475800505129));
#8022=CARTESIAN_POINT('Ctrl Pts',(628.40826294853,23.1315113660258,21.3825815057729));
#8023=CARTESIAN_POINT('Ctrl Pts',(628.763329842921,23.3712982328763,21.1202279550268));
#8024=CARTESIAN_POINT('Ctrl Pts',(628.988179936754,23.4741175489943,21.0053870830761));
#8025=CARTESIAN_POINT('Ctrl Pts',(629.480918592511,23.6099767752563,20.8525652595535));
#8026=CARTESIAN_POINT('Ctrl Pts',(629.748812892257,23.6431364800855,20.8147093553392));
#8027=CARTESIAN_POINT('Ctrl Pts',(630.251206926287,23.6431364800855,20.8147093553392));
#8028=CARTESIAN_POINT('Ctrl Pts',(630.519101226033,23.6099767752563,20.8525652595535));
#8029=CARTESIAN_POINT('Ctrl Pts',(631.01183988179,23.4741175489943,21.0053870830761));
#8030=CARTESIAN_POINT('Ctrl Pts',(631.236689975623,23.3712982328763,21.1202279550268));
#8031=CARTESIAN_POINT('Ctrl Pts',(631.591756870014,23.1315113660258,21.3825815057729));
#8032=CARTESIAN_POINT('Ctrl Pts',(631.745665939608,22.9785237966792,21.547580050513));
#8033=CARTESIAN_POINT('Ctrl Pts',(631.94979432775,22.6385740501673,21.9044681944664));
#8034=CARTESIAN_POINT('Ctrl Pts',(632.000009909272,22.4514869399203,22.0962409070349));
#8035=CARTESIAN_POINT('Ctrl Pts',(632.000009909272,22.0962409070349,22.4514869399203));
#8036=CARTESIAN_POINT('Ctrl Pts',(631.94979432775,21.9044681944664,22.6385740501673));
#8037=CARTESIAN_POINT('Ctrl Pts',(631.745665939608,21.547580050513,22.9785237966792));
#8038=CARTESIAN_POINT('Ctrl Pts',(631.591756870014,21.3825815057729,23.1315113660258));
#8039=CARTESIAN_POINT('Ctrl Pts',(631.236689975623,21.1202279550268,23.3712982328763));
#8040=CARTESIAN_POINT('Ctrl Pts',(631.01183988179,21.0053870830761,23.4741175489943));
#8041=CARTESIAN_POINT('Ctrl Pts',(630.519101226033,20.8525652595535,23.6099767752563));
#8042=CARTESIAN_POINT('Ctrl Pts',(630.251206926287,20.8147093553392,23.6431364800855));
#8043=CARTESIAN_POINT('Ctrl Pts',(630.000009909272,20.8147093553392,23.6431364800855));
#8044=CARTESIAN_POINT('Origin',(628.482587933096,0.,0.));
#8045=CARTESIAN_POINT('',(620.00000923872,-3.85763747206014E-15,31.5000004470348));
#8046=CARTESIAN_POINT('',(636.965166627471,-3.85763747206014E-15,31.5000004470348));
#8047=CARTESIAN_POINT('',(628.482587933096,-3.85763747206014E-15,31.5000004470348));
#8048=CARTESIAN_POINT('',(636.965166627471,31.5000004470348,5.78645620809021E-15));
#8049=CARTESIAN_POINT('Origin',(636.965166627471,0.,0.));
#8050=CARTESIAN_POINT('',(620.00000923872,31.5000004470348,5.78645620809021E-15));
#8051=CARTESIAN_POINT('',(628.482587933096,31.5000004470348,5.78645620809021E-15));
#8052=CARTESIAN_POINT('Origin',(620.00000923872,0.,0.));
#8053=CARTESIAN_POINT('Origin',(628.482587933096,0.,0.));
#8054=CARTESIAN_POINT('',(620.00000923872,-31.5000004470348,-1.92881873603007E-15));
#8055=CARTESIAN_POINT('',(636.965166627471,-31.5000004470348,-1.92881873603007E-15));
#8056=CARTESIAN_POINT('',(628.482587933096,-31.5000004470348,-1.92881873603007E-15));
#8057=CARTESIAN_POINT('Origin',(636.965166627471,0.,0.));
#8058=CARTESIAN_POINT('Origin',(620.00000923872,0.,0.));
#8059=CARTESIAN_POINT('Origin',(628.482587933096,0.,0.));
#8060=CARTESIAN_POINT('',(620.00000923872,0.,-31.5000004470348));
#8061=CARTESIAN_POINT('',(636.965166627471,0.,-31.5000004470348));
#8062=CARTESIAN_POINT('',(628.482587933096,0.,-31.5000004470348));
#8063=CARTESIAN_POINT('Origin',(620.00000923872,0.,0.));
#8064=CARTESIAN_POINT('Origin',(636.965166627471,0.,0.));
#8065=CARTESIAN_POINT('Origin',(620.00000923872,0.,-31.5000004470348));
#8066=CARTESIAN_POINT('Origin',(620.00000923872,0.,0.));
#8067=CARTESIAN_POINT('Origin',(628.482587933096,0.,0.));
#8068=CARTESIAN_POINT('Origin',(636.965166627471,0.,0.));
#8069=CARTESIAN_POINT('Origin',(636.982588059756,0.,0.));
#8070=CARTESIAN_POINT('',(636.982588059756,-3.76578896212409E-15,30.7500004470348));
#8071=CARTESIAN_POINT('Origin',(645.000009909272,59.0000004470348,1.00000000000001));
#8072=CARTESIAN_POINT('',(625.000009909272,86.5000004470348,1.00000000000002));
#8073=CARTESIAN_POINT('',(595.000009909272,31.5000004470348,1.00000000000001));
#8074=CARTESIAN_POINT('',(625.000009909272,86.5000004470348,1.00000000000002));
#8075=CARTESIAN_POINT('',(665.000009909272,31.5000004470348,1.00000000000001));
#8076=CARTESIAN_POINT('',(595.000009909272,31.5000004470348,1.00000000000001));
#8077=CARTESIAN_POINT('',(695.000009909272,86.5000004470348,1.00000000000002));
#8078=CARTESIAN_POINT('',(695.000009909272,86.5000004470348,1.00000000000002));
#8079=CARTESIAN_POINT('',(625.000009909272,86.5000004470348,1.00000000000002));
#8080=CARTESIAN_POINT('Origin',(625.000009909272,86.5000004470348,1.58897923010559E-14));
#8081=CARTESIAN_POINT('',(595.000009909272,31.5000004470348,-0.999999999999994));
#8082=CARTESIAN_POINT('',(595.000009909272,31.5000004470348,5.78645620809021E-15));
#8083=CARTESIAN_POINT('',(595.000009909272,31.5000004470348,5.78645620809021E-15));
#8084=CARTESIAN_POINT('',(595.000009909272,31.5000004470348,5.78645620809021E-15));
#8085=CARTESIAN_POINT('',(625.000009909272,86.5000004470348,-0.999999999999984));
#8086=CARTESIAN_POINT('',(625.000009909272,86.5000004470348,1.58897923010559E-14));
#8087=CARTESIAN_POINT('',(625.000009909272,86.5000004470348,-0.999999999999984));
#8088=CARTESIAN_POINT('Origin',(595.000009909272,31.5000004470348,5.78645620809021E-15));
#8089=CARTESIAN_POINT('',(665.000009909272,31.5000004470348,-0.999999999999994));
#8090=CARTESIAN_POINT('',(665.000009909272,31.5000004470348,5.78645620809021E-15));
#8091=CARTESIAN_POINT('',(610.000009089708,31.5000004470348,5.78645620809021E-15));
#8092=CARTESIAN_POINT('',(602.50000949949,31.5000004470348,5.78645620809021E-15));
#8093=CARTESIAN_POINT('',(595.000009909272,31.5000004470348,-0.999999999999994));
#8094=CARTESIAN_POINT('',(620.00000923872,31.5000004470348,5.78645620809021E-15));
#8095=CARTESIAN_POINT('',(636.965166627471,31.5000004470348,5.78645620809021E-15));
#8096=CARTESIAN_POINT('',(628.482587933096,31.5000004470348,5.78645620809021E-15));
#8097=CARTESIAN_POINT('Origin',(665.000009909272,31.5000004470348,5.78645620809021E-15));
#8098=CARTESIAN_POINT('',(695.000009909272,86.5000004470348,-0.999999999999984));
#8099=CARTESIAN_POINT('',(695.000009909272,86.5000004470348,1.58897923010559E-14));
#8100=CARTESIAN_POINT('',(695.000009909272,86.5000004470348,-0.999999999999984));
#8101=CARTESIAN_POINT('Origin',(695.000009909272,86.5000004470348,1.58897923010559E-14));
#8102=CARTESIAN_POINT('',(625.000009909272,86.5000004470348,-0.999999999999984));
#8103=CARTESIAN_POINT('Origin',(645.000009909272,59.0000004470348,-0.999999999999989));
#8104=CARTESIAN_POINT('',(0.,0.,0.));
#8105=CARTESIAN_POINT('Origin',(470.000007003546,0.00850904022022169,-0.00850904022022169));
#8106=CARTESIAN_POINT('',(470.000007003546,-1.99149095977981,-27.6784476399439));
#8107=CARTESIAN_POINT('',(468.000007003546,0.00850904022021734,-27.7499986954276));
#8108=CARTESIAN_POINT('Ctrl Pts',(470.000007003546,-1.99149095977981,-27.6784476399439));
#8109=CARTESIAN_POINT('Ctrl Pts',(470.251224812222,-1.99149095977981,-27.6784476399439));
#8110=CARTESIAN_POINT('Ctrl Pts',(470.51912832875,-1.94126723851687,-27.6822044871462));
#8111=CARTESIAN_POINT('Ctrl Pts',(471.011862404867,-1.73713214904782,-27.6957638571834));
#8112=CARTESIAN_POINT('Ctrl Pts',(471.236700331095,-1.58322552475215,-27.7053693858357));
#8113=CARTESIAN_POINT('Ctrl Pts',(471.591745393518,-1.22817892677192,-27.7233777135707));
#8114=CARTESIAN_POINT('Ctrl Pts',(471.745650823416,-1.0033415319595,-27.7329505698096));
#8115=CARTESIAN_POINT('Ctrl Pts',(471.949784015816,-0.510608993869942,-27.7463965226476));
#8116=CARTESIAN_POINT('Ctrl Pts',(472.000007003546,-0.242706600516027,-27.7500757262057));
#8117=CARTESIAN_POINT('Ctrl Pts',(472.000007003546,0.259728998995558,-27.7499216633255));
#8118=CARTESIAN_POINT('Ctrl Pts',(471.949782472021,0.527633385933717,-27.7460780448802));
#8119=CARTESIAN_POINT('Ctrl Pts',(471.745646686574,1.02036701251137,-27.7323294193434));
#8120=CARTESIAN_POINT('Ctrl Pts',(471.591740288352,1.24520365450852,-27.7226182923884));
#8121=CARTESIAN_POINT('Ctrl Pts',(471.236695892146,1.60024650201034,-27.7043914899079));
#8122=CARTESIAN_POINT('Ctrl Pts',(471.011859938868,1.75415144266273,-27.6946911368587));
#8123=CARTESIAN_POINT('Ctrl Pts',(470.5191283431,1.95828512147732,-27.6810058317325));
#8124=CARTESIAN_POINT('Ctrl Pts',(470.25122525122,2.00850904022024,-27.6772179135721));
#8125=CARTESIAN_POINT('Ctrl Pts',(469.748788755871,2.00850904022024,-27.6772179135721));
#8126=CARTESIAN_POINT('Ctrl Pts',(469.480885663992,1.95828512147732,-27.6810058317325));
#8127=CARTESIAN_POINT('Ctrl Pts',(468.988154068224,1.75415144266273,-27.6946911368587));
#8128=CARTESIAN_POINT('Ctrl Pts',(468.763318114946,1.60024650201034,-27.7043914899079));
#8129=CARTESIAN_POINT('Ctrl Pts',(468.40827371874,1.24520365450852,-27.7226182923884));
#8130=CARTESIAN_POINT('Ctrl Pts',(468.254367320518,1.02036701251137,-27.7323294193434));
#8131=CARTESIAN_POINT('Ctrl Pts',(468.050231535071,0.527633385933717,-27.7460780448802));
#8132=CARTESIAN_POINT('Ctrl Pts',(468.000007003546,0.259728998995557,-27.7499216633255));
#8133=CARTESIAN_POINT('Ctrl Pts',(468.000007003546,0.00850904022021516,
-27.7499986954276));
#8134=CARTESIAN_POINT('Ctrl Pts',(468.000007003546,0.00850904022021884,
-27.7499986954276));
#8135=CARTESIAN_POINT('Ctrl Pts',(468.000007003546,-0.242706600516023,-27.7500757262057));
#8136=CARTESIAN_POINT('Ctrl Pts',(468.050229991276,-0.510608993869942,-27.7463965226476));
#8137=CARTESIAN_POINT('Ctrl Pts',(468.254363183676,-1.0033415319595,-27.7329505698096));
#8138=CARTESIAN_POINT('Ctrl Pts',(468.408268613574,-1.22817892677192,-27.7233777135707));
#8139=CARTESIAN_POINT('Ctrl Pts',(468.763313675996,-1.58322552475215,-27.7053693858357));
#8140=CARTESIAN_POINT('Ctrl Pts',(468.988151602225,-1.73713214904782,-27.6957638571834));
#8141=CARTESIAN_POINT('Ctrl Pts',(469.480885678341,-1.94126723851687,-27.6822044871462));
#8142=CARTESIAN_POINT('Ctrl Pts',(469.74878919487,-1.99149095977982,-27.6784476399439));
#8143=CARTESIAN_POINT('Ctrl Pts',(470.000007003546,-1.99149095977982,-27.6784476399439));
#8144=CARTESIAN_POINT('',(468.000007003546,0.00850904022021657,-22.4999983910274));
#8145=CARTESIAN_POINT('',(468.000007003546,0.00850904022022145,-0.00850904022022169));
#8146=CARTESIAN_POINT('',(470.000007003546,-1.99149095977982,-22.4116925678788));
#8147=CARTESIAN_POINT('Ctrl Pts',(470.000007003546,-1.99149095977982,-22.4116925678788));
#8148=CARTESIAN_POINT('Ctrl Pts',(469.748740279212,-1.99149095977982,-22.4116925678788));
#8149=CARTESIAN_POINT('Ctrl Pts',(469.480815698748,-1.94124816261312,-22.4163343331231));
#8150=CARTESIAN_POINT('Ctrl Pts',(468.98809459237,-1.73709861186045,-22.4330777589737));
#8151=CARTESIAN_POINT('Ctrl Pts',(468.763286809833,-1.58319905910412,-22.4449350669118));
#8152=CARTESIAN_POINT('Ctrl Pts',(468.408293209962,-1.22820312263716,-22.4671570439274));
#8153=CARTESIAN_POINT('Ctrl Pts',(468.254395374011,-1.00339609348174,-22.4789670149209));
#8154=CARTESIAN_POINT('Ctrl Pts',(468.05024863932,-0.510677139230692,-22.4955544638673));
#8155=CARTESIAN_POINT('Ctrl Pts',(468.000007003546,-0.242754203767281,-22.5000934136586));
#8156=CARTESIAN_POINT('Ctrl Pts',(468.000007003546,0.00850904022022508,
-22.4999983910274));
#8157=CARTESIAN_POINT('Ctrl Pts',(468.000007003546,0.00850904022021669,
-22.4999983910274));
#8158=CARTESIAN_POINT('Ctrl Pts',(468.000007003546,0.259778859593633,-22.4999033659095));
#8159=CARTESIAN_POINT('Ctrl Pts',(468.050250990751,0.527704831614943,-22.49516154487));
#8160=CARTESIAN_POINT('Ctrl Pts',(468.254401674265,1.02042544311227,-22.478200489255));
#8161=CARTESIAN_POINT('Ctrl Pts',(468.408300984357,1.24523132407764,-22.4662197586085));
#8162=CARTESIAN_POINT('Ctrl Pts',(468.763293565211,1.60022154831202,-22.4437278916729));
#8163=CARTESIAN_POINT('Ctrl Pts',(468.988098341511,1.75411853620535,-22.4317533550012));
#8164=CARTESIAN_POINT('Ctrl Pts',(469.480815668224,1.95826593988442,-22.4148541142566));
#8165=CARTESIAN_POINT('Ctrl Pts',(469.748739602624,2.00850904022025,-22.4101738376871));
#8166=CARTESIAN_POINT('Ctrl Pts',(470.251274404468,2.00850904022025,-22.4101738376871));
#8167=CARTESIAN_POINT('Ctrl Pts',(470.519198338868,1.95826593988437,-22.4148541142566));
#8168=CARTESIAN_POINT('Ctrl Pts',(471.011915665581,1.7541185362052,-22.4317533550012));
#8169=CARTESIAN_POINT('Ctrl Pts',(471.23672044188,1.60022154831202,-22.4437278916729));
#8170=CARTESIAN_POINT('Ctrl Pts',(471.591713022735,1.24523132407764,-22.4662197586085));
#8171=CARTESIAN_POINT('Ctrl Pts',(471.745612332826,1.02042544311224,-22.478200489255));
#8172=CARTESIAN_POINT('Ctrl Pts',(471.949763016341,0.527704831614917,-22.49516154487));
#8173=CARTESIAN_POINT('Ctrl Pts',(472.000007003546,0.259778859593634,-22.4999033659095));
#8174=CARTESIAN_POINT('Ctrl Pts',(472.000007003546,-0.242754203767288,-22.5000934136586));
#8175=CARTESIAN_POINT('Ctrl Pts',(471.949765367772,-0.510677139230691,-22.4955544638673));
#8176=CARTESIAN_POINT('Ctrl Pts',(471.745618633081,-1.00339609348174,-22.4789670149209));
#8177=CARTESIAN_POINT('Ctrl Pts',(471.591720797129,-1.22820312263715,-22.4671570439274));
#8178=CARTESIAN_POINT('Ctrl Pts',(471.236727197258,-1.58319905910412,-22.4449350669118));
#8179=CARTESIAN_POINT('Ctrl Pts',(471.011919414721,-1.73709861186045,-22.4330777589737));
#8180=CARTESIAN_POINT('Ctrl Pts',(470.519198308343,-1.94124816261312,-22.4163343331231));
#8181=CARTESIAN_POINT('Ctrl Pts',(470.25127372788,-1.99149095977981,-22.4116925678788));
#8182=CARTESIAN_POINT('Ctrl Pts',(470.000007003546,-1.99149095977981,-22.4116925678788));
#8183=CARTESIAN_POINT('Origin',(470.000007003546,0.00850904022022169,-0.00850904022022169));
#8184=CARTESIAN_POINT('',(470.000007003546,-1.9914909597798,22.4116925678788));
#8185=CARTESIAN_POINT('',(471.999988902503,-2.29571822351809E-9,22.5));
#8186=CARTESIAN_POINT('Ctrl Pts',(470.000007003546,-1.9914909597798,22.4116925678788));
#8187=CARTESIAN_POINT('Ctrl Pts',(470.25127372788,-1.99149095977979,22.4116925678788));
#8188=CARTESIAN_POINT('Ctrl Pts',(470.519198308343,-1.94124816261311,22.4163343331231));
#8189=CARTESIAN_POINT('Ctrl Pts',(471.011919414721,-1.73709861186044,22.4330777589737));
#8190=CARTESIAN_POINT('Ctrl Pts',(471.236727197258,-1.58319905910411,22.4449350669118));
#8191=CARTESIAN_POINT('Ctrl Pts',(471.591720797129,-1.22820312263714,22.4671570439274));
#8192=CARTESIAN_POINT('Ctrl Pts',(471.745618633081,-1.00339609348173,22.4789670149209));
#8193=CARTESIAN_POINT('Ctrl Pts',(471.948613981896,-0.51345607001075,22.495460910794));
#8194=CARTESIAN_POINT('Ctrl Pts',(471.998930384485,-0.248796070644154,22.4999999999492));
#8195=CARTESIAN_POINT('Ctrl Pts',(471.999988902503,-4.59142550368608E-9,
22.5));
#8196=CARTESIAN_POINT('',(468.000025104589,-2.29571808474021E-9,22.5));
#8197=CARTESIAN_POINT('Ctrl Pts',(468.000025104589,-4.59143487119285E-9,
22.5));
#8198=CARTESIAN_POINT('Ctrl Pts',(468.001083622606,-0.248796070644164,22.4999999999492));
#8199=CARTESIAN_POINT('Ctrl Pts',(468.051400025196,-0.51345607001075,22.495460910794));
#8200=CARTESIAN_POINT('Ctrl Pts',(468.254395374011,-1.00339609348173,22.4789670149209));
#8201=CARTESIAN_POINT('Ctrl Pts',(468.408293209962,-1.22820312263715,22.4671570439274));
#8202=CARTESIAN_POINT('Ctrl Pts',(468.763286809833,-1.58319905910411,22.4449350669118));
#8203=CARTESIAN_POINT('Ctrl Pts',(468.98809459237,-1.73709861186044,22.4330777589737));
#8204=CARTESIAN_POINT('Ctrl Pts',(469.480815698748,-1.94124816261311,22.4163343331231));
#8205=CARTESIAN_POINT('Ctrl Pts',(469.748740279212,-1.9914909597798,22.4116925678788));
#8206=CARTESIAN_POINT('Ctrl Pts',(470.000007003546,-1.9914909597798,22.4116925678788));
#8207=CARTESIAN_POINT('',(468.000007003546,0.00850904022022927,22.4999983910274));
#8208=CARTESIAN_POINT('Ctrl Pts',(468.000007003546,0.00850904022022657,
22.4999983910274));
#8209=CARTESIAN_POINT('Ctrl Pts',(468.000007003546,0.00567479503200104,
22.4999994628811));
#8210=CARTESIAN_POINT('Ctrl Pts',(468.000013028303,0.00283842834701711,
22.5000000000006));
#8211=CARTESIAN_POINT('Ctrl Pts',(468.000025104589,-4.59143846232812E-9,
22.5));
#8212=CARTESIAN_POINT('',(468.000007003546,0.00850904022023003,27.7499986954276));
#8213=CARTESIAN_POINT('',(468.000007003546,0.00850904022022145,-0.00850904022022169));
#8214=CARTESIAN_POINT('',(468.000025104589,-2.29601140100509E-9,27.75));
#8215=CARTESIAN_POINT('Ctrl Pts',(468.000025104589,-4.59201712890339E-9,
27.75));
#8216=CARTESIAN_POINT('Ctrl Pts',(468.000013028285,0.00283843256804358,
27.7500000000005));
#8217=CARTESIAN_POINT('Ctrl Pts',(468.000007003546,0.00567479926274921,
27.7499995644969));
#8218=CARTESIAN_POINT('Ctrl Pts',(468.000007003546,0.00850904022022814,
27.7499986954276));
#8219=CARTESIAN_POINT('',(470.000007003546,-1.9914909597798,27.6784476399439));
#8220=CARTESIAN_POINT('Ctrl Pts',(470.000007003546,-1.9914909597798,27.6784476399439));
#8221=CARTESIAN_POINT('Ctrl Pts',(469.74878919487,-1.99149095977979,27.6784476399439));
#8222=CARTESIAN_POINT('Ctrl Pts',(469.480885678341,-1.94126723851686,27.6822044871462));
#8223=CARTESIAN_POINT('Ctrl Pts',(468.988151602225,-1.7371321490478,27.6957638571834));
#8224=CARTESIAN_POINT('Ctrl Pts',(468.763313675996,-1.58322552475214,27.7053693858357));
#8225=CARTESIAN_POINT('Ctrl Pts',(468.408268613574,-1.22817892677191,27.7233777135707));
#8226=CARTESIAN_POINT('Ctrl Pts',(468.254363183676,-1.00334153195949,27.7329505698097));
#8227=CARTESIAN_POINT('Ctrl Pts',(468.051381517218,-0.513388523712187,27.7463206733292));
#8228=CARTESIAN_POINT('Ctrl Pts',(468.001083422948,-0.248749142571847,27.7499999999588));
#8229=CARTESIAN_POINT('Ctrl Pts',(468.000025104589,-4.59202072200515E-9,
27.75));
#8230=CARTESIAN_POINT('',(471.999988902503,-2.29601317042303E-9,27.75));
#8231=CARTESIAN_POINT('Ctrl Pts',(471.999988902503,-4.59202023628258E-9,
27.75));
#8232=CARTESIAN_POINT('Ctrl Pts',(471.998930584144,-0.248749142571846,27.7499999999588));
#8233=CARTESIAN_POINT('Ctrl Pts',(471.948632489874,-0.513388523712161,27.7463206733292));
#8234=CARTESIAN_POINT('Ctrl Pts',(471.745650823416,-1.00334153195949,27.7329505698097));
#8235=CARTESIAN_POINT('Ctrl Pts',(471.591745393518,-1.22817892677191,27.7233777135707));
#8236=CARTESIAN_POINT('Ctrl Pts',(471.236700331095,-1.58322552475214,27.7053693858357));
#8237=CARTESIAN_POINT('Ctrl Pts',(471.011862404867,-1.7371321490478,27.6957638571834));
#8238=CARTESIAN_POINT('Ctrl Pts',(470.51912832875,-1.94126723851686,27.6822044871462));
#8239=CARTESIAN_POINT('Ctrl Pts',(470.251224812222,-1.9914909597798,27.6784476399439));
#8240=CARTESIAN_POINT('Ctrl Pts',(470.000007003546,-1.99149095977981,27.6784476399439));
#8241=CARTESIAN_POINT('Ctrl Pts',(468.000007003546,0.00850904022023147,
27.7499986954276));
#8242=CARTESIAN_POINT('Ctrl Pts',(468.000007003546,0.259728998995574,27.7499216633255));
#8243=CARTESIAN_POINT('Ctrl Pts',(468.050231535071,0.52763338593373,27.7460780448802));
#8244=CARTESIAN_POINT('Ctrl Pts',(468.254367320518,1.02036701251138,27.7323294193434));
#8245=CARTESIAN_POINT('Ctrl Pts',(468.40827371874,1.24520365450853,27.7226182923884));
#8246=CARTESIAN_POINT('Ctrl Pts',(468.763318114946,1.60024650201035,27.7043914899079));
#8247=CARTESIAN_POINT('Ctrl Pts',(468.988154068224,1.75415144266279,27.6946911368587));
#8248=CARTESIAN_POINT('Ctrl Pts',(469.480885663992,1.95828512147737,27.6810058317325));
#8249=CARTESIAN_POINT('Ctrl Pts',(469.748788755871,2.00850904022026,27.6772179135721));
#8250=CARTESIAN_POINT('Ctrl Pts',(470.25122525122,2.00850904022026,27.6772179135721));
#8251=CARTESIAN_POINT('Ctrl Pts',(470.5191283431,1.95828512147736,27.6810058317325));
#8252=CARTESIAN_POINT('Ctrl Pts',(471.011859938868,1.75415144266271,27.6946911368587));
#8253=CARTESIAN_POINT('Ctrl Pts',(471.236695892146,1.60024650201036,27.7043914899079));
#8254=CARTESIAN_POINT('Ctrl Pts',(471.591740288352,1.24520365450853,27.7226182923884));
#8255=CARTESIAN_POINT('Ctrl Pts',(471.745646686574,1.02036701251138,27.7323294193434));
#8256=CARTESIAN_POINT('Ctrl Pts',(471.949782472021,0.52763338593373,27.7460780448802));
#8257=CARTESIAN_POINT('Ctrl Pts',(472.000007003546,0.25972899899557,27.7499216633255));
#8258=CARTESIAN_POINT('Ctrl Pts',(472.000007003546,0.00567479926274931,
27.7499995644969));
#8259=CARTESIAN_POINT('Ctrl Pts',(472.000000978807,0.00283843256804435,
27.7500000000005));
#8260=CARTESIAN_POINT('Ctrl Pts',(471.999988902503,-4.59201597169508E-9,
27.75));
#8261=CARTESIAN_POINT('Ctrl Pts',(471.999988902503,-4.59143892658244E-9,
22.5));
#8262=CARTESIAN_POINT('Ctrl Pts',(472.000000978789,0.00283842834701701,
22.5000000000006));
#8263=CARTESIAN_POINT('Ctrl Pts',(472.000007003546,0.00567479503200128,
22.4999994628811));
#8264=CARTESIAN_POINT('Ctrl Pts',(472.000007003546,0.259778859593643,22.4999033659095));
#8265=CARTESIAN_POINT('Ctrl Pts',(471.949763016341,0.527704831614953,22.49516154487));
#8266=CARTESIAN_POINT('Ctrl Pts',(471.745612332826,1.02042544311228,22.478200489255));
#8267=CARTESIAN_POINT('Ctrl Pts',(471.591713022735,1.24523132407765,22.4662197586085));
#8268=CARTESIAN_POINT('Ctrl Pts',(471.23672044188,1.60022154831203,22.4437278916729));
#8269=CARTESIAN_POINT('Ctrl Pts',(471.011915665581,1.75411853620524,22.4317533550012));
#8270=CARTESIAN_POINT('Ctrl Pts',(470.519198338868,1.95826593988438,22.4148541142566));
#8271=CARTESIAN_POINT('Ctrl Pts',(470.251274404468,2.00850904022026,22.4101738376871));
#8272=CARTESIAN_POINT('Ctrl Pts',(469.748739602624,2.00850904022026,22.4101738376871));
#8273=CARTESIAN_POINT('Ctrl Pts',(469.480815668224,1.95826593988445,22.4148541142566));
#8274=CARTESIAN_POINT('Ctrl Pts',(468.988098341511,1.75411853620536,22.4317533550012));
#8275=CARTESIAN_POINT('Ctrl Pts',(468.763293565211,1.60022154831203,22.4437278916729));
#8276=CARTESIAN_POINT('Ctrl Pts',(468.408300984357,1.24523132407765,22.4662197586085));
#8277=CARTESIAN_POINT('Ctrl Pts',(468.254401674265,1.02042544311231,22.478200489255));
#8278=CARTESIAN_POINT('Ctrl Pts',(468.050250990751,0.527704831614968,22.49516154487));
#8279=CARTESIAN_POINT('Ctrl Pts',(468.000007003546,0.259778859593654,22.4999033659095));
#8280=CARTESIAN_POINT('Ctrl Pts',(468.000007003546,0.00850904022023716,
22.4999983910274));
#8281=CARTESIAN_POINT('Origin',(470.000007003546,0.,0.));
#8282=CARTESIAN_POINT('',(470.000007003546,-27.6778340915614,2.00000000000003));
#8283=CARTESIAN_POINT('',(468.000007003546,-27.75,2.44929359829474E-16));
#8284=CARTESIAN_POINT('Ctrl Pts',(470.000007003546,-27.6778340915614,2.00000000000003));
#8285=CARTESIAN_POINT('Ctrl Pts',(470.251225032309,-27.6778340915614,2.00000000000003));
#8286=CARTESIAN_POINT('Ctrl Pts',(470.519128338009,-27.6816064736923,1.94977617983271));
#8287=CARTESIAN_POINT('Ctrl Pts',(471.011861178731,-27.6952288097648,1.74564179231312));
#8288=CARTESIAN_POINT('Ctrl Pts',(471.236698121736,-27.7048817497065,1.5917360065561));
#8289=CARTESIAN_POINT('Ctrl Pts',(471.591742847801,-27.7229993128227,1.23669128049148));
#8290=CARTESIAN_POINT('Ctrl Pts',(471.745648758591,-27.7326413029688,1.01185426528966));
#8291=CARTESIAN_POINT('Ctrl Pts',(471.949783244115,-27.7462385898545,0.519121187709643));
#8292=CARTESIAN_POINT('Ctrl Pts',(472.000007003546,-27.75,0.251217799085215));
#8293=CARTESIAN_POINT('Ctrl Pts',(472.000007003546,-27.75,-0.251217799085215));
#8294=CARTESIAN_POINT('Ctrl Pts',(471.949783244115,-27.7462385898545,-0.519121187709643));
#8295=CARTESIAN_POINT('Ctrl Pts',(471.745648758591,-27.7326413029688,-1.01185426528966));
#8296=CARTESIAN_POINT('Ctrl Pts',(471.591742847801,-27.7229993128227,-1.23669128049148));
#8297=CARTESIAN_POINT('Ctrl Pts',(471.236698121736,-27.7048817497065,-1.5917360065561));
#8298=CARTESIAN_POINT('Ctrl Pts',(471.011861178731,-27.6952288097649,-1.74564179231312));
#8299=CARTESIAN_POINT('Ctrl Pts',(470.519128338009,-27.6816064736923,-1.94977617983271));
#8300=CARTESIAN_POINT('Ctrl Pts',(470.251225032309,-27.6778340915614,-2.00000000000003));
#8301=CARTESIAN_POINT('Ctrl Pts',(469.748788974782,-27.6778340915614,-2.00000000000003));
#8302=CARTESIAN_POINT('Ctrl Pts',(469.480885669083,-27.6816064736923,-1.94977617983272));
#8303=CARTESIAN_POINT('Ctrl Pts',(468.988152828361,-27.6952288097648,-1.7456417923132));
#8304=CARTESIAN_POINT('Ctrl Pts',(468.763315885356,-27.7048817497065,-1.5917360065561));
#8305=CARTESIAN_POINT('Ctrl Pts',(468.408271159291,-27.7229993128227,-1.23669128049148));
#8306=CARTESIAN_POINT('Ctrl Pts',(468.2543652485,-27.7326413029688,-1.01185426528968));
#8307=CARTESIAN_POINT('Ctrl Pts',(468.050230762976,-27.7462385898545,-0.51912118770967));
#8308=CARTESIAN_POINT('Ctrl Pts',(468.000007003546,-27.75,-0.251217799085218));
#8309=CARTESIAN_POINT('Ctrl Pts',(468.000007003546,-27.75,-2.42861286636753E-15));
#8310=CARTESIAN_POINT('Ctrl Pts',(468.000007003546,-27.75,-4.02455846426619E-15));
#8311=CARTESIAN_POINT('Ctrl Pts',(468.000007003546,-27.75,0.251217799085211));
#8312=CARTESIAN_POINT('Ctrl Pts',(468.050230762976,-27.7462385898545,0.519121187709643));
#8313=CARTESIAN_POINT('Ctrl Pts',(468.2543652485,-27.7326413029688,1.01185426528966));
#8314=CARTESIAN_POINT('Ctrl Pts',(468.408271159291,-27.7229993128227,1.23669128049148));
#8315=CARTESIAN_POINT('Ctrl Pts',(468.763315885356,-27.7048817497065,1.5917360065561));
#8316=CARTESIAN_POINT('Ctrl Pts',(468.98815282836,-27.6952288097648,1.74564179231312));
#8317=CARTESIAN_POINT('Ctrl Pts',(469.480885669083,-27.6816064736923,1.94977617983271));
#8318=CARTESIAN_POINT('Ctrl Pts',(469.748788974782,-27.6778340915614,2.00000000000002));
#8319=CARTESIAN_POINT('Ctrl Pts',(470.000007003546,-27.6778340915614,2.00000000000002));
#8320=CARTESIAN_POINT('',(468.000007003546,-22.5,1.3367711130985E-15));
#8321=CARTESIAN_POINT('',(468.000007003546,0.,2.44929359829474E-16));
#8322=CARTESIAN_POINT('',(470.000007003546,-22.410934831015,2.00000000000003));
#8323=CARTESIAN_POINT('Ctrl Pts',(470.000007003546,-22.410934831015,2.00000000000003));
#8324=CARTESIAN_POINT('Ctrl Pts',(469.748739940048,-22.410934831015,2.00000000000003));
#8325=CARTESIAN_POINT('Ctrl Pts',(469.48081568034,-22.4155958508801,1.94975705100667));
#8326=CARTESIAN_POINT('Ctrl Pts',(468.988096456495,-22.432417181328,1.74560856864433));
#8327=CARTESIAN_POINT('Ctrl Pts',(468.763290172108,-22.4443331019186,1.5917102933088));
#8328=CARTESIAN_POINT('Ctrl Pts',(468.408297086666,-22.4666900201457,1.23671720786639));
#8329=CARTESIAN_POINT('Ctrl Pts',(468.254398518624,-22.4785853682386,1.01191075766178));
#8330=CARTESIAN_POINT('Ctrl Pts',(468.050249814718,-22.4953596161935,0.519190982024811));
#8331=CARTESIAN_POINT('Ctrl Pts',(468.000007003546,-22.5,0.251266530619376));
#8332=CARTESIAN_POINT('Ctrl Pts',(468.000007003546,-22.5,-6.80011602582908E-15));
#8333=CARTESIAN_POINT('Ctrl Pts',(468.000007003546,-22.5,2.4980018054066E-15));
#8334=CARTESIAN_POINT('Ctrl Pts',(468.000007003546,-22.5,-0.25126653061938));
#8335=CARTESIAN_POINT('Ctrl Pts',(468.050249814718,-22.4953596161935,-0.519190982024851));
#8336=CARTESIAN_POINT('Ctrl Pts',(468.254398518624,-22.4785853682386,-1.01191075766181));
#8337=CARTESIAN_POINT('Ctrl Pts',(468.408297086666,-22.4666900201457,-1.23671720786639));
#8338=CARTESIAN_POINT('Ctrl Pts',(468.763290172108,-22.4443331019186,-1.5917102933088));
#8339=CARTESIAN_POINT('Ctrl Pts',(468.988096456495,-22.432417181328,-1.74560856864438));
#8340=CARTESIAN_POINT('Ctrl Pts',(469.48081568034,-22.4155958508801,-1.94975705100668));
#8341=CARTESIAN_POINT('Ctrl Pts',(469.748739940048,-22.410934831015,-2.00000000000003));
#8342=CARTESIAN_POINT('Ctrl Pts',(470.251274067044,-22.410934831015,-2.00000000000003));
#8343=CARTESIAN_POINT('Ctrl Pts',(470.519198326751,-22.4155958508801,-1.94975705100667));
#8344=CARTESIAN_POINT('Ctrl Pts',(471.011917550596,-22.432417181328,-1.74560856864433));
#8345=CARTESIAN_POINT('Ctrl Pts',(471.236723834983,-22.4443331019186,-1.5917102933088));
#8346=CARTESIAN_POINT('Ctrl Pts',(471.591716920426,-22.4666900201457,-1.23671720786639));
#8347=CARTESIAN_POINT('Ctrl Pts',(471.745615488468,-22.4785853682386,-1.01191075766178));
#8348=CARTESIAN_POINT('Ctrl Pts',(471.949764192374,-22.4953596161935,-0.519190982024811));
#8349=CARTESIAN_POINT('Ctrl Pts',(472.000007003546,-22.5,-0.251266530619383));
#8350=CARTESIAN_POINT('Ctrl Pts',(472.000007003546,-22.5,0.251266530619382));
#8351=CARTESIAN_POINT('Ctrl Pts',(471.949764192374,-22.4953596161935,0.51919098202481));
#8352=CARTESIAN_POINT('Ctrl Pts',(471.745615488468,-22.4785853682386,1.01191075766178));
#8353=CARTESIAN_POINT('Ctrl Pts',(471.591716920426,-22.4666900201457,1.23671720786639));
#8354=CARTESIAN_POINT('Ctrl Pts',(471.236723834983,-22.4443331019186,1.5917102933088));
#8355=CARTESIAN_POINT('Ctrl Pts',(471.011917550596,-22.432417181328,1.74560856864438));
#8356=CARTESIAN_POINT('Ctrl Pts',(470.519198326751,-22.4155958508801,1.94975705100668));
#8357=CARTESIAN_POINT('Ctrl Pts',(470.251274067044,-22.410934831015,2.00000000000002));
#8358=CARTESIAN_POINT('Ctrl Pts',(470.000007003546,-22.410934831015,2.00000000000003));
#8359=CARTESIAN_POINT('Origin',(470.000007003546,0.,0.));
#8360=CARTESIAN_POINT('',(470.000007003546,22.410934831015,2.00000000000003));
#8361=CARTESIAN_POINT('',(468.000007003546,22.5,1.16329876550082E-15));
#8362=CARTESIAN_POINT('Ctrl Pts',(470.000007003546,22.410934831015,2.00000000000003));
#8363=CARTESIAN_POINT('Ctrl Pts',(470.251274067044,22.410934831015,2.00000000000003));
#8364=CARTESIAN_POINT('Ctrl Pts',(470.519198326751,22.4155958508801,1.94975705100667));
#8365=CARTESIAN_POINT('Ctrl Pts',(471.011917550596,22.432417181328,1.74560856864433));
#8366=CARTESIAN_POINT('Ctrl Pts',(471.236723834983,22.4443331019186,1.5917102933088));
#8367=CARTESIAN_POINT('Ctrl Pts',(471.591716920426,22.4666900201457,1.23671720786639));
#8368=CARTESIAN_POINT('Ctrl Pts',(471.745615488468,22.4785853682386,1.01191075766178));
#8369=CARTESIAN_POINT('Ctrl Pts',(471.949764192374,22.4953596161935,0.51919098202481));
#8370=CARTESIAN_POINT('Ctrl Pts',(472.000007003546,22.5,0.251266530619382));
#8371=CARTESIAN_POINT('Ctrl Pts',(472.000007003546,22.5,-0.251266530619383));
#8372=CARTESIAN_POINT('Ctrl Pts',(471.949764192374,22.4953596161935,-0.519190982024811));
#8373=CARTESIAN_POINT('Ctrl Pts',(471.745615488468,22.4785853682386,-1.01191075766178));
#8374=CARTESIAN_POINT('Ctrl Pts',(471.591716920426,22.4666900201457,-1.23671720786639));
#8375=CARTESIAN_POINT('Ctrl Pts',(471.236723834983,22.4443331019186,-1.5917102933088));
#8376=CARTESIAN_POINT('Ctrl Pts',(471.011917550596,22.432417181328,-1.74560856864431));
#8377=CARTESIAN_POINT('Ctrl Pts',(470.519198326751,22.4155958508801,-1.94975705100667));
#8378=CARTESIAN_POINT('Ctrl Pts',(470.251274067044,22.410934831015,-2.00000000000003));
#8379=CARTESIAN_POINT('Ctrl Pts',(469.748739940048,22.410934831015,-2.00000000000003));
#8380=CARTESIAN_POINT('Ctrl Pts',(469.48081568034,22.4155958508801,-1.94975705100671));
#8381=CARTESIAN_POINT('Ctrl Pts',(468.988096456495,22.432417181328,-1.74560856864441));
#8382=CARTESIAN_POINT('Ctrl Pts',(468.763290172108,22.4443331019186,-1.5917102933088));
#8383=CARTESIAN_POINT('Ctrl Pts',(468.408297086666,22.4666900201457,-1.23671720786639));
#8384=CARTESIAN_POINT('Ctrl Pts',(468.254398518624,22.4785853682386,-1.01191075766181));
#8385=CARTESIAN_POINT('Ctrl Pts',(468.050249814718,22.4953596161935,-0.519190982024851));
#8386=CARTESIAN_POINT('Ctrl Pts',(468.000007003546,22.5,-0.251266530619382));
#8387=CARTESIAN_POINT('Ctrl Pts',(468.000007003546,22.5,1.56125112837913E-16));
#8388=CARTESIAN_POINT('Ctrl Pts',(468.000007003546,22.5,2.0122792321331E-15));
#8389=CARTESIAN_POINT('Ctrl Pts',(468.000007003546,22.5,0.251266530619384));
#8390=CARTESIAN_POINT('Ctrl Pts',(468.050249814718,22.4953596161935,0.519190982024811));
#8391=CARTESIAN_POINT('Ctrl Pts',(468.254398518624,22.4785853682386,1.01191075766178));
#8392=CARTESIAN_POINT('Ctrl Pts',(468.408297086666,22.4666900201457,1.23671720786639));
#8393=CARTESIAN_POINT('Ctrl Pts',(468.763290172108,22.4443331019186,1.5917102933088));
#8394=CARTESIAN_POINT('Ctrl Pts',(468.988096456495,22.432417181328,1.74560856864431));
#8395=CARTESIAN_POINT('Ctrl Pts',(469.48081568034,22.4155958508801,1.94975705100667));
#8396=CARTESIAN_POINT('Ctrl Pts',(469.748739940048,22.410934831015,2.00000000000003));
#8397=CARTESIAN_POINT('Ctrl Pts',(470.000007003546,22.410934831015,2.00000000000003));
#8398=CARTESIAN_POINT('',(468.000007003546,27.75,2.44929359829474E-16));
#8399=CARTESIAN_POINT('',(468.000007003546,0.,2.44929359829474E-16));
#8400=CARTESIAN_POINT('',(470.000007003546,27.6778340915614,2.00000000000003));
#8401=CARTESIAN_POINT('Ctrl Pts',(470.000007003546,27.6778340915614,2.00000000000003));
#8402=CARTESIAN_POINT('Ctrl Pts',(469.748788974782,27.6778340915614,2.00000000000003));
#8403=CARTESIAN_POINT('Ctrl Pts',(469.480885669083,27.6816064736923,1.94977617983271));
#8404=CARTESIAN_POINT('Ctrl Pts',(468.98815282836,27.6952288097648,1.74564179231312));
#8405=CARTESIAN_POINT('Ctrl Pts',(468.763315885356,27.7048817497065,1.5917360065561));
#8406=CARTESIAN_POINT('Ctrl Pts',(468.408271159291,27.7229993128227,1.23669128049148));
#8407=CARTESIAN_POINT('Ctrl Pts',(468.2543652485,27.7326413029688,1.01185426528966));
#8408=CARTESIAN_POINT('Ctrl Pts',(468.050230762976,27.7462385898545,0.519121187709643));
#8409=CARTESIAN_POINT('Ctrl Pts',(468.000007003546,27.75,0.251217799085215));
#8410=CARTESIAN_POINT('Ctrl Pts',(468.000007003546,27.75,-7.63278329429795E-16));
#8411=CARTESIAN_POINT('Ctrl Pts',(468.000007003546,27.75,6.93889390390723E-17));
#8412=CARTESIAN_POINT('Ctrl Pts',(468.000007003546,27.75,-0.251217799085215));
#8413=CARTESIAN_POINT('Ctrl Pts',(468.050230762976,27.7462385898545,-0.519121187709695));
#8414=CARTESIAN_POINT('Ctrl Pts',(468.2543652485,27.7326413029688,-1.01185426528971));
#8415=CARTESIAN_POINT('Ctrl Pts',(468.408271159291,27.7229993128227,-1.23669128049148));
#8416=CARTESIAN_POINT('Ctrl Pts',(468.763315885356,27.7048817497065,-1.5917360065561));
#8417=CARTESIAN_POINT('Ctrl Pts',(468.988152828361,27.6952288097648,-1.7456417923132));
#8418=CARTESIAN_POINT('Ctrl Pts',(469.480885669083,27.6816064736923,-1.94977617983272));
#8419=CARTESIAN_POINT('Ctrl Pts',(469.748788974782,27.6778340915614,-2.00000000000003));
#8420=CARTESIAN_POINT('Ctrl Pts',(470.251225032309,27.6778340915614,-2.00000000000003));
#8421=CARTESIAN_POINT('Ctrl Pts',(470.519128338009,27.6816064736923,-1.94977617983271));
#8422=CARTESIAN_POINT('Ctrl Pts',(471.011861178731,27.6952288097649,-1.74564179231312));
#8423=CARTESIAN_POINT('Ctrl Pts',(471.236698121736,27.7048817497065,-1.5917360065561));
#8424=CARTESIAN_POINT('Ctrl Pts',(471.591742847801,27.7229993128227,-1.23669128049148));
#8425=CARTESIAN_POINT('Ctrl Pts',(471.745648758591,27.7326413029688,-1.01185426528966));
#8426=CARTESIAN_POINT('Ctrl Pts',(471.949783244115,27.7462385898545,-0.519121187709643));
#8427=CARTESIAN_POINT('Ctrl Pts',(472.000007003546,27.75,-0.251217799085215));
#8428=CARTESIAN_POINT('Ctrl Pts',(472.000007003546,27.75,0.251217799085215));
#8429=CARTESIAN_POINT('Ctrl Pts',(471.949783244115,27.7462385898545,0.519121187709643));
#8430=CARTESIAN_POINT('Ctrl Pts',(471.745648758591,27.7326413029688,1.01185426528966));
#8431=CARTESIAN_POINT('Ctrl Pts',(471.591742847801,27.7229993128227,1.23669128049148));
#8432=CARTESIAN_POINT('Ctrl Pts',(471.236698121736,27.7048817497065,1.5917360065561));
#8433=CARTESIAN_POINT('Ctrl Pts',(471.011861178731,27.6952288097648,1.74564179231312));
#8434=CARTESIAN_POINT('Ctrl Pts',(470.519128338009,27.6816064736923,1.94977617983271));
#8435=CARTESIAN_POINT('Ctrl Pts',(470.251225032309,27.6778340915614,2.00000000000003));
#8436=CARTESIAN_POINT('Ctrl Pts',(470.000007003546,27.6778340915614,2.00000000000003));
#8437=CARTESIAN_POINT('Origin',(469.976174678758,0.,0.));
#8438=CARTESIAN_POINT('',(479.976174678758,-2.75545529808154E-15,22.5));
#8439=CARTESIAN_POINT('Origin',(479.976174678758,0.,0.));
#8440=CARTESIAN_POINT('',(469.976174678758,-2.75545529808154E-15,22.5));
#8441=CARTESIAN_POINT('',(459.976174678758,-2.75545529808154E-15,22.5));
#8442=CARTESIAN_POINT('',(469.976174678758,-2.75545529808154E-15,22.5));
#8443=CARTESIAN_POINT('Origin',(459.976174678758,0.,0.));
#8444=CARTESIAN_POINT('Origin',(459.976174678758,0.,-27.75));
#8445=CARTESIAN_POINT('',(459.976174678758,-3.39839486763391E-15,27.75));
#8446=CARTESIAN_POINT('Origin',(459.976174678758,0.,0.));
#8447=CARTESIAN_POINT('Origin',(469.976174678758,0.,0.));
#8448=CARTESIAN_POINT('',(479.976174678758,-3.39839486763391E-15,27.75));
#8449=CARTESIAN_POINT('Origin',(479.976174678758,0.,0.));
#8450=CARTESIAN_POINT('',(469.976174678758,-3.39839486763391E-15,27.75));
#8451=CARTESIAN_POINT('',(469.976174678758,-3.39839486763391E-15,27.75));
#8452=CARTESIAN_POINT('Origin',(479.976174678758,0.,-22.5));
#8453=CARTESIAN_POINT('Origin',(404.976174678758,0.00850904022022169,-0.00850904022022169));
#8454=CARTESIAN_POINT('',(404.976174678758,-1.99149095977982,-27.6784476399439));
#8455=CARTESIAN_POINT('',(402.976174678758,0.00850904022021705,-27.7499986954276));
#8456=CARTESIAN_POINT('Ctrl Pts',(404.976174678758,-1.99149095977982,-27.6784476399439));
#8457=CARTESIAN_POINT('Ctrl Pts',(405.227392487434,-1.99149095977981,-27.6784476399439));
#8458=CARTESIAN_POINT('Ctrl Pts',(405.495296003963,-1.94126723851687,-27.6822044871462));
#8459=CARTESIAN_POINT('Ctrl Pts',(405.988030080079,-1.73713214904782,-27.6957638571834));
#8460=CARTESIAN_POINT('Ctrl Pts',(406.212868006308,-1.58322552475215,-27.7053693858357));
#8461=CARTESIAN_POINT('Ctrl Pts',(406.56791306873,-1.22817892677192,-27.7233777135707));
#8462=CARTESIAN_POINT('Ctrl Pts',(406.721818498628,-1.0033415319595,-27.7329505698096));
#8463=CARTESIAN_POINT('Ctrl Pts',(406.925951691028,-0.510608993869942,-27.7463965226476));
#8464=CARTESIAN_POINT('Ctrl Pts',(406.976174678758,-0.242706600516027,-27.7500757262057));
#8465=CARTESIAN_POINT('Ctrl Pts',(406.976174678758,0.259728998995558,-27.7499216633255));
#8466=CARTESIAN_POINT('Ctrl Pts',(406.925950147233,0.527633385933717,-27.7460780448802));
#8467=CARTESIAN_POINT('Ctrl Pts',(406.721814361786,1.02036701251137,-27.7323294193434));
#8468=CARTESIAN_POINT('Ctrl Pts',(406.567907963564,1.24520365450852,-27.7226182923884));
#8469=CARTESIAN_POINT('Ctrl Pts',(406.212863567358,1.60024650201034,-27.7043914899079));
#8470=CARTESIAN_POINT('Ctrl Pts',(405.98802761408,1.75415144266273,-27.6946911368587));
#8471=CARTESIAN_POINT('Ctrl Pts',(405.495296018312,1.95828512147732,-27.6810058317325));
#8472=CARTESIAN_POINT('Ctrl Pts',(405.227392926433,2.00850904022024,-27.6772179135721));
#8473=CARTESIAN_POINT('Ctrl Pts',(404.724956431084,2.00850904022024,-27.6772179135721));
#8474=CARTESIAN_POINT('Ctrl Pts',(404.457053339204,1.95828512147732,-27.6810058317325));
#8475=CARTESIAN_POINT('Ctrl Pts',(403.964321743436,1.75415144266273,-27.6946911368587));
#8476=CARTESIAN_POINT('Ctrl Pts',(403.739485790158,1.60024650201034,-27.7043914899079));
#8477=CARTESIAN_POINT('Ctrl Pts',(403.384441393952,1.24520365450852,-27.7226182923884));
#8478=CARTESIAN_POINT('Ctrl Pts',(403.23053499573,1.02036701251137,-27.7323294193434));
#8479=CARTESIAN_POINT('Ctrl Pts',(403.026399210283,0.527633385933717,-27.7460780448802));
#8480=CARTESIAN_POINT('Ctrl Pts',(402.976174678758,0.259728998995553,-27.7499216633255));
#8481=CARTESIAN_POINT('Ctrl Pts',(402.976174678758,0.00850904022021121,
-27.7499986954276));
#8482=CARTESIAN_POINT('Ctrl Pts',(402.976174678758,0.00850904022021898,
-27.7499986954276));
#8483=CARTESIAN_POINT('Ctrl Pts',(402.976174678758,-0.242706600516023,-27.7500757262057));
#8484=CARTESIAN_POINT('Ctrl Pts',(403.026397666488,-0.510608993869942,-27.7463965226476));
#8485=CARTESIAN_POINT('Ctrl Pts',(403.230530858888,-1.0033415319595,-27.7329505698096));
#8486=CARTESIAN_POINT('Ctrl Pts',(403.384436288786,-1.22817892677192,-27.7233777135707));
#8487=CARTESIAN_POINT('Ctrl Pts',(403.739481351209,-1.58322552475215,-27.7053693858357));
#8488=CARTESIAN_POINT('Ctrl Pts',(403.964319277437,-1.73713214904782,-27.6957638571834));
#8489=CARTESIAN_POINT('Ctrl Pts',(404.457053353554,-1.94126723851687,-27.6822044871462));
#8490=CARTESIAN_POINT('Ctrl Pts',(404.724956870082,-1.99149095977981,-27.6784476399439));
#8491=CARTESIAN_POINT('Ctrl Pts',(404.976174678758,-1.99149095977981,-27.6784476399439));
#8492=CARTESIAN_POINT('',(402.976174678758,0.00850904022021571,-22.7499984087084));
#8493=CARTESIAN_POINT('',(402.976174678758,0.00850904022022145,-0.00850904022022169));
#8494=CARTESIAN_POINT('',(404.976174678758,-1.99149095977981,-22.6626667397532));
#8495=CARTESIAN_POINT('Ctrl Pts',(404.976174678758,-1.99149095977981,-22.6626667397532));
#8496=CARTESIAN_POINT('Ctrl Pts',(404.724911080909,-1.99149095977981,-22.6626667397532));
#8497=CARTESIAN_POINT('Ctrl Pts',(404.456987844146,-1.94124938142293,-22.6672569704703));
#8498=CARTESIAN_POINT('Ctrl Pts',(403.964265906827,-1.73710075302738,-22.6838151258803));
#8499=CARTESIAN_POINT('Ctrl Pts',(403.739456198886,-1.58320074738313,-22.6955414711507));
#8500=CARTESIAN_POINT('Ctrl Pts',(403.384459313601,-1.2282015766263,-22.7175185113318));
#8501=CARTESIAN_POINT('Ctrl Pts',(403.230560993488,-1.00339260903108,-22.7291984847302));
#8502=CARTESIAN_POINT('Ctrl Pts',(403.026415123958,-0.510672788520046,-22.7456033946836));
#8503=CARTESIAN_POINT('Ctrl Pts',(402.976174678758,-0.24275116478161,-22.7500923859981));
#8504=CARTESIAN_POINT('Ctrl Pts',(402.976174678758,0.00850904022021232,
-22.7499984087084));
#8505=CARTESIAN_POINT('Ctrl Pts',(402.976174678758,0.00850904022021821,
-22.7499984087084));
#8506=CARTESIAN_POINT('Ctrl Pts',(402.976174678758,0.259775676440083,-22.7499044290133));
#8507=CARTESIAN_POINT('Ctrl Pts',(403.026417423797,0.527700270109692,-22.7452148016722));
#8508=CARTESIAN_POINT('Ctrl Pts',(403.230567155558,1.0204217115482,-22.7284404102184));
#8509=CARTESIAN_POINT('Ctrl Pts',(403.384466917514,1.2452295562417,-22.7165915679052));
#8510=CARTESIAN_POINT('Ctrl Pts',(403.739462806407,1.60022314007793,-22.6943476312901));
#8511=CARTESIAN_POINT('Ctrl Pts',(403.964269574141,1.75412063716111,-22.6825053631328));
#8512=CARTESIAN_POINT('Ctrl Pts',(404.456987814832,1.95826716549461,-22.6657931363996));
#8513=CARTESIAN_POINT('Ctrl Pts',(404.724910419662,2.00850904022025,-22.6611648296232));
#8514=CARTESIAN_POINT('Ctrl Pts',(405.227438937855,2.00850904022025,-22.6611648296233));
#8515=CARTESIAN_POINT('Ctrl Pts',(405.495361542684,1.95826716549463,-22.6657931363996));
#8516=CARTESIAN_POINT('Ctrl Pts',(405.988079783375,1.75412063716113,-22.6825053631328));
#8517=CARTESIAN_POINT('Ctrl Pts',(406.212886551109,1.60022314007793,-22.6943476312901));
#8518=CARTESIAN_POINT('Ctrl Pts',(406.567882440002,1.2452295562417,-22.7165915679052));
#8519=CARTESIAN_POINT('Ctrl Pts',(406.721782201958,1.02042171154816,-22.7284404102184));
#8520=CARTESIAN_POINT('Ctrl Pts',(406.925931933719,0.52770027010965,-22.7452148016722));
#8521=CARTESIAN_POINT('Ctrl Pts',(406.976174678758,0.259775676440082,-22.7499044290133));
#8522=CARTESIAN_POINT('Ctrl Pts',(406.976174678758,-0.242751164781605,-22.7500923859981));
#8523=CARTESIAN_POINT('Ctrl Pts',(406.925934233558,-0.510672788520045,-22.7456033946836));
#8524=CARTESIAN_POINT('Ctrl Pts',(406.721788364028,-1.00339260903108,-22.7291984847302));
#8525=CARTESIAN_POINT('Ctrl Pts',(406.567890043915,-1.2282015766263,-22.7175185113318));
#8526=CARTESIAN_POINT('Ctrl Pts',(406.21289315863,-1.58320074738313,-22.6955414711507));
#8527=CARTESIAN_POINT('Ctrl Pts',(405.988083450689,-1.73710075302738,-22.6838151258803));
#8528=CARTESIAN_POINT('Ctrl Pts',(405.49536151337,-1.94124938142293,-22.6672569704703));
#8529=CARTESIAN_POINT('Ctrl Pts',(405.227438276607,-1.99149095977981,-22.6626667397532));
#8530=CARTESIAN_POINT('Ctrl Pts',(404.976174678758,-1.99149095977981,-22.6626667397532));
#8531=CARTESIAN_POINT('Origin',(404.976174678758,0.00850904022022169,-0.00850904022022169));
#8532=CARTESIAN_POINT('',(404.976174678758,-1.9914909597798,22.6626667397532));
#8533=CARTESIAN_POINT('',(406.976156577715,-2.29573732078441E-9,22.75));
#8534=CARTESIAN_POINT('Ctrl Pts',(404.976174678758,-1.9914909597798,22.6626667397532));
#8535=CARTESIAN_POINT('Ctrl Pts',(405.227438276607,-1.9914909597798,22.6626667397532));
#8536=CARTESIAN_POINT('Ctrl Pts',(405.49536151337,-1.94124938142292,22.6672569704703));
#8537=CARTESIAN_POINT('Ctrl Pts',(405.988083450689,-1.73710075302737,22.6838151258803));
#8538=CARTESIAN_POINT('Ctrl Pts',(406.21289315863,-1.58320074738312,22.6955414711507));
#8539=CARTESIAN_POINT('Ctrl Pts',(406.567890043915,-1.22820157662629,22.7175185113318));
#8540=CARTESIAN_POINT('Ctrl Pts',(406.721788364028,-1.00339260903107,22.7291984847302));
#8541=CARTESIAN_POINT('Ctrl Pts',(406.924782838745,-0.513451757532263,22.7455108700184));
#8542=CARTESIAN_POINT('Ctrl Pts',(406.975098072444,-0.248793074747169,22.7499999999498));
#8543=CARTESIAN_POINT('Ctrl Pts',(406.976156577715,-4.59147126569137E-9,
22.75));
#8544=CARTESIAN_POINT('',(402.976192779801,-2.29574089431477E-9,22.75));
#8545=CARTESIAN_POINT('Ctrl Pts',(402.976192779801,-4.59147213305311E-9,
22.75));
#8546=CARTESIAN_POINT('Ctrl Pts',(402.977251285072,-0.248793074747172,22.7499999999498));
#8547=CARTESIAN_POINT('Ctrl Pts',(403.027566518771,-0.513451757532304,22.7455108700184));
#8548=CARTESIAN_POINT('Ctrl Pts',(403.230560993488,-1.00339260903111,22.7291984847302));
#8549=CARTESIAN_POINT('Ctrl Pts',(403.384459313601,-1.22820157662629,22.7175185113318));
#8550=CARTESIAN_POINT('Ctrl Pts',(403.739456198886,-1.58320074738312,22.6955414711507));
#8551=CARTESIAN_POINT('Ctrl Pts',(403.964265906827,-1.73710075302737,22.6838151258803));
#8552=CARTESIAN_POINT('Ctrl Pts',(404.456987844146,-1.94124938142292,22.6672569704703));
#8553=CARTESIAN_POINT('Ctrl Pts',(404.724911080909,-1.99149095977979,22.6626667397532));
#8554=CARTESIAN_POINT('Ctrl Pts',(404.976174678758,-1.9914909597798,22.6626667397532));
#8555=CARTESIAN_POINT('',(402.976174678758,0.00850904022022496,22.7499984087084));
#8556=CARTESIAN_POINT('Ctrl Pts',(402.976174678758,0.00850904022022644,
22.7499984087084));
#8557=CARTESIAN_POINT('Ctrl Pts',(402.976174678758,0.00567479530196033,
22.7499994687834));
#8558=CARTESIAN_POINT('Ctrl Pts',(402.976180703514,0.00283842861635563,
22.7500000000006));
#8559=CARTESIAN_POINT('Ctrl Pts',(402.976192779801,-4.591475769314E-9,22.75));
#8560=CARTESIAN_POINT('',(402.976174678758,0.00850904022022774,27.7499986954276));
#8561=CARTESIAN_POINT('',(402.976174678758,0.00850904022022145,-0.00850904022022169));
#8562=CARTESIAN_POINT('',(402.976192779801,-2.29601403778477E-9,27.75));
#8563=CARTESIAN_POINT('Ctrl Pts',(402.976192779801,-4.59201680879048E-9,
27.75));
#8564=CARTESIAN_POINT('Ctrl Pts',(402.976180703497,0.0028384325680439,27.7500000000005));
#8565=CARTESIAN_POINT('Ctrl Pts',(402.976174678758,0.00567479926274921,
27.7499995644969));
#8566=CARTESIAN_POINT('Ctrl Pts',(402.976174678758,0.00850904022022814,
27.7499986954276));
#8567=CARTESIAN_POINT('',(404.976174678758,-1.99149095977981,27.6784476399439));
#8568=CARTESIAN_POINT('Ctrl Pts',(404.976174678758,-1.99149095977981,27.6784476399439));
#8569=CARTESIAN_POINT('Ctrl Pts',(404.724956870082,-1.99149095977981,27.6784476399439));
#8570=CARTESIAN_POINT('Ctrl Pts',(404.457053353554,-1.94126723851686,27.6822044871462));
#8571=CARTESIAN_POINT('Ctrl Pts',(403.964319277437,-1.7371321490478,27.6957638571834));
#8572=CARTESIAN_POINT('Ctrl Pts',(403.739481351209,-1.58322552475214,27.7053693858357));
#8573=CARTESIAN_POINT('Ctrl Pts',(403.384436288786,-1.22817892677191,27.7233777135707));
#8574=CARTESIAN_POINT('Ctrl Pts',(403.230530858888,-1.00334153195949,27.7329505698097));
#8575=CARTESIAN_POINT('Ctrl Pts',(403.02754919243,-0.513388523712187,27.7463206733292));
#8576=CARTESIAN_POINT('Ctrl Pts',(402.97725109816,-0.248749142571844,27.7499999999588));
#8577=CARTESIAN_POINT('Ctrl Pts',(402.976192779801,-4.59201811991994E-9,
27.75));
#8578=CARTESIAN_POINT('',(406.976156577715,-2.29601539086908E-9,27.75));
#8579=CARTESIAN_POINT('Ctrl Pts',(406.976156577715,-4.59201579539048E-9,
27.75));
#8580=CARTESIAN_POINT('Ctrl Pts',(406.975098259356,-0.24874914257184,27.7499999999588));
#8581=CARTESIAN_POINT('Ctrl Pts',(406.924800165086,-0.513388523712161,27.7463206733292));
#8582=CARTESIAN_POINT('Ctrl Pts',(406.721818498628,-1.00334153195949,27.7329505698097));
#8583=CARTESIAN_POINT('Ctrl Pts',(406.56791306873,-1.22817892677191,27.7233777135707));
#8584=CARTESIAN_POINT('Ctrl Pts',(406.212868006308,-1.58322552475214,27.7053693858357));
#8585=CARTESIAN_POINT('Ctrl Pts',(405.988030080079,-1.7371321490478,27.6957638571834));
#8586=CARTESIAN_POINT('Ctrl Pts',(405.495296003963,-1.94126723851686,27.6822044871462));
#8587=CARTESIAN_POINT('Ctrl Pts',(405.227392487434,-1.9914909597798,27.6784476399439));
#8588=CARTESIAN_POINT('Ctrl Pts',(404.976174678758,-1.9914909597798,27.6784476399439));
#8589=CARTESIAN_POINT('Ctrl Pts',(402.976174678758,0.00850904022022786,
27.7499986954276));
#8590=CARTESIAN_POINT('Ctrl Pts',(402.976174678758,0.25972899899557,27.7499216633255));
#8591=CARTESIAN_POINT('Ctrl Pts',(403.026399210283,0.52763338593373,27.7460780448802));
#8592=CARTESIAN_POINT('Ctrl Pts',(403.23053499573,1.02036701251138,27.7323294193434));
#8593=CARTESIAN_POINT('Ctrl Pts',(403.384441393952,1.24520365450853,27.7226182923884));
#8594=CARTESIAN_POINT('Ctrl Pts',(403.739485790158,1.60024650201035,27.7043914899079));
#8595=CARTESIAN_POINT('Ctrl Pts',(403.964321743436,1.75415144266279,27.6946911368587));
#8596=CARTESIAN_POINT('Ctrl Pts',(404.457053339204,1.95828512147737,27.6810058317325));
#8597=CARTESIAN_POINT('Ctrl Pts',(404.724956431084,2.00850904022026,27.6772179135721));
#8598=CARTESIAN_POINT('Ctrl Pts',(405.227392926433,2.00850904022026,27.6772179135721));
#8599=CARTESIAN_POINT('Ctrl Pts',(405.495296018312,1.95828512147736,27.6810058317325));
#8600=CARTESIAN_POINT('Ctrl Pts',(405.98802761408,1.75415144266271,27.6946911368587));
#8601=CARTESIAN_POINT('Ctrl Pts',(406.212863567358,1.60024650201036,27.7043914899079));
#8602=CARTESIAN_POINT('Ctrl Pts',(406.567907963564,1.24520365450853,27.7226182923884));
#8603=CARTESIAN_POINT('Ctrl Pts',(406.721814361786,1.02036701251138,27.7323294193434));
#8604=CARTESIAN_POINT('Ctrl Pts',(406.925950147233,0.52763338593373,27.7460780448802));
#8605=CARTESIAN_POINT('Ctrl Pts',(406.976174678758,0.25972899899557,27.7499216633255));
#8606=CARTESIAN_POINT('Ctrl Pts',(406.976174678758,0.00567479926274893,
27.7499995644969));
#8607=CARTESIAN_POINT('Ctrl Pts',(406.976168654019,0.00283843256804327,
27.7500000000005));
#8608=CARTESIAN_POINT('Ctrl Pts',(406.976156577715,-4.59201773588682E-9,
27.75));
#8609=CARTESIAN_POINT('Ctrl Pts',(406.976156577715,-4.59147552395589E-9,
22.75));
#8610=CARTESIAN_POINT('Ctrl Pts',(406.976168654002,0.00283842861635636,
22.7500000000006));
#8611=CARTESIAN_POINT('Ctrl Pts',(406.976174678758,0.00567479530196098,
22.7499994687834));
#8612=CARTESIAN_POINT('Ctrl Pts',(406.976174678758,0.259775676440092,22.7499044290133));
#8613=CARTESIAN_POINT('Ctrl Pts',(406.925931933719,0.527700270109703,22.7452148016722));
#8614=CARTESIAN_POINT('Ctrl Pts',(406.721782201958,1.02042171154821,22.7284404102184));
#8615=CARTESIAN_POINT('Ctrl Pts',(406.567882440002,1.24522955624171,22.7165915679052));
#8616=CARTESIAN_POINT('Ctrl Pts',(406.212886551109,1.60022314007794,22.6943476312901));
#8617=CARTESIAN_POINT('Ctrl Pts',(405.988079783375,1.75412063716114,22.6825053631328));
#8618=CARTESIAN_POINT('Ctrl Pts',(405.495361542684,1.95826716549464,22.6657931363996));
#8619=CARTESIAN_POINT('Ctrl Pts',(405.227438937855,2.00850904022026,22.6611648296233));
#8620=CARTESIAN_POINT('Ctrl Pts',(404.724910419662,2.00850904022026,22.6611648296232));
#8621=CARTESIAN_POINT('Ctrl Pts',(404.456987814833,1.95826716549468,22.6657931363996));
#8622=CARTESIAN_POINT('Ctrl Pts',(403.964269574142,1.75412063716124,22.6825053631328));
#8623=CARTESIAN_POINT('Ctrl Pts',(403.739462806407,1.60022314007794,22.6943476312901));
#8624=CARTESIAN_POINT('Ctrl Pts',(403.384466917515,1.24522955624171,22.7165915679052));
#8625=CARTESIAN_POINT('Ctrl Pts',(403.230567155558,1.02042171154821,22.7284404102184));
#8626=CARTESIAN_POINT('Ctrl Pts',(403.026417423797,0.527700270109703,22.7452148016722));
#8627=CARTESIAN_POINT('Ctrl Pts',(402.976174678758,0.259775676440093,22.7499044290133));
#8628=CARTESIAN_POINT('Ctrl Pts',(402.976174678758,0.00850904022022821,
22.7499984087084));
#8629=CARTESIAN_POINT('Origin',(449.976174678758,0.00850904022022169,-0.00850904022022169));
#8630=CARTESIAN_POINT('',(449.976174678758,-1.99149095977982,-27.6784476399439));
#8631=CARTESIAN_POINT('',(447.976174678758,0.00850904022021217,-27.7499986954276));
#8632=CARTESIAN_POINT('Ctrl Pts',(449.976174678758,-1.99149095977982,-27.6784476399439));
#8633=CARTESIAN_POINT('Ctrl Pts',(450.227392487434,-1.99149095977982,-27.6784476399439));
#8634=CARTESIAN_POINT('Ctrl Pts',(450.495296003963,-1.94126723851687,-27.6822044871462));
#8635=CARTESIAN_POINT('Ctrl Pts',(450.988030080079,-1.73713214904782,-27.6957638571834));
#8636=CARTESIAN_POINT('Ctrl Pts',(451.212868006308,-1.58322552475215,-27.7053693858357));
#8637=CARTESIAN_POINT('Ctrl Pts',(451.56791306873,-1.22817892677192,-27.7233777135707));
#8638=CARTESIAN_POINT('Ctrl Pts',(451.721818498628,-1.0033415319595,-27.7329505698096));
#8639=CARTESIAN_POINT('Ctrl Pts',(451.925951691028,-0.510608993869942,-27.7463965226476));
#8640=CARTESIAN_POINT('Ctrl Pts',(451.976174678758,-0.242706600516027,-27.7500757262057));
#8641=CARTESIAN_POINT('Ctrl Pts',(451.976174678758,0.259728998995558,-27.7499216633255));
#8642=CARTESIAN_POINT('Ctrl Pts',(451.925950147233,0.527633385933717,-27.7460780448802));
#8643=CARTESIAN_POINT('Ctrl Pts',(451.721814361786,1.02036701251137,-27.7323294193434));
#8644=CARTESIAN_POINT('Ctrl Pts',(451.567907963564,1.24520365450852,-27.7226182923884));
#8645=CARTESIAN_POINT('Ctrl Pts',(451.212863567358,1.60024650201034,-27.7043914899079));
#8646=CARTESIAN_POINT('Ctrl Pts',(450.98802761408,1.75415144266273,-27.6946911368587));
#8647=CARTESIAN_POINT('Ctrl Pts',(450.495296018312,1.95828512147732,-27.6810058317325));
#8648=CARTESIAN_POINT('Ctrl Pts',(450.227392926433,2.00850904022024,-27.6772179135721));
#8649=CARTESIAN_POINT('Ctrl Pts',(449.724956431084,2.00850904022024,-27.6772179135721));
#8650=CARTESIAN_POINT('Ctrl Pts',(449.457053339204,1.95828512147732,-27.6810058317325));
#8651=CARTESIAN_POINT('Ctrl Pts',(448.964321743436,1.75415144266273,-27.6946911368587));
#8652=CARTESIAN_POINT('Ctrl Pts',(448.739485790158,1.60024650201034,-27.7043914899079));
#8653=CARTESIAN_POINT('Ctrl Pts',(448.384441393952,1.24520365450852,-27.7226182923884));
#8654=CARTESIAN_POINT('Ctrl Pts',(448.23053499573,1.02036701251137,-27.7323294193434));
#8655=CARTESIAN_POINT('Ctrl Pts',(448.026399210283,0.527633385933717,-27.7460780448802));
#8656=CARTESIAN_POINT('Ctrl Pts',(447.976174678758,0.259728998995562,-27.7499216633255));
#8657=CARTESIAN_POINT('Ctrl Pts',(447.976174678758,0.00850904022022002,
-27.7499986954276));
#8658=CARTESIAN_POINT('Ctrl Pts',(447.976174678758,0.00850904022020975,
-27.7499986954276));
#8659=CARTESIAN_POINT('Ctrl Pts',(447.976174678758,-0.242706600516033,-27.7500757262057));
#8660=CARTESIAN_POINT('Ctrl Pts',(448.026397666488,-0.510608993869942,-27.7463965226476));
#8661=CARTESIAN_POINT('Ctrl Pts',(448.230530858888,-1.0033415319595,-27.7329505698096));
#8662=CARTESIAN_POINT('Ctrl Pts',(448.384436288786,-1.22817892677192,-27.7233777135707));
#8663=CARTESIAN_POINT('Ctrl Pts',(448.739481351209,-1.58322552475215,-27.7053693858357));
#8664=CARTESIAN_POINT('Ctrl Pts',(448.964319277437,-1.73713214904782,-27.6957638571834));
#8665=CARTESIAN_POINT('Ctrl Pts',(449.457053353554,-1.94126723851687,-27.6822044871462));
#8666=CARTESIAN_POINT('Ctrl Pts',(449.724956870082,-1.99149095977981,-27.6784476399439));
#8667=CARTESIAN_POINT('Ctrl Pts',(449.976174678758,-1.99149095977982,-27.6784476399439));
#8668=CARTESIAN_POINT('',(447.976174678758,0.00850904022021675,-22.7499984087084));
#8669=CARTESIAN_POINT('',(447.976174678758,0.00850904022022145,-0.00850904022022169));
#8670=CARTESIAN_POINT('',(449.976174678758,-1.99149095977981,-22.6626667397532));
#8671=CARTESIAN_POINT('Ctrl Pts',(449.976174678758,-1.99149095977981,-22.6626667397532));
#8672=CARTESIAN_POINT('Ctrl Pts',(449.724911080909,-1.99149095977981,-22.6626667397532));
#8673=CARTESIAN_POINT('Ctrl Pts',(449.456987844146,-1.94124938142293,-22.6672569704703));
#8674=CARTESIAN_POINT('Ctrl Pts',(448.964265906827,-1.73710075302738,-22.6838151258803));
#8675=CARTESIAN_POINT('Ctrl Pts',(448.739456198886,-1.58320074738313,-22.6955414711507));
#8676=CARTESIAN_POINT('Ctrl Pts',(448.384459313601,-1.2282015766263,-22.7175185113318));
#8677=CARTESIAN_POINT('Ctrl Pts',(448.230560993488,-1.00339260903108,-22.7291984847302));
#8678=CARTESIAN_POINT('Ctrl Pts',(448.026415123958,-0.510672788520046,-22.7456033946836));
#8679=CARTESIAN_POINT('Ctrl Pts',(447.976174678758,-0.242751164781606,-22.7500923859981));
#8680=CARTESIAN_POINT('Ctrl Pts',(447.976174678758,0.00850904022021683,
-22.7499984087084));
#8681=CARTESIAN_POINT('Ctrl Pts',(447.976174678758,0.00850904022021794,
-22.7499984087084));
#8682=CARTESIAN_POINT('Ctrl Pts',(447.976174678758,0.259775676440083,-22.7499044290133));
#8683=CARTESIAN_POINT('Ctrl Pts',(448.026417423797,0.527700270109692,-22.7452148016722));
#8684=CARTESIAN_POINT('Ctrl Pts',(448.230567155558,1.0204217115482,-22.7284404102184));
#8685=CARTESIAN_POINT('Ctrl Pts',(448.384466917514,1.2452295562417,-22.7165915679052));
#8686=CARTESIAN_POINT('Ctrl Pts',(448.739462806407,1.60022314007793,-22.6943476312901));
#8687=CARTESIAN_POINT('Ctrl Pts',(448.964269574141,1.75412063716111,-22.6825053631328));
#8688=CARTESIAN_POINT('Ctrl Pts',(449.456987814832,1.95826716549461,-22.6657931363996));
#8689=CARTESIAN_POINT('Ctrl Pts',(449.724910419662,2.00850904022025,-22.6611648296232));
#8690=CARTESIAN_POINT('Ctrl Pts',(450.227438937855,2.00850904022025,-22.6611648296233));
#8691=CARTESIAN_POINT('Ctrl Pts',(450.495361542684,1.95826716549463,-22.6657931363996));
#8692=CARTESIAN_POINT('Ctrl Pts',(450.988079783375,1.75412063716113,-22.6825053631328));
#8693=CARTESIAN_POINT('Ctrl Pts',(451.212886551109,1.60022314007793,-22.6943476312901));
#8694=CARTESIAN_POINT('Ctrl Pts',(451.567882440002,1.2452295562417,-22.7165915679052));
#8695=CARTESIAN_POINT('Ctrl Pts',(451.721782201958,1.02042171154816,-22.7284404102184));
#8696=CARTESIAN_POINT('Ctrl Pts',(451.925931933719,0.52770027010965,-22.7452148016722));
#8697=CARTESIAN_POINT('Ctrl Pts',(451.976174678758,0.259775676440082,-22.7499044290133));
#8698=CARTESIAN_POINT('Ctrl Pts',(451.976174678758,-0.242751164781605,-22.7500923859981));
#8699=CARTESIAN_POINT('Ctrl Pts',(451.925934233558,-0.510672788520045,-22.7456033946836));
#8700=CARTESIAN_POINT('Ctrl Pts',(451.721788364028,-1.00339260903108,-22.7291984847302));
#8701=CARTESIAN_POINT('Ctrl Pts',(451.567890043915,-1.2282015766263,-22.7175185113318));
#8702=CARTESIAN_POINT('Ctrl Pts',(451.21289315863,-1.58320074738313,-22.6955414711507));
#8703=CARTESIAN_POINT('Ctrl Pts',(450.988083450689,-1.73710075302738,-22.6838151258803));
#8704=CARTESIAN_POINT('Ctrl Pts',(450.49536151337,-1.94124938142293,-22.6672569704703));
#8705=CARTESIAN_POINT('Ctrl Pts',(450.227438276607,-1.9914909597798,-22.6626667397532));
#8706=CARTESIAN_POINT('Ctrl Pts',(449.976174678758,-1.99149095977981,-22.6626667397532));
#8707=CARTESIAN_POINT('Origin',(449.976174678758,0.00850904022022169,-0.00850904022022169));
#8708=CARTESIAN_POINT('',(449.976174678758,-1.99149095977981,22.6626667397532));
#8709=CARTESIAN_POINT('',(451.976156577715,-2.29573884734107E-9,22.75));
#8710=CARTESIAN_POINT('Ctrl Pts',(449.976174678758,-1.99149095977981,22.6626667397532));
#8711=CARTESIAN_POINT('Ctrl Pts',(450.227438276607,-1.9914909597798,22.6626667397532));
#8712=CARTESIAN_POINT('Ctrl Pts',(450.49536151337,-1.94124938142292,22.6672569704703));
#8713=CARTESIAN_POINT('Ctrl Pts',(450.988083450689,-1.73710075302737,22.6838151258803));
#8714=CARTESIAN_POINT('Ctrl Pts',(451.21289315863,-1.58320074738312,22.6955414711507));
#8715=CARTESIAN_POINT('Ctrl Pts',(451.567890043915,-1.22820157662629,22.7175185113318));
#8716=CARTESIAN_POINT('Ctrl Pts',(451.721788364028,-1.00339260903107,22.7291984847302));
#8717=CARTESIAN_POINT('Ctrl Pts',(451.924782838745,-0.513451757532263,22.7455108700184));
#8718=CARTESIAN_POINT('Ctrl Pts',(451.975098072444,-0.24879307474717,22.7499999999498));
#8719=CARTESIAN_POINT('Ctrl Pts',(451.976156577715,-4.59147105752455E-9,
22.75));
#8720=CARTESIAN_POINT('',(447.976192779801,-2.29574079023136E-9,22.75));
#8721=CARTESIAN_POINT('Ctrl Pts',(447.976192779801,-4.59147768416823E-9,
22.75));
#8722=CARTESIAN_POINT('Ctrl Pts',(447.977251285072,-0.248793074747178,22.7499999999498));
#8723=CARTESIAN_POINT('Ctrl Pts',(448.027566518771,-0.513451757532304,22.7455108700184));
#8724=CARTESIAN_POINT('Ctrl Pts',(448.230560993488,-1.00339260903111,22.7291984847302));
#8725=CARTESIAN_POINT('Ctrl Pts',(448.384459313601,-1.22820157662629,22.7175185113318));
#8726=CARTESIAN_POINT('Ctrl Pts',(448.739456198886,-1.58320074738312,22.6955414711507));
#8727=CARTESIAN_POINT('Ctrl Pts',(448.964265906827,-1.73710075302737,22.6838151258803));
#8728=CARTESIAN_POINT('Ctrl Pts',(449.456987844146,-1.94124938142292,22.6672569704703));
#8729=CARTESIAN_POINT('Ctrl Pts',(449.724911080909,-1.9914909597798,22.6626667397532));
#8730=CARTESIAN_POINT('Ctrl Pts',(449.976174678758,-1.9914909597798,22.6626667397532));
#8731=CARTESIAN_POINT('',(447.976174678758,0.00850904022022486,22.7499984087084));
#8732=CARTESIAN_POINT('Ctrl Pts',(447.976174678758,0.00850904022022644,
22.7499984087084));
#8733=CARTESIAN_POINT('Ctrl Pts',(447.976174678758,0.00567479530196033,
22.7499994687834));
#8734=CARTESIAN_POINT('Ctrl Pts',(447.976180703514,0.00283842861635627,
22.7500000000006));
#8735=CARTESIAN_POINT('Ctrl Pts',(447.976192779801,-4.59147544951134E-9,
22.75));
#8736=CARTESIAN_POINT('',(447.976174678758,0.0085090402202267,27.7499986954276));
#8737=CARTESIAN_POINT('',(447.976174678758,0.00850904022022145,-0.00850904022022169));
#8738=CARTESIAN_POINT('',(447.976192779801,-2.29601334389538E-9,27.75));
#8739=CARTESIAN_POINT('Ctrl Pts',(447.976192779801,-4.59201712890339E-9,
27.75));
#8740=CARTESIAN_POINT('Ctrl Pts',(447.976180703497,0.00283843256804358,
27.7500000000005));
#8741=CARTESIAN_POINT('Ctrl Pts',(447.976174678758,0.00567479926274921,
27.7499995644969));
#8742=CARTESIAN_POINT('Ctrl Pts',(447.976174678758,0.00850904022022814,
27.7499986954276));
#8743=CARTESIAN_POINT('',(449.976174678758,-1.9914909597798,27.6784476399439));
#8744=CARTESIAN_POINT('Ctrl Pts',(449.976174678758,-1.9914909597798,27.6784476399439));
#8745=CARTESIAN_POINT('Ctrl Pts',(449.724956870082,-1.9914909597798,27.6784476399439));
#8746=CARTESIAN_POINT('Ctrl Pts',(449.457053353554,-1.94126723851686,27.6822044871462));
#8747=CARTESIAN_POINT('Ctrl Pts',(448.964319277437,-1.7371321490478,27.6957638571834));
#8748=CARTESIAN_POINT('Ctrl Pts',(448.739481351209,-1.58322552475214,27.7053693858357));
#8749=CARTESIAN_POINT('Ctrl Pts',(448.384436288786,-1.22817892677191,27.7233777135707));
#8750=CARTESIAN_POINT('Ctrl Pts',(448.230530858888,-1.00334153195949,27.7329505698097));
#8751=CARTESIAN_POINT('Ctrl Pts',(448.02754919243,-0.513388523712187,27.7463206733292));
#8752=CARTESIAN_POINT('Ctrl Pts',(447.97725109816,-0.248749142571843,27.7499999999588));
#8753=CARTESIAN_POINT('Ctrl Pts',(447.976192779801,-4.59201704439138E-9,
27.75));
#8754=CARTESIAN_POINT('',(451.976156577715,-2.29601261531152E-9,27.75));
#8755=CARTESIAN_POINT('Ctrl Pts',(451.976156577715,-4.59201926483743E-9,
27.75));
#8756=CARTESIAN_POINT('Ctrl Pts',(451.975098259356,-0.248749142571845,27.7499999999588));
#8757=CARTESIAN_POINT('Ctrl Pts',(451.924800165086,-0.513388523712161,27.7463206733292));
#8758=CARTESIAN_POINT('Ctrl Pts',(451.721818498628,-1.00334153195949,27.7329505698097));
#8759=CARTESIAN_POINT('Ctrl Pts',(451.56791306873,-1.22817892677191,27.7233777135707));
#8760=CARTESIAN_POINT('Ctrl Pts',(451.212868006308,-1.58322552475214,27.7053693858357));
#8761=CARTESIAN_POINT('Ctrl Pts',(450.988030080079,-1.7371321490478,27.6957638571834));
#8762=CARTESIAN_POINT('Ctrl Pts',(450.495296003963,-1.94126723851686,27.6822044871462));
#8763=CARTESIAN_POINT('Ctrl Pts',(450.227392487434,-1.9914909597798,27.6784476399439));
#8764=CARTESIAN_POINT('Ctrl Pts',(449.976174678758,-1.9914909597798,27.6784476399439));
#8765=CARTESIAN_POINT('Ctrl Pts',(447.976174678758,0.00850904022022578,
27.7499986954276));
#8766=CARTESIAN_POINT('Ctrl Pts',(447.976174678758,0.259728998995568,27.7499216633255));
#8767=CARTESIAN_POINT('Ctrl Pts',(448.026399210283,0.52763338593373,27.7460780448802));
#8768=CARTESIAN_POINT('Ctrl Pts',(448.23053499573,1.02036701251138,27.7323294193434));
#8769=CARTESIAN_POINT('Ctrl Pts',(448.384441393952,1.24520365450853,27.7226182923884));
#8770=CARTESIAN_POINT('Ctrl Pts',(448.739485790158,1.60024650201035,27.7043914899079));
#8771=CARTESIAN_POINT('Ctrl Pts',(448.964321743436,1.75415144266279,27.6946911368587));
#8772=CARTESIAN_POINT('Ctrl Pts',(449.457053339204,1.95828512147737,27.6810058317325));
#8773=CARTESIAN_POINT('Ctrl Pts',(449.724956431084,2.00850904022026,27.6772179135721));
#8774=CARTESIAN_POINT('Ctrl Pts',(450.227392926433,2.00850904022026,27.6772179135721));
#8775=CARTESIAN_POINT('Ctrl Pts',(450.495296018312,1.95828512147736,27.6810058317325));
#8776=CARTESIAN_POINT('Ctrl Pts',(450.98802761408,1.75415144266271,27.6946911368587));
#8777=CARTESIAN_POINT('Ctrl Pts',(451.212863567358,1.60024650201036,27.7043914899079));
#8778=CARTESIAN_POINT('Ctrl Pts',(451.567907963564,1.24520365450853,27.7226182923884));
#8779=CARTESIAN_POINT('Ctrl Pts',(451.721814361786,1.02036701251138,27.7323294193434));
#8780=CARTESIAN_POINT('Ctrl Pts',(451.925950147233,0.52763338593373,27.7460780448802));
#8781=CARTESIAN_POINT('Ctrl Pts',(451.976174678758,0.25972899899557,27.7499216633255));
#8782=CARTESIAN_POINT('Ctrl Pts',(451.976174678758,0.00567479926274931,
27.7499995644969));
#8783=CARTESIAN_POINT('Ctrl Pts',(451.976168654019,0.00283843256804403,
27.7500000000005));
#8784=CARTESIAN_POINT('Ctrl Pts',(451.976156577715,-4.59201629149968E-9,
27.75));
#8785=CARTESIAN_POINT('Ctrl Pts',(451.976156577715,-4.59147552395589E-9,
22.75));
#8786=CARTESIAN_POINT('Ctrl Pts',(451.976168654002,0.00283842861635604,
22.7500000000006));
#8787=CARTESIAN_POINT('Ctrl Pts',(451.976174678758,0.00567479530196098,
22.7499994687834));
#8788=CARTESIAN_POINT('Ctrl Pts',(451.976174678758,0.259775676440092,22.7499044290133));
#8789=CARTESIAN_POINT('Ctrl Pts',(451.925931933719,0.527700270109703,22.7452148016722));
#8790=CARTESIAN_POINT('Ctrl Pts',(451.721782201958,1.02042171154821,22.7284404102184));
#8791=CARTESIAN_POINT('Ctrl Pts',(451.567882440002,1.24522955624171,22.7165915679052));
#8792=CARTESIAN_POINT('Ctrl Pts',(451.212886551109,1.60022314007794,22.6943476312901));
#8793=CARTESIAN_POINT('Ctrl Pts',(450.988079783375,1.75412063716114,22.6825053631328));
#8794=CARTESIAN_POINT('Ctrl Pts',(450.495361542684,1.95826716549464,22.6657931363996));
#8795=CARTESIAN_POINT('Ctrl Pts',(450.227438937855,2.00850904022026,22.6611648296233));
#8796=CARTESIAN_POINT('Ctrl Pts',(449.724910419662,2.00850904022026,22.6611648296232));
#8797=CARTESIAN_POINT('Ctrl Pts',(449.456987814833,1.95826716549468,22.6657931363996));
#8798=CARTESIAN_POINT('Ctrl Pts',(448.964269574142,1.75412063716124,22.6825053631328));
#8799=CARTESIAN_POINT('Ctrl Pts',(448.739462806407,1.60022314007794,22.6943476312901));
#8800=CARTESIAN_POINT('Ctrl Pts',(448.384466917515,1.24522955624171,22.7165915679052));
#8801=CARTESIAN_POINT('Ctrl Pts',(448.230567155558,1.02042171154821,22.7284404102184));
#8802=CARTESIAN_POINT('Ctrl Pts',(448.026417423797,0.527700270109703,22.7452148016722));
#8803=CARTESIAN_POINT('Ctrl Pts',(447.976174678758,0.2597756764401,22.7499044290133));
#8804=CARTESIAN_POINT('Ctrl Pts',(447.976174678758,0.00850904022023487,
22.7499984087084));
#8805=CARTESIAN_POINT('Origin',(404.976174678758,0.,0.));
#8806=CARTESIAN_POINT('',(404.976174678758,-27.6778340915614,2.00000000000003));
#8807=CARTESIAN_POINT('',(402.976174678758,-27.75,2.44929359829474E-16));
#8808=CARTESIAN_POINT('Ctrl Pts',(404.976174678758,-27.6778340915614,2.00000000000003));
#8809=CARTESIAN_POINT('Ctrl Pts',(405.227392707521,-27.6778340915614,2.00000000000003));
#8810=CARTESIAN_POINT('Ctrl Pts',(405.495296013221,-27.6816064736923,1.94977617983271));
#8811=CARTESIAN_POINT('Ctrl Pts',(405.988028853943,-27.6952288097648,1.74564179231312));
#8812=CARTESIAN_POINT('Ctrl Pts',(406.212865796948,-27.7048817497065,1.5917360065561));
#8813=CARTESIAN_POINT('Ctrl Pts',(406.567910523013,-27.7229993128227,1.23669128049148));
#8814=CARTESIAN_POINT('Ctrl Pts',(406.721816433803,-27.7326413029688,1.01185426528966));
#8815=CARTESIAN_POINT('Ctrl Pts',(406.925950919328,-27.7462385898545,0.519121187709643));
#8816=CARTESIAN_POINT('Ctrl Pts',(406.976174678758,-27.75,0.251217799085215));
#8817=CARTESIAN_POINT('Ctrl Pts',(406.976174678758,-27.75,-0.251217799085215));
#8818=CARTESIAN_POINT('Ctrl Pts',(406.925950919328,-27.7462385898545,-0.519121187709643));
#8819=CARTESIAN_POINT('Ctrl Pts',(406.721816433803,-27.7326413029688,-1.01185426528966));
#8820=CARTESIAN_POINT('Ctrl Pts',(406.567910523013,-27.7229993128227,-1.23669128049148));
#8821=CARTESIAN_POINT('Ctrl Pts',(406.212865796948,-27.7048817497065,-1.5917360065561));
#8822=CARTESIAN_POINT('Ctrl Pts',(405.988028853943,-27.6952288097649,-1.74564179231312));
#8823=CARTESIAN_POINT('Ctrl Pts',(405.495296013221,-27.6816064736923,-1.94977617983271));
#8824=CARTESIAN_POINT('Ctrl Pts',(405.227392707521,-27.6778340915614,-2.00000000000003));
#8825=CARTESIAN_POINT('Ctrl Pts',(404.724956649995,-27.6778340915614,-2.00000000000003));
#8826=CARTESIAN_POINT('Ctrl Pts',(404.457053344295,-27.6816064736923,-1.94977617983272));
#8827=CARTESIAN_POINT('Ctrl Pts',(403.964320503573,-27.6952288097648,-1.7456417923132));
#8828=CARTESIAN_POINT('Ctrl Pts',(403.739483560568,-27.7048817497065,-1.5917360065561));
#8829=CARTESIAN_POINT('Ctrl Pts',(403.384438834503,-27.7229993128227,-1.23669128049148));
#8830=CARTESIAN_POINT('Ctrl Pts',(403.230532923713,-27.7326413029688,-1.01185426528968));
#8831=CARTESIAN_POINT('Ctrl Pts',(403.026398438189,-27.7462385898545,-0.51912118770967));
#8832=CARTESIAN_POINT('Ctrl Pts',(402.976174678758,-27.75,-0.251217799085218));
#8833=CARTESIAN_POINT('Ctrl Pts',(402.976174678758,-27.75,-2.28983498828939E-15));
#8834=CARTESIAN_POINT('Ctrl Pts',(402.976174678758,-27.75,2.08166817117217E-15));
#8835=CARTESIAN_POINT('Ctrl Pts',(402.976174678758,-27.75,0.251217799085217));
#8836=CARTESIAN_POINT('Ctrl Pts',(403.026398438189,-27.7462385898545,0.519121187709643));
#8837=CARTESIAN_POINT('Ctrl Pts',(403.230532923713,-27.7326413029688,1.01185426528966));
#8838=CARTESIAN_POINT('Ctrl Pts',(403.384438834503,-27.7229993128227,1.23669128049148));
#8839=CARTESIAN_POINT('Ctrl Pts',(403.739483560568,-27.7048817497065,1.5917360065561));
#8840=CARTESIAN_POINT('Ctrl Pts',(403.964320503573,-27.6952288097648,1.74564179231312));
#8841=CARTESIAN_POINT('Ctrl Pts',(404.457053344295,-27.6816064736923,1.94977617983271));
#8842=CARTESIAN_POINT('Ctrl Pts',(404.724956649995,-27.6778340915614,2.00000000000003));
#8843=CARTESIAN_POINT('Ctrl Pts',(404.976174678758,-27.6778340915614,2.00000000000003));
#8844=CARTESIAN_POINT('',(402.976174678758,-22.75,2.26548088473345E-16));
#8845=CARTESIAN_POINT('',(402.976174678758,0.,2.44929359829474E-16));
#8846=CARTESIAN_POINT('',(404.976174678758,-22.6619173946072,2.00000000000003));
#8847=CARTESIAN_POINT('Ctrl Pts',(404.976174678758,-22.6619173946072,2.00000000000003));
#8848=CARTESIAN_POINT('Ctrl Pts',(404.724910749433,-22.6619173946072,2.00000000000003));
#8849=CARTESIAN_POINT('Ctrl Pts',(404.456987826411,-22.6665266623467,1.94975827322146));
#8850=CARTESIAN_POINT('Ctrl Pts',(403.964267730268,-22.6831618506626,1.7456106898235));
#8851=CARTESIAN_POINT('Ctrl Pts',(403.739459487572,-22.6949461557187,1.59171193355965));
#8852=CARTESIAN_POINT('Ctrl Pts',(403.384463105297,-22.7170566404912,1.23671555128494));
#8853=CARTESIAN_POINT('Ctrl Pts',(403.230564069132,-22.7288210457092,1.0119071498913));
#8854=CARTESIAN_POINT('Ctrl Pts',(403.026416273568,-22.7454106922285,0.51918652599514));
#8855=CARTESIAN_POINT('Ctrl Pts',(402.976174678758,-22.75,0.251263419575529));
#8856=CARTESIAN_POINT('Ctrl Pts',(402.976174678758,-22.75,2.4980018054066E-15));
#8857=CARTESIAN_POINT('Ctrl Pts',(402.976174678758,-22.75,3.46944695195361E-16));
#8858=CARTESIAN_POINT('Ctrl Pts',(402.976174678758,-22.75,-0.251263419575526));
#8859=CARTESIAN_POINT('Ctrl Pts',(403.026416273568,-22.7454106922285,-0.519186525995139));
#8860=CARTESIAN_POINT('Ctrl Pts',(403.230564069132,-22.7288210457092,-1.01190714989129));
#8861=CARTESIAN_POINT('Ctrl Pts',(403.384463105297,-22.7170566404912,-1.23671555128494));
#8862=CARTESIAN_POINT('Ctrl Pts',(403.739459487572,-22.6949461557187,-1.59171193355965));
#8863=CARTESIAN_POINT('Ctrl Pts',(403.964267730268,-22.6831618506626,-1.74561068982354));
#8864=CARTESIAN_POINT('Ctrl Pts',(404.456987826411,-22.6665266623467,-1.94975827322148));
#8865=CARTESIAN_POINT('Ctrl Pts',(404.724910749433,-22.6619173946072,-2.00000000000003));
#8866=CARTESIAN_POINT('Ctrl Pts',(405.227438608083,-22.6619173946072,-2.00000000000003));
#8867=CARTESIAN_POINT('Ctrl Pts',(405.495361531106,-22.6665266623467,-1.94975827322145));
#8868=CARTESIAN_POINT('Ctrl Pts',(405.988081627249,-22.6831618506626,-1.74561068982349));
#8869=CARTESIAN_POINT('Ctrl Pts',(406.212889869945,-22.6949461557187,-1.59171193355965));
#8870=CARTESIAN_POINT('Ctrl Pts',(406.567886252219,-22.7170566404912,-1.23671555128494));
#8871=CARTESIAN_POINT('Ctrl Pts',(406.721785288384,-22.7288210457092,-1.01190714989125));
#8872=CARTESIAN_POINT('Ctrl Pts',(406.925933083948,-22.7454106922285,-0.519186525995085));
#8873=CARTESIAN_POINT('Ctrl Pts',(406.976174678758,-22.75,-0.251263419575527));
#8874=CARTESIAN_POINT('Ctrl Pts',(406.976174678758,-22.75,0.251263419575526));
#8875=CARTESIAN_POINT('Ctrl Pts',(406.925933083948,-22.7454106922285,0.519186525995139));
#8876=CARTESIAN_POINT('Ctrl Pts',(406.721785288384,-22.7288210457092,1.01190714989129));
#8877=CARTESIAN_POINT('Ctrl Pts',(406.567886252219,-22.7170566404912,1.23671555128494));
#8878=CARTESIAN_POINT('Ctrl Pts',(406.212889869945,-22.6949461557187,1.59171193355965));
#8879=CARTESIAN_POINT('Ctrl Pts',(405.988081627249,-22.6831618506626,1.7456106898235));
#8880=CARTESIAN_POINT('Ctrl Pts',(405.495361531106,-22.6665266623467,1.94975827322146));
#8881=CARTESIAN_POINT('Ctrl Pts',(405.227438608083,-22.6619173946072,2.00000000000002));
#8882=CARTESIAN_POINT('Ctrl Pts',(404.976174678758,-22.6619173946072,2.00000000000002));
#8883=CARTESIAN_POINT('Origin',(404.976174678758,0.,0.));
#8884=CARTESIAN_POINT('',(404.976174678758,22.6619173946072,2.00000000000003));
#8885=CARTESIAN_POINT('',(402.976174678758,22.75,-2.68778735116769E-15));
#8886=CARTESIAN_POINT('Ctrl Pts',(404.976174678758,22.6619173946072,2.00000000000003));
#8887=CARTESIAN_POINT('Ctrl Pts',(405.227438608083,22.6619173946072,2.00000000000003));
#8888=CARTESIAN_POINT('Ctrl Pts',(405.495361531106,22.6665266623467,1.94975827322146));
#8889=CARTESIAN_POINT('Ctrl Pts',(405.988081627249,22.6831618506626,1.7456106898235));
#8890=CARTESIAN_POINT('Ctrl Pts',(406.212889869945,22.6949461557187,1.59171193355965));
#8891=CARTESIAN_POINT('Ctrl Pts',(406.567886252219,22.7170566404912,1.23671555128494));
#8892=CARTESIAN_POINT('Ctrl Pts',(406.721785288384,22.7288210457092,1.01190714989129));
#8893=CARTESIAN_POINT('Ctrl Pts',(406.925933083948,22.7454106922285,0.519186525995139));
#8894=CARTESIAN_POINT('Ctrl Pts',(406.976174678758,22.75,0.251263419575526));
#8895=CARTESIAN_POINT('Ctrl Pts',(406.976174678758,22.75,-0.251263419575527));
#8896=CARTESIAN_POINT('Ctrl Pts',(406.925933083948,22.7454106922285,-0.51918652599514));
#8897=CARTESIAN_POINT('Ctrl Pts',(406.721785288384,22.7288210457092,-1.0119071498913));
#8898=CARTESIAN_POINT('Ctrl Pts',(406.567886252219,22.7170566404912,-1.23671555128494));
#8899=CARTESIAN_POINT('Ctrl Pts',(406.212889869945,22.6949461557187,-1.59171193355965));
#8900=CARTESIAN_POINT('Ctrl Pts',(405.988081627249,22.6831618506626,-1.74561068982349));
#8901=CARTESIAN_POINT('Ctrl Pts',(405.495361531106,22.6665266623467,-1.94975827322145));
#8902=CARTESIAN_POINT('Ctrl Pts',(405.227438608083,22.6619173946072,-2.00000000000003));
#8903=CARTESIAN_POINT('Ctrl Pts',(404.724910749433,22.6619173946072,-2.00000000000003));
#8904=CARTESIAN_POINT('Ctrl Pts',(404.456987826411,22.6665266623467,-1.94975827322148));
#8905=CARTESIAN_POINT('Ctrl Pts',(403.964267730268,22.6831618506626,-1.74561068982354));
#8906=CARTESIAN_POINT('Ctrl Pts',(403.739459487572,22.6949461557187,-1.59171193355965));
#8907=CARTESIAN_POINT('Ctrl Pts',(403.384463105297,22.7170566404912,-1.23671555128494));
#8908=CARTESIAN_POINT('Ctrl Pts',(403.230564069132,22.7288210457092,-1.0119071498913));
#8909=CARTESIAN_POINT('Ctrl Pts',(403.026416273568,22.7454106922285,-0.519186525995165));
#8910=CARTESIAN_POINT('Ctrl Pts',(402.976174678758,22.75,-0.251263419575529));
#8911=CARTESIAN_POINT('Ctrl Pts',(402.976174678758,22.75,-1.73472347597681E-15));
#8912=CARTESIAN_POINT('Ctrl Pts',(402.976174678758,22.75,-5.62050406216485E-15));
#8913=CARTESIAN_POINT('Ctrl Pts',(402.976174678758,22.75,0.251263419575521));
#8914=CARTESIAN_POINT('Ctrl Pts',(403.026416273568,22.7454106922285,0.51918652599514));
#8915=CARTESIAN_POINT('Ctrl Pts',(403.230564069132,22.7288210457092,1.0119071498913));
#8916=CARTESIAN_POINT('Ctrl Pts',(403.384463105297,22.7170566404912,1.23671555128494));
#8917=CARTESIAN_POINT('Ctrl Pts',(403.739459487572,22.6949461557187,1.59171193355965));
#8918=CARTESIAN_POINT('Ctrl Pts',(403.964267730268,22.6831618506626,1.7456106898235));
#8919=CARTESIAN_POINT('Ctrl Pts',(404.456987826411,22.6665266623467,1.94975827322146));
#8920=CARTESIAN_POINT('Ctrl Pts',(404.724910749433,22.6619173946072,2.00000000000003));
#8921=CARTESIAN_POINT('Ctrl Pts',(404.976174678758,22.6619173946072,2.00000000000003));
#8922=CARTESIAN_POINT('',(402.976174678758,27.75,2.44929359829474E-16));
#8923=CARTESIAN_POINT('',(402.976174678758,0.,2.44929359829474E-16));
#8924=CARTESIAN_POINT('',(404.976174678758,27.6778340915614,2.00000000000003));
#8925=CARTESIAN_POINT('Ctrl Pts',(404.976174678758,27.6778340915614,2.00000000000003));
#8926=CARTESIAN_POINT('Ctrl Pts',(404.724956649995,27.6778340915614,2.00000000000003));
#8927=CARTESIAN_POINT('Ctrl Pts',(404.457053344295,27.6816064736923,1.94977617983271));
#8928=CARTESIAN_POINT('Ctrl Pts',(403.964320503573,27.6952288097648,1.74564179231312));
#8929=CARTESIAN_POINT('Ctrl Pts',(403.739483560568,27.7048817497065,1.5917360065561));
#8930=CARTESIAN_POINT('Ctrl Pts',(403.384438834503,27.7229993128227,1.23669128049148));
#8931=CARTESIAN_POINT('Ctrl Pts',(403.230532923713,27.7326413029688,1.01185426528966));
#8932=CARTESIAN_POINT('Ctrl Pts',(403.026398438189,27.7462385898545,0.519121187709643));
#8933=CARTESIAN_POINT('Ctrl Pts',(402.976174678758,27.75,0.251217799085217));
#8934=CARTESIAN_POINT('Ctrl Pts',(402.976174678758,27.75,1.11022302462516E-15));
#8935=CARTESIAN_POINT('Ctrl Pts',(402.976174678758,27.75,-1.38777878078145E-15));
#8936=CARTESIAN_POINT('Ctrl Pts',(402.976174678758,27.75,-0.251217799085217));
#8937=CARTESIAN_POINT('Ctrl Pts',(403.026398438189,27.7462385898545,-0.519121187709695));
#8938=CARTESIAN_POINT('Ctrl Pts',(403.230532923713,27.7326413029688,-1.01185426528971));
#8939=CARTESIAN_POINT('Ctrl Pts',(403.384438834503,27.7229993128227,-1.23669128049148));
#8940=CARTESIAN_POINT('Ctrl Pts',(403.739483560568,27.7048817497065,-1.5917360065561));
#8941=CARTESIAN_POINT('Ctrl Pts',(403.964320503573,27.6952288097648,-1.7456417923132));
#8942=CARTESIAN_POINT('Ctrl Pts',(404.457053344295,27.6816064736923,-1.94977617983272));
#8943=CARTESIAN_POINT('Ctrl Pts',(404.724956649995,27.6778340915614,-2.00000000000003));
#8944=CARTESIAN_POINT('Ctrl Pts',(405.227392707521,27.6778340915614,-2.00000000000003));
#8945=CARTESIAN_POINT('Ctrl Pts',(405.495296013221,27.6816064736923,-1.94977617983271));
#8946=CARTESIAN_POINT('Ctrl Pts',(405.988028853943,27.6952288097649,-1.74564179231312));
#8947=CARTESIAN_POINT('Ctrl Pts',(406.212865796948,27.7048817497065,-1.5917360065561));
#8948=CARTESIAN_POINT('Ctrl Pts',(406.567910523013,27.7229993128227,-1.23669128049148));
#8949=CARTESIAN_POINT('Ctrl Pts',(406.721816433803,27.7326413029688,-1.01185426528966));
#8950=CARTESIAN_POINT('Ctrl Pts',(406.925950919328,27.7462385898545,-0.519121187709643));
#8951=CARTESIAN_POINT('Ctrl Pts',(406.976174678758,27.75,-0.251217799085215));
#8952=CARTESIAN_POINT('Ctrl Pts',(406.976174678758,27.75,0.251217799085215));
#8953=CARTESIAN_POINT('Ctrl Pts',(406.925950919328,27.7462385898545,0.519121187709643));
#8954=CARTESIAN_POINT('Ctrl Pts',(406.721816433803,27.7326413029688,1.01185426528966));
#8955=CARTESIAN_POINT('Ctrl Pts',(406.567910523013,27.7229993128227,1.23669128049148));
#8956=CARTESIAN_POINT('Ctrl Pts',(406.212865796948,27.7048817497065,1.5917360065561));
#8957=CARTESIAN_POINT('Ctrl Pts',(405.988028853943,27.6952288097648,1.74564179231312));
#8958=CARTESIAN_POINT('Ctrl Pts',(405.495296013221,27.6816064736923,1.94977617983271));
#8959=CARTESIAN_POINT('Ctrl Pts',(405.227392707521,27.6778340915614,2.00000000000003));
#8960=CARTESIAN_POINT('Ctrl Pts',(404.976174678758,27.6778340915614,2.00000000000003));
#8961=CARTESIAN_POINT('Origin',(449.976174678758,0.,0.));
#8962=CARTESIAN_POINT('',(449.976174678758,-27.6778340915614,2.00000000000003));
#8963=CARTESIAN_POINT('',(447.976174678758,-27.75,2.44929359829474E-16));
#8964=CARTESIAN_POINT('Ctrl Pts',(449.976174678758,-27.6778340915614,2.00000000000003));
#8965=CARTESIAN_POINT('Ctrl Pts',(450.227392707521,-27.6778340915614,2.00000000000003));
#8966=CARTESIAN_POINT('Ctrl Pts',(450.495296013221,-27.6816064736923,1.94977617983271));
#8967=CARTESIAN_POINT('Ctrl Pts',(450.988028853943,-27.6952288097648,1.74564179231312));
#8968=CARTESIAN_POINT('Ctrl Pts',(451.212865796948,-27.7048817497065,1.5917360065561));
#8969=CARTESIAN_POINT('Ctrl Pts',(451.567910523013,-27.7229993128227,1.23669128049148));
#8970=CARTESIAN_POINT('Ctrl Pts',(451.721816433803,-27.7326413029688,1.01185426528966));
#8971=CARTESIAN_POINT('Ctrl Pts',(451.925950919328,-27.7462385898545,0.519121187709643));
#8972=CARTESIAN_POINT('Ctrl Pts',(451.976174678758,-27.75,0.251217799085215));
#8973=CARTESIAN_POINT('Ctrl Pts',(451.976174678758,-27.75,-0.251217799085215));
#8974=CARTESIAN_POINT('Ctrl Pts',(451.925950919328,-27.7462385898545,-0.519121187709643));
#8975=CARTESIAN_POINT('Ctrl Pts',(451.721816433803,-27.7326413029688,-1.01185426528966));
#8976=CARTESIAN_POINT('Ctrl Pts',(451.567910523013,-27.7229993128227,-1.23669128049148));
#8977=CARTESIAN_POINT('Ctrl Pts',(451.212865796948,-27.7048817497065,-1.5917360065561));
#8978=CARTESIAN_POINT('Ctrl Pts',(450.988028853943,-27.6952288097649,-1.74564179231312));
#8979=CARTESIAN_POINT('Ctrl Pts',(450.495296013221,-27.6816064736923,-1.94977617983271));
#8980=CARTESIAN_POINT('Ctrl Pts',(450.227392707521,-27.6778340915614,-2.00000000000003));
#8981=CARTESIAN_POINT('Ctrl Pts',(449.724956649995,-27.6778340915614,-2.00000000000003));
#8982=CARTESIAN_POINT('Ctrl Pts',(449.457053344295,-27.6816064736923,-1.94977617983272));
#8983=CARTESIAN_POINT('Ctrl Pts',(448.964320503573,-27.6952288097648,-1.7456417923132));
#8984=CARTESIAN_POINT('Ctrl Pts',(448.739483560568,-27.7048817497065,-1.5917360065561));
#8985=CARTESIAN_POINT('Ctrl Pts',(448.384438834503,-27.7229993128227,-1.23669128049148));
#8986=CARTESIAN_POINT('Ctrl Pts',(448.230532923713,-27.7326413029688,-1.01185426528968));
#8987=CARTESIAN_POINT('Ctrl Pts',(448.026398438189,-27.7462385898545,-0.51912118770967));
#8988=CARTESIAN_POINT('Ctrl Pts',(447.976174678758,-27.75,-0.251217799085221));
#8989=CARTESIAN_POINT('Ctrl Pts',(447.976174678758,-27.75,-5.68989300120393E-15));
#8990=CARTESIAN_POINT('Ctrl Pts',(447.976174678758,-27.75,-2.35922392732846E-15));
#8991=CARTESIAN_POINT('Ctrl Pts',(447.976174678758,-27.75,0.251217799085213));
#8992=CARTESIAN_POINT('Ctrl Pts',(448.026398438189,-27.7462385898545,0.519121187709643));
#8993=CARTESIAN_POINT('Ctrl Pts',(448.230532923713,-27.7326413029688,1.01185426528966));
#8994=CARTESIAN_POINT('Ctrl Pts',(448.384438834503,-27.7229993128227,1.23669128049148));
#8995=CARTESIAN_POINT('Ctrl Pts',(448.739483560568,-27.7048817497065,1.5917360065561));
#8996=CARTESIAN_POINT('Ctrl Pts',(448.964320503573,-27.6952288097648,1.74564179231312));
#8997=CARTESIAN_POINT('Ctrl Pts',(449.457053344295,-27.6816064736923,1.94977617983271));
#8998=CARTESIAN_POINT('Ctrl Pts',(449.724956649995,-27.6778340915614,2.00000000000003));
#8999=CARTESIAN_POINT('Ctrl Pts',(449.976174678758,-27.6778340915614,2.00000000000003));
#9000=CARTESIAN_POINT('',(447.976174678758,-22.75,1.82249368637201E-15));
#9001=CARTESIAN_POINT('',(447.976174678758,0.,2.44929359829474E-16));
#9002=CARTESIAN_POINT('',(449.976174678758,-22.6619173946072,2.00000000000003));
#9003=CARTESIAN_POINT('Ctrl Pts',(449.976174678758,-22.6619173946072,2.00000000000003));
#9004=CARTESIAN_POINT('Ctrl Pts',(449.724910749433,-22.6619173946072,2.00000000000003));
#9005=CARTESIAN_POINT('Ctrl Pts',(449.456987826411,-22.6665266623467,1.94975827322146));
#9006=CARTESIAN_POINT('Ctrl Pts',(448.964267730268,-22.6831618506626,1.7456106898235));
#9007=CARTESIAN_POINT('Ctrl Pts',(448.739459487572,-22.6949461557187,1.59171193355965));
#9008=CARTESIAN_POINT('Ctrl Pts',(448.384463105297,-22.7170566404912,1.23671555128494));
#9009=CARTESIAN_POINT('Ctrl Pts',(448.230564069132,-22.7288210457092,1.0119071498913));
#9010=CARTESIAN_POINT('Ctrl Pts',(448.026416273568,-22.7454106922285,0.51918652599514));
#9011=CARTESIAN_POINT('Ctrl Pts',(447.976174678758,-22.75,0.251263419575527));
#9012=CARTESIAN_POINT('Ctrl Pts',(447.976174678758,-22.75,4.85722573273506E-16));
#9013=CARTESIAN_POINT('Ctrl Pts',(447.976174678758,-22.75,3.46944695195361E-15));
#9014=CARTESIAN_POINT('Ctrl Pts',(447.976174678758,-22.75,-0.251263419575523));
#9015=CARTESIAN_POINT('Ctrl Pts',(448.026416273568,-22.7454106922285,-0.519186525995139));
#9016=CARTESIAN_POINT('Ctrl Pts',(448.230564069132,-22.7288210457092,-1.01190714989129));
#9017=CARTESIAN_POINT('Ctrl Pts',(448.384463105297,-22.7170566404912,-1.23671555128494));
#9018=CARTESIAN_POINT('Ctrl Pts',(448.739459487572,-22.6949461557187,-1.59171193355965));
#9019=CARTESIAN_POINT('Ctrl Pts',(448.964267730268,-22.6831618506626,-1.74561068982354));
#9020=CARTESIAN_POINT('Ctrl Pts',(449.456987826411,-22.6665266623467,-1.94975827322148));
#9021=CARTESIAN_POINT('Ctrl Pts',(449.724910749433,-22.6619173946072,-2.00000000000003));
#9022=CARTESIAN_POINT('Ctrl Pts',(450.227438608083,-22.6619173946072,-2.00000000000003));
#9023=CARTESIAN_POINT('Ctrl Pts',(450.495361531106,-22.6665266623467,-1.94975827322145));
#9024=CARTESIAN_POINT('Ctrl Pts',(450.988081627249,-22.6831618506626,-1.74561068982349));
#9025=CARTESIAN_POINT('Ctrl Pts',(451.212889869945,-22.6949461557187,-1.59171193355965));
#9026=CARTESIAN_POINT('Ctrl Pts',(451.567886252219,-22.7170566404912,-1.23671555128494));
#9027=CARTESIAN_POINT('Ctrl Pts',(451.721785288384,-22.7288210457092,-1.01190714989125));
#9028=CARTESIAN_POINT('Ctrl Pts',(451.925933083948,-22.7454106922285,-0.519186525995085));
#9029=CARTESIAN_POINT('Ctrl Pts',(451.976174678758,-22.75,-0.251263419575527));
#9030=CARTESIAN_POINT('Ctrl Pts',(451.976174678758,-22.75,0.251263419575526));
#9031=CARTESIAN_POINT('Ctrl Pts',(451.925933083948,-22.7454106922285,0.519186525995139));
#9032=CARTESIAN_POINT('Ctrl Pts',(451.721785288384,-22.7288210457092,1.01190714989129));
#9033=CARTESIAN_POINT('Ctrl Pts',(451.567886252219,-22.7170566404912,1.23671555128494));
#9034=CARTESIAN_POINT('Ctrl Pts',(451.212889869945,-22.6949461557187,1.59171193355965));
#9035=CARTESIAN_POINT('Ctrl Pts',(450.988081627249,-22.6831618506626,1.74561068982354));
#9036=CARTESIAN_POINT('Ctrl Pts',(450.495361531106,-22.6665266623467,1.94975827322148));
#9037=CARTESIAN_POINT('Ctrl Pts',(450.227438608083,-22.6619173946072,2.00000000000003));
#9038=CARTESIAN_POINT('Ctrl Pts',(449.976174678758,-22.6619173946072,2.00000000000003));
#9039=CARTESIAN_POINT('Origin',(449.976174678758,0.,0.));
#9040=CARTESIAN_POINT('',(449.976174678758,22.6619173946072,2.00000000000003));
#9041=CARTESIAN_POINT('',(447.976174678758,22.75,-4.14495507098821E-15));
#9042=CARTESIAN_POINT('Ctrl Pts',(449.976174678758,22.6619173946072,2.00000000000003));
#9043=CARTESIAN_POINT('Ctrl Pts',(450.227438608083,22.6619173946072,2.00000000000003));
#9044=CARTESIAN_POINT('Ctrl Pts',(450.495361531106,22.6665266623467,1.94975827322146));
#9045=CARTESIAN_POINT('Ctrl Pts',(450.988081627249,22.6831618506626,1.7456106898235));
#9046=CARTESIAN_POINT('Ctrl Pts',(451.212889869945,22.6949461557187,1.59171193355965));
#9047=CARTESIAN_POINT('Ctrl Pts',(451.567886252219,22.7170566404912,1.23671555128494));
#9048=CARTESIAN_POINT('Ctrl Pts',(451.721785288384,22.7288210457092,1.01190714989129));
#9049=CARTESIAN_POINT('Ctrl Pts',(451.925933083948,22.7454106922285,0.519186525995139));
#9050=CARTESIAN_POINT('Ctrl Pts',(451.976174678758,22.75,0.251263419575526));
#9051=CARTESIAN_POINT('Ctrl Pts',(451.976174678758,22.75,-0.251263419575527));
#9052=CARTESIAN_POINT('Ctrl Pts',(451.925933083948,22.7454106922285,-0.51918652599514));
#9053=CARTESIAN_POINT('Ctrl Pts',(451.721785288384,22.7288210457092,-1.0119071498913));
#9054=CARTESIAN_POINT('Ctrl Pts',(451.567886252219,22.7170566404912,-1.23671555128494));
#9055=CARTESIAN_POINT('Ctrl Pts',(451.212889869945,22.6949461557187,-1.59171193355965));
#9056=CARTESIAN_POINT('Ctrl Pts',(450.988081627249,22.6831618506626,-1.74561068982349));
#9057=CARTESIAN_POINT('Ctrl Pts',(450.495361531106,22.6665266623467,-1.94975827322145));
#9058=CARTESIAN_POINT('Ctrl Pts',(450.227438608083,22.6619173946072,-2.00000000000003));
#9059=CARTESIAN_POINT('Ctrl Pts',(449.724910749433,22.6619173946072,-2.00000000000003));
#9060=CARTESIAN_POINT('Ctrl Pts',(449.456987826411,22.6665266623467,-1.94975827322148));
#9061=CARTESIAN_POINT('Ctrl Pts',(448.964267730268,22.6831618506626,-1.74561068982354));
#9062=CARTESIAN_POINT('Ctrl Pts',(448.739459487572,22.6949461557187,-1.59171193355965));
#9063=CARTESIAN_POINT('Ctrl Pts',(448.384463105297,22.7170566404912,-1.23671555128494));
#9064=CARTESIAN_POINT('Ctrl Pts',(448.230564069132,22.7288210457092,-1.0119071498913));
#9065=CARTESIAN_POINT('Ctrl Pts',(448.026416273568,22.7454106922285,-0.519186525995165));
#9066=CARTESIAN_POINT('Ctrl Pts',(447.976174678758,22.75,-0.25126341957553));
#9067=CARTESIAN_POINT('Ctrl Pts',(447.976174678758,22.75,-2.35922392732846E-15));
#9068=CARTESIAN_POINT('Ctrl Pts',(447.976174678758,22.75,-8.46545056276682E-15));
#9069=CARTESIAN_POINT('Ctrl Pts',(447.976174678758,22.75,0.251263419575518));
#9070=CARTESIAN_POINT('Ctrl Pts',(448.026416273568,22.7454106922285,0.51918652599514));
#9071=CARTESIAN_POINT('Ctrl Pts',(448.230564069132,22.7288210457092,1.0119071498913));
#9072=CARTESIAN_POINT('Ctrl Pts',(448.384463105297,22.7170566404912,1.23671555128494));
#9073=CARTESIAN_POINT('Ctrl Pts',(448.739459487572,22.6949461557187,1.59171193355965));
#9074=CARTESIAN_POINT('Ctrl Pts',(448.964267730268,22.6831618506626,1.74561068982349));
#9075=CARTESIAN_POINT('Ctrl Pts',(449.456987826411,22.6665266623467,1.94975827322145));
#9076=CARTESIAN_POINT('Ctrl Pts',(449.724910749433,22.6619173946072,2.00000000000003));
#9077=CARTESIAN_POINT('Ctrl Pts',(449.976174678758,22.6619173946072,2.00000000000003));
#9078=CARTESIAN_POINT('',(447.976174678758,27.75,2.44929359829474E-16));
#9079=CARTESIAN_POINT('',(447.976174678758,0.,2.44929359829474E-16));
#9080=CARTESIAN_POINT('',(449.976174678758,27.6778340915614,2.00000000000003));
#9081=CARTESIAN_POINT('Ctrl Pts',(449.976174678758,27.6778340915614,2.00000000000003));
#9082=CARTESIAN_POINT('Ctrl Pts',(449.724956649995,27.6778340915614,2.00000000000003));
#9083=CARTESIAN_POINT('Ctrl Pts',(449.457053344295,27.6816064736923,1.94977617983271));
#9084=CARTESIAN_POINT('Ctrl Pts',(448.964320503573,27.6952288097648,1.74564179231312));
#9085=CARTESIAN_POINT('Ctrl Pts',(448.739483560568,27.7048817497065,1.5917360065561));
#9086=CARTESIAN_POINT('Ctrl Pts',(448.384438834503,27.7229993128227,1.23669128049148));
#9087=CARTESIAN_POINT('Ctrl Pts',(448.230532923713,27.7326413029688,1.01185426528966));
#9088=CARTESIAN_POINT('Ctrl Pts',(448.026398438189,27.7462385898545,0.519121187709643));
#9089=CARTESIAN_POINT('Ctrl Pts',(447.976174678758,27.75,0.251217799085217));
#9090=CARTESIAN_POINT('Ctrl Pts',(447.976174678758,27.75,1.59594559789866E-15));
#9091=CARTESIAN_POINT('Ctrl Pts',(447.976174678758,27.75,-4.16333634234434E-16));
#9092=CARTESIAN_POINT('Ctrl Pts',(447.976174678758,27.75,-0.251217799085216));
#9093=CARTESIAN_POINT('Ctrl Pts',(448.026398438189,27.7462385898545,-0.519121187709695));
#9094=CARTESIAN_POINT('Ctrl Pts',(448.230532923713,27.7326413029688,-1.01185426528971));
#9095=CARTESIAN_POINT('Ctrl Pts',(448.384438834503,27.7229993128227,-1.23669128049148));
#9096=CARTESIAN_POINT('Ctrl Pts',(448.739483560568,27.7048817497065,-1.5917360065561));
#9097=CARTESIAN_POINT('Ctrl Pts',(448.964320503573,27.6952288097648,-1.7456417923132));
#9098=CARTESIAN_POINT('Ctrl Pts',(449.457053344295,27.6816064736923,-1.94977617983272));
#9099=CARTESIAN_POINT('Ctrl Pts',(449.724956649995,27.6778340915614,-2.00000000000003));
#9100=CARTESIAN_POINT('Ctrl Pts',(450.227392707521,27.6778340915614,-2.00000000000003));
#9101=CARTESIAN_POINT('Ctrl Pts',(450.495296013221,27.6816064736923,-1.94977617983271));
#9102=CARTESIAN_POINT('Ctrl Pts',(450.988028853943,27.6952288097649,-1.74564179231312));
#9103=CARTESIAN_POINT('Ctrl Pts',(451.212865796948,27.7048817497065,-1.5917360065561));
#9104=CARTESIAN_POINT('Ctrl Pts',(451.567910523013,27.7229993128227,-1.23669128049148));
#9105=CARTESIAN_POINT('Ctrl Pts',(451.721816433803,27.7326413029688,-1.01185426528966));
#9106=CARTESIAN_POINT('Ctrl Pts',(451.925950919328,27.7462385898545,-0.519121187709643));
#9107=CARTESIAN_POINT('Ctrl Pts',(451.976174678758,27.75,-0.251217799085215));
#9108=CARTESIAN_POINT('Ctrl Pts',(451.976174678758,27.75,0.251217799085215));
#9109=CARTESIAN_POINT('Ctrl Pts',(451.925950919328,27.7462385898545,0.519121187709643));
#9110=CARTESIAN_POINT('Ctrl Pts',(451.721816433803,27.7326413029688,1.01185426528966));
#9111=CARTESIAN_POINT('Ctrl Pts',(451.567910523013,27.7229993128227,1.23669128049148));
#9112=CARTESIAN_POINT('Ctrl Pts',(451.212865796948,27.7048817497065,1.5917360065561));
#9113=CARTESIAN_POINT('Ctrl Pts',(450.988028853943,27.6952288097648,1.74564179231312));
#9114=CARTESIAN_POINT('Ctrl Pts',(450.495296013221,27.6816064736923,1.94977617983271));
#9115=CARTESIAN_POINT('Ctrl Pts',(450.227392707521,27.6778340915614,2.00000000000003));
#9116=CARTESIAN_POINT('Ctrl Pts',(449.976174678758,27.6778340915614,2.00000000000003));
#9117=CARTESIAN_POINT('Origin',(435.010655279985,0.,0.));
#9118=CARTESIAN_POINT('',(435.239490254996,3.06161699786838E-15,25.));
#9119=CARTESIAN_POINT('Origin',(435.239490254996,0.,0.));
#9120=CARTESIAN_POINT('',(435.453977154771,-2.78607146806023E-15,22.75));
#9121=CARTESIAN_POINT('',(435.010655279985,-3.35559511258789E-15,27.4005134780427));
#9122=CARTESIAN_POINT('Origin',(435.453977154771,0.,0.));
#9123=CARTESIAN_POINT('Origin',(427.476174678758,0.,0.));
#9124=CARTESIAN_POINT('',(420.284818991205,3.06161699786838E-15,25.));
#9125=CARTESIAN_POINT('Origin',(420.284818991205,0.,0.));
#9126=CARTESIAN_POINT('',(427.476174678758,-3.06161699786838E-15,25.));
#9127=CARTESIAN_POINT('Origin',(399.976174678758,0.,-27.75));
#9128=CARTESIAN_POINT('',(399.976174678758,2.78607146806023E-15,22.75));
#9129=CARTESIAN_POINT('Origin',(399.976174678758,0.,0.));
#9130=CARTESIAN_POINT('Origin',(404.98809043137,0.,0.));
#9131=CARTESIAN_POINT('',(404.98809043137,-2.78607146806023E-15,22.75));
#9132=CARTESIAN_POINT('',(420.499302538219,-2.78607146806023E-15,22.75));
#9133=CARTESIAN_POINT('',(404.98809043137,-2.78607146806023E-15,22.75));
#9134=CARTESIAN_POINT('Origin',(420.499302538219,0.,0.));
#9135=CARTESIAN_POINT('Origin',(419.965526469687,0.,0.));
#9136=CARTESIAN_POINT('',(419.965526469687,-3.47180989252302E-15,28.3494791717925));
#9137=CARTESIAN_POINT('Origin',(449.988090617634,0.,0.));
#9138=CARTESIAN_POINT('',(449.988090617634,-2.78607146806023E-15,22.75));
#9139=CARTESIAN_POINT('',(459.976174678758,2.78607146806023E-15,22.75));
#9140=CARTESIAN_POINT('',(449.988090617634,-2.78607146806023E-15,22.75));
#9141=CARTESIAN_POINT('Origin',(459.976174678758,0.,0.));
#9142=CARTESIAN_POINT('Origin',(394.976174678758,0.,-27.75));
#9143=CARTESIAN_POINT('',(394.976174678758,-3.39839486763391E-15,27.75));
#9144=CARTESIAN_POINT('Origin',(394.976174678758,0.,0.));
#9145=CARTESIAN_POINT('Origin',(404.98809043137,0.,0.));
#9146=CARTESIAN_POINT('',(415.000006183982,-3.39839486763391E-15,27.75));
#9147=CARTESIAN_POINT('Origin',(415.000006183982,0.,0.));
#9148=CARTESIAN_POINT('',(404.98809043137,-3.39839486763391E-15,27.75));
#9149=CARTESIAN_POINT('',(404.98809043137,-3.39839486763391E-15,27.75));
#9150=CARTESIAN_POINT('Origin',(414.98809043137,0.,0.));
#9151=CARTESIAN_POINT('',(414.976174678758,-3.42901103761259E-15,28.));
#9152=CARTESIAN_POINT('',(414.98809043137,-3.41370295262325E-15,27.875));
#9153=CARTESIAN_POINT('Origin',(414.976174678758,0.,0.));
#9154=CARTESIAN_POINT('Origin',(414.976174678758,0.,-30.));
#9155=CARTESIAN_POINT('',(414.976174678758,-3.67394039744206E-15,30.));
#9156=CARTESIAN_POINT('Origin',(414.976174678758,0.,0.));
#9157=CARTESIAN_POINT('Origin',(427.476174678758,0.,0.));
#9158=CARTESIAN_POINT('',(439.976174678758,-3.67394039744206E-15,30.));
#9159=CARTESIAN_POINT('Origin',(439.976174678758,0.,0.));
#9160=CARTESIAN_POINT('',(427.476174678758,-3.67394039744206E-15,30.));
#9161=CARTESIAN_POINT('Origin',(439.976174678758,0.,-28.));
#9162=CARTESIAN_POINT('',(439.976174678758,-3.42901103761259E-15,28.));
#9163=CARTESIAN_POINT('Origin',(439.976174678758,0.,0.));
#9164=CARTESIAN_POINT('Origin',(439.988090617634,0.,0.));
#9165=CARTESIAN_POINT('',(440.000006556511,-3.39839486763391E-15,27.75));
#9166=CARTESIAN_POINT('Origin',(440.000006556511,0.,0.));
#9167=CARTESIAN_POINT('',(439.988090617634,-3.41370295262325E-15,27.875));
#9168=CARTESIAN_POINT('Origin',(449.988090617634,0.,0.));
#9169=CARTESIAN_POINT('',(459.976174678758,-3.39839486763391E-15,27.75));
#9170=CARTESIAN_POINT('Origin',(459.976174678758,0.,0.));
#9171=CARTESIAN_POINT('',(449.988090617634,-3.39839486763391E-15,27.75));
#9172=CARTESIAN_POINT('',(449.988090617634,-3.39839486763391E-15,27.75));
#9173=CARTESIAN_POINT('Origin',(459.976174678758,0.,0.));
#9174=CARTESIAN_POINT('Origin',(655.000009760261,0.00850904022022169,-0.00850904022022169));
#9175=CARTESIAN_POINT('',(655.00000976026,-20.9775017006544,-18.1660926563486));
#9176=CARTESIAN_POINT('',(653.000009760261,-19.6137022927625,-19.6307203732029));
#9177=CARTESIAN_POINT('Ctrl Pts',(655.00000976026,-20.9775017006544,-18.1660926563486));
#9178=CARTESIAN_POINT('Ctrl Pts',(655.251227477428,-20.9775017006544,-18.1660926563486));
#9179=CARTESIAN_POINT('Ctrl Pts',(655.51913108041,-20.9446401380942,-18.2042581034782));
#9180=CARTESIAN_POINT('Ctrl Pts',(656.011865665443,-20.8098641086555,-18.3581730945174));
#9181=CARTESIAN_POINT('Ctrl Pts',(656.236703997032,-20.7078136950812,-18.473780004846));
#9182=CARTESIAN_POINT('Ctrl Pts',(656.591749200682,-20.4694591082948,-18.7375382259875));
#9183=CARTESIAN_POINT('Ctrl Pts',(656.745654433303,-20.3172237325525,-18.9032711683418));
#9184=CARTESIAN_POINT('Ctrl Pts',(656.949787092064,-19.9782727702619,-19.2611489319516));
#9185=CARTESIAN_POINT('Ctrl Pts',(657.000009760261,-19.7914149744866,-19.4531617524941));
#9186=CARTESIAN_POINT('Ctrl Pts',(657.000009760261,-19.4359852911263,-19.8082833100788));
#9187=CARTESIAN_POINT('Ctrl Pts',(656.949784908808,-19.2438060621034,-19.9949786845426));
#9188=CARTESIAN_POINT('Ctrl Pts',(656.745648582924,-18.8856245372892,-20.3336280626053));
#9189=CARTESIAN_POINT('Ctrl Pts',(656.591741980886,-18.7197540770258,-20.4857244148077));
#9190=CARTESIAN_POINT('Ctrl Pts',(656.236697719408,-18.4557811316092,-20.7238567763613));
#9191=CARTESIAN_POINT('Ctrl Pts',(656.011862177993,-18.3400810805246,-20.8258106818928));
#9192=CARTESIAN_POINT('Ctrl Pts',(655.519131100703,-18.1860415650471,-20.960459365584));
#9193=CARTESIAN_POINT('Ctrl Pts',(655.251228098267,-18.1478448494779,-20.9932900546646));
#9194=CARTESIAN_POINT('Ctrl Pts',(654.748791422255,-18.1478448494779,-20.9932900546646));
#9195=CARTESIAN_POINT('Ctrl Pts',(654.480888419818,-18.1860415650471,-20.960459365584));
#9196=CARTESIAN_POINT('Ctrl Pts',(653.988157342528,-18.3400810805246,-20.8258106818928));
#9197=CARTESIAN_POINT('Ctrl Pts',(653.763321801113,-18.4557811316092,-20.7238567763613));
#9198=CARTESIAN_POINT('Ctrl Pts',(653.408277539635,-18.7197540770258,-20.4857244148077));
#9199=CARTESIAN_POINT('Ctrl Pts',(653.254370937597,-18.8856245372892,-20.3336280626053));
#9200=CARTESIAN_POINT('Ctrl Pts',(653.050234611713,-19.2438060621034,-19.9949786845426));
#9201=CARTESIAN_POINT('Ctrl Pts',(653.000009760261,-19.4359852911263,-19.8082833100788));
#9202=CARTESIAN_POINT('Ctrl Pts',(653.000009760261,-19.6137022927625,-19.6307203732029));
#9203=CARTESIAN_POINT('Ctrl Pts',(653.000009760261,-19.6137022927625,-19.6307203732029));
#9204=CARTESIAN_POINT('Ctrl Pts',(653.000009760261,-19.7914149744866,-19.4531617524941));
#9205=CARTESIAN_POINT('Ctrl Pts',(653.050232428457,-19.9782727702619,-19.2611489319516));
#9206=CARTESIAN_POINT('Ctrl Pts',(653.254365087219,-20.3172237325525,-18.9032711683418));
#9207=CARTESIAN_POINT('Ctrl Pts',(653.40827031984,-20.4694591082948,-18.7375382259875));
#9208=CARTESIAN_POINT('Ctrl Pts',(653.763315523489,-20.7078136950812,-18.473780004846));
#9209=CARTESIAN_POINT('Ctrl Pts',(653.988153855078,-20.8098641086554,-18.3581730945175));
#9210=CARTESIAN_POINT('Ctrl Pts',(654.480888440111,-20.9446401380942,-18.2042581034783));
#9211=CARTESIAN_POINT('Ctrl Pts',(654.748792043093,-20.9775017006544,-18.1660926563486));
#9212=CARTESIAN_POINT('Ctrl Pts',(655.000009760261,-20.9775017006544,-18.1660926563486));
#9213=CARTESIAN_POINT('',(653.000009760261,-15.9013912610461,-15.9184093414865));
#9214=CARTESIAN_POINT('',(653.000009760261,0.00850904022022152,-0.00850904022022152));
#9215=CARTESIAN_POINT('',(655.000009760261,-17.2533855763765,-14.4419765320707));
#9216=CARTESIAN_POINT('Ctrl Pts',(655.000009760261,-17.2533855763765,-14.4419765320707));
#9217=CARTESIAN_POINT('Ctrl Pts',(654.748743176922,-17.2533855763765,-14.4419765320707));
#9218=CARTESIAN_POINT('Ctrl Pts',(654.480818464931,-17.2211351829266,-14.480780094647));
#9219=CARTESIAN_POINT('Ctrl Pts',(653.988096583057,-17.0885959138281,-14.6369525105608));
#9220=CARTESIAN_POINT('Ctrl Pts',(653.763288182877,-16.9881393406888,-14.7541435163176));
#9221=CARTESIAN_POINT('Ctrl Pts',(653.40829436704,-16.7527922626004,-15.0208381720423));
#9222=CARTESIAN_POINT('Ctrl Pts',(653.254396831413,-16.6021554215671,-15.188126823722));
#9223=CARTESIAN_POINT('Ctrl Pts',(653.050250909355,-16.265425132623,-15.5482058871565));
#9224=CARTESIAN_POINT('Ctrl Pts',(653.000009760261,-16.0791552646628,-15.7408353821166));
#9225=CARTESIAN_POINT('Ctrl Pts',(653.000009760261,-15.9013912610461,-15.9184093414866));
#9226=CARTESIAN_POINT('Ctrl Pts',(653.000009760261,-15.9013912610461,-15.9184093414865));
#9227=CARTESIAN_POINT('Ctrl Pts',(653.000009760261,-15.7236206785258,-16.0959898727267));
#9228=CARTESIAN_POINT('Ctrl Pts',(653.050254234781,-15.5307852757427,-16.2820599059808));
#9229=CARTESIAN_POINT('Ctrl Pts',(653.25440574132,-15.1703309483605,-16.6184182454703));
#9230=CARTESIAN_POINT('Ctrl Pts',(653.408305361696,-15.0028726852021,-16.7688831786441));
#9231=CARTESIAN_POINT('Ctrl Pts',(653.763297736425,-14.7359138517749,-17.0039546545633));
#9232=CARTESIAN_POINT('Ctrl Pts',(653.988101885144,-14.6186081821431,-17.1042914341008));
#9233=CARTESIAN_POINT('Ctrl Pts',(654.480818421762,-14.4622820984016,-17.2366727412237));
#9234=CARTESIAN_POINT('Ctrl Pts',(654.748742220082,-14.4234397213282,-17.2688849265149));
#9235=CARTESIAN_POINT('Ctrl Pts',(655.251277300439,-14.4234397213282,-17.2688849265149));
#9236=CARTESIAN_POINT('Ctrl Pts',(655.519201098759,-14.4622820984016,-17.2366727412237));
#9237=CARTESIAN_POINT('Ctrl Pts',(656.011917635377,-14.6186081821431,-17.1042914341008));
#9238=CARTESIAN_POINT('Ctrl Pts',(656.236721784096,-14.7359138517749,-17.0039546545633));
#9239=CARTESIAN_POINT('Ctrl Pts',(656.591714158825,-15.0028726852021,-16.7688831786441));
#9240=CARTESIAN_POINT('Ctrl Pts',(656.745613779201,-15.1703309483605,-16.6184182454703));
#9241=CARTESIAN_POINT('Ctrl Pts',(656.94976528574,-15.5307852757427,-16.2820599059808));
#9242=CARTESIAN_POINT('Ctrl Pts',(657.000009760261,-15.7236206785258,-16.0959898727267));
#9243=CARTESIAN_POINT('Ctrl Pts',(657.000009760261,-16.0791552646628,-15.7408353821166));
#9244=CARTESIAN_POINT('Ctrl Pts',(656.949768611166,-16.265425132623,-15.5482058871565));
#9245=CARTESIAN_POINT('Ctrl Pts',(656.745622689108,-16.6021554215671,-15.188126823722));
#9246=CARTESIAN_POINT('Ctrl Pts',(656.591725153482,-16.7527922626004,-15.0208381720423));
#9247=CARTESIAN_POINT('Ctrl Pts',(656.236731337644,-16.9881393406888,-14.7541435163176));
#9248=CARTESIAN_POINT('Ctrl Pts',(656.011922937464,-17.0885959138283,-14.6369525105606));
#9249=CARTESIAN_POINT('Ctrl Pts',(655.51920105559,-17.2211351829267,-14.4807800946469));
#9250=CARTESIAN_POINT('Ctrl Pts',(655.251276343599,-17.2533855763765,-14.4419765320707));
#9251=CARTESIAN_POINT('Ctrl Pts',(655.000009760261,-17.2533855763765,-14.4419765320707));
#9252=CARTESIAN_POINT('Origin',(655.000009760261,0.00850904022022169,-0.00850904022022169));
#9253=CARTESIAN_POINT('',(655.000009760261,14.4419765320708,17.2533855763765));
#9254=CARTESIAN_POINT('',(653.000009760261,15.9184093414866,15.9013912610461));
#9255=CARTESIAN_POINT('Ctrl Pts',(655.000009760261,14.4419765320708,17.2533855763765));
#9256=CARTESIAN_POINT('Ctrl Pts',(655.251276343599,14.4419765320707,17.2533855763765));
#9257=CARTESIAN_POINT('Ctrl Pts',(655.519201055591,14.480780094647,17.2211351829266));
#9258=CARTESIAN_POINT('Ctrl Pts',(656.011922937464,14.6369525105608,17.0885959138281));
#9259=CARTESIAN_POINT('Ctrl Pts',(656.236731337645,14.7541435163176,16.9881393406888));
#9260=CARTESIAN_POINT('Ctrl Pts',(656.591725153482,15.0208381720424,16.7527922626004));
#9261=CARTESIAN_POINT('Ctrl Pts',(656.745622689108,15.188126823722,16.6021554215671));
#9262=CARTESIAN_POINT('Ctrl Pts',(656.949768611166,15.5482058871566,16.265425132623));
#9263=CARTESIAN_POINT('Ctrl Pts',(657.000009760261,15.7408353821166,16.0791552646628));
#9264=CARTESIAN_POINT('Ctrl Pts',(657.000009760261,16.0959898727267,15.7236206785258));
#9265=CARTESIAN_POINT('Ctrl Pts',(656.94976528574,16.2820599059808,15.5307852757427));
#9266=CARTESIAN_POINT('Ctrl Pts',(656.745613779201,16.6184182454703,15.1703309483605));
#9267=CARTESIAN_POINT('Ctrl Pts',(656.591714158825,16.7688831786441,15.0028726852021));
#9268=CARTESIAN_POINT('Ctrl Pts',(656.236721784096,17.0039546545633,14.7359138517749));
#9269=CARTESIAN_POINT('Ctrl Pts',(656.011917635377,17.1042914341008,14.6186081821431));
#9270=CARTESIAN_POINT('Ctrl Pts',(655.519201098759,17.2366727412237,14.4622820984016));
#9271=CARTESIAN_POINT('Ctrl Pts',(655.251277300439,17.2688849265149,14.4234397213282));
#9272=CARTESIAN_POINT('Ctrl Pts',(654.748742220082,17.2688849265149,14.4234397213282));
#9273=CARTESIAN_POINT('Ctrl Pts',(654.480818421762,17.2366727412237,14.4622820984016));
#9274=CARTESIAN_POINT('Ctrl Pts',(653.988101885144,17.1042914341008,14.6186081821431));
#9275=CARTESIAN_POINT('Ctrl Pts',(653.763297736425,17.0039546545633,14.7359138517749));
#9276=CARTESIAN_POINT('Ctrl Pts',(653.408305361696,16.7688831786441,15.0028726852021));
#9277=CARTESIAN_POINT('Ctrl Pts',(653.25440574132,16.6184182454703,15.1703309483605));
#9278=CARTESIAN_POINT('Ctrl Pts',(653.050254234781,16.2820599059808,15.5307852757427));
#9279=CARTESIAN_POINT('Ctrl Pts',(653.000009760261,16.0959898727267,15.7236206785258));
#9280=CARTESIAN_POINT('Ctrl Pts',(653.000009760261,15.9184093414866,15.9013912610461));
#9281=CARTESIAN_POINT('Ctrl Pts',(653.000009760261,15.9184093414865,15.9013912610461));
#9282=CARTESIAN_POINT('Ctrl Pts',(653.000009760261,15.7408353821166,16.0791552646628));
#9283=CARTESIAN_POINT('Ctrl Pts',(653.050250909355,15.5482058871566,16.265425132623));
#9284=CARTESIAN_POINT('Ctrl Pts',(653.254396831413,15.188126823722,16.6021554215671));
#9285=CARTESIAN_POINT('Ctrl Pts',(653.40829436704,15.0208381720424,16.7527922626004));
#9286=CARTESIAN_POINT('Ctrl Pts',(653.763288182877,14.7541435163176,16.9881393406888));
#9287=CARTESIAN_POINT('Ctrl Pts',(653.988096583057,14.6369525105609,17.0885959138281));
#9288=CARTESIAN_POINT('Ctrl Pts',(654.480818464931,14.480780094647,17.2211351829266));
#9289=CARTESIAN_POINT('Ctrl Pts',(654.748743176922,14.4419765320707,17.2533855763765));
#9290=CARTESIAN_POINT('Ctrl Pts',(655.000009760261,14.4419765320707,17.2533855763765));
#9291=CARTESIAN_POINT('',(653.000009760261,19.6307203732029,19.6137022927625));
#9292=CARTESIAN_POINT('',(653.000009760261,0.00850904022022152,-0.00850904022022152));
#9293=CARTESIAN_POINT('',(655.000009760261,18.1660926563486,20.9775017006544));
#9294=CARTESIAN_POINT('Ctrl Pts',(655.000009760261,18.1660926563486,20.9775017006544));
#9295=CARTESIAN_POINT('Ctrl Pts',(654.748792043093,18.1660926563486,20.9775017006544));
#9296=CARTESIAN_POINT('Ctrl Pts',(654.480888440111,18.2042581034782,20.9446401380942));
#9297=CARTESIAN_POINT('Ctrl Pts',(653.988153855078,18.3581730945174,20.8098641086555));
#9298=CARTESIAN_POINT('Ctrl Pts',(653.76331552349,18.473780004846,20.7078136950812));
#9299=CARTESIAN_POINT('Ctrl Pts',(653.40827031984,18.7375382259875,20.4694591082948));
#9300=CARTESIAN_POINT('Ctrl Pts',(653.254365087219,18.9032711683418,20.3172237325525));
#9301=CARTESIAN_POINT('Ctrl Pts',(653.050232428457,19.2611489319516,19.9782727702619));
#9302=CARTESIAN_POINT('Ctrl Pts',(653.000009760261,19.4531617524941,19.7914149744866));
#9303=CARTESIAN_POINT('Ctrl Pts',(653.000009760261,19.6307203732029,19.6137022927625));
#9304=CARTESIAN_POINT('Ctrl Pts',(653.000009760261,19.6307203732029,19.6137022927625));
#9305=CARTESIAN_POINT('Ctrl Pts',(653.000009760261,19.8082833100788,19.4359852911263));
#9306=CARTESIAN_POINT('Ctrl Pts',(653.050234611713,19.9949786845426,19.2438060621034));
#9307=CARTESIAN_POINT('Ctrl Pts',(653.254370937597,20.3336280626053,18.8856245372892));
#9308=CARTESIAN_POINT('Ctrl Pts',(653.408277539635,20.4857244148077,18.7197540770258));
#9309=CARTESIAN_POINT('Ctrl Pts',(653.763321801113,20.7238567763613,18.4557811316091));
#9310=CARTESIAN_POINT('Ctrl Pts',(653.988157342528,20.8258106818928,18.3400810805246));
#9311=CARTESIAN_POINT('Ctrl Pts',(654.480888419818,20.960459365584,18.1860415650471));
#9312=CARTESIAN_POINT('Ctrl Pts',(654.748791422255,20.9932900546646,18.1478448494779));
#9313=CARTESIAN_POINT('Ctrl Pts',(655.251228098267,20.9932900546646,18.1478448494779));
#9314=CARTESIAN_POINT('Ctrl Pts',(655.519131100703,20.960459365584,18.1860415650471));
#9315=CARTESIAN_POINT('Ctrl Pts',(656.011862177993,20.8258106818928,18.3400810805246));
#9316=CARTESIAN_POINT('Ctrl Pts',(656.236697719408,20.7238567763613,18.4557811316091));
#9317=CARTESIAN_POINT('Ctrl Pts',(656.591741980886,20.4857244148077,18.7197540770258));
#9318=CARTESIAN_POINT('Ctrl Pts',(656.745648582924,20.3336280626053,18.8856245372892));
#9319=CARTESIAN_POINT('Ctrl Pts',(656.949784908808,19.9949786845426,19.2438060621034));
#9320=CARTESIAN_POINT('Ctrl Pts',(657.000009760261,19.8082833100788,19.4359852911263));
#9321=CARTESIAN_POINT('Ctrl Pts',(657.000009760261,19.4531617524941,19.7914149744866));
#9322=CARTESIAN_POINT('Ctrl Pts',(656.949787092064,19.2611489319516,19.9782727702619));
#9323=CARTESIAN_POINT('Ctrl Pts',(656.745654433303,18.9032711683418,20.3172237325525));
#9324=CARTESIAN_POINT('Ctrl Pts',(656.591749200682,18.7375382259875,20.4694591082948));
#9325=CARTESIAN_POINT('Ctrl Pts',(656.236703997032,18.473780004846,20.7078136950812));
#9326=CARTESIAN_POINT('Ctrl Pts',(656.011865665443,18.3581730945174,20.8098641086555));
#9327=CARTESIAN_POINT('Ctrl Pts',(655.51913108041,18.2042581034782,20.9446401380942));
#9328=CARTESIAN_POINT('Ctrl Pts',(655.251227477429,18.1660926563486,20.9775017006544));
#9329=CARTESIAN_POINT('Ctrl Pts',(655.000009760261,18.1660926563486,20.9775017006544));
#9330=CARTESIAN_POINT('Origin',(655.000004805624,0.,0.));
#9331=CARTESIAN_POINT('',(645.000009611249,-2.75545529808154E-15,22.5));
#9332=CARTESIAN_POINT('Origin',(645.000009611249,0.,0.));
#9333=CARTESIAN_POINT('',(665.,-2.75545529808154E-15,22.5));
#9334=CARTESIAN_POINT('',(655.000004805624,-2.75545529808154E-15,22.5));
#9335=CARTESIAN_POINT('Origin',(665.,0.,0.));
#9336=CARTESIAN_POINT('',(655.000009760261,17.2611375541136,-14.4327104293673));
#9337=CARTESIAN_POINT('',(653.000009760261,15.9099025766973,-15.9099025766973));
#9338=CARTESIAN_POINT('Ctrl Pts',(655.000009760261,17.2611375541136,-14.4327104293673));
#9339=CARTESIAN_POINT('Ctrl Pts',(654.748742696763,17.2611375541136,-14.4327104293673));
#9340=CARTESIAN_POINT('Ctrl Pts',(654.480818437055,17.2289062629274,-14.4715333980612));
#9341=CARTESIAN_POINT('Ctrl Pts',(653.98809921321,17.0964459635084,-14.6277826511369));
#9342=CARTESIAN_POINT('Ctrl Pts',(653.763292928823,16.9960492776595,-14.7450309934933));
#9343=CARTESIAN_POINT('Ctrl Pts',(653.408299843381,16.7608399881536,-15.0118577399687));
#9344=CARTESIAN_POINT('Ctrl Pts',(653.254401275339,16.6102891040605,-15.179231186664));
#9345=CARTESIAN_POINT('Ctrl Pts',(653.050252571433,16.2737447939611,-15.5394978657198));
#9346=CARTESIAN_POINT('Ctrl Pts',(653.000009760261,16.0875748443835,-15.7322303090111));
#9347=CARTESIAN_POINT('Ctrl Pts',(653.000009760261,15.9099025766973,-15.9099025766973));
#9348=CARTESIAN_POINT('Ctrl Pts',(653.000009760261,15.9099025766973,-15.9099025766973));
#9349=CARTESIAN_POINT('Ctrl Pts',(653.000009760261,15.7322303090111,-16.0875748443835));
#9350=CARTESIAN_POINT('Ctrl Pts',(653.050252571433,15.5394978657198,-16.2737447939611));
#9351=CARTESIAN_POINT('Ctrl Pts',(653.254401275339,15.179231186664,-16.6102891040605));
#9352=CARTESIAN_POINT('Ctrl Pts',(653.408299843381,15.0118577399687,-16.7608399881536));
#9353=CARTESIAN_POINT('Ctrl Pts',(653.763292928823,14.7450309934933,-16.9960492776595));
#9354=CARTESIAN_POINT('Ctrl Pts',(653.98809921321,14.6277826511369,-17.0964459635084));
#9355=CARTESIAN_POINT('Ctrl Pts',(654.480818437055,14.4715333980612,-17.2289062629275));
#9356=CARTESIAN_POINT('Ctrl Pts',(654.748742696763,14.4327104293674,-17.2611375541136));
#9357=CARTESIAN_POINT('Ctrl Pts',(655.251276823759,14.4327104293674,-17.2611375541136));
#9358=CARTESIAN_POINT('Ctrl Pts',(655.519201083466,14.4715333980612,-17.2289062629275));
#9359=CARTESIAN_POINT('Ctrl Pts',(656.011920307311,14.6277826511369,-17.0964459635084));
#9360=CARTESIAN_POINT('Ctrl Pts',(656.236726591698,14.7450309934933,-16.9960492776595));
#9361=CARTESIAN_POINT('Ctrl Pts',(656.59171967714,15.0118577399687,-16.7608399881536));
#9362=CARTESIAN_POINT('Ctrl Pts',(656.745618245183,15.179231186664,-16.6102891040605));
#9363=CARTESIAN_POINT('Ctrl Pts',(656.949766949088,15.5394978657198,-16.2737447939611));
#9364=CARTESIAN_POINT('Ctrl Pts',(657.000009760261,15.7322303090111,-16.0875748443835));
#9365=CARTESIAN_POINT('Ctrl Pts',(657.000009760261,16.0875748443835,-15.7322303090111));
#9366=CARTESIAN_POINT('Ctrl Pts',(656.949766949088,16.2737447939611,-15.5394978657198));
#9367=CARTESIAN_POINT('Ctrl Pts',(656.745618245183,16.6102891040605,-15.179231186664));
#9368=CARTESIAN_POINT('Ctrl Pts',(656.59171967714,16.7608399881536,-15.0118577399687));
#9369=CARTESIAN_POINT('Ctrl Pts',(656.236726591698,16.9960492776595,-14.7450309934933));
#9370=CARTESIAN_POINT('Ctrl Pts',(656.011920307311,17.0964459635084,-14.6277826511368));
#9371=CARTESIAN_POINT('Ctrl Pts',(655.519201083466,17.2289062629275,-14.4715333980612));
#9372=CARTESIAN_POINT('Ctrl Pts',(655.251276823759,17.2611375541136,-14.4327104293674));
#9373=CARTESIAN_POINT('Ctrl Pts',(655.000009760261,17.2611375541136,-14.4327104293674));
#9374=CARTESIAN_POINT('',(655.000009760261,-14.4327104293674,17.2611375541136));
#9375=CARTESIAN_POINT('',(653.000009760261,-15.9099025766973,15.9099025766973));
#9376=CARTESIAN_POINT('Ctrl Pts',(655.000009760261,-14.4327104293674,17.2611375541136));
#9377=CARTESIAN_POINT('Ctrl Pts',(655.251276823759,-14.4327104293674,17.2611375541136));
#9378=CARTESIAN_POINT('Ctrl Pts',(655.519201083466,-14.4715333980612,17.2289062629275));
#9379=CARTESIAN_POINT('Ctrl Pts',(656.011920307311,-14.6277826511369,17.0964459635084));
#9380=CARTESIAN_POINT('Ctrl Pts',(656.236726591698,-14.7450309934933,16.9960492776595));
#9381=CARTESIAN_POINT('Ctrl Pts',(656.59171967714,-15.0118577399687,16.7608399881536));
#9382=CARTESIAN_POINT('Ctrl Pts',(656.745618245183,-15.179231186664,16.6102891040605));
#9383=CARTESIAN_POINT('Ctrl Pts',(656.949766949088,-15.5394978657198,16.2737447939611));
#9384=CARTESIAN_POINT('Ctrl Pts',(657.000009760261,-15.7322303090111,16.0875748443835));
#9385=CARTESIAN_POINT('Ctrl Pts',(657.000009760261,-16.0875748443835,15.7322303090111));
#9386=CARTESIAN_POINT('Ctrl Pts',(656.949766949088,-16.2737447939611,15.5394978657198));
#9387=CARTESIAN_POINT('Ctrl Pts',(656.745618245183,-16.6102891040605,15.179231186664));
#9388=CARTESIAN_POINT('Ctrl Pts',(656.59171967714,-16.7608399881536,15.0118577399687));
#9389=CARTESIAN_POINT('Ctrl Pts',(656.236726591698,-16.9960492776595,14.7450309934933));
#9390=CARTESIAN_POINT('Ctrl Pts',(656.011920307311,-17.0964459635084,14.6277826511369));
#9391=CARTESIAN_POINT('Ctrl Pts',(655.519201083466,-17.2289062629274,14.4715333980612));
#9392=CARTESIAN_POINT('Ctrl Pts',(655.251276823759,-17.2611375541136,14.4327104293674));
#9393=CARTESIAN_POINT('Ctrl Pts',(654.748742696763,-17.2611375541136,14.4327104293674));
#9394=CARTESIAN_POINT('Ctrl Pts',(654.480818437055,-17.2289062629274,14.4715333980612));
#9395=CARTESIAN_POINT('Ctrl Pts',(653.98809921321,-17.0964459635084,14.6277826511369));
#9396=CARTESIAN_POINT('Ctrl Pts',(653.763292928823,-16.9960492776595,14.7450309934933));
#9397=CARTESIAN_POINT('Ctrl Pts',(653.408299843381,-16.7608399881536,15.0118577399687));
#9398=CARTESIAN_POINT('Ctrl Pts',(653.254401275339,-16.6102891040605,15.179231186664));
#9399=CARTESIAN_POINT('Ctrl Pts',(653.050252571433,-16.2737447939611,15.5394978657198));
#9400=CARTESIAN_POINT('Ctrl Pts',(653.000009760261,-16.0875748443835,15.7322303090111));
#9401=CARTESIAN_POINT('Ctrl Pts',(653.000009760261,-15.9099025766973,15.9099025766973));
#9402=CARTESIAN_POINT('Ctrl Pts',(653.000009760261,-15.9099025766973,15.9099025766973));
#9403=CARTESIAN_POINT('Ctrl Pts',(653.000009760261,-15.7322303090111,16.0875748443835));
#9404=CARTESIAN_POINT('Ctrl Pts',(653.050252571433,-15.5394978657198,16.2737447939611));
#9405=CARTESIAN_POINT('Ctrl Pts',(653.254401275339,-15.179231186664,16.6102891040605));
#9406=CARTESIAN_POINT('Ctrl Pts',(653.408299843381,-15.0118577399687,16.7608399881536));
#9407=CARTESIAN_POINT('Ctrl Pts',(653.763292928823,-14.7450309934933,16.9960492776595));
#9408=CARTESIAN_POINT('Ctrl Pts',(653.98809921321,-14.6277826511369,17.0964459635084));
#9409=CARTESIAN_POINT('Ctrl Pts',(654.480818437055,-14.4715333980612,17.2289062629275));
#9410=CARTESIAN_POINT('Ctrl Pts',(654.748742696763,-14.4327104293674,17.2611375541136));
#9411=CARTESIAN_POINT('Ctrl Pts',(655.000009760261,-14.4327104293674,17.2611375541136));
#9412=CARTESIAN_POINT('Origin',(655.000009760261,0.,0.));
#9413=CARTESIAN_POINT('',(655.000009760261,-18.1569706123262,20.9853977370724));
#9414=CARTESIAN_POINT('',(653.000009760261,-19.6222131779267,19.6222131779267));
#9415=CARTESIAN_POINT('Ctrl Pts',(655.000009760261,-18.1569706123262,20.9853977370724));
#9416=CARTESIAN_POINT('Ctrl Pts',(655.251227789024,-18.1569706123262,20.9853977370724));
#9417=CARTESIAN_POINT('Ctrl Pts',(655.519131094723,-18.1951516931295,20.9525516102409));
#9418=CARTESIAN_POINT('Ctrl Pts',(656.011863935446,-18.3491289490305,20.817839246765));
#9419=CARTESIAN_POINT('Ctrl Pts',(656.236700878451,-18.4647824330943,20.7158370812835));
#9420=CARTESIAN_POINT('Ctrl Pts',(656.591745604515,-18.7286480182572,20.4775935995967));
#9421=CARTESIAN_POINT('Ctrl Pts',(656.745651515306,-18.8944497129845,20.3254277381022));
#9422=CARTESIAN_POINT('Ctrl Pts',(656.94978600083,-19.2524793472189,19.9866275713931));
#9423=CARTESIAN_POINT('Ctrl Pts',(657.000009760261,-19.4445753686388,19.7998509872146));
#9424=CARTESIAN_POINT('Ctrl Pts',(657.000009760261,-19.7998509872146,19.4445753686388));
#9425=CARTESIAN_POINT('Ctrl Pts',(656.94978600083,-19.9866275713931,19.2524793472189));
#9426=CARTESIAN_POINT('Ctrl Pts',(656.745651515306,-20.3254277381022,18.8944497129845));
#9427=CARTESIAN_POINT('Ctrl Pts',(656.591745604515,-20.4775935995967,18.7286480182572));
#9428=CARTESIAN_POINT('Ctrl Pts',(656.236700878451,-20.7158370812835,18.4647824330943));
#9429=CARTESIAN_POINT('Ctrl Pts',(656.011863935446,-20.817839246765,18.3491289490305));
#9430=CARTESIAN_POINT('Ctrl Pts',(655.519131094723,-20.9525516102409,18.1951516931295));
#9431=CARTESIAN_POINT('Ctrl Pts',(655.251227789024,-20.9853977370724,18.1569706123262));
#9432=CARTESIAN_POINT('Ctrl Pts',(654.748791731497,-20.9853977370724,18.1569706123262));
#9433=CARTESIAN_POINT('Ctrl Pts',(654.480888425798,-20.9525516102409,18.1951516931296));
#9434=CARTESIAN_POINT('Ctrl Pts',(653.988155585075,-20.817839246765,18.3491289490305));
#9435=CARTESIAN_POINT('Ctrl Pts',(653.76331864207,-20.7158370812835,18.4647824330943));
#9436=CARTESIAN_POINT('Ctrl Pts',(653.408273916006,-20.4775935995967,18.7286480182572));
#9437=CARTESIAN_POINT('Ctrl Pts',(653.254368005215,-20.3254277381022,18.8944497129845));
#9438=CARTESIAN_POINT('Ctrl Pts',(653.050233519691,-19.9866275713931,19.2524793472189));
#9439=CARTESIAN_POINT('Ctrl Pts',(653.00000976026,-19.7998509872146,19.4445753686388));
#9440=CARTESIAN_POINT('Ctrl Pts',(653.00000976026,-19.6222131779267,19.6222131779267));
#9441=CARTESIAN_POINT('Ctrl Pts',(653.00000976026,-19.6222131779267,19.6222131779267));
#9442=CARTESIAN_POINT('Ctrl Pts',(653.00000976026,-19.4445753686388,19.7998509872146));
#9443=CARTESIAN_POINT('Ctrl Pts',(653.050233519691,-19.2524793472189,19.9866275713931));
#9444=CARTESIAN_POINT('Ctrl Pts',(653.254368005215,-18.8944497129845,20.3254277381022));
#9445=CARTESIAN_POINT('Ctrl Pts',(653.408273916006,-18.7286480182572,20.4775935995967));
#9446=CARTESIAN_POINT('Ctrl Pts',(653.76331864207,-18.4647824330943,20.7158370812835));
#9447=CARTESIAN_POINT('Ctrl Pts',(653.988155585075,-18.3491289490305,20.817839246765));
#9448=CARTESIAN_POINT('Ctrl Pts',(654.480888425798,-18.1951516931295,20.9525516102409));
#9449=CARTESIAN_POINT('Ctrl Pts',(654.748791731497,-18.1569706123262,20.9853977370724));
#9450=CARTESIAN_POINT('Ctrl Pts',(655.000009760261,-18.1569706123262,20.9853977370724));
#9451=CARTESIAN_POINT('',(653.000009760261,1.73191211247101E-16,1.73191211247101E-16));
#9452=CARTESIAN_POINT('Origin',(655.000009760261,0.,0.));
#9453=CARTESIAN_POINT('',(653.000009760261,19.6222131779267,-19.6222131779267));
#9454=CARTESIAN_POINT('',(653.000009760261,1.73191211247101E-16,1.73191211247101E-16));
#9455=CARTESIAN_POINT('',(655.000009760261,20.9853977370724,-18.1569706123262));
#9456=CARTESIAN_POINT('Ctrl Pts',(655.000009760261,20.9853977370724,-18.1569706123262));
#9457=CARTESIAN_POINT('Ctrl Pts',(654.748791731497,20.9853977370724,-18.1569706123262));
#9458=CARTESIAN_POINT('Ctrl Pts',(654.480888425798,20.9525516102409,-18.1951516931296));
#9459=CARTESIAN_POINT('Ctrl Pts',(653.988155585075,20.817839246765,-18.3491289490305));
#9460=CARTESIAN_POINT('Ctrl Pts',(653.76331864207,20.7158370812835,-18.4647824330943));
#9461=CARTESIAN_POINT('Ctrl Pts',(653.408273916006,20.4775935995967,-18.7286480182572));
#9462=CARTESIAN_POINT('Ctrl Pts',(653.254368005215,20.3254277381022,-18.8944497129845));
#9463=CARTESIAN_POINT('Ctrl Pts',(653.050233519691,19.9866275713931,-19.2524793472189));
#9464=CARTESIAN_POINT('Ctrl Pts',(653.000009760261,19.7998509872146,-19.4445753686388));
#9465=CARTESIAN_POINT('Ctrl Pts',(653.000009760261,19.6222131779267,-19.6222131779267));
#9466=CARTESIAN_POINT('Ctrl Pts',(653.000009760261,19.6222131779267,-19.6222131779267));
#9467=CARTESIAN_POINT('Ctrl Pts',(653.000009760261,19.4445753686388,-19.7998509872146));
#9468=CARTESIAN_POINT('Ctrl Pts',(653.050233519691,19.2524793472189,-19.9866275713931));
#9469=CARTESIAN_POINT('Ctrl Pts',(653.254368005215,18.8944497129845,-20.3254277381022));
#9470=CARTESIAN_POINT('Ctrl Pts',(653.408273916006,18.7286480182572,-20.4775935995967));
#9471=CARTESIAN_POINT('Ctrl Pts',(653.76331864207,18.4647824330943,-20.7158370812835));
#9472=CARTESIAN_POINT('Ctrl Pts',(653.988155585075,18.3491289490305,-20.817839246765));
#9473=CARTESIAN_POINT('Ctrl Pts',(654.480888425798,18.1951516931295,-20.9525516102409));
#9474=CARTESIAN_POINT('Ctrl Pts',(654.748791731497,18.1569706123262,-20.9853977370724));
#9475=CARTESIAN_POINT('Ctrl Pts',(655.251227789024,18.1569706123262,-20.9853977370724));
#9476=CARTESIAN_POINT('Ctrl Pts',(655.519131094723,18.1951516931295,-20.9525516102409));
#9477=CARTESIAN_POINT('Ctrl Pts',(656.011863935446,18.3491289490305,-20.817839246765));
#9478=CARTESIAN_POINT('Ctrl Pts',(656.236700878451,18.4647824330943,-20.7158370812835));
#9479=CARTESIAN_POINT('Ctrl Pts',(656.591745604515,18.7286480182572,-20.4775935995967));
#9480=CARTESIAN_POINT('Ctrl Pts',(656.745651515306,18.8944497129845,-20.3254277381022));
#9481=CARTESIAN_POINT('Ctrl Pts',(656.94978600083,19.2524793472189,-19.9866275713931));
#9482=CARTESIAN_POINT('Ctrl Pts',(657.000009760261,19.4445753686388,-19.7998509872146));
#9483=CARTESIAN_POINT('Ctrl Pts',(657.000009760261,19.7998509872146,-19.4445753686388));
#9484=CARTESIAN_POINT('Ctrl Pts',(656.94978600083,19.9866275713931,-19.2524793472189));
#9485=CARTESIAN_POINT('Ctrl Pts',(656.745651515306,20.3254277381022,-18.8944497129845));
#9486=CARTESIAN_POINT('Ctrl Pts',(656.591745604515,20.4775935995967,-18.7286480182572));
#9487=CARTESIAN_POINT('Ctrl Pts',(656.236700878451,20.7158370812835,-18.4647824330943));
#9488=CARTESIAN_POINT('Ctrl Pts',(656.011863935446,20.8178392467651,-18.3491289490304));
#9489=CARTESIAN_POINT('Ctrl Pts',(655.519131094723,20.952551610241,-18.1951516931295));
#9490=CARTESIAN_POINT('Ctrl Pts',(655.251227789024,20.9853977370724,-18.1569706123262));
#9491=CARTESIAN_POINT('Ctrl Pts',(655.000009760261,20.9853977370724,-18.1569706123262));
#9492=CARTESIAN_POINT('Origin',(645.000009611249,0.,-27.75));
#9493=CARTESIAN_POINT('',(645.000009611249,-3.39839486763391E-15,27.75));
#9494=CARTESIAN_POINT('Origin',(645.000009611249,0.,0.));
#9495=CARTESIAN_POINT('Origin',(655.000004805624,0.,0.));
#9496=CARTESIAN_POINT('',(665.,-3.39839486763391E-15,27.75));
#9497=CARTESIAN_POINT('Origin',(665.,0.,0.));
#9498=CARTESIAN_POINT('',(655.000004805624,-3.39839486763391E-15,27.75));
#9499=CARTESIAN_POINT('Origin',(665.,0.,0.));
#9500=CARTESIAN_POINT('',(0.,0.,0.));
#9501=CARTESIAN_POINT('',(0.,0.,0.));
#9502=CARTESIAN_POINT('',(0.,0.,0.));
#9503=CARTESIAN_POINT('',(0.,0.,0.));
#9504=CARTESIAN_POINT('',(0.,0.,0.));
#9505=CARTESIAN_POINT('',(0.,0.,0.));
#9506=CARTESIAN_POINT('',(0.,0.,0.));
#9507=UNCERTAINTY_MEASURE_WITH_UNIT(LENGTH_MEASURE(0.01),#9525,
'DISTANCE_ACCURACY_VALUE',
'Maximum model space distance between geometric entities at asserted c
onnectivities');
#9508=UNCERTAINTY_MEASURE_WITH_UNIT(LENGTH_MEASURE(0.01),#9525,
'DISTANCE_ACCURACY_VALUE',
'Maximum model space distance between geometric entities at asserted c
onnectivities');
#9509=UNCERTAINTY_MEASURE_WITH_UNIT(LENGTH_MEASURE(0.01),#9525,
'DISTANCE_ACCURACY_VALUE',
'Maximum model space distance between geometric entities at asserted c
onnectivities');
#9510=UNCERTAINTY_MEASURE_WITH_UNIT(LENGTH_MEASURE(0.01),#9525,
'DISTANCE_ACCURACY_VALUE',
'Maximum model space distance between geometric entities at asserted c
onnectivities');
#9511=UNCERTAINTY_MEASURE_WITH_UNIT(LENGTH_MEASURE(0.01),#9525,
'DISTANCE_ACCURACY_VALUE',
'Maximum model space distance between geometric entities at asserted c
onnectivities');
#9512=UNCERTAINTY_MEASURE_WITH_UNIT(LENGTH_MEASURE(0.01),#9525,
'DISTANCE_ACCURACY_VALUE',
'Maximum model space distance between geometric entities at asserted c
onnectivities');
#9513=UNCERTAINTY_MEASURE_WITH_UNIT(LENGTH_MEASURE(0.01),#9525,
'DISTANCE_ACCURACY_VALUE',
'Maximum model space distance between geometric entities at asserted c
onnectivities');
#9514=UNCERTAINTY_MEASURE_WITH_UNIT(LENGTH_MEASURE(0.01),#9525,
'DISTANCE_ACCURACY_VALUE',
'Maximum model space distance between geometric entities at asserted c
onnectivities');
#9515=UNCERTAINTY_MEASURE_WITH_UNIT(LENGTH_MEASURE(0.01),#9525,
'DISTANCE_ACCURACY_VALUE',
'Maximum model space distance between geometric entities at asserted c
onnectivities');
#9516=(
GEOMETRIC_REPRESENTATION_CONTEXT(3)
GLOBAL_UNCERTAINTY_ASSIGNED_CONTEXT((#9507))
GLOBAL_UNIT_ASSIGNED_CONTEXT((#9525,#9527,#9528))
REPRESENTATION_CONTEXT('','3D')
);
#9517=(
GEOMETRIC_REPRESENTATION_CONTEXT(3)
GLOBAL_UNCERTAINTY_ASSIGNED_CONTEXT((#9508))
GLOBAL_UNIT_ASSIGNED_CONTEXT((#9525,#9527,#9528))
REPRESENTATION_CONTEXT('','3D')
);
#9518=(
GEOMETRIC_REPRESENTATION_CONTEXT(3)
GLOBAL_UNCERTAINTY_ASSIGNED_CONTEXT((#9509))
GLOBAL_UNIT_ASSIGNED_CONTEXT((#9525,#9527,#9528))
REPRESENTATION_CONTEXT('','3D')
);
#9519=(
GEOMETRIC_REPRESENTATION_CONTEXT(3)
GLOBAL_UNCERTAINTY_ASSIGNED_CONTEXT((#9510))
GLOBAL_UNIT_ASSIGNED_CONTEXT((#9525,#9527,#9528))
REPRESENTATION_CONTEXT('','3D')
);
#9520=(
GEOMETRIC_REPRESENTATION_CONTEXT(3)
GLOBAL_UNCERTAINTY_ASSIGNED_CONTEXT((#9511))
GLOBAL_UNIT_ASSIGNED_CONTEXT((#9525,#9527,#9528))
REPRESENTATION_CONTEXT('','3D')
);
#9521=(
GEOMETRIC_REPRESENTATION_CONTEXT(3)
GLOBAL_UNCERTAINTY_ASSIGNED_CONTEXT((#9512))
GLOBAL_UNIT_ASSIGNED_CONTEXT((#9525,#9527,#9528))
REPRESENTATION_CONTEXT('','3D')
);
#9522=(
GEOMETRIC_REPRESENTATION_CONTEXT(3)
GLOBAL_UNCERTAINTY_ASSIGNED_CONTEXT((#9513))
GLOBAL_UNIT_ASSIGNED_CONTEXT((#9525,#9527,#9528))
REPRESENTATION_CONTEXT('','3D')
);
#9523=(
GEOMETRIC_REPRESENTATION_CONTEXT(3)
GLOBAL_UNCERTAINTY_ASSIGNED_CONTEXT((#9514))
GLOBAL_UNIT_ASSIGNED_CONTEXT((#9525,#9527,#9528))
REPRESENTATION_CONTEXT('','3D')
);
#9524=(
GEOMETRIC_REPRESENTATION_CONTEXT(3)
GLOBAL_UNCERTAINTY_ASSIGNED_CONTEXT((#9515))
GLOBAL_UNIT_ASSIGNED_CONTEXT((#9525,#9527,#9528))
REPRESENTATION_CONTEXT('','3D')
);
#9525=(
LENGTH_UNIT()
NAMED_UNIT(*)
SI_UNIT(.MILLI.,.METRE.)
);
#9526=(
LENGTH_UNIT()
NAMED_UNIT(*)
SI_UNIT($,.METRE.)
);
#9527=(
NAMED_UNIT(*)
PLANE_ANGLE_UNIT()
SI_UNIT($,.RADIAN.)
);
#9528=(
NAMED_UNIT(*)
SI_UNIT($,.STERADIAN.)
SOLID_ANGLE_UNIT()
);
#9529=SHAPE_DEFINITION_REPRESENTATION(#9537,#9552);
#9530=SHAPE_DEFINITION_REPRESENTATION(#9538,#9553);
#9531=SHAPE_DEFINITION_REPRESENTATION(#9539,#9554);
#9532=SHAPE_DEFINITION_REPRESENTATION(#9540,#9555);
#9533=SHAPE_DEFINITION_REPRESENTATION(#9541,#9556);
#9534=SHAPE_DEFINITION_REPRESENTATION(#9542,#9557);
#9535=SHAPE_DEFINITION_REPRESENTATION(#9543,#9558);
#9536=SHAPE_DEFINITION_REPRESENTATION(#9544,#9559);
#9537=PRODUCT_DEFINITION_SHAPE('',$,#9561);
#9538=PRODUCT_DEFINITION_SHAPE('',$,#9562);
#9539=PRODUCT_DEFINITION_SHAPE('',$,#9563);
#9540=PRODUCT_DEFINITION_SHAPE('',$,#9564);
#9541=PRODUCT_DEFINITION_SHAPE('',$,#9565);
#9542=PRODUCT_DEFINITION_SHAPE('',$,#9566);
#9543=PRODUCT_DEFINITION_SHAPE('',$,#9567);
#9544=PRODUCT_DEFINITION_SHAPE('',$,#9568);
#9545=PRODUCT_DEFINITION_SHAPE($,$,#32);
#9546=PRODUCT_DEFINITION_SHAPE($,$,#33);
#9547=PRODUCT_DEFINITION_SHAPE($,$,#34);
#9548=PRODUCT_DEFINITION_SHAPE($,$,#35);
#9549=PRODUCT_DEFINITION_SHAPE($,$,#36);
#9550=PRODUCT_DEFINITION_SHAPE($,$,#37);
#9551=PRODUCT_DEFINITION_SHAPE($,$,#38);
#9552=SHAPE_REPRESENTATION('',(#3607,#3836,#3837,#3838,#3839,#3840,#3841,
#3842),#9516);
#9553=SHAPE_REPRESENTATION('',(#3608),#9517);
#9554=SHAPE_REPRESENTATION('',(#3622),#9518);
#9555=SHAPE_REPRESENTATION('',(#3635),#9519);
#9556=SHAPE_REPRESENTATION('',(#3669),#9520);
#9557=SHAPE_REPRESENTATION('',(#3686),#9521);
#9558=SHAPE_REPRESENTATION('',(#3711),#9522);
#9559=SHAPE_REPRESENTATION('',(#3774),#9523);
#9560=PRODUCT_DEFINITION_CONTEXT('part definition',#9586,'design');
#9561=PRODUCT_DEFINITION('\X2\7BAD4F53\X0\','\X2\7BAD4F53\X0\ v5',#9569,
#9560);
#9562=PRODUCT_DEFINITION('\X2\96F690E84EF6\X0\1','\X2\96F690E84EF6\X0\1',
#9570,#9560);
#9563=PRODUCT_DEFINITION('\X2\96F690E84EF6\X0\2','\X2\96F690E84EF6\X0\2',
#9571,#9560);
#9564=PRODUCT_DEFINITION('\X2\96F690E84EF6\X0\3','\X2\96F690E84EF6\X0\3',
#9572,#9560);
#9565=PRODUCT_DEFINITION('\X2\96F690E84EF6\X0\4','\X2\96F690E84EF6\X0\4',
#9573,#9560);
#9566=PRODUCT_DEFINITION('\X2\96F690E84EF6\X0\5','\X2\96F690E84EF6\X0\5',
#9574,#9560);
#9567=PRODUCT_DEFINITION('\X2\96F690E84EF6\X0\6','\X2\96F690E84EF6\X0\6',
#9575,#9560);
#9568=PRODUCT_DEFINITION('\X2\96F690E84EF6\X0\7','\X2\96F690E84EF6\X0\7',
#9576,#9560);
#9569=PRODUCT_DEFINITION_FORMATION('',$,#9588);
#9570=PRODUCT_DEFINITION_FORMATION('',$,#9589);
#9571=PRODUCT_DEFINITION_FORMATION('',$,#9590);
#9572=PRODUCT_DEFINITION_FORMATION('',$,#9591);
#9573=PRODUCT_DEFINITION_FORMATION('',$,#9592);
#9574=PRODUCT_DEFINITION_FORMATION('',$,#9593);
#9575=PRODUCT_DEFINITION_FORMATION('',$,#9594);
#9576=PRODUCT_DEFINITION_FORMATION('',$,#9595);
#9577=PRODUCT_RELATED_PRODUCT_CATEGORY('\X2\7BAD4F53\X0\ v5',
'\X2\7BAD4F53\X0\ v5',(#9588));
#9578=PRODUCT_RELATED_PRODUCT_CATEGORY('\X2\96F690E84EF6\X0\1',
'\X2\96F690E84EF6\X0\1',(#9589));
#9579=PRODUCT_RELATED_PRODUCT_CATEGORY('\X2\96F690E84EF6\X0\2',
'\X2\96F690E84EF6\X0\2',(#9590));
#9580=PRODUCT_RELATED_PRODUCT_CATEGORY('\X2\96F690E84EF6\X0\3',
'\X2\96F690E84EF6\X0\3',(#9591));
#9581=PRODUCT_RELATED_PRODUCT_CATEGORY('\X2\96F690E84EF6\X0\4',
'\X2\96F690E84EF6\X0\4',(#9592));
#9582=PRODUCT_RELATED_PRODUCT_CATEGORY('\X2\96F690E84EF6\X0\5',
'\X2\96F690E84EF6\X0\5',(#9593));
#9583=PRODUCT_RELATED_PRODUCT_CATEGORY('\X2\96F690E84EF6\X0\6',
'\X2\96F690E84EF6\X0\6',(#9594));
#9584=PRODUCT_RELATED_PRODUCT_CATEGORY('\X2\96F690E84EF6\X0\7',
'\X2\96F690E84EF6\X0\7',(#9595));
#9585=APPLICATION_PROTOCOL_DEFINITION('international standard',
'automotive_design',2009,#9586);
#9586=APPLICATION_CONTEXT(
'Core Data for Automotive Mechanical Design Process');
#9587=PRODUCT_CONTEXT('part definition',#9586,'mechanical');
#9588=PRODUCT('\X2\7BAD4F53\X0\','\X2\7BAD4F53\X0\ v5',$,(#9587));
#9589=PRODUCT('\X2\96F690E84EF6\X0\1','\X2\96F690E84EF6\X0\1',$,(#9587));
#9590=PRODUCT('\X2\96F690E84EF6\X0\2','\X2\96F690E84EF6\X0\2',$,(#9587));
#9591=PRODUCT('\X2\96F690E84EF6\X0\3','\X2\96F690E84EF6\X0\3',$,(#9587));
#9592=PRODUCT('\X2\96F690E84EF6\X0\4','\X2\96F690E84EF6\X0\4',$,(#9587));
#9593=PRODUCT('\X2\96F690E84EF6\X0\5','\X2\96F690E84EF6\X0\5',$,(#9587));
#9594=PRODUCT('\X2\96F690E84EF6\X0\6','\X2\96F690E84EF6\X0\6',$,(#9587));
#9595=PRODUCT('\X2\96F690E84EF6\X0\7','\X2\96F690E84EF6\X0\7',$,(#9587));
#9596=PRESENTATION_STYLE_ASSIGNMENT((#9597));
#9597=SURFACE_STYLE_USAGE(.BOTH.,#9598);
#9598=SURFACE_SIDE_STYLE('',(#9599));
#9599=SURFACE_STYLE_FILL_AREA(#9600);
#9600=FILL_AREA_STYLE('\X2\94A2\X0\ - \X2\7F0E5149\X0\',(#9601));
#9601=FILL_AREA_STYLE_COLOUR('\X2\94A2\X0\ - \X2\7F0E5149\X0\',#9602);
#9602=COLOUR_RGB('\X2\94A2\X0\ - \X2\7F0E5149\X0\',0.627450980392157,0.627450980392157,
0.627450980392157);
ENDSEC;
END-ISO-10303-21;
