ISO-10303-21;
HEADER;
/* Generated by software containing ST-Developer
 * from STEP Tools, Inc. (www.steptools.com) 
 */

FILE_DESCRIPTION(
/* description */ (''),
/* implementation_level */ '2;1');

FILE_NAME(
/* name */ '',
/* time_stamp */ '2026-07-17T12:59:23+08:00',
/* author */ (''),
/* organization */ (''),
/* preprocessor_version */ 'ST-DEVELOPER v20.1',
/* originating_system */ 'Autodesk Translation Framework v14.4.0.0',
/* authorisation */ '');

FILE_SCHEMA (('AUTOMOTIVE_DESIGN { 1 0 10303 214 3 1 1 }'));
ENDSEC;

DATA;
#10=MECHANICAL_DESIGN_GEOMETRIC_PRESENTATION_REPRESENTATION('',(#13),#2065);
#11=SHAPE_REPRESENTATION_RELATIONSHIP('SRR','None',#2072,#12);
#12=ADVANCED_BREP_SHAPE_REPRESENTATION('',(#14),#2064);
#13=STYLED_ITEM('',(#2081),#14);
#14=MANIFOLD_SOLID_BREP('\X2\5B9E4F53\X0\1',#645);
#15=FACE_BOUND('',#88,.T.);
#16=FACE_BOUND('',#90,.T.);
#17=FACE_BOUND('',#91,.T.);
#18=FACE_BOUND('',#92,.T.);
#19=FACE_BOUND('',#93,.T.);
#20=FACE_BOUND('',#94,.T.);
#21=FACE_BOUND('',#95,.T.);
#22=FACE_BOUND('',#96,.T.);
#23=FACE_BOUND('',#97,.T.);
#24=FACE_BOUND('',#98,.T.);
#25=FACE_BOUND('',#99,.T.);
#26=FACE_BOUND('',#100,.T.);
#27=FACE_BOUND('',#101,.T.);
#28=FACE_BOUND('',#102,.T.);
#29=FACE_BOUND('',#103,.T.);
#30=FACE_BOUND('',#105,.T.);
#31=FACE_BOUND('',#107,.T.);
#32=FACE_BOUND('',#108,.T.);
#33=FACE_BOUND('',#109,.T.);
#34=FACE_BOUND('',#110,.T.);
#35=FACE_BOUND('',#111,.T.);
#36=FACE_BOUND('',#112,.T.);
#37=FACE_BOUND('',#113,.T.);
#38=FACE_BOUND('',#114,.T.);
#39=FACE_BOUND('',#115,.T.);
#40=FACE_BOUND('',#116,.T.);
#41=FACE_BOUND('',#117,.T.);
#42=FACE_BOUND('',#118,.T.);
#43=FACE_BOUND('',#119,.T.);
#44=FACE_BOUND('',#120,.T.);
#45=CIRCLE('',#676,30.0000004470348);
#46=CIRCLE('',#677,28.);
#47=CIRCLE('',#679,28.);
#48=CIRCLE('',#681,30.);
#49=PLANE('',#675);
#50=PLANE('',#680);
#51=FACE_OUTER_BOUND('',#71,.T.);
#52=FACE_OUTER_BOUND('',#72,.T.);
#53=FACE_OUTER_BOUND('',#73,.T.);
#54=FACE_OUTER_BOUND('',#74,.T.);
#55=FACE_OUTER_BOUND('',#75,.T.);
#56=FACE_OUTER_BOUND('',#76,.T.);
#57=FACE_OUTER_BOUND('',#77,.T.);
#58=FACE_OUTER_BOUND('',#78,.T.);
#59=FACE_OUTER_BOUND('',#79,.T.);
#60=FACE_OUTER_BOUND('',#80,.T.);
#61=FACE_OUTER_BOUND('',#81,.T.);
#62=FACE_OUTER_BOUND('',#82,.T.);
#63=FACE_OUTER_BOUND('',#83,.T.);
#64=FACE_OUTER_BOUND('',#84,.T.);
#65=FACE_OUTER_BOUND('',#85,.T.);
#66=FACE_OUTER_BOUND('',#86,.T.);
#67=FACE_OUTER_BOUND('',#87,.T.);
#68=FACE_OUTER_BOUND('',#89,.T.);
#69=FACE_OUTER_BOUND('',#104,.T.);
#70=FACE_OUTER_BOUND('',#106,.T.);
#71=EDGE_LOOP('',(#411,#412,#413,#414,#415,#416));
#72=EDGE_LOOP('',(#417,#418,#419,#420,#421,#422));
#73=EDGE_LOOP('',(#423,#424,#425,#426,#427,#428));
#74=EDGE_LOOP('',(#429,#430,#431,#432,#433,#434));
#75=EDGE_LOOP('',(#435,#436,#437,#438,#439,#440));
#76=EDGE_LOOP('',(#441,#442,#443,#444,#445,#446));
#77=EDGE_LOOP('',(#447,#448,#449,#450,#451,#452));
#78=EDGE_LOOP('',(#453,#454,#455,#456,#457,#458));
#79=EDGE_LOOP('',(#459,#460,#461,#462,#463,#464));
#80=EDGE_LOOP('',(#465,#466,#467,#468,#469,#470,#471,#472,#473,#474));
#81=EDGE_LOOP('',(#475,#476,#477,#478,#479,#480));
#82=EDGE_LOOP('',(#481,#482,#483,#484,#485,#486,#487,#488,#489,#490));
#83=EDGE_LOOP('',(#491,#492,#493,#494,#495,#496));
#84=EDGE_LOOP('',(#497,#498,#499,#500,#501,#502));
#85=EDGE_LOOP('',(#503,#504,#505,#506,#507,#508));
#86=EDGE_LOOP('',(#509,#510,#511,#512,#513,#514));
#87=EDGE_LOOP('',(#515));
#88=EDGE_LOOP('',(#516));
#89=EDGE_LOOP('',(#517,#518,#519,#520,#521,#522,#523,#524,#525,#526,#527,
#528,#529,#530,#531,#532));
#90=EDGE_LOOP('',(#533,#534));
#91=EDGE_LOOP('',(#535,#536));
#92=EDGE_LOOP('',(#537,#538));
#93=EDGE_LOOP('',(#539,#540));
#94=EDGE_LOOP('',(#541,#542));
#95=EDGE_LOOP('',(#543,#544));
#96=EDGE_LOOP('',(#545,#546));
#97=EDGE_LOOP('',(#547,#548));
#98=EDGE_LOOP('',(#549,#550));
#99=EDGE_LOOP('',(#551,#552));
#100=EDGE_LOOP('',(#553,#554));
#101=EDGE_LOOP('',(#555,#556));
#102=EDGE_LOOP('',(#557,#558));
#103=EDGE_LOOP('',(#559,#560));
#104=EDGE_LOOP('',(#561));
#105=EDGE_LOOP('',(#562));
#106=EDGE_LOOP('',(#563,#564,#565,#566,#567,#568,#569,#570,#571,#572,#573,
#574,#575,#576,#577,#578));
#107=EDGE_LOOP('',(#579,#580));
#108=EDGE_LOOP('',(#581,#582));
#109=EDGE_LOOP('',(#583,#584));
#110=EDGE_LOOP('',(#585,#586));
#111=EDGE_LOOP('',(#587,#588));
#112=EDGE_LOOP('',(#589,#590));
#113=EDGE_LOOP('',(#591,#592));
#114=EDGE_LOOP('',(#593,#594));
#115=EDGE_LOOP('',(#595,#596));
#116=EDGE_LOOP('',(#597,#598));
#117=EDGE_LOOP('',(#599,#600));
#118=EDGE_LOOP('',(#601,#602));
#119=EDGE_LOOP('',(#603,#604));
#120=EDGE_LOOP('',(#605,#606));
#121=LINE('',#796,#143);
#122=LINE('',#874,#144);
#123=LINE('',#952,#145);
#124=LINE('',#1030,#146);
#125=LINE('',#1108,#147);
#126=LINE('',#1186,#148);
#127=LINE('',#1264,#149);
#128=LINE('',#1342,#150);
#129=LINE('',#1420,#151);
#130=LINE('',#1488,#152);
#131=LINE('',#1596,#153);
#132=LINE('',#1664,#154);
#133=LINE('',#1772,#155);
#134=LINE('',#1850,#156);
#135=LINE('',#1928,#157);
#136=LINE('',#2006,#158);
#137=LINE('',#2050,#159);
#138=LINE('',#2051,#160);
#139=LINE('',#2053,#161);
#140=LINE('',#2059,#162);
#141=LINE('',#2060,#163);
#142=LINE('',#2061,#164);
#143=VECTOR('',#687,2.00000000000003);
#144=VECTOR('',#690,2.00000000000003);
#145=VECTOR('',#693,2.00000000000003);
#146=VECTOR('',#696,2.00000000000003);
#147=VECTOR('',#699,2.00000000000003);
#148=VECTOR('',#702,2.00000000000003);
#149=VECTOR('',#705,2.00000000000003);
#150=VECTOR('',#708,2.00000000000003);
#151=VECTOR('',#711,2.00000000000003);
#152=VECTOR('',#714,2.00000000000003);
#153=VECTOR('',#717,2.00000000000003);
#154=VECTOR('',#720,2.00000000000003);
#155=VECTOR('',#723,2.00000000000003);
#156=VECTOR('',#726,2.00000000000003);
#157=VECTOR('',#729,2.00000000000003);
#158=VECTOR('',#732,2.00000000000003);
#159=VECTOR('',#741,28.);
#160=VECTOR('',#742,28.);
#161=VECTOR('',#743,28.);
#162=VECTOR('',#752,30.0000004470348);
#163=VECTOR('',#753,30.0000004470348);
#164=VECTOR('',#754,30.0000004470348);
#165=B_SPLINE_CURVE_WITH_KNOTS('',3,(#759,#760,#761,#762,#763,#764,#765,
#766,#767,#768,#769,#770,#771,#772,#773,#774,#775,#776,#777,#778,#779,#780,
#781,#782,#783,#784),.UNSPECIFIED.,.F.,.F.,(4,2,2,2,2,2,2,2,2,2,2,2,4),
(0.,0.075361263509426,0.150722527018852,0.226083042709083,0.301443558399313,
0.37680564111203,0.452167723824746,0.527529146114785,0.602890568404824,
0.678251990694863,0.753613412984902,0.828975495697618,0.904337578410334),
 .UNSPECIFIED.);
#166=B_SPLINE_CURVE_WITH_KNOTS('',3,(#785,#786,#787,#788,#789,#790,#791,
#792,#793,#794),.UNSPECIFIED.,.F.,.F.,(4,2,2,2,4),(0.904337578410334,0.979698094100565,
1.0550586097908,1.13041987330022,1.20578113680965),.UNSPECIFIED.);
#167=B_SPLINE_CURVE_WITH_KNOTS('',3,(#798,#799,#800,#801,#802,#803,#804,
#805,#806,#807),.UNSPECIFIED.,.F.,.F.,(4,2,2,2,4),(0.,0.075364816025553,
0.150729632051106,0.226093581061156,0.301457530071206),.UNSPECIFIED.);
#168=B_SPLINE_CURVE_WITH_KNOTS('',3,(#808,#809,#810,#811,#812,#813,#814,
#815,#816,#817,#818,#819,#820,#821,#822,#823,#824,#825,#826,#827,#828,#829,
#830,#831,#832,#833),.UNSPECIFIED.,.F.,.F.,(4,2,2,2,2,2,2,2,2,2,2,2,4),
(0.301457530071206,0.376823278435494,0.452189026799782,0.527554025683529,
0.602919024567275,0.678284023451022,0.753649022334768,0.829014770699056,
0.904380519063344,0.979744468073394,1.05510841708344,1.130473233109,1.20583804913455),
 .UNSPECIFIED.);
#169=B_SPLINE_CURVE_WITH_KNOTS('',3,(#837,#838,#839,#840,#841,#842,#843,
#844,#845,#846,#847,#848,#849,#850,#851,#852,#853,#854,#855,#856,#857,#858,
#859,#860,#861,#862),.UNSPECIFIED.,.F.,.F.,(4,2,2,2,2,2,2,2,2,2,2,2,4),
(0.,0.075364816025553,0.150729632051106,0.226093581061156,0.301457530071206,
0.376823278435494,0.452189026799782,0.527554025683529,0.602919024567276,
0.678284023451022,0.753649022334769,0.829014770699057,0.904380519063345),
 .UNSPECIFIED.);
#170=B_SPLINE_CURVE_WITH_KNOTS('',3,(#863,#864,#865,#866,#867,#868,#869,
#870,#871,#872),.UNSPECIFIED.,.F.,.F.,(4,2,2,2,4),(0.904380519063345,0.979744468073395,
1.05510841708345,1.130473233109,1.20583804913455),.UNSPECIFIED.);
#171=B_SPLINE_CURVE_WITH_KNOTS('',3,(#876,#877,#878,#879,#880,#881,#882,
#883,#884,#885),.UNSPECIFIED.,.F.,.F.,(4,2,2,2,4),(0.,0.075361263509426,
0.150722527018852,0.226083042709082,0.301443558399313),.UNSPECIFIED.);
#172=B_SPLINE_CURVE_WITH_KNOTS('',3,(#886,#887,#888,#889,#890,#891,#892,
#893,#894,#895,#896,#897,#898,#899,#900,#901,#902,#903,#904,#905,#906,#907,
#908,#909,#910,#911),.UNSPECIFIED.,.F.,.F.,(4,2,2,2,2,2,2,2,2,2,2,2,4),
(0.301443558399313,0.376805641112029,0.452167723824746,0.527529146114785,
0.602890568404824,0.678251990694863,0.753613412984901,0.828975495697618,
0.904337578410334,0.979698094100565,1.0550586097908,1.13041987330022,1.20578113680965),
 .UNSPECIFIED.);
#173=B_SPLINE_CURVE_WITH_KNOTS('',3,(#915,#916,#917,#918,#919,#920,#921,
#922,#923,#924,#925,#926,#927,#928,#929,#930,#931,#932,#933,#934,#935,#936,
#937,#938,#939,#940),.UNSPECIFIED.,.F.,.F.,(4,2,2,2,2,2,2,2,2,2,2,2,4),
(0.,0.0753613432040121,0.150722686408024,0.226083979206355,0.301445272004685,
0.376806564803015,0.452167857601346,0.527529200805358,0.60289054400937,
0.678251887213382,0.753613230417394,0.828974523215725,0.904335816014055),
 .UNSPECIFIED.);
#174=B_SPLINE_CURVE_WITH_KNOTS('',3,(#941,#942,#943,#944,#945,#946,#947,
#948,#949,#950),.UNSPECIFIED.,.F.,.F.,(4,2,2,2,4),(0.904335816014055,0.979697108812385,
1.05505840161072,1.13041974481473,1.20578108801874),.UNSPECIFIED.);
#175=B_SPLINE_CURVE_WITH_KNOTS('',3,(#954,#955,#956,#957,#958,#959,#960,
#961,#962,#963),.UNSPECIFIED.,.F.,.F.,(4,2,2,2,4),(0.,0.0753649078016196,
0.150729815603239,0.22609465693568,0.301459498268121),.UNSPECIFIED.);
#176=B_SPLINE_CURVE_WITH_KNOTS('',3,(#964,#965,#966,#967,#968,#969,#970,
#971,#972,#973,#974,#975,#976,#977,#978,#979,#980,#981,#982,#983,#984,#985,
#986,#987,#988,#989),.UNSPECIFIED.,.F.,.F.,(4,2,2,2,2,2,2,2,2,2,2,2,4),
(0.301459498268121,0.376824339600562,0.452189180933003,0.527554088734622,
0.602918996536242,0.678283904337861,0.753648812139481,0.829013653471922,
0.904378494804362,0.979743336136803,1.05510817746924,1.13047308527086,1.20583799307248),
 .UNSPECIFIED.);
#177=B_SPLINE_CURVE_WITH_KNOTS('',3,(#993,#994,#995,#996,#997,#998,#999,
#1000,#1001,#1002,#1003,#1004,#1005,#1006,#1007,#1008,#1009,#1010,#1011,
#1012,#1013,#1014,#1015,#1016,#1017,#1018),.UNSPECIFIED.,.F.,.F.,(4,2,2,
2,2,2,2,2,2,2,2,2,4),(0.,0.0753649078016195,0.150729815603239,0.22609465693568,
0.301459498268121,0.376824339600562,0.452189180933003,0.527554088734622,
0.602918996536242,0.678283904337861,0.753648812139481,0.829013653471922,
0.904378494804363),.UNSPECIFIED.);
#178=B_SPLINE_CURVE_WITH_KNOTS('',3,(#1019,#1020,#1021,#1022,#1023,#1024,
#1025,#1026,#1027,#1028),.UNSPECIFIED.,.F.,.F.,(4,2,2,2,4),(0.904378494804363,
0.979743336136804,1.05510817746925,1.13047308527086,1.20583799307248),
 .UNSPECIFIED.);
#179=B_SPLINE_CURVE_WITH_KNOTS('',3,(#1032,#1033,#1034,#1035,#1036,#1037,
#1038,#1039,#1040,#1041),.UNSPECIFIED.,.F.,.F.,(4,2,2,2,4),(0.,0.0753613432040121,
0.150722686408024,0.226083979206355,0.301445272004685),.UNSPECIFIED.);
#180=B_SPLINE_CURVE_WITH_KNOTS('',3,(#1042,#1043,#1044,#1045,#1046,#1047,
#1048,#1049,#1050,#1051,#1052,#1053,#1054,#1055,#1056,#1057,#1058,#1059,
#1060,#1061,#1062,#1063,#1064,#1065,#1066,#1067),.UNSPECIFIED.,.F.,.F.,
(4,2,2,2,2,2,2,2,2,2,2,2,4),(0.301445272004685,0.376806564803015,0.452167857601346,
0.527529200805358,0.60289054400937,0.678251887213382,0.753613230417394,
0.828974523215725,0.904335816014055,0.979697108812386,1.05505840161072,
1.13041974481473,1.20578108801874),.UNSPECIFIED.);
#181=B_SPLINE_CURVE_WITH_KNOTS('',3,(#1071,#1072,#1073,#1074,#1075,#1076,
#1077,#1078,#1079,#1080,#1081,#1082,#1083,#1084,#1085,#1086,#1087,#1088,
#1089,#1090,#1091,#1092,#1093,#1094,#1095,#1096),.UNSPECIFIED.,.F.,.F.,
(4,2,2,2,2,2,2,2,2,2,2,2,4),(0.,0.0753612635094294,0.150722527018859,0.226083042709088,
0.301443558399317,0.376805641112033,0.452167723824749,0.527529146114788,
0.602890568404827,0.678251990694866,0.753613412984905,0.828975495697622,
0.904337578410338),.UNSPECIFIED.);
#182=B_SPLINE_CURVE_WITH_KNOTS('',3,(#1097,#1098,#1099,#1100,#1101,#1102,
#1103,#1104,#1105,#1106),.UNSPECIFIED.,.F.,.F.,(4,2,2,2,4),(0.904337578410338,
0.979698094100567,1.0550586097908,1.13041987330023,1.20578113680965),
 .UNSPECIFIED.);
#183=B_SPLINE_CURVE_WITH_KNOTS('',3,(#1110,#1111,#1112,#1113,#1114,#1115,
#1116,#1117,#1118,#1119),.UNSPECIFIED.,.F.,.F.,(4,2,2,2,4),(0.,0.0753648160255564,
0.150729632051113,0.226093581061162,0.30145753007121),.UNSPECIFIED.);
#184=B_SPLINE_CURVE_WITH_KNOTS('',3,(#1120,#1121,#1122,#1123,#1124,#1125,
#1126,#1127,#1128,#1129,#1130,#1131,#1132,#1133,#1134,#1135,#1136,#1137,
#1138,#1139,#1140,#1141,#1142,#1143,#1144,#1145),.UNSPECIFIED.,.F.,.F.,
(4,2,2,2,2,2,2,2,2,2,2,2,4),(0.30145753007121,0.376823278435498,0.452189026799786,
0.527554025683532,0.602919024567279,0.678284023451026,0.753649022334772,
0.82901477069906,0.904380519063348,0.979744468073396,1.05510841708345,1.130473233109,
1.20583804913456),.UNSPECIFIED.);
#185=B_SPLINE_CURVE_WITH_KNOTS('',3,(#1149,#1150,#1151,#1152,#1153,#1154,
#1155,#1156,#1157,#1158,#1159,#1160,#1161,#1162,#1163,#1164,#1165,#1166,
#1167,#1168,#1169,#1170,#1171,#1172,#1173,#1174),.UNSPECIFIED.,.F.,.F.,
(4,2,2,2,2,2,2,2,2,2,2,2,4),(0.,0.0753648160255565,0.150729632051113,0.226093581061162,
0.30145753007121,0.376823278435498,0.452189026799786,0.527554025683533,
0.60291902456728,0.678284023451026,0.753649022334773,0.829014770699061,
0.904380519063349),.UNSPECIFIED.);
#186=B_SPLINE_CURVE_WITH_KNOTS('',3,(#1175,#1176,#1177,#1178,#1179,#1180,
#1181,#1182,#1183,#1184),.UNSPECIFIED.,.F.,.F.,(4,2,2,2,4),(0.904380519063349,
0.979744468073398,1.05510841708345,1.130473233109,1.20583804913456),
 .UNSPECIFIED.);
#187=B_SPLINE_CURVE_WITH_KNOTS('',3,(#1188,#1189,#1190,#1191,#1192,#1193,
#1194,#1195,#1196,#1197),.UNSPECIFIED.,.F.,.F.,(4,2,2,2,4),(0.,0.0753612635094294,
0.150722527018859,0.226083042709088,0.301443558399317),.UNSPECIFIED.);
#188=B_SPLINE_CURVE_WITH_KNOTS('',3,(#1198,#1199,#1200,#1201,#1202,#1203,
#1204,#1205,#1206,#1207,#1208,#1209,#1210,#1211,#1212,#1213,#1214,#1215,
#1216,#1217,#1218,#1219,#1220,#1221,#1222,#1223),.UNSPECIFIED.,.F.,.F.,
(4,2,2,2,2,2,2,2,2,2,2,2,4),(0.301443558399317,0.376805641112033,0.452167723824749,
0.527529146114788,0.602890568404827,0.678251990694866,0.753613412984905,
0.828975495697622,0.904337578410338,0.979698094100567,1.0550586097908,1.13041987330023,
1.20578113680965),.UNSPECIFIED.);
#189=B_SPLINE_CURVE_WITH_KNOTS('',3,(#1227,#1228,#1229,#1230,#1231,#1232,
#1233,#1234,#1235,#1236,#1237,#1238,#1239,#1240,#1241,#1242,#1243,#1244,
#1245,#1246,#1247,#1248,#1249,#1250,#1251,#1252),.UNSPECIFIED.,.F.,.F.,
(4,2,2,2,2,2,2,2,2,2,2,2,4),(0.,0.0753613432040155,0.150722686408031,0.22608397920636,
0.301445272004689,0.376806564803018,0.452167857601347,0.527529200805362,
0.602890544009378,0.678251887213393,0.753613230417409,0.828974523215738,
0.904335816014067),.UNSPECIFIED.);
#190=B_SPLINE_CURVE_WITH_KNOTS('',3,(#1253,#1254,#1255,#1256,#1257,#1258,
#1259,#1260,#1261,#1262),.UNSPECIFIED.,.F.,.F.,(4,2,2,2,4),(0.904335816014067,
0.979697108812396,1.05505840161072,1.13041974481474,1.20578108801876),
 .UNSPECIFIED.);
#191=B_SPLINE_CURVE_WITH_KNOTS('',3,(#1266,#1267,#1268,#1269,#1270,#1271,
#1272,#1273,#1274,#1275),.UNSPECIFIED.,.F.,.F.,(4,2,2,2,4),(0.,0.075364907801623,
0.150729815603246,0.226094656935685,0.301459498268125),.UNSPECIFIED.);
#192=B_SPLINE_CURVE_WITH_KNOTS('',3,(#1276,#1277,#1278,#1279,#1280,#1281,
#1282,#1283,#1284,#1285,#1286,#1287,#1288,#1289,#1290,#1291,#1292,#1293,
#1294,#1295,#1296,#1297,#1298,#1299,#1300,#1301),.UNSPECIFIED.,.F.,.F.,
(4,2,2,2,2,2,2,2,2,2,2,2,4),(0.301459498268125,0.376824339600564,0.452189180933004,
0.527554088734627,0.60291899653625,0.678283904337873,0.753648812139496,
0.829013653471935,0.904378494804374,0.979743336136814,1.05510817746925,
1.13047308527088,1.2058379930725),.UNSPECIFIED.);
#193=B_SPLINE_CURVE_WITH_KNOTS('',3,(#1305,#1306,#1307,#1308,#1309,#1310,
#1311,#1312,#1313,#1314,#1315,#1316,#1317,#1318,#1319,#1320,#1321,#1322,
#1323,#1324,#1325,#1326,#1327,#1328,#1329,#1330),.UNSPECIFIED.,.F.,.F.,
(4,2,2,2,2,2,2,2,2,2,2,2,4),(0.,0.075364907801623,0.150729815603246,0.226094656935685,
0.301459498268125,0.376824339600564,0.452189180933004,0.527554088734627,
0.602918996536249,0.678283904337872,0.753648812139495,0.829013653471935,
0.904378494804374),.UNSPECIFIED.);
#194=B_SPLINE_CURVE_WITH_KNOTS('',3,(#1331,#1332,#1333,#1334,#1335,#1336,
#1337,#1338,#1339,#1340),.UNSPECIFIED.,.F.,.F.,(4,2,2,2,4),(0.904378494804374,
0.979743336136814,1.05510817746925,1.13047308527088,1.2058379930725),
 .UNSPECIFIED.);
#195=B_SPLINE_CURVE_WITH_KNOTS('',3,(#1344,#1345,#1346,#1347,#1348,#1349,
#1350,#1351,#1352,#1353),.UNSPECIFIED.,.F.,.F.,(4,2,2,2,4),(0.,0.0753613432040156,
0.150722686408031,0.22608397920636,0.301445272004689),.UNSPECIFIED.);
#196=B_SPLINE_CURVE_WITH_KNOTS('',3,(#1354,#1355,#1356,#1357,#1358,#1359,
#1360,#1361,#1362,#1363,#1364,#1365,#1366,#1367,#1368,#1369,#1370,#1371,
#1372,#1373,#1374,#1375,#1376,#1377,#1378,#1379),.UNSPECIFIED.,.F.,.F.,
(4,2,2,2,2,2,2,2,2,2,2,2,4),(0.301445272004689,0.376806564803018,0.452167857601347,
0.527529200805362,0.602890544009378,0.678251887213393,0.753613230417409,
0.828974523215738,0.904335816014067,0.979697108812396,1.05505840161072,
1.13041974481474,1.20578108801876),.UNSPECIFIED.);
#197=B_SPLINE_CURVE_WITH_KNOTS('',3,(#1383,#1384,#1385,#1386,#1387,#1388,
#1389,#1390,#1391,#1392,#1393,#1394,#1395,#1396,#1397,#1398,#1399,#1400,
#1401,#1402,#1403,#1404,#1405,#1406,#1407,#1408),.UNSPECIFIED.,.F.,.F.,
(4,2,2,2,2,2,2,2,2,2,2,2,4),(0.,0.0753612869144608,0.150722573828922,0.226083315802782,
0.301444057776642,0.376805907802584,0.452167757828527,0.527529157017812,
0.602890556207098,0.678251955396383,0.753613354585669,0.828975204611611,
0.904337054637554),.UNSPECIFIED.);
#198=B_SPLINE_CURVE_WITH_KNOTS('',3,(#1409,#1410,#1411,#1412,#1413,#1414,
#1415,#1416,#1417,#1418),.UNSPECIFIED.,.F.,.F.,(4,2,2,2,4),(0.904337054637554,
0.979697796611414,1.05505853858527,1.13041982549974,1.2057811124142),
 .UNSPECIFIED.);
#199=B_SPLINE_CURVE_WITH_KNOTS('',3,(#1422,#1423,#1424,#1425,#1426,#1427,
#1428,#1429,#1430,#1431),.UNSPECIFIED.,.F.,.F.,(4,2,2,2,4),(0.,0.07536484297802,
0.15072968595604,0.226093894798146,0.301458103640251),.UNSPECIFIED.);
#200=B_SPLINE_CURVE_WITH_KNOTS('',3,(#1432,#1433,#1434,#1435,#1436,#1437,
#1438,#1439,#1440,#1441,#1442,#1443,#1444,#1445,#1446,#1447,#1448,#1449,
#1450,#1451,#1452,#1453,#1454,#1455,#1456,#1457),.UNSPECIFIED.,.F.,.F.,
(4,2,2,2,2,2,2,2,2,2,2,2,4),(0.301458103640251,0.376823584817753,0.452189065995254,
0.527554038273509,0.602919010551763,0.678283982830018,0.753648955108272,
0.829014436285773,0.904379917463275,0.979744126305381,1.05510833514749,
1.13047317812551,1.20583802110353),.UNSPECIFIED.);
#201=B_SPLINE_CURVE_WITH_KNOTS('',3,(#1461,#1462,#1463,#1464,#1465,#1466,
#1467,#1468,#1469,#1470),.UNSPECIFIED.,.F.,.F.,(4,2,2,2,4),(0.,0.07536484297802,
0.15072968595604,0.226093894798146,0.300607831357039),.UNSPECIFIED.);
#202=B_SPLINE_CURVE_WITH_KNOTS('',3,(#1472,#1473,#1474,#1475,#1476,#1477,
#1478,#1479,#1480,#1481),.UNSPECIFIED.,.F.,.F.,(4,2,2,2,4),(0.905230189746488,
0.979744126305381,1.05510833514749,1.13047317812551,1.20583802110353),
 .UNSPECIFIED.);
#203=B_SPLINE_CURVE_WITH_KNOTS('',3,(#1483,#1484,#1485,#1486),
 .UNSPECIFIED.,.F.,.F.,(4,4),(0.904379917463275,0.905230189746488),
 .UNSPECIFIED.);
#204=B_SPLINE_CURVE_WITH_KNOTS('',3,(#1490,#1491,#1492,#1493),
 .UNSPECIFIED.,.F.,.F.,(4,4),(0.300593785806777,0.301444057776642),
 .UNSPECIFIED.);
#205=B_SPLINE_CURVE_WITH_KNOTS('',3,(#1495,#1496,#1497,#1498,#1499,#1500,
#1501,#1502,#1503,#1504),.UNSPECIFIED.,.F.,.F.,(4,2,2,2,4),(0.,0.0753612869144608,
0.150722573828922,0.226083315802782,0.300593785806777),.UNSPECIFIED.);
#206=B_SPLINE_CURVE_WITH_KNOTS('',3,(#1506,#1507,#1508,#1509,#1510,#1511,
#1512,#1513,#1514,#1515),.UNSPECIFIED.,.F.,.F.,(4,2,2,2,4),(0.905187326607419,
0.979697796611414,1.05505853858527,1.13041982549974,1.2057811124142),
 .UNSPECIFIED.);
#207=B_SPLINE_CURVE_WITH_KNOTS('',3,(#1516,#1517,#1518,#1519,#1520,#1521,
#1522,#1523,#1524,#1525,#1526,#1527,#1528,#1529,#1530,#1531,#1532,#1533,
#1534,#1535),.UNSPECIFIED.,.F.,.F.,(4,2,2,2,2,2,2,2,2,4),(0.301444057776642,
0.376805907802584,0.452167757828527,0.527529157017812,0.602890556207098,
0.678251955396383,0.753613354585669,0.828975204611611,0.904337054637554,
0.905187326607419),.UNSPECIFIED.);
#208=B_SPLINE_CURVE_WITH_KNOTS('',3,(#1536,#1537,#1538,#1539,#1540,#1541,
#1542,#1543,#1544,#1545,#1546,#1547,#1548,#1549,#1550,#1551,#1552,#1553,
#1554,#1555),.UNSPECIFIED.,.F.,.F.,(4,2,2,2,2,2,2,2,2,4),(0.300607831357039,
0.301458103640251,0.376823584817753,0.452189065995254,0.527554038273509,
0.602919010551763,0.678283982830018,0.753648955108272,0.829014436285774,
0.904379917463275),.UNSPECIFIED.);
#209=B_SPLINE_CURVE_WITH_KNOTS('',3,(#1559,#1560,#1561,#1562,#1563,#1564,
#1565,#1566,#1567,#1568,#1569,#1570,#1571,#1572,#1573,#1574,#1575,#1576,
#1577,#1578,#1579,#1580,#1581,#1582,#1583,#1584),.UNSPECIFIED.,.F.,.F.,
(4,2,2,2,2,2,2,2,2,2,2,2,4),(0.,0.0753612869144608,0.150722573828922,0.226083315802782,
0.301444057776642,0.376805907802584,0.452167757828527,0.527529157017812,
0.602890556207098,0.678251955396383,0.753613354585669,0.828975204611611,
0.904337054637554),.UNSPECIFIED.);
#210=B_SPLINE_CURVE_WITH_KNOTS('',3,(#1585,#1586,#1587,#1588,#1589,#1590,
#1591,#1592,#1593,#1594),.UNSPECIFIED.,.F.,.F.,(4,2,2,2,4),(0.904337054637554,
0.979697796611414,1.05505853858527,1.13041982549974,1.2057811124142),
 .UNSPECIFIED.);
#211=B_SPLINE_CURVE_WITH_KNOTS('',3,(#1598,#1599,#1600,#1601,#1602,#1603,
#1604,#1605,#1606,#1607),.UNSPECIFIED.,.F.,.F.,(4,2,2,2,4),(0.,0.07536484297802,
0.15072968595604,0.226093894798146,0.301458103640251),.UNSPECIFIED.);
#212=B_SPLINE_CURVE_WITH_KNOTS('',3,(#1608,#1609,#1610,#1611,#1612,#1613,
#1614,#1615,#1616,#1617,#1618,#1619,#1620,#1621,#1622,#1623,#1624,#1625,
#1626,#1627,#1628,#1629,#1630,#1631,#1632,#1633),.UNSPECIFIED.,.F.,.F.,
(4,2,2,2,2,2,2,2,2,2,2,2,4),(0.301458103640251,0.376823584817753,0.452189065995254,
0.527554038273509,0.602919010551763,0.678283982830018,0.753648955108272,
0.829014436285773,0.904379917463275,0.979744126305381,1.05510833514749,
1.13047317812551,1.20583802110353),.UNSPECIFIED.);
#213=B_SPLINE_CURVE_WITH_KNOTS('',3,(#1637,#1638,#1639,#1640,#1641,#1642,
#1643,#1644,#1645,#1646),.UNSPECIFIED.,.F.,.F.,(4,2,2,2,4),(0.,0.07536484297802,
0.15072968595604,0.226093894798146,0.300607831357039),.UNSPECIFIED.);
#214=B_SPLINE_CURVE_WITH_KNOTS('',3,(#1648,#1649,#1650,#1651,#1652,#1653,
#1654,#1655,#1656,#1657),.UNSPECIFIED.,.F.,.F.,(4,2,2,2,4),(0.905230189746488,
0.979744126305381,1.05510833514749,1.13047317812551,1.20583802110353),
 .UNSPECIFIED.);
#215=B_SPLINE_CURVE_WITH_KNOTS('',3,(#1659,#1660,#1661,#1662),
 .UNSPECIFIED.,.F.,.F.,(4,4),(0.904379917463275,0.905230189746488),
 .UNSPECIFIED.);
#216=B_SPLINE_CURVE_WITH_KNOTS('',3,(#1666,#1667,#1668,#1669),
 .UNSPECIFIED.,.F.,.F.,(4,4),(0.300593785806777,0.301444057776642),
 .UNSPECIFIED.);
#217=B_SPLINE_CURVE_WITH_KNOTS('',3,(#1671,#1672,#1673,#1674,#1675,#1676,
#1677,#1678,#1679,#1680),.UNSPECIFIED.,.F.,.F.,(4,2,2,2,4),(0.,0.0753612869144608,
0.150722573828922,0.226083315802782,0.300593785806777),.UNSPECIFIED.);
#218=B_SPLINE_CURVE_WITH_KNOTS('',3,(#1682,#1683,#1684,#1685,#1686,#1687,
#1688,#1689,#1690,#1691),.UNSPECIFIED.,.F.,.F.,(4,2,2,2,4),(0.905187326607419,
0.979697796611414,1.05505853858527,1.13041982549974,1.2057811124142),
 .UNSPECIFIED.);
#219=B_SPLINE_CURVE_WITH_KNOTS('',3,(#1692,#1693,#1694,#1695,#1696,#1697,
#1698,#1699,#1700,#1701,#1702,#1703,#1704,#1705,#1706,#1707,#1708,#1709,
#1710,#1711),.UNSPECIFIED.,.F.,.F.,(4,2,2,2,2,2,2,2,2,4),(0.301444057776642,
0.376805907802584,0.452167757828527,0.527529157017812,0.602890556207098,
0.678251955396383,0.753613354585669,0.828975204611611,0.904337054637554,
0.905187326607419),.UNSPECIFIED.);
#220=B_SPLINE_CURVE_WITH_KNOTS('',3,(#1712,#1713,#1714,#1715,#1716,#1717,
#1718,#1719,#1720,#1721,#1722,#1723,#1724,#1725,#1726,#1727,#1728,#1729,
#1730,#1731),.UNSPECIFIED.,.F.,.F.,(4,2,2,2,2,2,2,2,2,4),(0.300607831357039,
0.301458103640251,0.376823584817753,0.452189065995254,0.527554038273509,
0.602919010551763,0.678283982830018,0.753648955108272,0.829014436285774,
0.904379917463275),.UNSPECIFIED.);
#221=B_SPLINE_CURVE_WITH_KNOTS('',3,(#1735,#1736,#1737,#1738,#1739,#1740,
#1741,#1742,#1743,#1744,#1745,#1746,#1747,#1748,#1749,#1750,#1751,#1752,
#1753,#1754,#1755,#1756,#1757,#1758,#1759,#1760),.UNSPECIFIED.,.F.,.F.,
(4,2,2,2,2,2,2,2,2,2,2,2,4),(0.,0.0753613432040121,0.150722686408024,0.226083979206355,
0.301445272004685,0.376806564803016,0.452167857601346,0.527529200805358,
0.60289054400937,0.678251887213382,0.753613230417395,0.828974523215725,
0.904335816014056),.UNSPECIFIED.);
#222=B_SPLINE_CURVE_WITH_KNOTS('',3,(#1761,#1762,#1763,#1764,#1765,#1766,
#1767,#1768,#1769,#1770),.UNSPECIFIED.,.F.,.F.,(4,2,2,2,4),(0.904335816014056,
0.979697108812386,1.05505840161072,1.13041974481473,1.20578108801874),
 .UNSPECIFIED.);
#223=B_SPLINE_CURVE_WITH_KNOTS('',3,(#1774,#1775,#1776,#1777,#1778,#1779,
#1780,#1781,#1782,#1783),.UNSPECIFIED.,.F.,.F.,(4,2,2,2,4),(0.,0.0753649078016195,
0.150729815603239,0.22609465693568,0.301459498268121),.UNSPECIFIED.);
#224=B_SPLINE_CURVE_WITH_KNOTS('',3,(#1784,#1785,#1786,#1787,#1788,#1789,
#1790,#1791,#1792,#1793,#1794,#1795,#1796,#1797,#1798,#1799,#1800,#1801,
#1802,#1803,#1804,#1805,#1806,#1807,#1808,#1809),.UNSPECIFIED.,.F.,.F.,
(4,2,2,2,2,2,2,2,2,2,2,2,4),(0.301459498268121,0.376824339600562,0.452189180933003,
0.527554088734623,0.602918996536242,0.678283904337862,0.753648812139481,
0.829013653471922,0.904378494804363,0.979743336136804,1.05510817746925,
1.13047308527086,1.20583799307248),.UNSPECIFIED.);
#225=B_SPLINE_CURVE_WITH_KNOTS('',3,(#1813,#1814,#1815,#1816,#1817,#1818,
#1819,#1820,#1821,#1822,#1823,#1824,#1825,#1826,#1827,#1828,#1829,#1830,
#1831,#1832,#1833,#1834,#1835,#1836,#1837,#1838),.UNSPECIFIED.,.F.,.F.,
(4,2,2,2,2,2,2,2,2,2,2,2,4),(0.,0.0753649078016195,0.150729815603239,0.22609465693568,
0.301459498268121,0.376824339600562,0.452189180933003,0.527554088734623,
0.602918996536242,0.678283904337862,0.753648812139481,0.829013653471922,
0.904378494804363),.UNSPECIFIED.);
#226=B_SPLINE_CURVE_WITH_KNOTS('',3,(#1839,#1840,#1841,#1842,#1843,#1844,
#1845,#1846,#1847,#1848),.UNSPECIFIED.,.F.,.F.,(4,2,2,2,4),(0.904378494804363,
0.979743336136804,1.05510817746925,1.13047308527086,1.20583799307248),
 .UNSPECIFIED.);
#227=B_SPLINE_CURVE_WITH_KNOTS('',3,(#1852,#1853,#1854,#1855,#1856,#1857,
#1858,#1859,#1860,#1861),.UNSPECIFIED.,.F.,.F.,(4,2,2,2,4),(0.,0.0753613432040121,
0.150722686408024,0.226083979206355,0.301445272004685),.UNSPECIFIED.);
#228=B_SPLINE_CURVE_WITH_KNOTS('',3,(#1862,#1863,#1864,#1865,#1866,#1867,
#1868,#1869,#1870,#1871,#1872,#1873,#1874,#1875,#1876,#1877,#1878,#1879,
#1880,#1881,#1882,#1883,#1884,#1885,#1886,#1887),.UNSPECIFIED.,.F.,.F.,
(4,2,2,2,2,2,2,2,2,2,2,2,4),(0.301445272004685,0.376806564803016,0.452167857601346,
0.527529200805358,0.60289054400937,0.678251887213382,0.753613230417395,
0.828974523215725,0.904335816014056,0.979697108812386,1.05505840161072,
1.13041974481473,1.20578108801874),.UNSPECIFIED.);
#229=B_SPLINE_CURVE_WITH_KNOTS('',3,(#1891,#1892,#1893,#1894,#1895,#1896,
#1897,#1898,#1899,#1900,#1901,#1902,#1903,#1904,#1905,#1906,#1907,#1908,
#1909,#1910,#1911,#1912,#1913,#1914,#1915,#1916),.UNSPECIFIED.,.F.,.F.,
(4,2,2,2,2,2,2,2,2,2,2,2,4),(0.,0.0753613432040121,0.150722686408024,0.226083979206355,
0.301445272004685,0.376806564803016,0.452167857601346,0.527529200805358,
0.60289054400937,0.678251887213382,0.753613230417395,0.828974523215725,
0.904335816014056),.UNSPECIFIED.);
#230=B_SPLINE_CURVE_WITH_KNOTS('',3,(#1917,#1918,#1919,#1920,#1921,#1922,
#1923,#1924,#1925,#1926),.UNSPECIFIED.,.F.,.F.,(4,2,2,2,4),(0.904335816014056,
0.979697108812386,1.05505840161072,1.13041974481473,1.20578108801874),
 .UNSPECIFIED.);
#231=B_SPLINE_CURVE_WITH_KNOTS('',3,(#1930,#1931,#1932,#1933,#1934,#1935,
#1936,#1937,#1938,#1939),.UNSPECIFIED.,.F.,.F.,(4,2,2,2,4),(0.,0.0753649078016195,
0.150729815603239,0.22609465693568,0.301459498268121),.UNSPECIFIED.);
#232=B_SPLINE_CURVE_WITH_KNOTS('',3,(#1940,#1941,#1942,#1943,#1944,#1945,
#1946,#1947,#1948,#1949,#1950,#1951,#1952,#1953,#1954,#1955,#1956,#1957,
#1958,#1959,#1960,#1961,#1962,#1963,#1964,#1965),.UNSPECIFIED.,.F.,.F.,
(4,2,2,2,2,2,2,2,2,2,2,2,4),(0.301459498268121,0.376824339600562,0.452189180933003,
0.527554088734623,0.602918996536242,0.678283904337862,0.753648812139481,
0.829013653471922,0.904378494804363,0.979743336136804,1.05510817746925,
1.13047308527086,1.20583799307248),.UNSPECIFIED.);
#233=B_SPLINE_CURVE_WITH_KNOTS('',3,(#1969,#1970,#1971,#1972,#1973,#1974,
#1975,#1976,#1977,#1978,#1979,#1980,#1981,#1982,#1983,#1984,#1985,#1986,
#1987,#1988,#1989,#1990,#1991,#1992,#1993,#1994),.UNSPECIFIED.,.F.,.F.,
(4,2,2,2,2,2,2,2,2,2,2,2,4),(0.,0.0753649078016195,0.150729815603239,0.22609465693568,
0.301459498268121,0.376824339600562,0.452189180933003,0.527554088734623,
0.602918996536242,0.678283904337862,0.753648812139481,0.829013653471922,
0.904378494804363),.UNSPECIFIED.);
#234=B_SPLINE_CURVE_WITH_KNOTS('',3,(#1995,#1996,#1997,#1998,#1999,#2000,
#2001,#2002,#2003,#2004),.UNSPECIFIED.,.F.,.F.,(4,2,2,2,4),(0.904378494804363,
0.979743336136804,1.05510817746925,1.13047308527086,1.20583799307248),
 .UNSPECIFIED.);
#235=B_SPLINE_CURVE_WITH_KNOTS('',3,(#2008,#2009,#2010,#2011,#2012,#2013,
#2014,#2015,#2016,#2017),.UNSPECIFIED.,.F.,.F.,(4,2,2,2,4),(0.,0.0753613432040121,
0.150722686408024,0.226083979206355,0.301445272004685),.UNSPECIFIED.);
#236=B_SPLINE_CURVE_WITH_KNOTS('',3,(#2018,#2019,#2020,#2021,#2022,#2023,
#2024,#2025,#2026,#2027,#2028,#2029,#2030,#2031,#2032,#2033,#2034,#2035,
#2036,#2037,#2038,#2039,#2040,#2041,#2042,#2043),.UNSPECIFIED.,.F.,.F.,
(4,2,2,2,2,2,2,2,2,2,2,2,4),(0.301445272004685,0.376806564803016,0.452167857601346,
0.527529200805358,0.60289054400937,0.678251887213382,0.753613230417395,
0.828974523215725,0.904335816014056,0.979697108812386,1.05505840161072,
1.13041974481473,1.20578108801874),.UNSPECIFIED.);
#237=VERTEX_POINT('',#757);
#238=VERTEX_POINT('',#758);
#239=VERTEX_POINT('',#795);
#240=VERTEX_POINT('',#797);
#241=VERTEX_POINT('',#835);
#242=VERTEX_POINT('',#836);
#243=VERTEX_POINT('',#873);
#244=VERTEX_POINT('',#875);
#245=VERTEX_POINT('',#913);
#246=VERTEX_POINT('',#914);
#247=VERTEX_POINT('',#951);
#248=VERTEX_POINT('',#953);
#249=VERTEX_POINT('',#991);
#250=VERTEX_POINT('',#992);
#251=VERTEX_POINT('',#1029);
#252=VERTEX_POINT('',#1031);
#253=VERTEX_POINT('',#1069);
#254=VERTEX_POINT('',#1070);
#255=VERTEX_POINT('',#1107);
#256=VERTEX_POINT('',#1109);
#257=VERTEX_POINT('',#1147);
#258=VERTEX_POINT('',#1148);
#259=VERTEX_POINT('',#1185);
#260=VERTEX_POINT('',#1187);
#261=VERTEX_POINT('',#1225);
#262=VERTEX_POINT('',#1226);
#263=VERTEX_POINT('',#1263);
#264=VERTEX_POINT('',#1265);
#265=VERTEX_POINT('',#1303);
#266=VERTEX_POINT('',#1304);
#267=VERTEX_POINT('',#1341);
#268=VERTEX_POINT('',#1343);
#269=VERTEX_POINT('',#1381);
#270=VERTEX_POINT('',#1382);
#271=VERTEX_POINT('',#1419);
#272=VERTEX_POINT('',#1421);
#273=VERTEX_POINT('',#1459);
#274=VERTEX_POINT('',#1460);
#275=VERTEX_POINT('',#1471);
#276=VERTEX_POINT('',#1482);
#277=VERTEX_POINT('',#1487);
#278=VERTEX_POINT('',#1489);
#279=VERTEX_POINT('',#1494);
#280=VERTEX_POINT('',#1505);
#281=VERTEX_POINT('',#1557);
#282=VERTEX_POINT('',#1558);
#283=VERTEX_POINT('',#1595);
#284=VERTEX_POINT('',#1597);
#285=VERTEX_POINT('',#1635);
#286=VERTEX_POINT('',#1636);
#287=VERTEX_POINT('',#1647);
#288=VERTEX_POINT('',#1658);
#289=VERTEX_POINT('',#1663);
#290=VERTEX_POINT('',#1665);
#291=VERTEX_POINT('',#1670);
#292=VERTEX_POINT('',#1681);
#293=VERTEX_POINT('',#1733);
#294=VERTEX_POINT('',#1734);
#295=VERTEX_POINT('',#1771);
#296=VERTEX_POINT('',#1773);
#297=VERTEX_POINT('',#1811);
#298=VERTEX_POINT('',#1812);
#299=VERTEX_POINT('',#1849);
#300=VERTEX_POINT('',#1851);
#301=VERTEX_POINT('',#1889);
#302=VERTEX_POINT('',#1890);
#303=VERTEX_POINT('',#1927);
#304=VERTEX_POINT('',#1929);
#305=VERTEX_POINT('',#1967);
#306=VERTEX_POINT('',#1968);
#307=VERTEX_POINT('',#2005);
#308=VERTEX_POINT('',#2007);
#309=VERTEX_POINT('',#2045);
#310=VERTEX_POINT('',#2047);
#311=VERTEX_POINT('',#2052);
#312=VERTEX_POINT('',#2056);
#313=EDGE_CURVE('',#237,#238,#165,.T.);
#314=EDGE_CURVE('',#238,#237,#166,.T.);
#315=EDGE_CURVE('',#238,#239,#121,.T.);
#316=EDGE_CURVE('',#240,#239,#167,.T.);
#317=EDGE_CURVE('',#239,#240,#168,.T.);
#318=EDGE_CURVE('',#241,#242,#169,.T.);
#319=EDGE_CURVE('',#242,#241,#170,.T.);
#320=EDGE_CURVE('',#242,#243,#122,.T.);
#321=EDGE_CURVE('',#244,#243,#171,.T.);
#322=EDGE_CURVE('',#243,#244,#172,.T.);
#323=EDGE_CURVE('',#245,#246,#173,.T.);
#324=EDGE_CURVE('',#246,#245,#174,.T.);
#325=EDGE_CURVE('',#246,#247,#123,.T.);
#326=EDGE_CURVE('',#248,#247,#175,.T.);
#327=EDGE_CURVE('',#247,#248,#176,.T.);
#328=EDGE_CURVE('',#249,#250,#177,.T.);
#329=EDGE_CURVE('',#250,#249,#178,.T.);
#330=EDGE_CURVE('',#250,#251,#124,.T.);
#331=EDGE_CURVE('',#252,#251,#179,.T.);
#332=EDGE_CURVE('',#251,#252,#180,.T.);
#333=EDGE_CURVE('',#253,#254,#181,.T.);
#334=EDGE_CURVE('',#254,#253,#182,.T.);
#335=EDGE_CURVE('',#254,#255,#125,.T.);
#336=EDGE_CURVE('',#256,#255,#183,.T.);
#337=EDGE_CURVE('',#255,#256,#184,.T.);
#338=EDGE_CURVE('',#257,#258,#185,.T.);
#339=EDGE_CURVE('',#258,#257,#186,.T.);
#340=EDGE_CURVE('',#258,#259,#126,.T.);
#341=EDGE_CURVE('',#260,#259,#187,.T.);
#342=EDGE_CURVE('',#259,#260,#188,.T.);
#343=EDGE_CURVE('',#261,#262,#189,.T.);
#344=EDGE_CURVE('',#262,#261,#190,.T.);
#345=EDGE_CURVE('',#262,#263,#127,.T.);
#346=EDGE_CURVE('',#264,#263,#191,.T.);
#347=EDGE_CURVE('',#263,#264,#192,.T.);
#348=EDGE_CURVE('',#265,#266,#193,.T.);
#349=EDGE_CURVE('',#266,#265,#194,.T.);
#350=EDGE_CURVE('',#266,#267,#128,.T.);
#351=EDGE_CURVE('',#268,#267,#195,.T.);
#352=EDGE_CURVE('',#267,#268,#196,.T.);
#353=EDGE_CURVE('',#269,#270,#197,.T.);
#354=EDGE_CURVE('',#270,#269,#198,.T.);
#355=EDGE_CURVE('',#270,#271,#129,.T.);
#356=EDGE_CURVE('',#272,#271,#199,.T.);
#357=EDGE_CURVE('',#271,#272,#200,.T.);
#358=EDGE_CURVE('',#273,#274,#201,.T.);
#359=EDGE_CURVE('',#275,#273,#202,.T.);
#360=EDGE_CURVE('',#276,#275,#203,.T.);
#361=EDGE_CURVE('',#276,#277,#130,.T.);
#362=EDGE_CURVE('',#278,#277,#204,.T.);
#363=EDGE_CURVE('',#279,#278,#205,.T.);
#364=EDGE_CURVE('',#280,#279,#206,.T.);
#365=EDGE_CURVE('',#277,#280,#207,.T.);
#366=EDGE_CURVE('',#274,#276,#208,.T.);
#367=EDGE_CURVE('',#281,#282,#209,.T.);
#368=EDGE_CURVE('',#282,#281,#210,.T.);
#369=EDGE_CURVE('',#282,#283,#131,.T.);
#370=EDGE_CURVE('',#284,#283,#211,.T.);
#371=EDGE_CURVE('',#283,#284,#212,.T.);
#372=EDGE_CURVE('',#285,#286,#213,.T.);
#373=EDGE_CURVE('',#287,#285,#214,.T.);
#374=EDGE_CURVE('',#288,#287,#215,.T.);
#375=EDGE_CURVE('',#288,#289,#132,.T.);
#376=EDGE_CURVE('',#290,#289,#216,.T.);
#377=EDGE_CURVE('',#291,#290,#217,.T.);
#378=EDGE_CURVE('',#292,#291,#218,.T.);
#379=EDGE_CURVE('',#289,#292,#219,.T.);
#380=EDGE_CURVE('',#286,#288,#220,.T.);
#381=EDGE_CURVE('',#293,#294,#221,.T.);
#382=EDGE_CURVE('',#294,#293,#222,.T.);
#383=EDGE_CURVE('',#294,#295,#133,.T.);
#384=EDGE_CURVE('',#296,#295,#223,.T.);
#385=EDGE_CURVE('',#295,#296,#224,.T.);
#386=EDGE_CURVE('',#297,#298,#225,.T.);
#387=EDGE_CURVE('',#298,#297,#226,.T.);
#388=EDGE_CURVE('',#298,#299,#134,.T.);
#389=EDGE_CURVE('',#300,#299,#227,.T.);
#390=EDGE_CURVE('',#299,#300,#228,.T.);
#391=EDGE_CURVE('',#301,#302,#229,.T.);
#392=EDGE_CURVE('',#302,#301,#230,.T.);
#393=EDGE_CURVE('',#302,#303,#135,.T.);
#394=EDGE_CURVE('',#304,#303,#231,.T.);
#395=EDGE_CURVE('',#303,#304,#232,.T.);
#396=EDGE_CURVE('',#305,#306,#233,.T.);
#397=EDGE_CURVE('',#306,#305,#234,.T.);
#398=EDGE_CURVE('',#306,#307,#136,.T.);
#399=EDGE_CURVE('',#308,#307,#235,.T.);
#400=EDGE_CURVE('',#307,#308,#236,.T.);
#401=EDGE_CURVE('',#309,#309,#45,.T.);
#402=EDGE_CURVE('',#310,#310,#46,.T.);
#403=EDGE_CURVE('',#310,#286,#137,.T.);
#404=EDGE_CURVE('',#287,#274,#138,.T.);
#405=EDGE_CURVE('',#275,#311,#139,.T.);
#406=EDGE_CURVE('',#311,#311,#47,.T.);
#407=EDGE_CURVE('',#312,#312,#48,.T.);
#408=EDGE_CURVE('',#309,#292,#140,.T.);
#409=EDGE_CURVE('',#290,#280,#141,.T.);
#410=EDGE_CURVE('',#278,#312,#142,.T.);
#411=ORIENTED_EDGE('',*,*,#313,.F.);
#412=ORIENTED_EDGE('',*,*,#314,.F.);
#413=ORIENTED_EDGE('',*,*,#315,.T.);
#414=ORIENTED_EDGE('',*,*,#316,.F.);
#415=ORIENTED_EDGE('',*,*,#317,.F.);
#416=ORIENTED_EDGE('',*,*,#315,.F.);
#417=ORIENTED_EDGE('',*,*,#318,.F.);
#418=ORIENTED_EDGE('',*,*,#319,.F.);
#419=ORIENTED_EDGE('',*,*,#320,.T.);
#420=ORIENTED_EDGE('',*,*,#321,.F.);
#421=ORIENTED_EDGE('',*,*,#322,.F.);
#422=ORIENTED_EDGE('',*,*,#320,.F.);
#423=ORIENTED_EDGE('',*,*,#323,.F.);
#424=ORIENTED_EDGE('',*,*,#324,.F.);
#425=ORIENTED_EDGE('',*,*,#325,.T.);
#426=ORIENTED_EDGE('',*,*,#326,.F.);
#427=ORIENTED_EDGE('',*,*,#327,.F.);
#428=ORIENTED_EDGE('',*,*,#325,.F.);
#429=ORIENTED_EDGE('',*,*,#328,.F.);
#430=ORIENTED_EDGE('',*,*,#329,.F.);
#431=ORIENTED_EDGE('',*,*,#330,.T.);
#432=ORIENTED_EDGE('',*,*,#331,.F.);
#433=ORIENTED_EDGE('',*,*,#332,.F.);
#434=ORIENTED_EDGE('',*,*,#330,.F.);
#435=ORIENTED_EDGE('',*,*,#333,.F.);
#436=ORIENTED_EDGE('',*,*,#334,.F.);
#437=ORIENTED_EDGE('',*,*,#335,.T.);
#438=ORIENTED_EDGE('',*,*,#336,.F.);
#439=ORIENTED_EDGE('',*,*,#337,.F.);
#440=ORIENTED_EDGE('',*,*,#335,.F.);
#441=ORIENTED_EDGE('',*,*,#338,.F.);
#442=ORIENTED_EDGE('',*,*,#339,.F.);
#443=ORIENTED_EDGE('',*,*,#340,.T.);
#444=ORIENTED_EDGE('',*,*,#341,.F.);
#445=ORIENTED_EDGE('',*,*,#342,.F.);
#446=ORIENTED_EDGE('',*,*,#340,.F.);
#447=ORIENTED_EDGE('',*,*,#343,.F.);
#448=ORIENTED_EDGE('',*,*,#344,.F.);
#449=ORIENTED_EDGE('',*,*,#345,.T.);
#450=ORIENTED_EDGE('',*,*,#346,.F.);
#451=ORIENTED_EDGE('',*,*,#347,.F.);
#452=ORIENTED_EDGE('',*,*,#345,.F.);
#453=ORIENTED_EDGE('',*,*,#348,.F.);
#454=ORIENTED_EDGE('',*,*,#349,.F.);
#455=ORIENTED_EDGE('',*,*,#350,.T.);
#456=ORIENTED_EDGE('',*,*,#351,.F.);
#457=ORIENTED_EDGE('',*,*,#352,.F.);
#458=ORIENTED_EDGE('',*,*,#350,.F.);
#459=ORIENTED_EDGE('',*,*,#353,.F.);
#460=ORIENTED_EDGE('',*,*,#354,.F.);
#461=ORIENTED_EDGE('',*,*,#355,.T.);
#462=ORIENTED_EDGE('',*,*,#356,.F.);
#463=ORIENTED_EDGE('',*,*,#357,.F.);
#464=ORIENTED_EDGE('',*,*,#355,.F.);
#465=ORIENTED_EDGE('',*,*,#358,.F.);
#466=ORIENTED_EDGE('',*,*,#359,.F.);
#467=ORIENTED_EDGE('',*,*,#360,.F.);
#468=ORIENTED_EDGE('',*,*,#361,.T.);
#469=ORIENTED_EDGE('',*,*,#362,.F.);
#470=ORIENTED_EDGE('',*,*,#363,.F.);
#471=ORIENTED_EDGE('',*,*,#364,.F.);
#472=ORIENTED_EDGE('',*,*,#365,.F.);
#473=ORIENTED_EDGE('',*,*,#361,.F.);
#474=ORIENTED_EDGE('',*,*,#366,.F.);
#475=ORIENTED_EDGE('',*,*,#367,.F.);
#476=ORIENTED_EDGE('',*,*,#368,.F.);
#477=ORIENTED_EDGE('',*,*,#369,.T.);
#478=ORIENTED_EDGE('',*,*,#370,.F.);
#479=ORIENTED_EDGE('',*,*,#371,.F.);
#480=ORIENTED_EDGE('',*,*,#369,.F.);
#481=ORIENTED_EDGE('',*,*,#372,.F.);
#482=ORIENTED_EDGE('',*,*,#373,.F.);
#483=ORIENTED_EDGE('',*,*,#374,.F.);
#484=ORIENTED_EDGE('',*,*,#375,.T.);
#485=ORIENTED_EDGE('',*,*,#376,.F.);
#486=ORIENTED_EDGE('',*,*,#377,.F.);
#487=ORIENTED_EDGE('',*,*,#378,.F.);
#488=ORIENTED_EDGE('',*,*,#379,.F.);
#489=ORIENTED_EDGE('',*,*,#375,.F.);
#490=ORIENTED_EDGE('',*,*,#380,.F.);
#491=ORIENTED_EDGE('',*,*,#381,.F.);
#492=ORIENTED_EDGE('',*,*,#382,.F.);
#493=ORIENTED_EDGE('',*,*,#383,.T.);
#494=ORIENTED_EDGE('',*,*,#384,.F.);
#495=ORIENTED_EDGE('',*,*,#385,.F.);
#496=ORIENTED_EDGE('',*,*,#383,.F.);
#497=ORIENTED_EDGE('',*,*,#386,.F.);
#498=ORIENTED_EDGE('',*,*,#387,.F.);
#499=ORIENTED_EDGE('',*,*,#388,.T.);
#500=ORIENTED_EDGE('',*,*,#389,.F.);
#501=ORIENTED_EDGE('',*,*,#390,.F.);
#502=ORIENTED_EDGE('',*,*,#388,.F.);
#503=ORIENTED_EDGE('',*,*,#391,.F.);
#504=ORIENTED_EDGE('',*,*,#392,.F.);
#505=ORIENTED_EDGE('',*,*,#393,.T.);
#506=ORIENTED_EDGE('',*,*,#394,.F.);
#507=ORIENTED_EDGE('',*,*,#395,.F.);
#508=ORIENTED_EDGE('',*,*,#393,.F.);
#509=ORIENTED_EDGE('',*,*,#396,.F.);
#510=ORIENTED_EDGE('',*,*,#397,.F.);
#511=ORIENTED_EDGE('',*,*,#398,.T.);
#512=ORIENTED_EDGE('',*,*,#399,.F.);
#513=ORIENTED_EDGE('',*,*,#400,.F.);
#514=ORIENTED_EDGE('',*,*,#398,.F.);
#515=ORIENTED_EDGE('',*,*,#401,.T.);
#516=ORIENTED_EDGE('',*,*,#402,.F.);
#517=ORIENTED_EDGE('',*,*,#402,.T.);
#518=ORIENTED_EDGE('',*,*,#403,.T.);
#519=ORIENTED_EDGE('',*,*,#380,.T.);
#520=ORIENTED_EDGE('',*,*,#374,.T.);
#521=ORIENTED_EDGE('',*,*,#404,.T.);
#522=ORIENTED_EDGE('',*,*,#366,.T.);
#523=ORIENTED_EDGE('',*,*,#360,.T.);
#524=ORIENTED_EDGE('',*,*,#405,.T.);
#525=ORIENTED_EDGE('',*,*,#406,.F.);
#526=ORIENTED_EDGE('',*,*,#405,.F.);
#527=ORIENTED_EDGE('',*,*,#359,.T.);
#528=ORIENTED_EDGE('',*,*,#358,.T.);
#529=ORIENTED_EDGE('',*,*,#404,.F.);
#530=ORIENTED_EDGE('',*,*,#373,.T.);
#531=ORIENTED_EDGE('',*,*,#372,.T.);
#532=ORIENTED_EDGE('',*,*,#403,.F.);
#533=ORIENTED_EDGE('',*,*,#318,.T.);
#534=ORIENTED_EDGE('',*,*,#319,.T.);
#535=ORIENTED_EDGE('',*,*,#316,.T.);
#536=ORIENTED_EDGE('',*,*,#317,.T.);
#537=ORIENTED_EDGE('',*,*,#328,.T.);
#538=ORIENTED_EDGE('',*,*,#329,.T.);
#539=ORIENTED_EDGE('',*,*,#326,.T.);
#540=ORIENTED_EDGE('',*,*,#327,.T.);
#541=ORIENTED_EDGE('',*,*,#338,.T.);
#542=ORIENTED_EDGE('',*,*,#339,.T.);
#543=ORIENTED_EDGE('',*,*,#336,.T.);
#544=ORIENTED_EDGE('',*,*,#337,.T.);
#545=ORIENTED_EDGE('',*,*,#348,.T.);
#546=ORIENTED_EDGE('',*,*,#349,.T.);
#547=ORIENTED_EDGE('',*,*,#346,.T.);
#548=ORIENTED_EDGE('',*,*,#347,.T.);
#549=ORIENTED_EDGE('',*,*,#356,.T.);
#550=ORIENTED_EDGE('',*,*,#357,.T.);
#551=ORIENTED_EDGE('',*,*,#370,.T.);
#552=ORIENTED_EDGE('',*,*,#371,.T.);
#553=ORIENTED_EDGE('',*,*,#386,.T.);
#554=ORIENTED_EDGE('',*,*,#387,.T.);
#555=ORIENTED_EDGE('',*,*,#384,.T.);
#556=ORIENTED_EDGE('',*,*,#385,.T.);
#557=ORIENTED_EDGE('',*,*,#396,.T.);
#558=ORIENTED_EDGE('',*,*,#397,.T.);
#559=ORIENTED_EDGE('',*,*,#394,.T.);
#560=ORIENTED_EDGE('',*,*,#395,.T.);
#561=ORIENTED_EDGE('',*,*,#407,.F.);
#562=ORIENTED_EDGE('',*,*,#406,.T.);
#563=ORIENTED_EDGE('',*,*,#401,.F.);
#564=ORIENTED_EDGE('',*,*,#408,.T.);
#565=ORIENTED_EDGE('',*,*,#378,.T.);
#566=ORIENTED_EDGE('',*,*,#377,.T.);
#567=ORIENTED_EDGE('',*,*,#409,.T.);
#568=ORIENTED_EDGE('',*,*,#364,.T.);
#569=ORIENTED_EDGE('',*,*,#363,.T.);
#570=ORIENTED_EDGE('',*,*,#410,.T.);
#571=ORIENTED_EDGE('',*,*,#407,.T.);
#572=ORIENTED_EDGE('',*,*,#410,.F.);
#573=ORIENTED_EDGE('',*,*,#362,.T.);
#574=ORIENTED_EDGE('',*,*,#365,.T.);
#575=ORIENTED_EDGE('',*,*,#409,.F.);
#576=ORIENTED_EDGE('',*,*,#376,.T.);
#577=ORIENTED_EDGE('',*,*,#379,.T.);
#578=ORIENTED_EDGE('',*,*,#408,.F.);
#579=ORIENTED_EDGE('',*,*,#321,.T.);
#580=ORIENTED_EDGE('',*,*,#322,.T.);
#581=ORIENTED_EDGE('',*,*,#313,.T.);
#582=ORIENTED_EDGE('',*,*,#314,.T.);
#583=ORIENTED_EDGE('',*,*,#331,.T.);
#584=ORIENTED_EDGE('',*,*,#332,.T.);
#585=ORIENTED_EDGE('',*,*,#323,.T.);
#586=ORIENTED_EDGE('',*,*,#324,.T.);
#587=ORIENTED_EDGE('',*,*,#341,.T.);
#588=ORIENTED_EDGE('',*,*,#342,.T.);
#589=ORIENTED_EDGE('',*,*,#333,.T.);
#590=ORIENTED_EDGE('',*,*,#334,.T.);
#591=ORIENTED_EDGE('',*,*,#351,.T.);
#592=ORIENTED_EDGE('',*,*,#352,.T.);
#593=ORIENTED_EDGE('',*,*,#343,.T.);
#594=ORIENTED_EDGE('',*,*,#344,.T.);
#595=ORIENTED_EDGE('',*,*,#353,.T.);
#596=ORIENTED_EDGE('',*,*,#354,.T.);
#597=ORIENTED_EDGE('',*,*,#367,.T.);
#598=ORIENTED_EDGE('',*,*,#368,.T.);
#599=ORIENTED_EDGE('',*,*,#389,.T.);
#600=ORIENTED_EDGE('',*,*,#390,.T.);
#601=ORIENTED_EDGE('',*,*,#381,.T.);
#602=ORIENTED_EDGE('',*,*,#382,.T.);
#603=ORIENTED_EDGE('',*,*,#399,.T.);
#604=ORIENTED_EDGE('',*,*,#400,.T.);
#605=ORIENTED_EDGE('',*,*,#391,.T.);
#606=ORIENTED_EDGE('',*,*,#392,.T.);
#607=CYLINDRICAL_SURFACE('',#659,2.00000000000003);
#608=CYLINDRICAL_SURFACE('',#660,2.00000000000003);
#609=CYLINDRICAL_SURFACE('',#661,2.00000000000003);
#610=CYLINDRICAL_SURFACE('',#662,2.00000000000003);
#611=CYLINDRICAL_SURFACE('',#663,2.00000000000003);
#612=CYLINDRICAL_SURFACE('',#664,2.00000000000003);
#613=CYLINDRICAL_SURFACE('',#665,2.00000000000003);
#614=CYLINDRICAL_SURFACE('',#666,2.00000000000003);
#615=CYLINDRICAL_SURFACE('',#667,2.00000000000003);
#616=CYLINDRICAL_SURFACE('',#668,2.00000000000003);
#617=CYLINDRICAL_SURFACE('',#669,2.00000000000003);
#618=CYLINDRICAL_SURFACE('',#670,2.00000000000003);
#619=CYLINDRICAL_SURFACE('',#671,2.00000000000003);
#620=CYLINDRICAL_SURFACE('',#672,2.00000000000003);
#621=CYLINDRICAL_SURFACE('',#673,2.00000000000003);
#622=CYLINDRICAL_SURFACE('',#674,2.00000000000003);
#623=CYLINDRICAL_SURFACE('',#678,28.);
#624=CYLINDRICAL_SURFACE('',#682,30.0000004470348);
#625=ADVANCED_FACE('',(#51),#607,.F.);
#626=ADVANCED_FACE('',(#52),#608,.F.);
#627=ADVANCED_FACE('',(#53),#609,.F.);
#628=ADVANCED_FACE('',(#54),#610,.F.);
#629=ADVANCED_FACE('',(#55),#611,.F.);
#630=ADVANCED_FACE('',(#56),#612,.F.);
#631=ADVANCED_FACE('',(#57),#613,.F.);
#632=ADVANCED_FACE('',(#58),#614,.F.);
#633=ADVANCED_FACE('',(#59),#615,.F.);
#634=ADVANCED_FACE('',(#60),#616,.F.);
#635=ADVANCED_FACE('',(#61),#617,.F.);
#636=ADVANCED_FACE('',(#62),#618,.F.);
#637=ADVANCED_FACE('',(#63),#619,.F.);
#638=ADVANCED_FACE('',(#64),#620,.F.);
#639=ADVANCED_FACE('',(#65),#621,.F.);
#640=ADVANCED_FACE('',(#66),#622,.F.);
#641=ADVANCED_FACE('',(#67,#15),#49,.T.);
#642=ADVANCED_FACE('',(#68,#16,#17,#18,#19,#20,#21,#22,#23,#24,#25,#26,
#27,#28,#29),#623,.F.);
#643=ADVANCED_FACE('',(#69,#30),#50,.T.);
#644=ADVANCED_FACE('',(#70,#31,#32,#33,#34,#35,#36,#37,#38,#39,#40,#41,
#42,#43,#44),#624,.T.);
#645=CLOSED_SHELL('',(#625,#626,#627,#628,#629,#630,#631,#632,#633,#634,
#635,#636,#637,#638,#639,#640,#641,#642,#643,#644));
#646=DERIVED_UNIT_ELEMENT(#648,1.);
#647=DERIVED_UNIT_ELEMENT(#2067,-3.);
#648=(
MASS_UNIT()
NAMED_UNIT(*)
SI_UNIT(.KILO.,.GRAM.)
);
#649=DERIVED_UNIT((#646,#647));
#650=MEASURE_REPRESENTATION_ITEM('density measure',
POSITIVE_RATIO_MEASURE(7850.),#649);
#651=PROPERTY_DEFINITION_REPRESENTATION(#656,#653);
#652=PROPERTY_DEFINITION_REPRESENTATION(#657,#654);
#653=REPRESENTATION('material name',(#655),#2064);
#654=REPRESENTATION('density',(#650),#2064);
#655=DESCRIPTIVE_REPRESENTATION_ITEM('\X2\94A2\X0\','\X2\94A2\X0\');
#656=PROPERTY_DEFINITION('material property','material name',#2074);
#657=PROPERTY_DEFINITION('material property','density of part',#2074);
#658=AXIS2_PLACEMENT_3D('',#755,#683,#684);
#659=AXIS2_PLACEMENT_3D('',#756,#685,#686);
#660=AXIS2_PLACEMENT_3D('',#834,#688,#689);
#661=AXIS2_PLACEMENT_3D('',#912,#691,#692);
#662=AXIS2_PLACEMENT_3D('',#990,#694,#695);
#663=AXIS2_PLACEMENT_3D('',#1068,#697,#698);
#664=AXIS2_PLACEMENT_3D('',#1146,#700,#701);
#665=AXIS2_PLACEMENT_3D('',#1224,#703,#704);
#666=AXIS2_PLACEMENT_3D('',#1302,#706,#707);
#667=AXIS2_PLACEMENT_3D('',#1380,#709,#710);
#668=AXIS2_PLACEMENT_3D('',#1458,#712,#713);
#669=AXIS2_PLACEMENT_3D('',#1556,#715,#716);
#670=AXIS2_PLACEMENT_3D('',#1634,#718,#719);
#671=AXIS2_PLACEMENT_3D('',#1732,#721,#722);
#672=AXIS2_PLACEMENT_3D('',#1810,#724,#725);
#673=AXIS2_PLACEMENT_3D('',#1888,#727,#728);
#674=AXIS2_PLACEMENT_3D('',#1966,#730,#731);
#675=AXIS2_PLACEMENT_3D('',#2044,#733,#734);
#676=AXIS2_PLACEMENT_3D('',#2046,#735,#736);
#677=AXIS2_PLACEMENT_3D('',#2048,#737,#738);
#678=AXIS2_PLACEMENT_3D('',#2049,#739,#740);
#679=AXIS2_PLACEMENT_3D('',#2054,#744,#745);
#680=AXIS2_PLACEMENT_3D('',#2055,#746,#747);
#681=AXIS2_PLACEMENT_3D('',#2057,#748,#749);
#682=AXIS2_PLACEMENT_3D('',#2058,#750,#751);
#683=DIRECTION('axis',(0.,0.,1.));
#684=DIRECTION('refdir',(1.,0.,0.));
#685=DIRECTION('center_axis',(0.,0.707106781186548,0.707106781186547));
#686=DIRECTION('ref_axis',(1.,0.,0.));
#687=DIRECTION('',(0.,0.707106781186548,0.707106781186547));
#688=DIRECTION('center_axis',(0.,0.707106781186548,0.707106781186547));
#689=DIRECTION('ref_axis',(1.,0.,0.));
#690=DIRECTION('',(0.,0.707106781186548,0.707106781186547));
#691=DIRECTION('center_axis',(0.,0.707106781186548,0.707106781186547));
#692=DIRECTION('ref_axis',(1.,0.,0.));
#693=DIRECTION('',(0.,0.707106781186548,0.707106781186547));
#694=DIRECTION('center_axis',(0.,0.707106781186548,0.707106781186547));
#695=DIRECTION('ref_axis',(1.,0.,0.));
#696=DIRECTION('',(0.,0.707106781186548,0.707106781186547));
#697=DIRECTION('center_axis',(0.,0.707106781186548,0.707106781186547));
#698=DIRECTION('ref_axis',(1.,0.,0.));
#699=DIRECTION('',(0.,0.707106781186548,0.707106781186547));
#700=DIRECTION('center_axis',(0.,0.707106781186548,0.707106781186547));
#701=DIRECTION('ref_axis',(1.,0.,0.));
#702=DIRECTION('',(0.,0.707106781186548,0.707106781186547));
#703=DIRECTION('center_axis',(0.,0.707106781186547,-0.707106781186548));
#704=DIRECTION('ref_axis',(1.,0.,0.));
#705=DIRECTION('',(0.,0.707106781186547,-0.707106781186548));
#706=DIRECTION('center_axis',(0.,0.707106781186547,-0.707106781186548));
#707=DIRECTION('ref_axis',(1.,0.,0.));
#708=DIRECTION('',(0.,0.707106781186547,-0.707106781186548));
#709=DIRECTION('center_axis',(0.,2.22044604925031E-16,1.));
#710=DIRECTION('ref_axis',(1.,0.,0.));
#711=DIRECTION('',(0.,2.22044604925031E-16,1.));
#712=DIRECTION('center_axis',(0.,2.22044604925031E-16,1.));
#713=DIRECTION('ref_axis',(1.,0.,0.));
#714=DIRECTION('',(0.,2.22044604925031E-16,1.));
#715=DIRECTION('center_axis',(0.,2.22044604925031E-16,1.));
#716=DIRECTION('ref_axis',(1.,0.,0.));
#717=DIRECTION('',(0.,2.22044604925031E-16,1.));
#718=DIRECTION('center_axis',(0.,2.22044604925031E-16,1.));
#719=DIRECTION('ref_axis',(1.,0.,0.));
#720=DIRECTION('',(0.,2.22044604925031E-16,1.));
#721=DIRECTION('center_axis',(0.,1.,0.));
#722=DIRECTION('ref_axis',(1.,0.,0.));
#723=DIRECTION('',(0.,1.,0.));
#724=DIRECTION('center_axis',(0.,1.,0.));
#725=DIRECTION('ref_axis',(1.,0.,0.));
#726=DIRECTION('',(0.,1.,0.));
#727=DIRECTION('center_axis',(0.,1.,0.));
#728=DIRECTION('ref_axis',(1.,0.,0.));
#729=DIRECTION('',(0.,1.,0.));
#730=DIRECTION('center_axis',(0.,1.,0.));
#731=DIRECTION('ref_axis',(1.,0.,0.));
#732=DIRECTION('',(0.,1.,0.));
#733=DIRECTION('center_axis',(1.,0.,0.));
#734=DIRECTION('ref_axis',(0.,0.,-1.));
#735=DIRECTION('center_axis',(1.,0.,0.));
#736=DIRECTION('ref_axis',(0.,0.,-1.));
#737=DIRECTION('center_axis',(1.,0.,0.));
#738=DIRECTION('ref_axis',(0.,0.,-1.));
#739=DIRECTION('center_axis',(1.,0.,0.));
#740=DIRECTION('ref_axis',(0.,0.,-1.));
#741=DIRECTION('',(-1.,0.,0.));
#742=DIRECTION('',(-1.,0.,0.));
#743=DIRECTION('',(-1.,0.,0.));
#744=DIRECTION('center_axis',(1.,0.,0.));
#745=DIRECTION('ref_axis',(0.,0.,-1.));
#746=DIRECTION('center_axis',(-1.,0.,0.));
#747=DIRECTION('ref_axis',(0.,0.,1.));
#748=DIRECTION('center_axis',(1.,0.,0.));
#749=DIRECTION('ref_axis',(0.,0.,-1.));
#750=DIRECTION('center_axis',(1.,0.,0.));
#751=DIRECTION('ref_axis',(0.,0.,-1.));
#752=DIRECTION('',(-1.,0.,0.));
#753=DIRECTION('',(-1.,0.,0.));
#754=DIRECTION('',(-1.,0.,0.));
#755=CARTESIAN_POINT('',(0.,0.,0.));
#756=CARTESIAN_POINT('Origin',(603.0000089854,0.00850904022022169,-0.00850904022022169));
#757=CARTESIAN_POINT('',(603.0000089854,-22.5722821436638,-19.760873099358));
#758=CARTESIAN_POINT('',(601.0000089854,-21.2046930049044,-21.2217110853448));
#759=CARTESIAN_POINT('Ctrl Pts',(603.0000089854,-22.5722821436638,-19.760873099358));
#760=CARTESIAN_POINT('Ctrl Pts',(603.251213197098,-22.5722821436637,-19.760873099358));
#761=CARTESIAN_POINT('Ctrl Pts',(603.51911095066,-22.5392241976055,-19.7988347119919));
#762=CARTESIAN_POINT('Ctrl Pts',(604.011849034868,-22.4037303733934,-19.9520261807925));
#763=CARTESIAN_POINT('Ctrl Pts',(604.236695646058,-22.3011687177143,-20.0671245346683));
#764=CARTESIAN_POINT('Ctrl Pts',(604.591755074745,-22.0618499524076,-20.3299382516629));
#765=CARTESIAN_POINT('Ctrl Pts',(604.745662441809,-21.9091019902884,-20.4951704635324));
#766=CARTESIAN_POINT('Ctrl Pts',(604.949791432646,-21.569437993751,-20.8523405636703));
#767=CARTESIAN_POINT('Ctrl Pts',(605.0000089854,-21.3823906790588,-21.0441559102237));
#768=CARTESIAN_POINT('Ctrl Pts',(605.0000089854,-21.0269916357614,-21.3992699524916));
#769=CARTESIAN_POINT('Ctrl Pts',(604.949789565289,-20.8350225195829,-21.5861669078059));
#770=CARTESIAN_POINT('Ctrl Pts',(604.745657437764,-20.4775715804944,-21.9255519275909));
#771=CARTESIAN_POINT('Ctrl Pts',(604.591748899259,-20.3122121587136,-22.0781713925004));
#772=CARTESIAN_POINT('Ctrl Pts',(604.236690275478,-20.0491996512054,-22.3172849515726));
#773=CARTESIAN_POINT('Ctrl Pts',(604.011846050494,-19.934015082466,-22.4197575124509));
#774=CARTESIAN_POINT('Ctrl Pts',(603.519110966112,-19.7807084329465,-22.5551337423671));
#775=CARTESIAN_POINT('Ctrl Pts',(603.251213726367,-19.7427179505139,-22.5881631557005));
#776=CARTESIAN_POINT('Ctrl Pts',(602.748804244433,-19.7427179505139,-22.5881631557005));
#777=CARTESIAN_POINT('Ctrl Pts',(602.480907004688,-19.7807084329465,-22.5551337423671));
#778=CARTESIAN_POINT('Ctrl Pts',(601.988171920306,-19.934015082466,-22.4197575124509));
#779=CARTESIAN_POINT('Ctrl Pts',(601.763327695322,-20.0491996512054,-22.3172849515726));
#780=CARTESIAN_POINT('Ctrl Pts',(601.408269071542,-20.3122121587136,-22.0781713925004));
#781=CARTESIAN_POINT('Ctrl Pts',(601.254360533037,-20.4775715804944,-21.9255519275909));
#782=CARTESIAN_POINT('Ctrl Pts',(601.050228405511,-20.8350225195829,-21.5861669078059));
#783=CARTESIAN_POINT('Ctrl Pts',(601.0000089854,-21.0269916357614,-21.3992699524916));
#784=CARTESIAN_POINT('Ctrl Pts',(601.0000089854,-21.2046930049044,-21.2217110853448));
#785=CARTESIAN_POINT('Ctrl Pts',(601.0000089854,-21.2046930049044,-21.2217110853448));
#786=CARTESIAN_POINT('Ctrl Pts',(601.0000089854,-21.3823906790588,-21.0441559102237));
#787=CARTESIAN_POINT('Ctrl Pts',(601.050226538154,-21.569437993751,-20.8523405636702));
#788=CARTESIAN_POINT('Ctrl Pts',(601.254355528991,-21.9091019902885,-20.4951704635324));
#789=CARTESIAN_POINT('Ctrl Pts',(601.408262896055,-22.0618499524076,-20.3299382516629));
#790=CARTESIAN_POINT('Ctrl Pts',(601.763322324742,-22.3011687177143,-20.0671245346683));
#791=CARTESIAN_POINT('Ctrl Pts',(601.988168935932,-22.4037303733933,-19.9520261807925));
#792=CARTESIAN_POINT('Ctrl Pts',(602.48090702014,-22.5392241976055,-19.7988347119919));
#793=CARTESIAN_POINT('Ctrl Pts',(602.748804773702,-22.5722821436637,-19.760873099358));
#794=CARTESIAN_POINT('Ctrl Pts',(603.0000089854,-22.5722821436637,-19.760873099358));
#795=CARTESIAN_POINT('',(601.0000089854,-19.7904790045318,-19.8074970849723));
#796=CARTESIAN_POINT('',(601.0000089854,0.00850904022022152,-0.00850904022022152));
#797=CARTESIAN_POINT('',(603.0000089854,-21.1547296828133,-18.3433206385075));
#798=CARTESIAN_POINT('Ctrl Pts',(603.0000089854,-21.1547296828133,-18.3433206385075));
#799=CARTESIAN_POINT('Ctrl Pts',(602.748792931982,-21.1547296828133,-18.3433206385075));
#800=CARTESIAN_POINT('Ctrl Pts',(602.480890049235,-21.1218447409466,-18.3814617885219));
#801=CARTESIAN_POINT('Ctrl Pts',(601.988155032862,-20.9869832333201,-18.535290596183));
#802=CARTESIAN_POINT('Ctrl Pts',(601.763315681473,-20.884871932177,-18.6508369499696));
#803=CARTESIAN_POINT('Ctrl Pts',(601.408268725959,-20.6464024998512,-18.9144827485444));
#804=CARTESIAN_POINT('Ctrl Pts',(601.254363230562,-20.4941060711617,-19.0801560980209));
#805=CARTESIAN_POINT('Ctrl Pts',(601.050231023602,-20.155070205262,-19.4379496192678));
#806=CARTESIAN_POINT('Ctrl Pts',(601.0000089854,-19.9681898617138,-19.6299389122839));
#807=CARTESIAN_POINT('Ctrl Pts',(601.0000089854,-19.7904790045318,-19.8074970849723));
#808=CARTESIAN_POINT('Ctrl Pts',(601.0000089854,-19.7904790045318,-19.8074970849723));
#809=CARTESIAN_POINT('Ctrl Pts',(601.0000089854,-19.6127639044089,-19.9850594969561));
#810=CARTESIAN_POINT('Ctrl Pts',(601.050233167949,-19.420609708977,-20.1717788541959));
#811=CARTESIAN_POINT('Ctrl Pts',(601.254368976698,-19.0625151568442,-20.5105158274173));
#812=CARTESIAN_POINT('Ctrl Pts',(601.408275817129,-18.8967055167512,-20.662674486761));
#813=CARTESIAN_POINT('Ctrl Pts',(601.763321847396,-18.6328468897131,-20.9009237233369));
#814=CARTESIAN_POINT('Ctrl Pts',(601.988158458375,-18.5172082194226,-21.0029394007203));
#815=CARTESIAN_POINT('Ctrl Pts',(602.480890029573,-18.3632560001633,-21.1376747256525));
#816=CARTESIAN_POINT('Ctrl Pts',(602.748792322454,-18.3250838679003,-21.170529073087));
#817=CARTESIAN_POINT('Ctrl Pts',(603.251225648346,-18.3250838679003,-21.170529073087));
#818=CARTESIAN_POINT('Ctrl Pts',(603.519127941227,-18.3632560001633,-21.1376747256525));
#819=CARTESIAN_POINT('Ctrl Pts',(604.011859512426,-18.5172082194226,-21.0029394007203));
#820=CARTESIAN_POINT('Ctrl Pts',(604.236696123404,-18.6328468897131,-20.9009237233369));
#821=CARTESIAN_POINT('Ctrl Pts',(604.591742153671,-18.8967055167512,-20.662674486761));
#822=CARTESIAN_POINT('Ctrl Pts',(604.745648994102,-19.0625151568442,-20.5105158274173));
#823=CARTESIAN_POINT('Ctrl Pts',(604.949784802852,-19.4206097089771,-20.1717788541958));
#824=CARTESIAN_POINT('Ctrl Pts',(605.0000089854,-19.6127639044089,-19.9850594969561));
#825=CARTESIAN_POINT('Ctrl Pts',(605.0000089854,-19.9681898617138,-19.6299389122839));
#826=CARTESIAN_POINT('Ctrl Pts',(604.949786947198,-20.155070205262,-19.4379496192678));
#827=CARTESIAN_POINT('Ctrl Pts',(604.745654740238,-20.4941060711617,-19.0801560980209));
#828=CARTESIAN_POINT('Ctrl Pts',(604.591749244841,-20.6464024998512,-18.9144827485444));
#829=CARTESIAN_POINT('Ctrl Pts',(604.236702289327,-20.884871932177,-18.6508369499696));
#830=CARTESIAN_POINT('Ctrl Pts',(604.011862937938,-20.9869832333202,-18.535290596183));
#831=CARTESIAN_POINT('Ctrl Pts',(603.519127921565,-21.1218447409466,-18.3814617885218));
#832=CARTESIAN_POINT('Ctrl Pts',(603.251225038819,-21.1547296828133,-18.3433206385075));
#833=CARTESIAN_POINT('Ctrl Pts',(603.0000089854,-21.1547296828133,-18.3433206385075));
#834=CARTESIAN_POINT('Origin',(603.0000089854,0.00850904022022169,-0.00850904022022169));
#835=CARTESIAN_POINT('',(603.0000089854,18.3433206385075,21.1547296828133));
#836=CARTESIAN_POINT('',(601.0000089854,19.8074970849723,19.7904790045318));
#837=CARTESIAN_POINT('Ctrl Pts',(603.0000089854,18.3433206385075,21.1547296828133));
#838=CARTESIAN_POINT('Ctrl Pts',(603.251225038819,18.3433206385075,21.1547296828133));
#839=CARTESIAN_POINT('Ctrl Pts',(603.519127921565,18.3814617885219,21.1218447409466));
#840=CARTESIAN_POINT('Ctrl Pts',(604.011862937938,18.535290596183,20.9869832333201));
#841=CARTESIAN_POINT('Ctrl Pts',(604.236702289327,18.6508369499696,20.884871932177));
#842=CARTESIAN_POINT('Ctrl Pts',(604.591749244841,18.9144827485445,20.6464024998512));
#843=CARTESIAN_POINT('Ctrl Pts',(604.745654740238,19.080156098021,20.4941060711616));
#844=CARTESIAN_POINT('Ctrl Pts',(604.949786947198,19.4379496192678,20.155070205262));
#845=CARTESIAN_POINT('Ctrl Pts',(605.0000089854,19.6299389122839,19.9681898617138));
#846=CARTESIAN_POINT('Ctrl Pts',(605.0000089854,19.9850594969561,19.6127639044089));
#847=CARTESIAN_POINT('Ctrl Pts',(604.949784802852,20.1717788541958,19.420609708977));
#848=CARTESIAN_POINT('Ctrl Pts',(604.745648994102,20.5105158274173,19.0625151568442));
#849=CARTESIAN_POINT('Ctrl Pts',(604.591742153671,20.662674486761,18.8967055167512));
#850=CARTESIAN_POINT('Ctrl Pts',(604.236696123404,20.9009237233369,18.632846889713));
#851=CARTESIAN_POINT('Ctrl Pts',(604.011859512426,21.0029394007203,18.5172082194226));
#852=CARTESIAN_POINT('Ctrl Pts',(603.519127941227,21.1376747256525,18.3632560001632));
#853=CARTESIAN_POINT('Ctrl Pts',(603.251225648346,21.170529073087,18.3250838679003));
#854=CARTESIAN_POINT('Ctrl Pts',(602.748792322454,21.170529073087,18.3250838679003));
#855=CARTESIAN_POINT('Ctrl Pts',(602.480890029573,21.1376747256525,18.3632560001632));
#856=CARTESIAN_POINT('Ctrl Pts',(601.988158458375,21.0029394007204,18.5172082194225));
#857=CARTESIAN_POINT('Ctrl Pts',(601.763321847396,20.9009237233369,18.632846889713));
#858=CARTESIAN_POINT('Ctrl Pts',(601.408275817129,20.662674486761,18.8967055167512));
#859=CARTESIAN_POINT('Ctrl Pts',(601.254368976698,20.5105158274173,19.0625151568442));
#860=CARTESIAN_POINT('Ctrl Pts',(601.050233167949,20.1717788541958,19.420609708977));
#861=CARTESIAN_POINT('Ctrl Pts',(601.0000089854,19.9850594969561,19.6127639044089));
#862=CARTESIAN_POINT('Ctrl Pts',(601.0000089854,19.8074970849723,19.7904790045318));
#863=CARTESIAN_POINT('Ctrl Pts',(601.0000089854,19.8074970849723,19.7904790045318));
#864=CARTESIAN_POINT('Ctrl Pts',(601.0000089854,19.6299389122839,19.9681898617138));
#865=CARTESIAN_POINT('Ctrl Pts',(601.050231023602,19.4379496192678,20.155070205262));
#866=CARTESIAN_POINT('Ctrl Pts',(601.254363230562,19.080156098021,20.4941060711616));
#867=CARTESIAN_POINT('Ctrl Pts',(601.408268725959,18.9144827485445,20.6464024998512));
#868=CARTESIAN_POINT('Ctrl Pts',(601.763315681473,18.6508369499696,20.884871932177));
#869=CARTESIAN_POINT('Ctrl Pts',(601.988155032862,18.535290596183,20.9869832333201));
#870=CARTESIAN_POINT('Ctrl Pts',(602.480890049235,18.3814617885219,21.1218447409466));
#871=CARTESIAN_POINT('Ctrl Pts',(602.748792931982,18.3433206385075,21.1547296828133));
#872=CARTESIAN_POINT('Ctrl Pts',(603.0000089854,18.3433206385075,21.1547296828133));
#873=CARTESIAN_POINT('',(601.0000089854,21.2217110853449,21.2046930049044));
#874=CARTESIAN_POINT('',(601.0000089854,0.00850904022022152,-0.00850904022022152));
#875=CARTESIAN_POINT('',(603.0000089854,19.760873099358,22.5722821436637));
#876=CARTESIAN_POINT('Ctrl Pts',(603.0000089854,19.760873099358,22.5722821436637));
#877=CARTESIAN_POINT('Ctrl Pts',(602.748804773702,19.760873099358,22.5722821436637));
#878=CARTESIAN_POINT('Ctrl Pts',(602.48090702014,19.7988347119919,22.5392241976055));
#879=CARTESIAN_POINT('Ctrl Pts',(601.988168935932,19.9520261807925,22.4037303733934));
#880=CARTESIAN_POINT('Ctrl Pts',(601.763322324742,20.0671245346683,22.3011687177143));
#881=CARTESIAN_POINT('Ctrl Pts',(601.408262896055,20.3299382516629,22.0618499524076));
#882=CARTESIAN_POINT('Ctrl Pts',(601.254355528991,20.4951704635324,21.9091019902884));
#883=CARTESIAN_POINT('Ctrl Pts',(601.050226538154,20.8523405636703,21.569437993751));
#884=CARTESIAN_POINT('Ctrl Pts',(601.0000089854,21.0441559102237,21.3823906790588));
#885=CARTESIAN_POINT('Ctrl Pts',(601.0000089854,21.2217110853449,21.2046930049044));
#886=CARTESIAN_POINT('Ctrl Pts',(601.0000089854,21.2217110853449,21.2046930049044));
#887=CARTESIAN_POINT('Ctrl Pts',(601.0000089854,21.3992699524916,21.0269916357613));
#888=CARTESIAN_POINT('Ctrl Pts',(601.050228405511,21.586166907806,20.8350225195828));
#889=CARTESIAN_POINT('Ctrl Pts',(601.254360533036,21.9255519275909,20.4775715804944));
#890=CARTESIAN_POINT('Ctrl Pts',(601.408269071542,22.0781713925004,20.3122121587136));
#891=CARTESIAN_POINT('Ctrl Pts',(601.763327695322,22.3172849515726,20.0491996512054));
#892=CARTESIAN_POINT('Ctrl Pts',(601.988171920306,22.419757512451,19.9340150824659));
#893=CARTESIAN_POINT('Ctrl Pts',(602.480907004688,22.5551337423671,19.7807084329464));
#894=CARTESIAN_POINT('Ctrl Pts',(602.748804244433,22.5881631557006,19.7427179505139));
#895=CARTESIAN_POINT('Ctrl Pts',(603.251213726367,22.5881631557006,19.7427179505139));
#896=CARTESIAN_POINT('Ctrl Pts',(603.519110966112,22.5551337423671,19.7807084329465));
#897=CARTESIAN_POINT('Ctrl Pts',(604.011846050494,22.4197575124509,19.934015082466));
#898=CARTESIAN_POINT('Ctrl Pts',(604.236690275478,22.3172849515726,20.0491996512054));
#899=CARTESIAN_POINT('Ctrl Pts',(604.591748899259,22.0781713925004,20.3122121587136));
#900=CARTESIAN_POINT('Ctrl Pts',(604.745657437764,21.9255519275909,20.4775715804944));
#901=CARTESIAN_POINT('Ctrl Pts',(604.949789565289,21.5861669078059,20.8350225195829));
#902=CARTESIAN_POINT('Ctrl Pts',(605.0000089854,21.3992699524916,21.0269916357613));
#903=CARTESIAN_POINT('Ctrl Pts',(605.0000089854,21.0441559102237,21.3823906790588));
#904=CARTESIAN_POINT('Ctrl Pts',(604.949791432646,20.8523405636703,21.5694379937509));
#905=CARTESIAN_POINT('Ctrl Pts',(604.745662441809,20.4951704635325,21.9091019902884));
#906=CARTESIAN_POINT('Ctrl Pts',(604.591755074745,20.3299382516629,22.0618499524076));
#907=CARTESIAN_POINT('Ctrl Pts',(604.236695646058,20.0671245346683,22.3011687177143));
#908=CARTESIAN_POINT('Ctrl Pts',(604.011849034868,19.9520261807925,22.4037303733934));
#909=CARTESIAN_POINT('Ctrl Pts',(603.51911095066,19.7988347119918,22.5392241976055));
#910=CARTESIAN_POINT('Ctrl Pts',(603.251213197098,19.760873099358,22.5722821436637));
#911=CARTESIAN_POINT('Ctrl Pts',(603.0000089854,19.760873099358,22.5722821436637));
#912=CARTESIAN_POINT('Origin',(630.000009909272,0.,0.));
#913=CARTESIAN_POINT('',(630.000009909272,-22.580224367696,-19.7517972429498));
#914=CARTESIAN_POINT('',(628.000009909272,-21.2132037516978,-21.2132037516978));
#915=CARTESIAN_POINT('Ctrl Pts',(630.000009909272,-22.580224367696,-19.7517972429498));
#916=CARTESIAN_POINT('Ctrl Pts',(630.251214386619,-22.580224367696,-19.7517972429498));
#917=CARTESIAN_POINT('Ctrl Pts',(630.519111885831,-22.5471806871847,-19.789773290069));
#918=CARTESIAN_POINT('Ctrl Pts',(631.011848478298,-22.4117456543493,-19.9430223516284));
#919=CARTESIAN_POINT('Ctrl Pts',(631.236693901942,-22.3092285410856,-20.0581638158886));
#920=CARTESIAN_POINT('Ctrl Pts',(631.591752922608,-22.0700123726553,-20.3210769299267));
#921=CARTESIAN_POINT('Ctrl Pts',(631.745660869799,-21.9173286613972,-20.4863727412495));
#922=CARTESIAN_POINT('Ctrl Pts',(631.949791423171,-21.5778041564116,-20.8436832525371));
#923=CARTESIAN_POINT('Ctrl Pts',(632.000009909272,-21.3908320222867,-21.0355754811088));
#924=CARTESIAN_POINT('Ctrl Pts',(632.000009909272,-21.0355754811089,-21.3908320222867));
#925=CARTESIAN_POINT('Ctrl Pts',(631.949791423171,-20.8436832525371,-21.5778041564116));
#926=CARTESIAN_POINT('Ctrl Pts',(631.745660869799,-20.4863727412496,-21.9173286613971));
#927=CARTESIAN_POINT('Ctrl Pts',(631.591752922608,-20.3210769299267,-22.0700123726553));
#928=CARTESIAN_POINT('Ctrl Pts',(631.236693901942,-20.0581638158886,-22.3092285410855));
#929=CARTESIAN_POINT('Ctrl Pts',(631.011848478298,-19.9430223516284,-22.4117456543492));
#930=CARTESIAN_POINT('Ctrl Pts',(630.519111885831,-19.789773290069,-22.5471806871847));
#931=CARTESIAN_POINT('Ctrl Pts',(630.251214386619,-19.7517972429498,-22.580224367696));
#932=CARTESIAN_POINT('Ctrl Pts',(629.748805431926,-19.7517972429498,-22.580224367696));
#933=CARTESIAN_POINT('Ctrl Pts',(629.480907932714,-19.789773290069,-22.5471806871847));
#934=CARTESIAN_POINT('Ctrl Pts',(628.988171340247,-19.9430223516284,-22.4117456543493));
#935=CARTESIAN_POINT('Ctrl Pts',(628.763325916603,-20.0581638158886,-22.3092285410855));
#936=CARTESIAN_POINT('Ctrl Pts',(628.408266895937,-20.3210769299267,-22.0700123726553));
#937=CARTESIAN_POINT('Ctrl Pts',(628.254358948745,-20.4863727412495,-21.9173286613972));
#938=CARTESIAN_POINT('Ctrl Pts',(628.050228395373,-20.8436832525371,-21.5778041564116));
#939=CARTESIAN_POINT('Ctrl Pts',(628.000009909272,-21.0355754811088,-21.3908320222867));
#940=CARTESIAN_POINT('Ctrl Pts',(628.000009909272,-21.2132037516978,-21.2132037516978));
#941=CARTESIAN_POINT('Ctrl Pts',(628.000009909272,-21.2132037516978,-21.2132037516978));
#942=CARTESIAN_POINT('Ctrl Pts',(628.000009909272,-21.3908320222867,-21.0355754811088));
#943=CARTESIAN_POINT('Ctrl Pts',(628.050228395373,-21.5778041564116,-20.8436832525371));
#944=CARTESIAN_POINT('Ctrl Pts',(628.254358948745,-21.9173286613972,-20.4863727412495));
#945=CARTESIAN_POINT('Ctrl Pts',(628.408266895937,-22.0700123726553,-20.3210769299267));
#946=CARTESIAN_POINT('Ctrl Pts',(628.763325916603,-22.3092285410856,-20.0581638158886));
#947=CARTESIAN_POINT('Ctrl Pts',(628.988171340246,-22.4117456543492,-19.9430223516284));
#948=CARTESIAN_POINT('Ctrl Pts',(629.480907932714,-22.5471806871847,-19.789773290069));
#949=CARTESIAN_POINT('Ctrl Pts',(629.748805431925,-22.580224367696,-19.7517972429498));
#950=CARTESIAN_POINT('Ctrl Pts',(630.000009909272,-22.580224367696,-19.7517972429498));
#951=CARTESIAN_POINT('',(628.000009909272,-19.7989898732233,-19.7989898732233));
#952=CARTESIAN_POINT('',(628.000009909272,-1.73191211247101E-16,1.73191211247101E-16));
#953=CARTESIAN_POINT('',(630.000009909272,-21.1626312205046,-18.3342040957584));
#954=CARTESIAN_POINT('Ctrl Pts',(630.000009909272,-21.1626312205046,-18.3342040957584));
#955=CARTESIAN_POINT('Ctrl Pts',(629.748793549933,-21.1626312205046,-18.3342040957584));
#956=CARTESIAN_POINT('Ctrl Pts',(629.480890959182,-21.1297615748677,-18.372360736368));
#957=CARTESIAN_POINT('Ctrl Pts',(628.988157656007,-20.9949631518197,-18.5262512524428));
#958=CARTESIAN_POINT('Ctrl Pts',(628.763319668436,-20.8928996567453,-18.6418437677898));
#959=CARTESIAN_POINT('Ctrl Pts',(628.408273181931,-20.6545403149374,-18.9055959824705));
#960=CARTESIAN_POINT('Ctrl Pts',(628.25436702044,-20.5023127733733,-19.0713374708084));
#961=CARTESIAN_POINT('Ctrl Pts',(628.050233019261,-20.1634263572471,-19.4292814977268));
#962=CARTESIAN_POINT('Ctrl Pts',(628.000009909272,-19.9766265077874,-19.6213532386593));
#963=CARTESIAN_POINT('Ctrl Pts',(628.000009909272,-19.7989898732233,-19.7989898732233));
#964=CARTESIAN_POINT('Ctrl Pts',(628.000009909272,-19.7989898732233,-19.7989898732233));
#965=CARTESIAN_POINT('Ctrl Pts',(628.000009909272,-19.6213532386593,-19.9766265077874));
#966=CARTESIAN_POINT('Ctrl Pts',(628.050233019261,-19.4292814977268,-20.1634263572471));
#967=CARTESIAN_POINT('Ctrl Pts',(628.25436702044,-19.0713374708084,-20.5023127733732));
#968=CARTESIAN_POINT('Ctrl Pts',(628.408273181931,-18.9055959824705,-20.6545403149374));
#969=CARTESIAN_POINT('Ctrl Pts',(628.763319668436,-18.6418437677898,-20.8928996567453));
#970=CARTESIAN_POINT('Ctrl Pts',(628.988157656007,-18.5262512524428,-20.9949631518197));
#971=CARTESIAN_POINT('Ctrl Pts',(629.480890959182,-18.372360736368,-21.1297615748677));
#972=CARTESIAN_POINT('Ctrl Pts',(629.748793549933,-18.3342040957584,-21.1626312205046));
#973=CARTESIAN_POINT('Ctrl Pts',(630.251226268611,-18.3342040957584,-21.1626312205046));
#974=CARTESIAN_POINT('Ctrl Pts',(630.519128859362,-18.372360736368,-21.1297615748677));
#975=CARTESIAN_POINT('Ctrl Pts',(631.011862162537,-18.5262512524428,-20.9949631518197));
#976=CARTESIAN_POINT('Ctrl Pts',(631.236700150108,-18.6418437677898,-20.8928996567453));
#977=CARTESIAN_POINT('Ctrl Pts',(631.591746636613,-18.9055959824705,-20.6545403149374));
#978=CARTESIAN_POINT('Ctrl Pts',(631.745652798105,-19.0713374708084,-20.5023127733732));
#979=CARTESIAN_POINT('Ctrl Pts',(631.949786799283,-19.4292814977268,-20.1634263572471));
#980=CARTESIAN_POINT('Ctrl Pts',(632.000009909272,-19.6213532386593,-19.9766265077874));
#981=CARTESIAN_POINT('Ctrl Pts',(632.000009909272,-19.9766265077874,-19.6213532386593));
#982=CARTESIAN_POINT('Ctrl Pts',(631.949786799283,-20.163426357247,-19.4292814977269));
#983=CARTESIAN_POINT('Ctrl Pts',(631.745652798105,-20.5023127733732,-19.0713374708084));
#984=CARTESIAN_POINT('Ctrl Pts',(631.591746636613,-20.6545403149374,-18.9055959824705));
#985=CARTESIAN_POINT('Ctrl Pts',(631.236700150108,-20.8928996567453,-18.6418437677898));
#986=CARTESIAN_POINT('Ctrl Pts',(631.011862162537,-20.9949631518197,-18.5262512524428));
#987=CARTESIAN_POINT('Ctrl Pts',(630.519128859362,-21.1297615748677,-18.372360736368));
#988=CARTESIAN_POINT('Ctrl Pts',(630.251226268611,-21.1626312205046,-18.3342040957584));
#989=CARTESIAN_POINT('Ctrl Pts',(630.000009909272,-21.1626312205046,-18.3342040957584));
#990=CARTESIAN_POINT('Origin',(630.000009909272,0.,0.));
#991=CARTESIAN_POINT('',(630.000009909272,18.3342040957584,21.1626312205046));
#992=CARTESIAN_POINT('',(628.000009909272,19.7989898732233,19.7989898732233));
#993=CARTESIAN_POINT('Ctrl Pts',(630.000009909272,18.3342040957584,21.1626312205046));
#994=CARTESIAN_POINT('Ctrl Pts',(630.251226268611,18.3342040957584,21.1626312205046));
#995=CARTESIAN_POINT('Ctrl Pts',(630.519128859362,18.372360736368,21.1297615748677));
#996=CARTESIAN_POINT('Ctrl Pts',(631.011862162537,18.5262512524428,20.9949631518197));
#997=CARTESIAN_POINT('Ctrl Pts',(631.236700150108,18.6418437677898,20.8928996567453));
#998=CARTESIAN_POINT('Ctrl Pts',(631.591746636613,18.9055959824705,20.6545403149374));
#999=CARTESIAN_POINT('Ctrl Pts',(631.745652798105,19.0713374708084,20.5023127733732));
#1000=CARTESIAN_POINT('Ctrl Pts',(631.949786799283,19.4292814977268,20.1634263572471));
#1001=CARTESIAN_POINT('Ctrl Pts',(632.000009909272,19.6213532386593,19.9766265077874));
#1002=CARTESIAN_POINT('Ctrl Pts',(632.000009909272,19.9766265077874,19.6213532386593));
#1003=CARTESIAN_POINT('Ctrl Pts',(631.949786799283,20.1634263572471,19.4292814977268));
#1004=CARTESIAN_POINT('Ctrl Pts',(631.745652798105,20.5023127733733,19.0713374708084));
#1005=CARTESIAN_POINT('Ctrl Pts',(631.591746636613,20.6545403149374,18.9055959824705));
#1006=CARTESIAN_POINT('Ctrl Pts',(631.236700150108,20.8928996567453,18.6418437677898));
#1007=CARTESIAN_POINT('Ctrl Pts',(631.011862162538,20.9949631518197,18.5262512524428));
#1008=CARTESIAN_POINT('Ctrl Pts',(630.519128859362,21.1297615748677,18.372360736368));
#1009=CARTESIAN_POINT('Ctrl Pts',(630.251226268611,21.1626312205046,18.3342040957584));
#1010=CARTESIAN_POINT('Ctrl Pts',(629.748793549933,21.1626312205046,18.3342040957584));
#1011=CARTESIAN_POINT('Ctrl Pts',(629.480890959182,21.1297615748677,18.372360736368));
#1012=CARTESIAN_POINT('Ctrl Pts',(628.988157656007,20.9949631518197,18.5262512524428));
#1013=CARTESIAN_POINT('Ctrl Pts',(628.763319668436,20.8928996567453,18.6418437677898));
#1014=CARTESIAN_POINT('Ctrl Pts',(628.408273181931,20.6545403149374,18.9055959824705));
#1015=CARTESIAN_POINT('Ctrl Pts',(628.25436702044,20.5023127733733,19.0713374708084));
#1016=CARTESIAN_POINT('Ctrl Pts',(628.050233019261,20.1634263572471,19.4292814977268));
#1017=CARTESIAN_POINT('Ctrl Pts',(628.000009909272,19.9766265077874,19.6213532386593));
#1018=CARTESIAN_POINT('Ctrl Pts',(628.000009909272,19.7989898732233,19.7989898732233));
#1019=CARTESIAN_POINT('Ctrl Pts',(628.000009909272,19.7989898732233,19.7989898732233));
#1020=CARTESIAN_POINT('Ctrl Pts',(628.000009909272,19.6213532386593,19.9766265077874));
#1021=CARTESIAN_POINT('Ctrl Pts',(628.050233019261,19.4292814977268,20.1634263572471));
#1022=CARTESIAN_POINT('Ctrl Pts',(628.25436702044,19.0713374708084,20.5023127733732));
#1023=CARTESIAN_POINT('Ctrl Pts',(628.408273181931,18.9055959824705,20.6545403149374));
#1024=CARTESIAN_POINT('Ctrl Pts',(628.763319668436,18.6418437677898,20.8928996567453));
#1025=CARTESIAN_POINT('Ctrl Pts',(628.988157656007,18.5262512524428,20.9949631518197));
#1026=CARTESIAN_POINT('Ctrl Pts',(629.480890959182,18.372360736368,21.1297615748677));
#1027=CARTESIAN_POINT('Ctrl Pts',(629.748793549933,18.3342040957584,21.1626312205046));
#1028=CARTESIAN_POINT('Ctrl Pts',(630.000009909272,18.3342040957584,21.1626312205046));
#1029=CARTESIAN_POINT('',(628.000009909272,21.2132037516978,21.2132037516978));
#1030=CARTESIAN_POINT('',(628.000009909272,-1.73191211247101E-16,1.73191211247101E-16));
#1031=CARTESIAN_POINT('',(630.000009909272,19.7517972429498,22.580224367696));
#1032=CARTESIAN_POINT('Ctrl Pts',(630.000009909272,19.7517972429498,22.580224367696));
#1033=CARTESIAN_POINT('Ctrl Pts',(629.748805431925,19.7517972429498,22.580224367696));
#1034=CARTESIAN_POINT('Ctrl Pts',(629.480907932714,19.789773290069,22.5471806871847));
#1035=CARTESIAN_POINT('Ctrl Pts',(628.988171340247,19.9430223516284,22.4117456543492));
#1036=CARTESIAN_POINT('Ctrl Pts',(628.763325916603,20.0581638158886,22.3092285410855));
#1037=CARTESIAN_POINT('Ctrl Pts',(628.408266895937,20.3210769299267,22.0700123726553));
#1038=CARTESIAN_POINT('Ctrl Pts',(628.254358948745,20.4863727412496,21.9173286613971));
#1039=CARTESIAN_POINT('Ctrl Pts',(628.050228395373,20.8436832525371,21.5778041564116));
#1040=CARTESIAN_POINT('Ctrl Pts',(628.000009909272,21.0355754811088,21.3908320222867));
#1041=CARTESIAN_POINT('Ctrl Pts',(628.000009909272,21.2132037516978,21.2132037516978));
#1042=CARTESIAN_POINT('Ctrl Pts',(628.000009909272,21.2132037516978,21.2132037516978));
#1043=CARTESIAN_POINT('Ctrl Pts',(628.000009909272,21.3908320222867,21.0355754811088));
#1044=CARTESIAN_POINT('Ctrl Pts',(628.050228395373,21.5778041564116,20.8436832525371));
#1045=CARTESIAN_POINT('Ctrl Pts',(628.254358948745,21.9173286613972,20.4863727412495));
#1046=CARTESIAN_POINT('Ctrl Pts',(628.408266895937,22.0700123726553,20.3210769299267));
#1047=CARTESIAN_POINT('Ctrl Pts',(628.763325916603,22.3092285410856,20.0581638158886));
#1048=CARTESIAN_POINT('Ctrl Pts',(628.988171340247,22.4117456543492,19.9430223516284));
#1049=CARTESIAN_POINT('Ctrl Pts',(629.480907932714,22.5471806871847,19.789773290069));
#1050=CARTESIAN_POINT('Ctrl Pts',(629.748805431925,22.580224367696,19.7517972429498));
#1051=CARTESIAN_POINT('Ctrl Pts',(630.251214386619,22.580224367696,19.7517972429498));
#1052=CARTESIAN_POINT('Ctrl Pts',(630.519111885831,22.5471806871847,19.789773290069));
#1053=CARTESIAN_POINT('Ctrl Pts',(631.011848478298,22.4117456543492,19.9430223516284));
#1054=CARTESIAN_POINT('Ctrl Pts',(631.236693901942,22.3092285410856,20.0581638158886));
#1055=CARTESIAN_POINT('Ctrl Pts',(631.591752922608,22.0700123726553,20.3210769299267));
#1056=CARTESIAN_POINT('Ctrl Pts',(631.745660869799,21.9173286613972,20.4863727412495));
#1057=CARTESIAN_POINT('Ctrl Pts',(631.949791423171,21.5778041564116,20.8436832525371));
#1058=CARTESIAN_POINT('Ctrl Pts',(632.000009909272,21.3908320222867,21.0355754811088));
#1059=CARTESIAN_POINT('Ctrl Pts',(632.000009909272,21.0355754811089,21.3908320222867));
#1060=CARTESIAN_POINT('Ctrl Pts',(631.949791423171,20.8436832525371,21.5778041564116));
#1061=CARTESIAN_POINT('Ctrl Pts',(631.745660869799,20.4863727412496,21.9173286613971));
#1062=CARTESIAN_POINT('Ctrl Pts',(631.591752922608,20.3210769299267,22.0700123726553));
#1063=CARTESIAN_POINT('Ctrl Pts',(631.236693901942,20.0581638158886,22.3092285410855));
#1064=CARTESIAN_POINT('Ctrl Pts',(631.011848478298,19.9430223516284,22.4117456543492));
#1065=CARTESIAN_POINT('Ctrl Pts',(630.519111885831,19.789773290069,22.5471806871847));
#1066=CARTESIAN_POINT('Ctrl Pts',(630.251214386619,19.7517972429498,22.580224367696));
#1067=CARTESIAN_POINT('Ctrl Pts',(630.000009909272,19.7517972429498,22.580224367696));
#1068=CARTESIAN_POINT('Origin',(655.000009760261,0.00850904022022169,-0.00850904022022169));
#1069=CARTESIAN_POINT('',(655.000009760261,-22.5722821436637,-19.760873099358));
#1070=CARTESIAN_POINT('',(653.000009760261,-21.2046930049044,-21.2217110853448));
#1071=CARTESIAN_POINT('Ctrl Pts',(655.000009760261,-22.5722821436637,-19.760873099358));
#1072=CARTESIAN_POINT('Ctrl Pts',(655.251213971959,-22.5722821436637,-19.760873099358));
#1073=CARTESIAN_POINT('Ctrl Pts',(655.51911172552,-22.5392241976055,-19.7988347119918));
#1074=CARTESIAN_POINT('Ctrl Pts',(656.011849809728,-22.4037303733934,-19.9520261807925));
#1075=CARTESIAN_POINT('Ctrl Pts',(656.236696420919,-22.3011687177143,-20.0671245346683));
#1076=CARTESIAN_POINT('Ctrl Pts',(656.591755849605,-22.0618499524076,-20.3299382516629));
#1077=CARTESIAN_POINT('Ctrl Pts',(656.74566321667,-21.9091019902884,-20.4951704635324));
#1078=CARTESIAN_POINT('Ctrl Pts',(656.949792207506,-21.5694379937509,-20.8523405636703));
#1079=CARTESIAN_POINT('Ctrl Pts',(657.000009760261,-21.3823906790588,-21.0441559102237));
#1080=CARTESIAN_POINT('Ctrl Pts',(657.000009760261,-21.0269916357614,-21.3992699524916));
#1081=CARTESIAN_POINT('Ctrl Pts',(656.94979034015,-20.8350225195829,-21.5861669078059));
#1082=CARTESIAN_POINT('Ctrl Pts',(656.745658212624,-20.4775715804944,-21.9255519275909));
#1083=CARTESIAN_POINT('Ctrl Pts',(656.591749674119,-20.3122121587136,-22.0781713925004));
#1084=CARTESIAN_POINT('Ctrl Pts',(656.236691050338,-20.0491996512054,-22.3172849515726));
#1085=CARTESIAN_POINT('Ctrl Pts',(656.011846825355,-19.934015082466,-22.4197575124509));
#1086=CARTESIAN_POINT('Ctrl Pts',(655.519111740973,-19.7807084329465,-22.5551337423671));
#1087=CARTESIAN_POINT('Ctrl Pts',(655.251214501227,-19.7427179505139,-22.5881631557005));
#1088=CARTESIAN_POINT('Ctrl Pts',(654.748805019294,-19.7427179505139,-22.5881631557005));
#1089=CARTESIAN_POINT('Ctrl Pts',(654.480907779549,-19.7807084329465,-22.5551337423671));
#1090=CARTESIAN_POINT('Ctrl Pts',(653.988172695166,-19.934015082466,-22.4197575124509));
#1091=CARTESIAN_POINT('Ctrl Pts',(653.763328470183,-20.0491996512054,-22.3172849515726));
#1092=CARTESIAN_POINT('Ctrl Pts',(653.408269846402,-20.3122121587136,-22.0781713925004));
#1093=CARTESIAN_POINT('Ctrl Pts',(653.254361307897,-20.4775715804944,-21.9255519275909));
#1094=CARTESIAN_POINT('Ctrl Pts',(653.050229180371,-20.8350225195829,-21.5861669078059));
#1095=CARTESIAN_POINT('Ctrl Pts',(653.000009760261,-21.0269916357614,-21.3992699524916));
#1096=CARTESIAN_POINT('Ctrl Pts',(653.000009760261,-21.2046930049044,-21.2217110853448));
#1097=CARTESIAN_POINT('Ctrl Pts',(653.000009760261,-21.2046930049044,-21.2217110853448));
#1098=CARTESIAN_POINT('Ctrl Pts',(653.000009760261,-21.3823906790588,-21.0441559102237));
#1099=CARTESIAN_POINT('Ctrl Pts',(653.050227313015,-21.5694379937509,-20.8523405636703));
#1100=CARTESIAN_POINT('Ctrl Pts',(653.254356303851,-21.9091019902884,-20.4951704635324));
#1101=CARTESIAN_POINT('Ctrl Pts',(653.408263670916,-22.0618499524076,-20.3299382516629));
#1102=CARTESIAN_POINT('Ctrl Pts',(653.763323099603,-22.3011687177143,-20.0671245346683));
#1103=CARTESIAN_POINT('Ctrl Pts',(653.988169710793,-22.4037303733934,-19.9520261807925));
#1104=CARTESIAN_POINT('Ctrl Pts',(654.480907795001,-22.5392241976055,-19.7988347119918));
#1105=CARTESIAN_POINT('Ctrl Pts',(654.748805548562,-22.5722821436638,-19.7608730993579));
#1106=CARTESIAN_POINT('Ctrl Pts',(655.000009760261,-22.5722821436638,-19.760873099358));
#1107=CARTESIAN_POINT('',(653.000009760261,-19.7904790045318,-19.8074970849723));
#1108=CARTESIAN_POINT('',(653.000009760261,0.00850904022022152,-0.00850904022022152));
#1109=CARTESIAN_POINT('',(655.000009760261,-21.1547296828133,-18.3433206385075));
#1110=CARTESIAN_POINT('Ctrl Pts',(655.000009760261,-21.1547296828133,-18.3433206385075));
#1111=CARTESIAN_POINT('Ctrl Pts',(654.748793706842,-21.1547296828133,-18.3433206385075));
#1112=CARTESIAN_POINT('Ctrl Pts',(654.480890824095,-21.1218447409466,-18.3814617885219));
#1113=CARTESIAN_POINT('Ctrl Pts',(653.988155807722,-20.9869832333201,-18.535290596183));
#1114=CARTESIAN_POINT('Ctrl Pts',(653.763316456333,-20.884871932177,-18.6508369499696));
#1115=CARTESIAN_POINT('Ctrl Pts',(653.40826950082,-20.6464024998512,-18.9144827485444));
#1116=CARTESIAN_POINT('Ctrl Pts',(653.254364005423,-20.4941060711617,-19.0801560980209));
#1117=CARTESIAN_POINT('Ctrl Pts',(653.050231798463,-20.1550702052621,-19.4379496192678));
#1118=CARTESIAN_POINT('Ctrl Pts',(653.000009760261,-19.9681898617138,-19.6299389122839));
#1119=CARTESIAN_POINT('Ctrl Pts',(653.000009760261,-19.7904790045318,-19.8074970849723));
#1120=CARTESIAN_POINT('Ctrl Pts',(653.000009760261,-19.7904790045318,-19.8074970849723));
#1121=CARTESIAN_POINT('Ctrl Pts',(653.000009760261,-19.6127639044089,-19.9850594969561));
#1122=CARTESIAN_POINT('Ctrl Pts',(653.050233942809,-19.4206097089771,-20.1717788541958));
#1123=CARTESIAN_POINT('Ctrl Pts',(653.254369751559,-19.0625151568442,-20.5105158274173));
#1124=CARTESIAN_POINT('Ctrl Pts',(653.40827659199,-18.8967055167512,-20.662674486761));
#1125=CARTESIAN_POINT('Ctrl Pts',(653.763322622256,-18.6328468897131,-20.9009237233369));
#1126=CARTESIAN_POINT('Ctrl Pts',(653.988159233235,-18.5172082194226,-21.0029394007203));
#1127=CARTESIAN_POINT('Ctrl Pts',(654.480890804434,-18.3632560001633,-21.1376747256525));
#1128=CARTESIAN_POINT('Ctrl Pts',(654.748793097315,-18.3250838679003,-21.170529073087));
#1129=CARTESIAN_POINT('Ctrl Pts',(655.251226423206,-18.3250838679003,-21.170529073087));
#1130=CARTESIAN_POINT('Ctrl Pts',(655.519128716087,-18.3632560001633,-21.1376747256525));
#1131=CARTESIAN_POINT('Ctrl Pts',(656.011860287286,-18.5172082194226,-21.0029394007203));
#1132=CARTESIAN_POINT('Ctrl Pts',(656.236696898265,-18.6328468897131,-20.9009237233369));
#1133=CARTESIAN_POINT('Ctrl Pts',(656.591742928531,-18.8967055167512,-20.662674486761));
#1134=CARTESIAN_POINT('Ctrl Pts',(656.745649768962,-19.0625151568442,-20.5105158274173));
#1135=CARTESIAN_POINT('Ctrl Pts',(656.949785577712,-19.4206097089771,-20.1717788541958));
#1136=CARTESIAN_POINT('Ctrl Pts',(657.000009760261,-19.6127639044089,-19.9850594969561));
#1137=CARTESIAN_POINT('Ctrl Pts',(657.000009760261,-19.9681898617138,-19.6299389122839));
#1138=CARTESIAN_POINT('Ctrl Pts',(656.949787722058,-20.1550702052621,-19.4379496192678));
#1139=CARTESIAN_POINT('Ctrl Pts',(656.745655515098,-20.4941060711617,-19.0801560980209));
#1140=CARTESIAN_POINT('Ctrl Pts',(656.591750019701,-20.6464024998512,-18.9144827485444));
#1141=CARTESIAN_POINT('Ctrl Pts',(656.236703064188,-20.884871932177,-18.6508369499696));
#1142=CARTESIAN_POINT('Ctrl Pts',(656.011863712799,-20.9869832333201,-18.535290596183));
#1143=CARTESIAN_POINT('Ctrl Pts',(655.519128696426,-21.1218447409466,-18.3814617885219));
#1144=CARTESIAN_POINT('Ctrl Pts',(655.251225813679,-21.1547296828133,-18.3433206385075));
#1145=CARTESIAN_POINT('Ctrl Pts',(655.000009760261,-21.1547296828133,-18.3433206385075));
#1146=CARTESIAN_POINT('Origin',(655.000009760261,0.00850904022022169,-0.00850904022022169));
#1147=CARTESIAN_POINT('',(655.000009760261,18.3433206385075,21.1547296828133));
#1148=CARTESIAN_POINT('',(653.000009760261,19.8074970849723,19.7904790045318));
#1149=CARTESIAN_POINT('Ctrl Pts',(655.000009760261,18.3433206385075,21.1547296828133));
#1150=CARTESIAN_POINT('Ctrl Pts',(655.251225813679,18.3433206385075,21.1547296828133));
#1151=CARTESIAN_POINT('Ctrl Pts',(655.519128696426,18.3814617885219,21.1218447409466));
#1152=CARTESIAN_POINT('Ctrl Pts',(656.011863712799,18.535290596183,20.9869832333201));
#1153=CARTESIAN_POINT('Ctrl Pts',(656.236703064188,18.6508369499696,20.884871932177));
#1154=CARTESIAN_POINT('Ctrl Pts',(656.591750019701,18.9144827485445,20.6464024998512));
#1155=CARTESIAN_POINT('Ctrl Pts',(656.745655515098,19.0801560980209,20.4941060711617));
#1156=CARTESIAN_POINT('Ctrl Pts',(656.949787722058,19.4379496192678,20.1550702052621));
#1157=CARTESIAN_POINT('Ctrl Pts',(657.000009760261,19.6299389122839,19.9681898617138));
#1158=CARTESIAN_POINT('Ctrl Pts',(657.000009760261,19.9850594969561,19.6127639044089));
#1159=CARTESIAN_POINT('Ctrl Pts',(656.949785577712,20.1717788541958,19.420609708977));
#1160=CARTESIAN_POINT('Ctrl Pts',(656.745649768962,20.5105158274174,19.0625151568442));
#1161=CARTESIAN_POINT('Ctrl Pts',(656.591742928531,20.662674486761,18.8967055167512));
#1162=CARTESIAN_POINT('Ctrl Pts',(656.236696898265,20.9009237233369,18.632846889713));
#1163=CARTESIAN_POINT('Ctrl Pts',(656.011860287286,21.0029394007203,18.5172082194226));
#1164=CARTESIAN_POINT('Ctrl Pts',(655.519128716087,21.1376747256525,18.3632560001632));
#1165=CARTESIAN_POINT('Ctrl Pts',(655.251226423206,21.170529073087,18.3250838679003));
#1166=CARTESIAN_POINT('Ctrl Pts',(654.748793097315,21.170529073087,18.3250838679003));
#1167=CARTESIAN_POINT('Ctrl Pts',(654.480890804434,21.1376747256525,18.3632560001632));
#1168=CARTESIAN_POINT('Ctrl Pts',(653.988159233235,21.0029394007203,18.5172082194226));
#1169=CARTESIAN_POINT('Ctrl Pts',(653.763322622256,20.9009237233369,18.632846889713));
#1170=CARTESIAN_POINT('Ctrl Pts',(653.40827659199,20.662674486761,18.8967055167512));
#1171=CARTESIAN_POINT('Ctrl Pts',(653.254369751559,20.5105158274174,19.0625151568442));
#1172=CARTESIAN_POINT('Ctrl Pts',(653.050233942809,20.1717788541958,19.420609708977));
#1173=CARTESIAN_POINT('Ctrl Pts',(653.000009760261,19.9850594969561,19.6127639044089));
#1174=CARTESIAN_POINT('Ctrl Pts',(653.000009760261,19.8074970849723,19.7904790045318));
#1175=CARTESIAN_POINT('Ctrl Pts',(653.000009760261,19.8074970849723,19.7904790045318));
#1176=CARTESIAN_POINT('Ctrl Pts',(653.000009760261,19.6299389122839,19.9681898617138));
#1177=CARTESIAN_POINT('Ctrl Pts',(653.050231798463,19.4379496192678,20.1550702052621));
#1178=CARTESIAN_POINT('Ctrl Pts',(653.254364005423,19.0801560980209,20.4941060711617));
#1179=CARTESIAN_POINT('Ctrl Pts',(653.40826950082,18.9144827485445,20.6464024998512));
#1180=CARTESIAN_POINT('Ctrl Pts',(653.763316456333,18.6508369499696,20.884871932177));
#1181=CARTESIAN_POINT('Ctrl Pts',(653.988155807722,18.535290596183,20.9869832333201));
#1182=CARTESIAN_POINT('Ctrl Pts',(654.480890824095,18.3814617885219,21.1218447409466));
#1183=CARTESIAN_POINT('Ctrl Pts',(654.748793706842,18.3433206385075,21.1547296828133));
#1184=CARTESIAN_POINT('Ctrl Pts',(655.00000976026,18.3433206385075,21.1547296828133));
#1185=CARTESIAN_POINT('',(653.000009760261,21.2217110853449,21.2046930049044));
#1186=CARTESIAN_POINT('',(653.000009760261,0.00850904022022152,-0.00850904022022152));
#1187=CARTESIAN_POINT('',(655.000009760261,19.760873099358,22.5722821436637));
#1188=CARTESIAN_POINT('Ctrl Pts',(655.000009760261,19.760873099358,22.5722821436637));
#1189=CARTESIAN_POINT('Ctrl Pts',(654.748805548562,19.760873099358,22.5722821436637));
#1190=CARTESIAN_POINT('Ctrl Pts',(654.480907795001,19.7988347119918,22.5392241976055));
#1191=CARTESIAN_POINT('Ctrl Pts',(653.988169710793,19.9520261807925,22.4037303733934));
#1192=CARTESIAN_POINT('Ctrl Pts',(653.763323099603,20.0671245346683,22.3011687177143));
#1193=CARTESIAN_POINT('Ctrl Pts',(653.408263670916,20.3299382516629,22.0618499524076));
#1194=CARTESIAN_POINT('Ctrl Pts',(653.254356303851,20.4951704635324,21.9091019902884));
#1195=CARTESIAN_POINT('Ctrl Pts',(653.050227313015,20.8523405636703,21.5694379937509));
#1196=CARTESIAN_POINT('Ctrl Pts',(653.000009760261,21.0441559102237,21.3823906790588));
#1197=CARTESIAN_POINT('Ctrl Pts',(653.000009760261,21.2217110853449,21.2046930049044));
#1198=CARTESIAN_POINT('Ctrl Pts',(653.000009760261,21.2217110853448,21.2046930049044));
#1199=CARTESIAN_POINT('Ctrl Pts',(653.000009760261,21.3992699524916,21.0269916357614));
#1200=CARTESIAN_POINT('Ctrl Pts',(653.050229180371,21.5861669078059,20.8350225195828));
#1201=CARTESIAN_POINT('Ctrl Pts',(653.254361307897,21.9255519275909,20.4775715804944));
#1202=CARTESIAN_POINT('Ctrl Pts',(653.408269846402,22.0781713925004,20.3122121587136));
#1203=CARTESIAN_POINT('Ctrl Pts',(653.763328470183,22.3172849515726,20.0491996512054));
#1204=CARTESIAN_POINT('Ctrl Pts',(653.988172695166,22.4197575124509,19.934015082466));
#1205=CARTESIAN_POINT('Ctrl Pts',(654.480907779549,22.5551337423671,19.7807084329465));
#1206=CARTESIAN_POINT('Ctrl Pts',(654.748805019294,22.5881631557006,19.7427179505139));
#1207=CARTESIAN_POINT('Ctrl Pts',(655.251214501227,22.5881631557006,19.7427179505139));
#1208=CARTESIAN_POINT('Ctrl Pts',(655.519111740973,22.5551337423671,19.7807084329465));
#1209=CARTESIAN_POINT('Ctrl Pts',(656.011846825355,22.4197575124509,19.934015082466));
#1210=CARTESIAN_POINT('Ctrl Pts',(656.236691050338,22.3172849515726,20.0491996512054));
#1211=CARTESIAN_POINT('Ctrl Pts',(656.591749674119,22.0781713925004,20.3122121587136));
#1212=CARTESIAN_POINT('Ctrl Pts',(656.745658212624,21.9255519275909,20.4775715804944));
#1213=CARTESIAN_POINT('Ctrl Pts',(656.94979034015,21.5861669078059,20.8350225195828));
#1214=CARTESIAN_POINT('Ctrl Pts',(657.000009760261,21.3992699524916,21.0269916357613));
#1215=CARTESIAN_POINT('Ctrl Pts',(657.000009760261,21.0441559102237,21.3823906790588));
#1216=CARTESIAN_POINT('Ctrl Pts',(656.949792207506,20.8523405636703,21.5694379937509));
#1217=CARTESIAN_POINT('Ctrl Pts',(656.74566321667,20.4951704635324,21.9091019902884));
#1218=CARTESIAN_POINT('Ctrl Pts',(656.591755849605,20.3299382516629,22.0618499524076));
#1219=CARTESIAN_POINT('Ctrl Pts',(656.236696420919,20.0671245346683,22.3011687177143));
#1220=CARTESIAN_POINT('Ctrl Pts',(656.011849809728,19.9520261807925,22.4037303733934));
#1221=CARTESIAN_POINT('Ctrl Pts',(655.51911172552,19.7988347119918,22.5392241976055));
#1222=CARTESIAN_POINT('Ctrl Pts',(655.251213971959,19.760873099358,22.5722821436637));
#1223=CARTESIAN_POINT('Ctrl Pts',(655.000009760261,19.760873099358,22.5722821436637));
#1224=CARTESIAN_POINT('Origin',(655.000009760261,0.,0.));
#1225=CARTESIAN_POINT('',(655.000009760261,-19.7517972429498,22.580224367696));
#1226=CARTESIAN_POINT('',(653.000009760261,-21.2132037516978,21.2132037516978));
#1227=CARTESIAN_POINT('Ctrl Pts',(655.000009760261,-19.7517972429498,22.580224367696));
#1228=CARTESIAN_POINT('Ctrl Pts',(655.251214237607,-19.7517972429498,22.580224367696));
#1229=CARTESIAN_POINT('Ctrl Pts',(655.519111736819,-19.789773290069,22.5471806871847));
#1230=CARTESIAN_POINT('Ctrl Pts',(656.011848329286,-19.9430223516283,22.4117456543493));
#1231=CARTESIAN_POINT('Ctrl Pts',(656.23669375293,-20.0581638158886,22.3092285410856));
#1232=CARTESIAN_POINT('Ctrl Pts',(656.591752773596,-20.3210769299267,22.0700123726553));
#1233=CARTESIAN_POINT('Ctrl Pts',(656.745660720788,-20.4863727412496,21.9173286613971));
#1234=CARTESIAN_POINT('Ctrl Pts',(656.94979127416,-20.8436832525371,21.5778041564116));
#1235=CARTESIAN_POINT('Ctrl Pts',(657.000009760261,-21.0355754811088,21.3908320222867));
#1236=CARTESIAN_POINT('Ctrl Pts',(657.000009760261,-21.3908320222867,21.0355754811088));
#1237=CARTESIAN_POINT('Ctrl Pts',(656.94979127416,-21.5778041564116,20.8436832525371));
#1238=CARTESIAN_POINT('Ctrl Pts',(656.745660720788,-21.9173286613971,20.4863727412496));
#1239=CARTESIAN_POINT('Ctrl Pts',(656.591752773596,-22.0700123726553,20.3210769299267));
#1240=CARTESIAN_POINT('Ctrl Pts',(656.23669375293,-22.3092285410856,20.0581638158886));
#1241=CARTESIAN_POINT('Ctrl Pts',(656.011848329286,-22.4117456543493,19.9430223516283));
#1242=CARTESIAN_POINT('Ctrl Pts',(655.519111736819,-22.5471806871847,19.789773290069));
#1243=CARTESIAN_POINT('Ctrl Pts',(655.251214237607,-22.580224367696,19.7517972429498));
#1244=CARTESIAN_POINT('Ctrl Pts',(654.748805282914,-22.580224367696,19.7517972429498));
#1245=CARTESIAN_POINT('Ctrl Pts',(654.480907783702,-22.5471806871847,19.789773290069));
#1246=CARTESIAN_POINT('Ctrl Pts',(653.988171191235,-22.4117456543493,19.9430223516283));
#1247=CARTESIAN_POINT('Ctrl Pts',(653.763325767591,-22.3092285410856,20.0581638158886));
#1248=CARTESIAN_POINT('Ctrl Pts',(653.408266746925,-22.0700123726553,20.3210769299267));
#1249=CARTESIAN_POINT('Ctrl Pts',(653.254358799733,-21.9173286613971,20.4863727412496));
#1250=CARTESIAN_POINT('Ctrl Pts',(653.050228246361,-21.5778041564116,20.8436832525371));
#1251=CARTESIAN_POINT('Ctrl Pts',(653.000009760261,-21.3908320222867,21.0355754811088));
#1252=CARTESIAN_POINT('Ctrl Pts',(653.000009760261,-21.2132037516978,21.2132037516978));
#1253=CARTESIAN_POINT('Ctrl Pts',(653.000009760261,-21.2132037516978,21.2132037516978));
#1254=CARTESIAN_POINT('Ctrl Pts',(653.000009760261,-21.0355754811088,21.3908320222867));
#1255=CARTESIAN_POINT('Ctrl Pts',(653.050228246361,-20.8436832525371,21.5778041564116));
#1256=CARTESIAN_POINT('Ctrl Pts',(653.254358799733,-20.4863727412496,21.9173286613971));
#1257=CARTESIAN_POINT('Ctrl Pts',(653.408266746925,-20.3210769299267,22.0700123726553));
#1258=CARTESIAN_POINT('Ctrl Pts',(653.763325767591,-20.0581638158886,22.3092285410856));
#1259=CARTESIAN_POINT('Ctrl Pts',(653.988171191235,-19.9430223516283,22.4117456543493));
#1260=CARTESIAN_POINT('Ctrl Pts',(654.480907783702,-19.789773290069,22.5471806871847));
#1261=CARTESIAN_POINT('Ctrl Pts',(654.748805282914,-19.7517972429498,22.580224367696));
#1262=CARTESIAN_POINT('Ctrl Pts',(655.000009760261,-19.7517972429498,22.580224367696));
#1263=CARTESIAN_POINT('',(653.000009760261,-19.7989898732233,19.7989898732233));
#1264=CARTESIAN_POINT('',(653.000009760261,1.73191211247101E-16,1.73191211247101E-16));
#1265=CARTESIAN_POINT('',(655.000009760261,-18.3342040957584,21.1626312205046));
#1266=CARTESIAN_POINT('Ctrl Pts',(655.000009760261,-18.3342040957584,21.1626312205046));
#1267=CARTESIAN_POINT('Ctrl Pts',(654.748793400922,-18.3342040957584,21.1626312205046));
#1268=CARTESIAN_POINT('Ctrl Pts',(654.480890810171,-18.372360736368,21.1297615748677));
#1269=CARTESIAN_POINT('Ctrl Pts',(653.988157506995,-18.5262512524429,20.9949631518197));
#1270=CARTESIAN_POINT('Ctrl Pts',(653.763319519425,-18.6418437677898,20.8928996567453));
#1271=CARTESIAN_POINT('Ctrl Pts',(653.408273032919,-18.9055959824705,20.6545403149374));
#1272=CARTESIAN_POINT('Ctrl Pts',(653.254366871428,-19.0713374708084,20.5023127733732));
#1273=CARTESIAN_POINT('Ctrl Pts',(653.05023287025,-19.4292814977269,20.1634263572471));
#1274=CARTESIAN_POINT('Ctrl Pts',(653.000009760261,-19.6213532386593,19.9766265077874));
#1275=CARTESIAN_POINT('Ctrl Pts',(653.000009760261,-19.7989898732233,19.7989898732233));
#1276=CARTESIAN_POINT('Ctrl Pts',(653.000009760261,-19.7989898732233,19.7989898732233));
#1277=CARTESIAN_POINT('Ctrl Pts',(653.000009760261,-19.9766265077874,19.6213532386593));
#1278=CARTESIAN_POINT('Ctrl Pts',(653.05023287025,-20.1634263572471,19.4292814977269));
#1279=CARTESIAN_POINT('Ctrl Pts',(653.254366871428,-20.5023127733732,19.0713374708084));
#1280=CARTESIAN_POINT('Ctrl Pts',(653.408273032919,-20.6545403149374,18.9055959824705));
#1281=CARTESIAN_POINT('Ctrl Pts',(653.763319519425,-20.8928996567453,18.6418437677898));
#1282=CARTESIAN_POINT('Ctrl Pts',(653.988157506995,-20.9949631518197,18.5262512524429));
#1283=CARTESIAN_POINT('Ctrl Pts',(654.480890810171,-21.1297615748677,18.372360736368));
#1284=CARTESIAN_POINT('Ctrl Pts',(654.748793400922,-21.1626312205046,18.3342040957584));
#1285=CARTESIAN_POINT('Ctrl Pts',(655.251226119599,-21.1626312205046,18.3342040957584));
#1286=CARTESIAN_POINT('Ctrl Pts',(655.519128710351,-21.1297615748677,18.372360736368));
#1287=CARTESIAN_POINT('Ctrl Pts',(656.011862013526,-20.9949631518197,18.5262512524429));
#1288=CARTESIAN_POINT('Ctrl Pts',(656.236700001097,-20.8928996567453,18.6418437677898));
#1289=CARTESIAN_POINT('Ctrl Pts',(656.591746487602,-20.6545403149374,18.9055959824705));
#1290=CARTESIAN_POINT('Ctrl Pts',(656.745652649093,-20.5023127733732,19.0713374708084));
#1291=CARTESIAN_POINT('Ctrl Pts',(656.949786650271,-20.1634263572471,19.4292814977269));
#1292=CARTESIAN_POINT('Ctrl Pts',(657.000009760261,-19.9766265077874,19.6213532386593));
#1293=CARTESIAN_POINT('Ctrl Pts',(657.000009760261,-19.6213532386593,19.9766265077874));
#1294=CARTESIAN_POINT('Ctrl Pts',(656.949786650271,-19.4292814977269,20.1634263572471));
#1295=CARTESIAN_POINT('Ctrl Pts',(656.745652649093,-19.0713374708084,20.5023127733732));
#1296=CARTESIAN_POINT('Ctrl Pts',(656.591746487602,-18.9055959824705,20.6545403149374));
#1297=CARTESIAN_POINT('Ctrl Pts',(656.236700001097,-18.6418437677898,20.8928996567453));
#1298=CARTESIAN_POINT('Ctrl Pts',(656.011862013526,-18.5262512524429,20.9949631518197));
#1299=CARTESIAN_POINT('Ctrl Pts',(655.519128710351,-18.372360736368,21.1297615748677));
#1300=CARTESIAN_POINT('Ctrl Pts',(655.251226119599,-18.3342040957584,21.1626312205046));
#1301=CARTESIAN_POINT('Ctrl Pts',(655.000009760261,-18.3342040957584,21.1626312205046));
#1302=CARTESIAN_POINT('Origin',(655.000009760261,0.,0.));
#1303=CARTESIAN_POINT('',(655.000009760261,21.1626312205046,-18.3342040957584));
#1304=CARTESIAN_POINT('',(653.000009760261,19.7989898732233,-19.7989898732233));
#1305=CARTESIAN_POINT('Ctrl Pts',(655.000009760261,21.1626312205046,-18.3342040957584));
#1306=CARTESIAN_POINT('Ctrl Pts',(655.251226119599,21.1626312205046,-18.3342040957584));
#1307=CARTESIAN_POINT('Ctrl Pts',(655.519128710351,21.1297615748677,-18.372360736368));
#1308=CARTESIAN_POINT('Ctrl Pts',(656.011862013526,20.9949631518197,-18.5262512524429));
#1309=CARTESIAN_POINT('Ctrl Pts',(656.236700001097,20.8928996567453,-18.6418437677898));
#1310=CARTESIAN_POINT('Ctrl Pts',(656.591746487602,20.6545403149374,-18.9055959824705));
#1311=CARTESIAN_POINT('Ctrl Pts',(656.745652649093,20.5023127733732,-19.0713374708084));
#1312=CARTESIAN_POINT('Ctrl Pts',(656.949786650271,20.1634263572471,-19.4292814977269));
#1313=CARTESIAN_POINT('Ctrl Pts',(657.000009760261,19.9766265077874,-19.6213532386593));
#1314=CARTESIAN_POINT('Ctrl Pts',(657.000009760261,19.6213532386593,-19.9766265077874));
#1315=CARTESIAN_POINT('Ctrl Pts',(656.949786650271,19.4292814977269,-20.1634263572471));
#1316=CARTESIAN_POINT('Ctrl Pts',(656.745652649093,19.0713374708084,-20.5023127733732));
#1317=CARTESIAN_POINT('Ctrl Pts',(656.591746487602,18.9055959824705,-20.6545403149374));
#1318=CARTESIAN_POINT('Ctrl Pts',(656.236700001097,18.6418437677898,-20.8928996567453));
#1319=CARTESIAN_POINT('Ctrl Pts',(656.011862013526,18.5262512524429,-20.9949631518197));
#1320=CARTESIAN_POINT('Ctrl Pts',(655.519128710351,18.372360736368,-21.1297615748677));
#1321=CARTESIAN_POINT('Ctrl Pts',(655.251226119599,18.3342040957584,-21.1626312205046));
#1322=CARTESIAN_POINT('Ctrl Pts',(654.748793400922,18.3342040957584,-21.1626312205046));
#1323=CARTESIAN_POINT('Ctrl Pts',(654.480890810171,18.372360736368,-21.1297615748677));
#1324=CARTESIAN_POINT('Ctrl Pts',(653.988157506995,18.5262512524429,-20.9949631518197));
#1325=CARTESIAN_POINT('Ctrl Pts',(653.763319519425,18.6418437677898,-20.8928996567453));
#1326=CARTESIAN_POINT('Ctrl Pts',(653.408273032919,18.9055959824705,-20.6545403149374));
#1327=CARTESIAN_POINT('Ctrl Pts',(653.254366871428,19.0713374708084,-20.5023127733732));
#1328=CARTESIAN_POINT('Ctrl Pts',(653.05023287025,19.4292814977269,-20.1634263572471));
#1329=CARTESIAN_POINT('Ctrl Pts',(653.000009760261,19.6213532386593,-19.9766265077874));
#1330=CARTESIAN_POINT('Ctrl Pts',(653.000009760261,19.7989898732233,-19.7989898732233));
#1331=CARTESIAN_POINT('Ctrl Pts',(653.000009760261,19.7989898732233,-19.7989898732233));
#1332=CARTESIAN_POINT('Ctrl Pts',(653.000009760261,19.9766265077874,-19.6213532386593));
#1333=CARTESIAN_POINT('Ctrl Pts',(653.05023287025,20.1634263572471,-19.4292814977269));
#1334=CARTESIAN_POINT('Ctrl Pts',(653.254366871428,20.5023127733732,-19.0713374708084));
#1335=CARTESIAN_POINT('Ctrl Pts',(653.408273032919,20.6545403149374,-18.9055959824705));
#1336=CARTESIAN_POINT('Ctrl Pts',(653.763319519425,20.8928996567453,-18.6418437677898));
#1337=CARTESIAN_POINT('Ctrl Pts',(653.988157506995,20.9949631518197,-18.5262512524429));
#1338=CARTESIAN_POINT('Ctrl Pts',(654.480890810171,21.1297615748677,-18.372360736368));
#1339=CARTESIAN_POINT('Ctrl Pts',(654.748793400922,21.1626312205046,-18.3342040957584));
#1340=CARTESIAN_POINT('Ctrl Pts',(655.000009760261,21.1626312205046,-18.3342040957584));
#1341=CARTESIAN_POINT('',(653.000009760261,21.2132037516978,-21.2132037516978));
#1342=CARTESIAN_POINT('',(653.000009760261,1.73191211247101E-16,1.73191211247101E-16));
#1343=CARTESIAN_POINT('',(655.000009760261,22.580224367696,-19.7517972429498));
#1344=CARTESIAN_POINT('Ctrl Pts',(655.000009760261,22.580224367696,-19.7517972429498));
#1345=CARTESIAN_POINT('Ctrl Pts',(654.748805282914,22.580224367696,-19.7517972429498));
#1346=CARTESIAN_POINT('Ctrl Pts',(654.480907783702,22.5471806871847,-19.789773290069));
#1347=CARTESIAN_POINT('Ctrl Pts',(653.988171191235,22.4117456543493,-19.9430223516283));
#1348=CARTESIAN_POINT('Ctrl Pts',(653.763325767591,22.3092285410856,-20.0581638158886));
#1349=CARTESIAN_POINT('Ctrl Pts',(653.408266746925,22.0700123726553,-20.3210769299267));
#1350=CARTESIAN_POINT('Ctrl Pts',(653.254358799733,21.9173286613971,-20.4863727412496));
#1351=CARTESIAN_POINT('Ctrl Pts',(653.050228246361,21.5778041564116,-20.8436832525371));
#1352=CARTESIAN_POINT('Ctrl Pts',(653.000009760261,21.3908320222867,-21.0355754811088));
#1353=CARTESIAN_POINT('Ctrl Pts',(653.000009760261,21.2132037516978,-21.2132037516978));
#1354=CARTESIAN_POINT('Ctrl Pts',(653.000009760261,21.2132037516978,-21.2132037516978));
#1355=CARTESIAN_POINT('Ctrl Pts',(653.000009760261,21.0355754811088,-21.3908320222867));
#1356=CARTESIAN_POINT('Ctrl Pts',(653.050228246361,20.8436832525371,-21.5778041564116));
#1357=CARTESIAN_POINT('Ctrl Pts',(653.254358799733,20.4863727412496,-21.9173286613971));
#1358=CARTESIAN_POINT('Ctrl Pts',(653.408266746925,20.3210769299267,-22.0700123726553));
#1359=CARTESIAN_POINT('Ctrl Pts',(653.763325767591,20.0581638158886,-22.3092285410856));
#1360=CARTESIAN_POINT('Ctrl Pts',(653.988171191235,19.9430223516283,-22.4117456543493));
#1361=CARTESIAN_POINT('Ctrl Pts',(654.480907783702,19.789773290069,-22.5471806871847));
#1362=CARTESIAN_POINT('Ctrl Pts',(654.748805282914,19.7517972429498,-22.580224367696));
#1363=CARTESIAN_POINT('Ctrl Pts',(655.251214237607,19.7517972429498,-22.580224367696));
#1364=CARTESIAN_POINT('Ctrl Pts',(655.519111736819,19.789773290069,-22.5471806871847));
#1365=CARTESIAN_POINT('Ctrl Pts',(656.011848329286,19.9430223516283,-22.4117456543493));
#1366=CARTESIAN_POINT('Ctrl Pts',(656.23669375293,20.0581638158886,-22.3092285410856));
#1367=CARTESIAN_POINT('Ctrl Pts',(656.591752773596,20.3210769299267,-22.0700123726553));
#1368=CARTESIAN_POINT('Ctrl Pts',(656.745660720788,20.4863727412496,-21.9173286613971));
#1369=CARTESIAN_POINT('Ctrl Pts',(656.94979127416,20.8436832525371,-21.5778041564116));
#1370=CARTESIAN_POINT('Ctrl Pts',(657.000009760261,21.0355754811088,-21.3908320222867));
#1371=CARTESIAN_POINT('Ctrl Pts',(657.000009760261,21.3908320222867,-21.0355754811088));
#1372=CARTESIAN_POINT('Ctrl Pts',(656.94979127416,21.5778041564116,-20.8436832525371));
#1373=CARTESIAN_POINT('Ctrl Pts',(656.745660720788,21.9173286613971,-20.4863727412496));
#1374=CARTESIAN_POINT('Ctrl Pts',(656.591752773596,22.0700123726553,-20.3210769299267));
#1375=CARTESIAN_POINT('Ctrl Pts',(656.23669375293,22.3092285410856,-20.0581638158886));
#1376=CARTESIAN_POINT('Ctrl Pts',(656.011848329286,22.4117456543493,-19.9430223516283));
#1377=CARTESIAN_POINT('Ctrl Pts',(655.519111736819,22.5471806871847,-19.789773290069));
#1378=CARTESIAN_POINT('Ctrl Pts',(655.251214237607,22.580224367696,-19.7517972429498));
#1379=CARTESIAN_POINT('Ctrl Pts',(655.000009760261,22.580224367696,-19.7517972429498));
#1380=CARTESIAN_POINT('Origin',(449.976174678758,0.00850904022022169,-0.00850904022022169));
#1381=CARTESIAN_POINT('',(449.976174678758,-1.99149095977981,-29.9338268615826));
#1382=CARTESIAN_POINT('',(447.976174678758,0.0085090402202148,-29.9999992403054));
#1383=CARTESIAN_POINT('Ctrl Pts',(449.976174678758,-1.99149095977981,-29.9338268615826));
#1384=CARTESIAN_POINT('Ctrl Pts',(450.227378968473,-1.99149095977981,-29.9338268615826));
#1385=CARTESIAN_POINT('Ctrl Pts',(450.495276648067,-1.94127251318465,-29.9373002212628));
#1386=CARTESIAN_POINT('Ctrl Pts',(450.988014297047,-1.73714143191191,-29.9498384492137));
#1387=CARTESIAN_POINT('Ctrl Pts',(451.212860561564,-1.58323285858345,-29.9587213867149));
#1388=CARTESIAN_POINT('Ctrl Pts',(451.56791986959,-1.22817223682577,-29.9753766600387));
#1389=CARTESIAN_POINT('Ctrl Pts',(451.721827405412,-1.00332643556272,-29.9842308358903));
#1390=CARTESIAN_POINT('Ctrl Pts',(451.925956852701,-0.510590131670957,-29.9966674894584));
#1391=CARTESIAN_POINT('Ctrl Pts',(451.976174678758,-0.242693422921538,-30.000070490036));
#1392=CARTESIAN_POINT('Ctrl Pts',(451.976174678758,0.259715196868762,-29.9999279895273));
#1393=CARTESIAN_POINT('Ctrl Pts',(451.925955532281,0.527613610741593,-29.9963729244551));
#1394=CARTESIAN_POINT('Ctrl Pts',(451.721823867018,1.02035084573235,-29.983656363049));
#1395=CARTESIAN_POINT('Ctrl Pts',(451.567915502863,1.24519600334638,-29.9746743336437));
#1396=CARTESIAN_POINT('Ctrl Pts',(451.21285676399,1.60025341724381,-29.9578170619526));
#1397=CARTESIAN_POINT('Ctrl Pts',(450.988012186776,1.75416055060382,-29.9488464696212));
#1398=CARTESIAN_POINT('Ctrl Pts',(450.495276658993,1.95829042508815,-29.9361918541659));
#1399=CARTESIAN_POINT('Ctrl Pts',(450.227379342722,2.00850904022024,-29.9326897932251));
#1400=CARTESIAN_POINT('Ctrl Pts',(449.724970014794,2.00850904022024,-29.9326897932251));
#1401=CARTESIAN_POINT('Ctrl Pts',(449.457072698523,1.95829042508815,-29.9361918541659));
#1402=CARTESIAN_POINT('Ctrl Pts',(448.96433717074,1.75416055060384,-29.9488464696212));
#1403=CARTESIAN_POINT('Ctrl Pts',(448.739492593526,1.60025341724381,-29.9578170619526));
#1404=CARTESIAN_POINT('Ctrl Pts',(448.384433854653,1.24519600334638,-29.9746743336437));
#1405=CARTESIAN_POINT('Ctrl Pts',(448.230525490498,1.02035084573237,-29.983656363049));
#1406=CARTESIAN_POINT('Ctrl Pts',(448.026393825235,0.527613610741619,-29.9963729244551));
#1407=CARTESIAN_POINT('Ctrl Pts',(447.976174678758,0.259715196868753,-29.9999279895273));
#1408=CARTESIAN_POINT('Ctrl Pts',(447.976174678758,0.008509040220206,-29.9999992403054));
#1409=CARTESIAN_POINT('Ctrl Pts',(447.976174678758,0.00850904022021877,
-29.9999992403054));
#1410=CARTESIAN_POINT('Ctrl Pts',(447.976174678758,-0.242693422921534,-30.000070490036));
#1411=CARTESIAN_POINT('Ctrl Pts',(448.026392504815,-0.510590131670957,-29.9966674894584));
#1412=CARTESIAN_POINT('Ctrl Pts',(448.230521952104,-1.00332643556272,-29.9842308358903));
#1413=CARTESIAN_POINT('Ctrl Pts',(448.384429487926,-1.22817223682577,-29.9753766600387));
#1414=CARTESIAN_POINT('Ctrl Pts',(448.739488795953,-1.58323285858345,-29.9587213867149));
#1415=CARTESIAN_POINT('Ctrl Pts',(448.964335060469,-1.73714143191183,-29.9498384492137));
#1416=CARTESIAN_POINT('Ctrl Pts',(449.457072709449,-1.9412725131846,-29.9373002212628));
#1417=CARTESIAN_POINT('Ctrl Pts',(449.724970389043,-1.99149095977981,-29.9338268615826));
#1418=CARTESIAN_POINT('Ctrl Pts',(449.976174678758,-1.99149095977982,-29.9338268615826));
#1419=CARTESIAN_POINT('',(447.976174678758,0.00850904022021561,-27.9999987070756));
#1420=CARTESIAN_POINT('',(447.976174678758,0.00850904022022145,-0.00850904022022169));
#1421=CARTESIAN_POINT('',(449.976174678758,-1.99149095977981,-27.9290881297101));
#1422=CARTESIAN_POINT('Ctrl Pts',(449.976174678758,-1.99149095977981,-27.9290881297101));
#1423=CARTESIAN_POINT('Ctrl Pts',(449.724958535498,-1.99149095977981,-27.9290881297101));
#1424=CARTESIAN_POINT('Ctrl Pts',(449.457055737667,-1.94126788824816,-27.9328112060736));
#1425=CARTESIAN_POINT('Ctrl Pts',(448.964321221133,-1.73713329228436,-27.9462489574175));
#1426=CARTESIAN_POINT('Ctrl Pts',(448.739482267875,-1.58322642775983,-27.9557684352151));
#1427=CARTESIAN_POINT('Ctrl Pts',(448.384435451053,-1.22817810269684,-27.9736156537066));
#1428=CARTESIAN_POINT('Ctrl Pts',(448.230529761891,-1.0033396726171,-27.9831029435367));
#1429=CARTESIAN_POINT('Ctrl Pts',(448.0263970308,-0.510606670886015,-27.996428730719));
#1430=CARTESIAN_POINT('Ctrl Pts',(447.976174678758,-0.242704977653444,-28.0000750495856));
#1431=CARTESIAN_POINT('Ctrl Pts',(447.976174678758,0.00850904022021518,
-27.9999987070756));
#1432=CARTESIAN_POINT('Ctrl Pts',(447.976174678758,0.00850904022021518,
-27.9999987070756));
#1433=CARTESIAN_POINT('Ctrl Pts',(447.976174678758,0.259727299211664,-27.9999223632767));
#1434=CARTESIAN_POINT('Ctrl Pts',(448.026398547081,0.527630950497679,-27.9961131000564));
#1435=CARTESIAN_POINT('Ctrl Pts',(448.230533825023,1.02036502133263,-27.9824873511088));
#1436=CARTESIAN_POINT('Ctrl Pts',(448.384440465267,1.24520271204777,-27.9728630313059));
#1437=CARTESIAN_POINT('Ctrl Pts',(448.73948662784,1.60024735346775,-27.954799300716));
#1438=CARTESIAN_POINT('Ctrl Pts',(448.964323643336,1.75415256436459,-27.9451858527889));
#1439=CARTESIAN_POINT('Ctrl Pts',(449.457055723764,1.9582857747804,-27.9316233043027));
#1440=CARTESIAN_POINT('Ctrl Pts',(449.724958104497,2.00850904022024,-27.9278694396002));
#1441=CARTESIAN_POINT('Ctrl Pts',(450.227391253019,2.00850904022024,-27.9278694396002));
#1442=CARTESIAN_POINT('Ctrl Pts',(450.495293633753,1.95828577478038,-27.9316233043027));
#1443=CARTESIAN_POINT('Ctrl Pts',(450.98802571418,1.75415256436456,-27.9451858527889));
#1444=CARTESIAN_POINT('Ctrl Pts',(451.212862729676,1.60024735346775,-27.954799300716));
#1445=CARTESIAN_POINT('Ctrl Pts',(451.56790889225,1.24520271204777,-27.9728630313059));
#1446=CARTESIAN_POINT('Ctrl Pts',(451.721815532494,1.02036502133258,-27.9824873511088));
#1447=CARTESIAN_POINT('Ctrl Pts',(451.925950810435,0.527630950497628,-27.9961131000564));
#1448=CARTESIAN_POINT('Ctrl Pts',(451.976174678758,0.259727299211665,-27.9999223632767));
#1449=CARTESIAN_POINT('Ctrl Pts',(451.976174678758,-0.242704977653443,-28.0000750495856));
#1450=CARTESIAN_POINT('Ctrl Pts',(451.925952326717,-0.510606670886015,-27.996428730719));
#1451=CARTESIAN_POINT('Ctrl Pts',(451.721819595625,-1.0033396726171,-27.9831029435367));
#1452=CARTESIAN_POINT('Ctrl Pts',(451.567913906464,-1.22817810269683,-27.9736156537066));
#1453=CARTESIAN_POINT('Ctrl Pts',(451.212867089642,-1.58322642775983,-27.9557684352151));
#1454=CARTESIAN_POINT('Ctrl Pts',(450.988028136383,-1.73713329228436,-27.9462489574175));
#1455=CARTESIAN_POINT('Ctrl Pts',(450.495293619849,-1.94126788824816,-27.9328112060736));
#1456=CARTESIAN_POINT('Ctrl Pts',(450.227390822018,-1.99149095977982,-27.9290881297101));
#1457=CARTESIAN_POINT('Ctrl Pts',(449.976174678758,-1.99149095977982,-27.9290881297101));
#1458=CARTESIAN_POINT('Origin',(449.976174678758,0.00850904022022169,-0.00850904022022169));
#1459=CARTESIAN_POINT('',(449.976174678758,-1.9914909597798,27.9290881297101));
#1460=CARTESIAN_POINT('',(451.976156577715,-2.29601845929049E-9,28.));
#1461=CARTESIAN_POINT('Ctrl Pts',(449.976174678758,-1.9914909597798,27.9290881297101));
#1462=CARTESIAN_POINT('Ctrl Pts',(450.227390822018,-1.9914909597798,27.9290881297101));
#1463=CARTESIAN_POINT('Ctrl Pts',(450.495293619849,-1.94126788824815,27.9328112060736));
#1464=CARTESIAN_POINT('Ctrl Pts',(450.988028136383,-1.73713329228435,27.9462489574175));
#1465=CARTESIAN_POINT('Ctrl Pts',(451.212867089642,-1.58322642775982,27.9557684352151));
#1466=CARTESIAN_POINT('Ctrl Pts',(451.567913906464,-1.22817810269682,27.9736156537066));
#1467=CARTESIAN_POINT('Ctrl Pts',(451.721819595625,-1.00333967261709,27.9831029435367));
#1468=CARTESIAN_POINT('Ctrl Pts',(451.924800795997,-0.513386221158162,27.9963535587795));
#1469=CARTESIAN_POINT('Ctrl Pts',(451.975098266163,-0.248747542735712,27.9999999999592));
#1470=CARTESIAN_POINT('Ctrl Pts',(451.976156577715,-4.59203279568055E-9,
28.));
#1471=CARTESIAN_POINT('',(447.976192779801,-2.29602279609918E-9,28.));
#1472=CARTESIAN_POINT('Ctrl Pts',(447.976192779801,-4.59203633451644E-9,
28.));
#1473=CARTESIAN_POINT('Ctrl Pts',(447.977251091354,-0.248747542735716,27.9999999999592));
#1474=CARTESIAN_POINT('Ctrl Pts',(448.02754856152,-0.513386221158162,27.9963535587795));
#1475=CARTESIAN_POINT('Ctrl Pts',(448.230529761891,-1.00333967261709,27.9831029435367));
#1476=CARTESIAN_POINT('Ctrl Pts',(448.384435451053,-1.22817810269682,27.9736156537066));
#1477=CARTESIAN_POINT('Ctrl Pts',(448.739482267874,-1.58322642775982,27.9557684352151));
#1478=CARTESIAN_POINT('Ctrl Pts',(448.964321221133,-1.73713329228433,27.9462489574175));
#1479=CARTESIAN_POINT('Ctrl Pts',(449.457055737667,-1.94126788824815,27.9328112060736));
#1480=CARTESIAN_POINT('Ctrl Pts',(449.724958535498,-1.9914909597798,27.9290881297101));
#1481=CARTESIAN_POINT('Ctrl Pts',(449.976174678758,-1.9914909597798,27.9290881297101));
#1482=CARTESIAN_POINT('',(447.976174678758,0.00850904022022561,27.9999987070756));
#1483=CARTESIAN_POINT('Ctrl Pts',(447.976174678758,0.00850904022022767,
27.9999987070756));
#1484=CARTESIAN_POINT('Ctrl Pts',(447.976174678758,0.00567479940705827,
27.9999995683852));
#1485=CARTESIAN_POINT('Ctrl Pts',(447.976180703496,0.00283843271202147,
28.0000000000005));
#1486=CARTESIAN_POINT('Ctrl Pts',(447.976192779801,-4.59203701942728E-9,
28.));
#1487=CARTESIAN_POINT('',(447.976174678758,0.00850904022022406,29.9999992403054));
#1488=CARTESIAN_POINT('',(447.976174678758,0.00850904022022145,-0.00850904022022169));
#1489=CARTESIAN_POINT('',(447.976192779801,-2.29608967072324E-9,30.0000004470348));
#1490=CARTESIAN_POINT('Ctrl Pts',(447.976192779801,-4.59217656006942E-9,
30.0000004470348));
#1491=CARTESIAN_POINT('Ctrl Pts',(447.976180703492,0.00283843373728766,
30.0000004470353));
#1492=CARTESIAN_POINT('Ctrl Pts',(447.976174678758,0.00567480043468513,
30.0000000441941));
#1493=CARTESIAN_POINT('Ctrl Pts',(447.976174678758,0.0085090402202286,29.9999992403054));
#1494=CARTESIAN_POINT('',(449.976174678758,-1.99149095977981,29.9338268615826));
#1495=CARTESIAN_POINT('Ctrl Pts',(449.976174678758,-1.99149095977981,29.9338268615826));
#1496=CARTESIAN_POINT('Ctrl Pts',(449.724970389043,-1.99149095977981,29.9338268615826));
#1497=CARTESIAN_POINT('Ctrl Pts',(449.457072709449,-1.94127251318464,29.9373002212628));
#1498=CARTESIAN_POINT('Ctrl Pts',(448.96433506047,-1.73714143191189,29.9498384492137));
#1499=CARTESIAN_POINT('Ctrl Pts',(448.739488795953,-1.58323285858343,29.9587213867149));
#1500=CARTESIAN_POINT('Ctrl Pts',(448.384429487926,-1.22817223682576,29.9753766600387));
#1501=CARTESIAN_POINT('Ctrl Pts',(448.230521952104,-1.00332643556271,29.9842308358903));
#1502=CARTESIAN_POINT('Ctrl Pts',(448.02754406956,-0.513369827416768,29.9965973299984));
#1503=CARTESIAN_POINT('Ctrl Pts',(447.977251042891,-0.248736151967973,30.0000004469968));
#1504=CARTESIAN_POINT('Ctrl Pts',(447.976192779801,-4.59218767179248E-9,
30.0000004470348));
#1505=CARTESIAN_POINT('',(451.976156577715,-2.29609078094626E-9,30.0000004470348));
#1506=CARTESIAN_POINT('Ctrl Pts',(451.976156577715,-4.59217823489677E-9,
30.0000004470348));
#1507=CARTESIAN_POINT('Ctrl Pts',(451.975098314625,-0.248736151967964,30.0000004469968));
#1508=CARTESIAN_POINT('Ctrl Pts',(451.924805287956,-0.513369827416768,29.9965973299984));
#1509=CARTESIAN_POINT('Ctrl Pts',(451.721827405412,-1.00332643556271,29.9842308358903));
#1510=CARTESIAN_POINT('Ctrl Pts',(451.56791986959,-1.22817223682576,29.9753766600387));
#1511=CARTESIAN_POINT('Ctrl Pts',(451.212860561564,-1.58323285858343,29.9587213867149));
#1512=CARTESIAN_POINT('Ctrl Pts',(450.988014297047,-1.73714143191189,29.9498384492137));
#1513=CARTESIAN_POINT('Ctrl Pts',(450.495276648067,-1.94127251318462,29.9373002212628));
#1514=CARTESIAN_POINT('Ctrl Pts',(450.227378968473,-1.9914909597798,29.9338268615826));
#1515=CARTESIAN_POINT('Ctrl Pts',(449.976174678758,-1.9914909597798,29.9338268615826));
#1516=CARTESIAN_POINT('Ctrl Pts',(447.976174678758,0.00850904022021995,
29.9999992403054));
#1517=CARTESIAN_POINT('Ctrl Pts',(447.976174678758,0.259715196868767,29.9999279895273));
#1518=CARTESIAN_POINT('Ctrl Pts',(448.026393825235,0.527613610741632,29.9963729244551));
#1519=CARTESIAN_POINT('Ctrl Pts',(448.230525490498,1.02035084573239,29.983656363049));
#1520=CARTESIAN_POINT('Ctrl Pts',(448.384433854653,1.24519600334639,29.9746743336437));
#1521=CARTESIAN_POINT('Ctrl Pts',(448.739492593526,1.60025341724382,29.9578170619526));
#1522=CARTESIAN_POINT('Ctrl Pts',(448.96433717074,1.7541605506039,29.9488464696212));
#1523=CARTESIAN_POINT('Ctrl Pts',(449.457072698523,1.95829042508818,29.9361918541659));
#1524=CARTESIAN_POINT('Ctrl Pts',(449.724970014794,2.00850904022026,29.9326897932251));
#1525=CARTESIAN_POINT('Ctrl Pts',(450.227379342722,2.00850904022026,29.9326897932251));
#1526=CARTESIAN_POINT('Ctrl Pts',(450.495276658993,1.95829042508817,29.9361918541659));
#1527=CARTESIAN_POINT('Ctrl Pts',(450.988012186776,1.75416055060385,29.9488464696212));
#1528=CARTESIAN_POINT('Ctrl Pts',(451.21285676399,1.60025341724382,29.9578170619526));
#1529=CARTESIAN_POINT('Ctrl Pts',(451.567915502863,1.24519600334639,29.9746743336437));
#1530=CARTESIAN_POINT('Ctrl Pts',(451.721823867018,1.02035084573239,29.983656363049));
#1531=CARTESIAN_POINT('Ctrl Pts',(451.925955532281,0.527613610741632,29.9963729244551));
#1532=CARTESIAN_POINT('Ctrl Pts',(451.976174678758,0.259715196868775,29.9999279895273));
#1533=CARTESIAN_POINT('Ctrl Pts',(451.976174678758,0.00567480043468502,
30.0000000441941));
#1534=CARTESIAN_POINT('Ctrl Pts',(451.976168654024,0.00283843373728754,
30.0000004470353));
#1535=CARTESIAN_POINT('Ctrl Pts',(451.976156577715,-4.59217668397465E-9,
30.0000004470348));
#1536=CARTESIAN_POINT('Ctrl Pts',(451.976156577715,-4.59203684012537E-9,
28.));
#1537=CARTESIAN_POINT('Ctrl Pts',(451.97616865402,0.00283843271202184,28.0000000000005));
#1538=CARTESIAN_POINT('Ctrl Pts',(451.976174678758,0.00567479940705882,
27.9999995683852));
#1539=CARTESIAN_POINT('Ctrl Pts',(451.976174678758,0.259727299211677,27.9999223632767));
#1540=CARTESIAN_POINT('Ctrl Pts',(451.925950810435,0.52763095049764,27.9961131000564));
#1541=CARTESIAN_POINT('Ctrl Pts',(451.721815532494,1.02036502133259,27.9824873511088));
#1542=CARTESIAN_POINT('Ctrl Pts',(451.56790889225,1.24520271204778,27.9728630313059));
#1543=CARTESIAN_POINT('Ctrl Pts',(451.212862729676,1.60024735346776,27.954799300716));
#1544=CARTESIAN_POINT('Ctrl Pts',(450.98802571418,1.75415256436457,27.945185852789));
#1545=CARTESIAN_POINT('Ctrl Pts',(450.495293633753,1.95828577478039,27.9316233043027));
#1546=CARTESIAN_POINT('Ctrl Pts',(450.227391253019,2.00850904022026,27.9278694396002));
#1547=CARTESIAN_POINT('Ctrl Pts',(449.724958104497,2.00850904022026,27.9278694396002));
#1548=CARTESIAN_POINT('Ctrl Pts',(449.457055723764,1.95828577478041,27.9316233043027));
#1549=CARTESIAN_POINT('Ctrl Pts',(448.964323643336,1.75415256436461,27.9451858527889));
#1550=CARTESIAN_POINT('Ctrl Pts',(448.73948662784,1.60024735346776,27.954799300716));
#1551=CARTESIAN_POINT('Ctrl Pts',(448.384440465267,1.24520271204778,27.9728630313059));
#1552=CARTESIAN_POINT('Ctrl Pts',(448.230533825023,1.02036502133259,27.9824873511088));
#1553=CARTESIAN_POINT('Ctrl Pts',(448.026398547081,0.527630950497639,27.9961131000564));
#1554=CARTESIAN_POINT('Ctrl Pts',(447.976174678758,0.259727299211678,27.9999223632767));
#1555=CARTESIAN_POINT('Ctrl Pts',(447.976174678758,0.00850904022022952,
27.9999987070756));
#1556=CARTESIAN_POINT('Origin',(470.000007003546,0.00850904022022169,-0.00850904022022169));
#1557=CARTESIAN_POINT('',(470.000007003546,-1.99149095977981,-29.9338268615826));
#1558=CARTESIAN_POINT('',(468.000007003546,0.00850904022021702,-29.9999992403054));
#1559=CARTESIAN_POINT('Ctrl Pts',(470.000007003546,-1.99149095977981,-29.9338268615826));
#1560=CARTESIAN_POINT('Ctrl Pts',(470.251211293261,-1.99149095977981,-29.9338268615826));
#1561=CARTESIAN_POINT('Ctrl Pts',(470.519108972855,-1.94127251318465,-29.9373002212628));
#1562=CARTESIAN_POINT('Ctrl Pts',(471.011846621834,-1.73714143191191,-29.9498384492137));
#1563=CARTESIAN_POINT('Ctrl Pts',(471.236692886351,-1.58323285858345,-29.9587213867149));
#1564=CARTESIAN_POINT('Ctrl Pts',(471.591752194378,-1.22817223682577,-29.9753766600387));
#1565=CARTESIAN_POINT('Ctrl Pts',(471.7456597302,-1.00332643556272,-29.9842308358903));
#1566=CARTESIAN_POINT('Ctrl Pts',(471.949789177489,-0.510590131670957,-29.9966674894584));
#1567=CARTESIAN_POINT('Ctrl Pts',(472.000007003546,-0.242693422921538,-30.000070490036));
#1568=CARTESIAN_POINT('Ctrl Pts',(472.000007003546,0.259715196868762,-29.9999279895273));
#1569=CARTESIAN_POINT('Ctrl Pts',(471.949787857069,0.527613610741593,-29.9963729244551));
#1570=CARTESIAN_POINT('Ctrl Pts',(471.745656191805,1.02035084573235,-29.983656363049));
#1571=CARTESIAN_POINT('Ctrl Pts',(471.59174782765,1.24519600334638,-29.9746743336437));
#1572=CARTESIAN_POINT('Ctrl Pts',(471.236689088778,1.60025341724381,-29.9578170619526));
#1573=CARTESIAN_POINT('Ctrl Pts',(471.011844511564,1.75416055060382,-29.9488464696212));
#1574=CARTESIAN_POINT('Ctrl Pts',(470.519108983781,1.95829042508815,-29.9361918541659));
#1575=CARTESIAN_POINT('Ctrl Pts',(470.25121166751,2.00850904022024,-29.9326897932251));
#1576=CARTESIAN_POINT('Ctrl Pts',(469.748802339581,2.00850904022024,-29.9326897932251));
#1577=CARTESIAN_POINT('Ctrl Pts',(469.48090502331,1.95829042508815,-29.9361918541659));
#1578=CARTESIAN_POINT('Ctrl Pts',(468.988169495528,1.75416055060384,-29.9488464696212));
#1579=CARTESIAN_POINT('Ctrl Pts',(468.763324918314,1.60025341724381,-29.9578170619526));
#1580=CARTESIAN_POINT('Ctrl Pts',(468.408266179441,1.24519600334638,-29.9746743336437));
#1581=CARTESIAN_POINT('Ctrl Pts',(468.254357815286,1.02035084573237,-29.983656363049));
#1582=CARTESIAN_POINT('Ctrl Pts',(468.050226150023,0.527613610741619,-29.9963729244551));
#1583=CARTESIAN_POINT('Ctrl Pts',(468.000007003546,0.259715196868763,-29.9999279895273));
#1584=CARTESIAN_POINT('Ctrl Pts',(468.000007003546,0.00850904022021579,
-29.9999992403054));
#1585=CARTESIAN_POINT('Ctrl Pts',(468.000007003546,0.00850904022021905,
-29.9999992403054));
#1586=CARTESIAN_POINT('Ctrl Pts',(468.000007003546,-0.242693422921534,-30.000070490036));
#1587=CARTESIAN_POINT('Ctrl Pts',(468.050224829602,-0.510590131670957,-29.9966674894584));
#1588=CARTESIAN_POINT('Ctrl Pts',(468.254354276892,-1.00332643556272,-29.9842308358903));
#1589=CARTESIAN_POINT('Ctrl Pts',(468.408261812713,-1.22817223682577,-29.9753766600387));
#1590=CARTESIAN_POINT('Ctrl Pts',(468.76332112074,-1.58323285858345,-29.9587213867149));
#1591=CARTESIAN_POINT('Ctrl Pts',(468.988167385257,-1.73714143191183,-29.9498384492137));
#1592=CARTESIAN_POINT('Ctrl Pts',(469.480905034237,-1.9412725131846,-29.9373002212628));
#1593=CARTESIAN_POINT('Ctrl Pts',(469.748802713831,-1.99149095977982,-29.9338268615826));
#1594=CARTESIAN_POINT('Ctrl Pts',(470.000007003546,-1.99149095977982,-29.9338268615826));
#1595=CARTESIAN_POINT('',(468.000007003546,0.00850904022021593,-27.9999987070756));
#1596=CARTESIAN_POINT('',(468.000007003546,0.00850904022022145,-0.00850904022022169));
#1597=CARTESIAN_POINT('',(470.000007003546,-1.99149095977982,-27.9290881297101));
#1598=CARTESIAN_POINT('Ctrl Pts',(470.000007003546,-1.99149095977982,-27.9290881297101));
#1599=CARTESIAN_POINT('Ctrl Pts',(469.748790860286,-1.99149095977982,-27.9290881297101));
#1600=CARTESIAN_POINT('Ctrl Pts',(469.480888062454,-1.94126788824816,-27.9328112060736));
#1601=CARTESIAN_POINT('Ctrl Pts',(468.988153545921,-1.73713329228436,-27.9462489574175));
#1602=CARTESIAN_POINT('Ctrl Pts',(468.763314592662,-1.58322642775983,-27.9557684352151));
#1603=CARTESIAN_POINT('Ctrl Pts',(468.40826777584,-1.22817810269684,-27.9736156537066));
#1604=CARTESIAN_POINT('Ctrl Pts',(468.254362086679,-1.0033396726171,-27.9831029435367));
#1605=CARTESIAN_POINT('Ctrl Pts',(468.050229355587,-0.510606670886015,-27.996428730719));
#1606=CARTESIAN_POINT('Ctrl Pts',(468.000007003546,-0.242704977653446,-28.0000750495856));
#1607=CARTESIAN_POINT('Ctrl Pts',(468.000007003546,0.00850904022021294,
-27.9999987070756));
#1608=CARTESIAN_POINT('Ctrl Pts',(468.000007003546,0.00850904022021662,
-27.9999987070756));
#1609=CARTESIAN_POINT('Ctrl Pts',(468.000007003546,0.259727299211666,-27.9999223632767));
#1610=CARTESIAN_POINT('Ctrl Pts',(468.050230871869,0.527630950497679,-27.9961131000564));
#1611=CARTESIAN_POINT('Ctrl Pts',(468.25436614981,1.02036502133263,-27.9824873511088));
#1612=CARTESIAN_POINT('Ctrl Pts',(468.408272790054,1.24520271204777,-27.9728630313059));
#1613=CARTESIAN_POINT('Ctrl Pts',(468.763318952628,1.60024735346775,-27.954799300716));
#1614=CARTESIAN_POINT('Ctrl Pts',(468.988155968124,1.75415256436459,-27.9451858527889));
#1615=CARTESIAN_POINT('Ctrl Pts',(469.480888048551,1.9582857747804,-27.9316233043027));
#1616=CARTESIAN_POINT('Ctrl Pts',(469.748790429285,2.00850904022024,-27.9278694396002));
#1617=CARTESIAN_POINT('Ctrl Pts',(470.251223577807,2.00850904022024,-27.9278694396002));
#1618=CARTESIAN_POINT('Ctrl Pts',(470.51912595854,1.95828577478038,-27.9316233043027));
#1619=CARTESIAN_POINT('Ctrl Pts',(471.011858038968,1.75415256436456,-27.9451858527889));
#1620=CARTESIAN_POINT('Ctrl Pts',(471.236695054464,1.60024735346775,-27.954799300716));
#1621=CARTESIAN_POINT('Ctrl Pts',(471.591741217037,1.24520271204777,-27.9728630313059));
#1622=CARTESIAN_POINT('Ctrl Pts',(471.745647857281,1.02036502133258,-27.9824873511088));
#1623=CARTESIAN_POINT('Ctrl Pts',(471.949783135223,0.527630950497628,-27.9961131000564));
#1624=CARTESIAN_POINT('Ctrl Pts',(472.000007003546,0.259727299211665,-27.9999223632767));
#1625=CARTESIAN_POINT('Ctrl Pts',(472.000007003546,-0.242704977653443,-28.0000750495856));
#1626=CARTESIAN_POINT('Ctrl Pts',(471.949784651504,-0.510606670886015,-27.996428730719));
#1627=CARTESIAN_POINT('Ctrl Pts',(471.745651920413,-1.0033396726171,-27.9831029435367));
#1628=CARTESIAN_POINT('Ctrl Pts',(471.591746231251,-1.22817810269683,-27.9736156537066));
#1629=CARTESIAN_POINT('Ctrl Pts',(471.236699414429,-1.58322642775983,-27.9557684352151));
#1630=CARTESIAN_POINT('Ctrl Pts',(471.011860461171,-1.73713329228436,-27.9462489574175));
#1631=CARTESIAN_POINT('Ctrl Pts',(470.519125944637,-1.94126788824816,-27.9328112060736));
#1632=CARTESIAN_POINT('Ctrl Pts',(470.251223146806,-1.99149095977981,-27.9290881297101));
#1633=CARTESIAN_POINT('Ctrl Pts',(470.000007003546,-1.99149095977981,-27.9290881297101));
#1634=CARTESIAN_POINT('Origin',(470.000007003546,0.00850904022022169,-0.00850904022022169));
#1635=CARTESIAN_POINT('',(470.000007003546,-1.99149095977981,27.9290881297101));
#1636=CARTESIAN_POINT('',(471.999988902503,-2.29601526739929E-9,28.));
#1637=CARTESIAN_POINT('Ctrl Pts',(470.000007003546,-1.99149095977981,27.9290881297101));
#1638=CARTESIAN_POINT('Ctrl Pts',(470.251223146806,-1.99149095977981,27.9290881297101));
#1639=CARTESIAN_POINT('Ctrl Pts',(470.519125944637,-1.94126788824815,27.9328112060736));
#1640=CARTESIAN_POINT('Ctrl Pts',(471.011860461171,-1.73713329228435,27.9462489574175));
#1641=CARTESIAN_POINT('Ctrl Pts',(471.236699414429,-1.58322642775982,27.9557684352151));
#1642=CARTESIAN_POINT('Ctrl Pts',(471.591746231251,-1.22817810269682,27.9736156537066));
#1643=CARTESIAN_POINT('Ctrl Pts',(471.745651920413,-1.00333967261709,27.9831029435367));
#1644=CARTESIAN_POINT('Ctrl Pts',(471.948633120784,-0.513386221158162,27.9963535587795));
#1645=CARTESIAN_POINT('Ctrl Pts',(471.99893059095,-0.248747542735713,27.9999999999592));
#1646=CARTESIAN_POINT('Ctrl Pts',(471.999988902503,-4.59203348956994E-9,
28.));
#1647=CARTESIAN_POINT('',(468.000025104589,-2.29602182465403E-9,28.));
#1648=CARTESIAN_POINT('Ctrl Pts',(468.000025104589,-4.59203702840583E-9,
28.));
#1649=CARTESIAN_POINT('Ctrl Pts',(468.001083416141,-0.248747542735716,27.9999999999592));
#1650=CARTESIAN_POINT('Ctrl Pts',(468.051380886307,-0.513386221158162,27.9963535587795));
#1651=CARTESIAN_POINT('Ctrl Pts',(468.254362086679,-1.00333967261709,27.9831029435367));
#1652=CARTESIAN_POINT('Ctrl Pts',(468.40826777584,-1.22817810269682,27.9736156537066));
#1653=CARTESIAN_POINT('Ctrl Pts',(468.763314592662,-1.58322642775982,27.9557684352151));
#1654=CARTESIAN_POINT('Ctrl Pts',(468.988153545921,-1.73713329228433,27.9462489574175));
#1655=CARTESIAN_POINT('Ctrl Pts',(469.480888062454,-1.94126788824815,27.9328112060736));
#1656=CARTESIAN_POINT('Ctrl Pts',(469.748790860286,-1.99149095977981,27.9290881297101));
#1657=CARTESIAN_POINT('Ctrl Pts',(470.000007003546,-1.99149095977981,27.9290881297101));
#1658=CARTESIAN_POINT('',(468.000007003546,0.00850904022022593,27.9999987070756));
#1659=CARTESIAN_POINT('Ctrl Pts',(468.000007003546,0.00850904022022767,
27.9999987070756));
#1660=CARTESIAN_POINT('Ctrl Pts',(468.000007003546,0.00567479940705827,
27.9999995683852));
#1661=CARTESIAN_POINT('Ctrl Pts',(468.000013028284,0.00283843271202147,
28.0000000000005));
#1662=CARTESIAN_POINT('Ctrl Pts',(468.000025104589,-4.59203701911895E-9,
28.));
#1663=CARTESIAN_POINT('',(468.000007003546,0.00850904022022812,29.9999992403054));
#1664=CARTESIAN_POINT('',(468.000007003546,0.00850904022022145,-0.00850904022022169));
#1665=CARTESIAN_POINT('',(468.000025104589,-2.29608842172234E-9,30.0000004470348));
#1666=CARTESIAN_POINT('Ctrl Pts',(468.000025104589,-4.59217679723799E-9,
30.0000004470348));
#1667=CARTESIAN_POINT('Ctrl Pts',(468.00001302828,0.00283843373728762,30.0000004470353));
#1668=CARTESIAN_POINT('Ctrl Pts',(468.000007003546,0.00567480043468494,
30.0000000441941));
#1669=CARTESIAN_POINT('Ctrl Pts',(468.000007003546,0.0085090402202286,29.9999992403054));
#1670=CARTESIAN_POINT('',(470.000007003546,-1.9914909597798,29.9338268615826));
#1671=CARTESIAN_POINT('Ctrl Pts',(470.000007003546,-1.9914909597798,29.9338268615826));
#1672=CARTESIAN_POINT('Ctrl Pts',(469.748802713831,-1.9914909597798,29.9338268615826));
#1673=CARTESIAN_POINT('Ctrl Pts',(469.480905034237,-1.94127251318464,29.9373002212628));
#1674=CARTESIAN_POINT('Ctrl Pts',(468.988167385257,-1.73714143191189,29.9498384492137));
#1675=CARTESIAN_POINT('Ctrl Pts',(468.76332112074,-1.58323285858343,29.9587213867149));
#1676=CARTESIAN_POINT('Ctrl Pts',(468.408261812713,-1.22817223682576,29.9753766600387));
#1677=CARTESIAN_POINT('Ctrl Pts',(468.254354276892,-1.00332643556271,29.9842308358903));
#1678=CARTESIAN_POINT('Ctrl Pts',(468.051376394348,-0.513369827416768,29.9965973299984));
#1679=CARTESIAN_POINT('Ctrl Pts',(468.001083367679,-0.248736151967965,30.0000004469968));
#1680=CARTESIAN_POINT('Ctrl Pts',(468.000025104589,-4.59218010839813E-9,
30.0000004470348));
#1681=CARTESIAN_POINT('',(471.999988902503,-2.29609150953012E-9,30.0000004470348));
#1682=CARTESIAN_POINT('Ctrl Pts',(471.999988902503,-4.592174557283E-9,30.0000004470348));
#1683=CARTESIAN_POINT('Ctrl Pts',(471.998930639413,-0.24873615196796,30.0000004469968));
#1684=CARTESIAN_POINT('Ctrl Pts',(471.948637612744,-0.513369827416768,29.9965973299984));
#1685=CARTESIAN_POINT('Ctrl Pts',(471.7456597302,-1.00332643556271,29.9842308358903));
#1686=CARTESIAN_POINT('Ctrl Pts',(471.591752194378,-1.22817223682576,29.9753766600387));
#1687=CARTESIAN_POINT('Ctrl Pts',(471.236692886351,-1.58323285858343,29.9587213867149));
#1688=CARTESIAN_POINT('Ctrl Pts',(471.011846621834,-1.73714143191189,29.9498384492137));
#1689=CARTESIAN_POINT('Ctrl Pts',(470.519108972855,-1.94127251318462,29.9373002212628));
#1690=CARTESIAN_POINT('Ctrl Pts',(470.251211293261,-1.99149095977979,29.9338268615826));
#1691=CARTESIAN_POINT('Ctrl Pts',(470.000007003546,-1.99149095977979,29.9338268615826));
#1692=CARTESIAN_POINT('Ctrl Pts',(468.000007003546,0.00850904022022737,
29.9999992403054));
#1693=CARTESIAN_POINT('Ctrl Pts',(468.000007003546,0.259715196868774,29.9999279895273));
#1694=CARTESIAN_POINT('Ctrl Pts',(468.050226150023,0.527613610741632,29.9963729244551));
#1695=CARTESIAN_POINT('Ctrl Pts',(468.254357815286,1.02035084573239,29.983656363049));
#1696=CARTESIAN_POINT('Ctrl Pts',(468.408266179441,1.24519600334639,29.9746743336437));
#1697=CARTESIAN_POINT('Ctrl Pts',(468.763324918314,1.60025341724382,29.9578170619526));
#1698=CARTESIAN_POINT('Ctrl Pts',(468.988169495528,1.7541605506039,29.9488464696212));
#1699=CARTESIAN_POINT('Ctrl Pts',(469.480905023311,1.95829042508818,29.9361918541659));
#1700=CARTESIAN_POINT('Ctrl Pts',(469.748802339581,2.00850904022026,29.9326897932251));
#1701=CARTESIAN_POINT('Ctrl Pts',(470.25121166751,2.00850904022026,29.9326897932251));
#1702=CARTESIAN_POINT('Ctrl Pts',(470.519108983781,1.95829042508817,29.9361918541659));
#1703=CARTESIAN_POINT('Ctrl Pts',(471.011844511564,1.75416055060385,29.9488464696212));
#1704=CARTESIAN_POINT('Ctrl Pts',(471.236689088778,1.60025341724382,29.9578170619526));
#1705=CARTESIAN_POINT('Ctrl Pts',(471.59174782765,1.24519600334639,29.9746743336437));
#1706=CARTESIAN_POINT('Ctrl Pts',(471.745656191805,1.02035084573239,29.983656363049));
#1707=CARTESIAN_POINT('Ctrl Pts',(471.949787857069,0.527613610741632,29.9963729244551));
#1708=CARTESIAN_POINT('Ctrl Pts',(472.000007003546,0.259715196868775,29.9999279895273));
#1709=CARTESIAN_POINT('Ctrl Pts',(472.000007003546,0.00567480043468502,
30.0000000441941));
#1710=CARTESIAN_POINT('Ctrl Pts',(472.000000978812,0.00283843373728754,
30.0000004470353));
#1711=CARTESIAN_POINT('Ctrl Pts',(471.999988902503,-4.59217700316314E-9,
30.0000004470348));
#1712=CARTESIAN_POINT('Ctrl Pts',(471.999988902503,-4.59203684012537E-9,
28.));
#1713=CARTESIAN_POINT('Ctrl Pts',(472.000000978807,0.00283843271202184,
28.0000000000005));
#1714=CARTESIAN_POINT('Ctrl Pts',(472.000007003546,0.00567479940705882,
27.9999995683852));
#1715=CARTESIAN_POINT('Ctrl Pts',(472.000007003546,0.259727299211677,27.9999223632767));
#1716=CARTESIAN_POINT('Ctrl Pts',(471.949783135223,0.52763095049764,27.9961131000564));
#1717=CARTESIAN_POINT('Ctrl Pts',(471.745647857281,1.02036502133259,27.9824873511088));
#1718=CARTESIAN_POINT('Ctrl Pts',(471.591741217037,1.24520271204778,27.9728630313059));
#1719=CARTESIAN_POINT('Ctrl Pts',(471.236695054464,1.60024735346776,27.954799300716));
#1720=CARTESIAN_POINT('Ctrl Pts',(471.011858038968,1.75415256436457,27.945185852789));
#1721=CARTESIAN_POINT('Ctrl Pts',(470.51912595854,1.95828577478039,27.9316233043027));
#1722=CARTESIAN_POINT('Ctrl Pts',(470.251223577807,2.00850904022026,27.9278694396002));
#1723=CARTESIAN_POINT('Ctrl Pts',(469.748790429285,2.00850904022026,27.9278694396002));
#1724=CARTESIAN_POINT('Ctrl Pts',(469.480888048551,1.95828577478041,27.9316233043027));
#1725=CARTESIAN_POINT('Ctrl Pts',(468.988155968124,1.75415256436461,27.9451858527889));
#1726=CARTESIAN_POINT('Ctrl Pts',(468.763318952628,1.60024735346776,27.954799300716));
#1727=CARTESIAN_POINT('Ctrl Pts',(468.408272790054,1.24520271204778,27.9728630313059));
#1728=CARTESIAN_POINT('Ctrl Pts',(468.25436614981,1.02036502133259,27.9824873511088));
#1729=CARTESIAN_POINT('Ctrl Pts',(468.050230871869,0.527630950497639,27.9961131000564));
#1730=CARTESIAN_POINT('Ctrl Pts',(468.000007003546,0.259727299211676,27.9999223632767));
#1731=CARTESIAN_POINT('Ctrl Pts',(468.000007003546,0.00850904022022696,
27.9999987070756));
#1732=CARTESIAN_POINT('Origin',(449.976174678758,0.,0.));
#1733=CARTESIAN_POINT('',(449.976174678758,-29.9332595422231,2.00000000000003));
#1734=CARTESIAN_POINT('',(447.976174678758,-30.0000004470348,2.44929359829474E-16));
#1735=CARTESIAN_POINT('Ctrl Pts',(449.976174678758,-29.9332595422231,2.00000000000003));
#1736=CARTESIAN_POINT('Ctrl Pts',(450.227379156105,-29.9332595422231,2.00000000000003));
#1737=CARTESIAN_POINT('Ctrl Pts',(450.495276655317,-29.9367472520989,1.94978146899447));
#1738=CARTESIAN_POINT('Ctrl Pts',(450.988013247784,-29.9493436726098,1.74565098822718));
#1739=CARTESIAN_POINT('Ctrl Pts',(451.212858671428,-29.9582704368075,1.59174313207657));
#1740=CARTESIAN_POINT('Ctrl Pts',(451.567917692093,-29.9750267077402,1.23668411141089));
#1741=CARTESIAN_POINT('Ctrl Pts',(451.721825639285,-29.983944809221,1.01183863471539));
#1742=CARTESIAN_POINT('Ctrl Pts',(451.925956192657,-29.9965214148873,0.519101869340458));
#1743=CARTESIAN_POINT('Ctrl Pts',(451.976174678758,-30.0000004470348,0.251204309327768));
#1744=CARTESIAN_POINT('Ctrl Pts',(451.976174678758,-30.0000004470348,-0.251204309327768));
#1745=CARTESIAN_POINT('Ctrl Pts',(451.925956192657,-29.9965214148873,-0.519101869340458));
#1746=CARTESIAN_POINT('Ctrl Pts',(451.721825639285,-29.983944809221,-1.01183863471539));
#1747=CARTESIAN_POINT('Ctrl Pts',(451.567917692093,-29.9750267077402,-1.23668411141089));
#1748=CARTESIAN_POINT('Ctrl Pts',(451.212858671428,-29.9582704368075,-1.59174313207657));
#1749=CARTESIAN_POINT('Ctrl Pts',(450.988013247784,-29.9493436726098,-1.74565098822718));
#1750=CARTESIAN_POINT('Ctrl Pts',(450.495276655317,-29.9367472520989,-1.94978146899447));
#1751=CARTESIAN_POINT('Ctrl Pts',(450.227379156105,-29.9332595422231,-2.00000000000003));
#1752=CARTESIAN_POINT('Ctrl Pts',(449.724970201411,-29.9332595422231,-2.00000000000003));
#1753=CARTESIAN_POINT('Ctrl Pts',(449.4570727022,-29.9367472520989,-1.94978146899447));
#1754=CARTESIAN_POINT('Ctrl Pts',(448.964336109733,-29.9493436726098,-1.74565098822718));
#1755=CARTESIAN_POINT('Ctrl Pts',(448.739490686089,-29.9582704368075,-1.59174313207657));
#1756=CARTESIAN_POINT('Ctrl Pts',(448.384431665423,-29.9750267077402,-1.23668411141089));
#1757=CARTESIAN_POINT('Ctrl Pts',(448.230523718231,-29.983944809221,-1.01183863471539));
#1758=CARTESIAN_POINT('Ctrl Pts',(448.026393164859,-29.9965214148873,-0.519101869340458));
#1759=CARTESIAN_POINT('Ctrl Pts',(447.976174678758,-30.0000004470348,-0.251204309327767));
#1760=CARTESIAN_POINT('Ctrl Pts',(447.976174678758,-30.0000004470348,1.04083408558608E-15));
#1761=CARTESIAN_POINT('Ctrl Pts',(447.976174678758,-30.0000004470348,-1.52655665885959E-15));
#1762=CARTESIAN_POINT('Ctrl Pts',(447.976174678758,-30.0000004470348,0.251204309327767));
#1763=CARTESIAN_POINT('Ctrl Pts',(448.026393164859,-29.9965214148873,0.519101869340457));
#1764=CARTESIAN_POINT('Ctrl Pts',(448.230523718231,-29.983944809221,1.01183863471539));
#1765=CARTESIAN_POINT('Ctrl Pts',(448.384431665423,-29.9750267077402,1.23668411141089));
#1766=CARTESIAN_POINT('Ctrl Pts',(448.739490686089,-29.9582704368075,1.59174313207657));
#1767=CARTESIAN_POINT('Ctrl Pts',(448.964336109733,-29.9493436726098,1.74565098822718));
#1768=CARTESIAN_POINT('Ctrl Pts',(449.4570727022,-29.9367472520989,1.94978146899447));
#1769=CARTESIAN_POINT('Ctrl Pts',(449.724970201411,-29.9332595422231,2.00000000000003));
#1770=CARTESIAN_POINT('Ctrl Pts',(449.976174678758,-29.9332595422231,2.00000000000003));
#1771=CARTESIAN_POINT('',(447.976174678758,-28.,-2.15002307361488E-15));
#1772=CARTESIAN_POINT('',(447.976174678758,0.,2.44929359829474E-16));
#1773=CARTESIAN_POINT('',(449.976174678758,-27.9284800875379,2.00000000000004));
#1774=CARTESIAN_POINT('Ctrl Pts',(449.976174678758,-27.9284800875379,2.00000000000004));
#1775=CARTESIAN_POINT('Ctrl Pts',(449.724958319419,-27.9284800875379,2.00000000000004));
#1776=CARTESIAN_POINT('Ctrl Pts',(449.457055728668,-27.9322185575352,1.94977683135258));
#1777=CARTESIAN_POINT('Ctrl Pts',(448.964322425493,-27.9457187059815,1.7456429248453));
#1778=CARTESIAN_POINT('Ctrl Pts',(448.739484437922,-27.955285167959,1.59173688391035));
#1779=CARTESIAN_POINT('Ctrl Pts',(448.384437951417,-27.9732406405612,1.23669039740516));
#1780=CARTESIAN_POINT('Ctrl Pts',(448.230531789926,-27.9827964439655,1.0118523401541));
#1781=CARTESIAN_POINT('Ctrl Pts',(448.026397788747,-27.99627220979,0.519118808540026));
#1782=CARTESIAN_POINT('Ctrl Pts',(447.976174678758,-28.,0.251216137774806));
#1783=CARTESIAN_POINT('Ctrl Pts',(447.976174678758,-28.,2.74086309204336E-15));
#1784=CARTESIAN_POINT('Ctrl Pts',(447.976174678758,-28.,-4.54497550705923E-15));
#1785=CARTESIAN_POINT('Ctrl Pts',(447.976174678758,-28.,-0.251216137774808));
#1786=CARTESIAN_POINT('Ctrl Pts',(448.026397788747,-27.99627220979,-0.519118808540025));
#1787=CARTESIAN_POINT('Ctrl Pts',(448.230531789926,-27.9827964439655,-1.0118523401541));
#1788=CARTESIAN_POINT('Ctrl Pts',(448.384437951417,-27.9732406405612,-1.23669039740516));
#1789=CARTESIAN_POINT('Ctrl Pts',(448.739484437922,-27.955285167959,-1.59173688391035));
#1790=CARTESIAN_POINT('Ctrl Pts',(448.964322425493,-27.9457187059815,-1.7456429248453));
#1791=CARTESIAN_POINT('Ctrl Pts',(449.457055728668,-27.9322185575352,-1.94977683135258));
#1792=CARTESIAN_POINT('Ctrl Pts',(449.724958319419,-27.9284800875379,-2.00000000000003));
#1793=CARTESIAN_POINT('Ctrl Pts',(450.227391038097,-27.9284800875379,-2.00000000000003));
#1794=CARTESIAN_POINT('Ctrl Pts',(450.495293628848,-27.9322185575352,-1.94977683135258));
#1795=CARTESIAN_POINT('Ctrl Pts',(450.988026932023,-27.9457187059815,-1.7456429248453));
#1796=CARTESIAN_POINT('Ctrl Pts',(451.212864919594,-27.955285167959,-1.59173688391035));
#1797=CARTESIAN_POINT('Ctrl Pts',(451.567911406099,-27.9732406405612,-1.23669039740516));
#1798=CARTESIAN_POINT('Ctrl Pts',(451.721817567591,-27.9827964439655,-1.01185234015402));
#1799=CARTESIAN_POINT('Ctrl Pts',(451.925951568769,-27.99627220979,-0.519118808539941));
#1800=CARTESIAN_POINT('Ctrl Pts',(451.976174678758,-28.,-0.251216137774804));
#1801=CARTESIAN_POINT('Ctrl Pts',(451.976174678758,-28.,0.251216137774803));
#1802=CARTESIAN_POINT('Ctrl Pts',(451.925951568769,-27.99627220979,0.519118808539965));
#1803=CARTESIAN_POINT('Ctrl Pts',(451.721817567591,-27.9827964439655,1.01185234015402));
#1804=CARTESIAN_POINT('Ctrl Pts',(451.567911406099,-27.9732406405612,1.23669039740516));
#1805=CARTESIAN_POINT('Ctrl Pts',(451.212864919594,-27.955285167959,1.59173688391035));
#1806=CARTESIAN_POINT('Ctrl Pts',(450.988026932023,-27.9457187059815,1.74564292484537));
#1807=CARTESIAN_POINT('Ctrl Pts',(450.495293628848,-27.9322185575352,1.94977683135263));
#1808=CARTESIAN_POINT('Ctrl Pts',(450.227391038097,-27.9284800875379,2.00000000000003));
#1809=CARTESIAN_POINT('Ctrl Pts',(449.976174678758,-27.9284800875379,2.00000000000003));
#1810=CARTESIAN_POINT('Origin',(449.976174678758,0.,0.));
#1811=CARTESIAN_POINT('',(449.976174678758,27.9284800875379,2.00000000000003));
#1812=CARTESIAN_POINT('',(447.976174678758,28.,2.72454989387995E-15));
#1813=CARTESIAN_POINT('Ctrl Pts',(449.976174678758,27.9284800875379,2.00000000000003));
#1814=CARTESIAN_POINT('Ctrl Pts',(450.227391038097,27.9284800875379,2.00000000000003));
#1815=CARTESIAN_POINT('Ctrl Pts',(450.495293628848,27.9322185575352,1.94977683135258));
#1816=CARTESIAN_POINT('Ctrl Pts',(450.988026932023,27.9457187059815,1.7456429248453));
#1817=CARTESIAN_POINT('Ctrl Pts',(451.212864919594,27.955285167959,1.59173688391035));
#1818=CARTESIAN_POINT('Ctrl Pts',(451.567911406099,27.9732406405612,1.23669039740516));
#1819=CARTESIAN_POINT('Ctrl Pts',(451.721817567591,27.9827964439655,1.0118523401541));
#1820=CARTESIAN_POINT('Ctrl Pts',(451.925951568769,27.99627220979,0.519118808540025));
#1821=CARTESIAN_POINT('Ctrl Pts',(451.976174678758,28.,0.251216137774803));
#1822=CARTESIAN_POINT('Ctrl Pts',(451.976174678758,28.,-0.251216137774804));
#1823=CARTESIAN_POINT('Ctrl Pts',(451.925951568769,27.99627220979,-0.519118808540026));
#1824=CARTESIAN_POINT('Ctrl Pts',(451.721817567591,27.9827964439655,-1.0118523401541));
#1825=CARTESIAN_POINT('Ctrl Pts',(451.567911406099,27.9732406405612,-1.23669039740516));
#1826=CARTESIAN_POINT('Ctrl Pts',(451.212864919594,27.955285167959,-1.59173688391035));
#1827=CARTESIAN_POINT('Ctrl Pts',(450.988026932023,27.9457187059815,-1.7456429248453));
#1828=CARTESIAN_POINT('Ctrl Pts',(450.495293628848,27.9322185575352,-1.94977683135258));
#1829=CARTESIAN_POINT('Ctrl Pts',(450.227391038097,27.9284800875379,-2.00000000000003));
#1830=CARTESIAN_POINT('Ctrl Pts',(449.724958319419,27.9284800875379,-2.00000000000003));
#1831=CARTESIAN_POINT('Ctrl Pts',(449.457055728668,27.9322185575352,-1.94977683135258));
#1832=CARTESIAN_POINT('Ctrl Pts',(448.964322425493,27.9457187059815,-1.7456429248453));
#1833=CARTESIAN_POINT('Ctrl Pts',(448.739484437922,27.955285167959,-1.59173688391035));
#1834=CARTESIAN_POINT('Ctrl Pts',(448.384437951417,27.9732406405612,-1.23669039740516));
#1835=CARTESIAN_POINT('Ctrl Pts',(448.230531789926,27.9827964439655,-1.0118523401541));
#1836=CARTESIAN_POINT('Ctrl Pts',(448.026397788747,27.99627220979,-0.519118808540025));
#1837=CARTESIAN_POINT('Ctrl Pts',(447.976174678758,28.,-0.251216137774808));
#1838=CARTESIAN_POINT('Ctrl Pts',(447.976174678758,28.,-5.06539254985228E-15));
#1839=CARTESIAN_POINT('Ctrl Pts',(447.976174678758,28.,5.62050406216485E-15));
#1840=CARTESIAN_POINT('Ctrl Pts',(447.976174678758,28.,0.251216137774809));
#1841=CARTESIAN_POINT('Ctrl Pts',(448.026397788747,27.99627220979,0.519118808540025));
#1842=CARTESIAN_POINT('Ctrl Pts',(448.230531789926,27.9827964439655,1.0118523401541));
#1843=CARTESIAN_POINT('Ctrl Pts',(448.384437951417,27.9732406405612,1.23669039740516));
#1844=CARTESIAN_POINT('Ctrl Pts',(448.739484437922,27.955285167959,1.59173688391035));
#1845=CARTESIAN_POINT('Ctrl Pts',(448.964322425493,27.9457187059815,1.74564292484529));
#1846=CARTESIAN_POINT('Ctrl Pts',(449.457055728668,27.9322185575352,1.94977683135259));
#1847=CARTESIAN_POINT('Ctrl Pts',(449.724958319419,27.9284800875379,2.00000000000003));
#1848=CARTESIAN_POINT('Ctrl Pts',(449.976174678758,27.9284800875379,2.00000000000003));
#1849=CARTESIAN_POINT('',(447.976174678758,30.0000004470348,2.44929359829474E-16));
#1850=CARTESIAN_POINT('',(447.976174678758,0.,2.44929359829474E-16));
#1851=CARTESIAN_POINT('',(449.976174678758,29.9332595422231,2.00000000000003));
#1852=CARTESIAN_POINT('Ctrl Pts',(449.976174678758,29.9332595422231,2.00000000000003));
#1853=CARTESIAN_POINT('Ctrl Pts',(449.724970201411,29.9332595422231,2.00000000000003));
#1854=CARTESIAN_POINT('Ctrl Pts',(449.4570727022,29.9367472520989,1.94978146899447));
#1855=CARTESIAN_POINT('Ctrl Pts',(448.964336109733,29.9493436726098,1.74565098822718));
#1856=CARTESIAN_POINT('Ctrl Pts',(448.739490686089,29.9582704368075,1.59174313207657));
#1857=CARTESIAN_POINT('Ctrl Pts',(448.384431665423,29.9750267077402,1.23668411141089));
#1858=CARTESIAN_POINT('Ctrl Pts',(448.230523718231,29.983944809221,1.01183863471539));
#1859=CARTESIAN_POINT('Ctrl Pts',(448.026393164859,29.9965214148873,0.519101869340457));
#1860=CARTESIAN_POINT('Ctrl Pts',(447.976174678758,30.0000004470348,0.251204309327768));
#1861=CARTESIAN_POINT('Ctrl Pts',(447.976174678758,30.0000004470348,2.08166817117217E-16));
#1862=CARTESIAN_POINT('Ctrl Pts',(447.976174678758,30.0000004470348,-3.05311331771918E-15));
#1863=CARTESIAN_POINT('Ctrl Pts',(447.976174678758,30.0000004470348,-0.251204309327771));
#1864=CARTESIAN_POINT('Ctrl Pts',(448.026393164859,29.9965214148873,-0.5191018693405));
#1865=CARTESIAN_POINT('Ctrl Pts',(448.230523718231,29.983944809221,-1.01183863471543));
#1866=CARTESIAN_POINT('Ctrl Pts',(448.384431665423,29.9750267077402,-1.23668411141089));
#1867=CARTESIAN_POINT('Ctrl Pts',(448.739490686089,29.9582704368075,-1.59174313207657));
#1868=CARTESIAN_POINT('Ctrl Pts',(448.964336109733,29.9493436726098,-1.74565098822718));
#1869=CARTESIAN_POINT('Ctrl Pts',(449.4570727022,29.9367472520989,-1.94978146899447));
#1870=CARTESIAN_POINT('Ctrl Pts',(449.724970201411,29.9332595422231,-2.00000000000003));
#1871=CARTESIAN_POINT('Ctrl Pts',(450.227379156105,29.9332595422231,-2.00000000000003));
#1872=CARTESIAN_POINT('Ctrl Pts',(450.495276655317,29.9367472520989,-1.94978146899447));
#1873=CARTESIAN_POINT('Ctrl Pts',(450.988013247784,29.9493436726098,-1.74565098822718));
#1874=CARTESIAN_POINT('Ctrl Pts',(451.212858671428,29.9582704368075,-1.59174313207657));
#1875=CARTESIAN_POINT('Ctrl Pts',(451.567917692093,29.9750267077402,-1.23668411141089));
#1876=CARTESIAN_POINT('Ctrl Pts',(451.721825639285,29.983944809221,-1.01183863471539));
#1877=CARTESIAN_POINT('Ctrl Pts',(451.925956192657,29.9965214148873,-0.519101869340458));
#1878=CARTESIAN_POINT('Ctrl Pts',(451.976174678758,30.0000004470348,-0.251204309327768));
#1879=CARTESIAN_POINT('Ctrl Pts',(451.976174678758,30.0000004470348,0.251204309327768));
#1880=CARTESIAN_POINT('Ctrl Pts',(451.925956192657,29.9965214148873,0.519101869340458));
#1881=CARTESIAN_POINT('Ctrl Pts',(451.721825639285,29.983944809221,1.01183863471539));
#1882=CARTESIAN_POINT('Ctrl Pts',(451.567917692093,29.9750267077402,1.23668411141089));
#1883=CARTESIAN_POINT('Ctrl Pts',(451.212858671428,29.9582704368075,1.59174313207657));
#1884=CARTESIAN_POINT('Ctrl Pts',(450.988013247784,29.9493436726098,1.74565098822718));
#1885=CARTESIAN_POINT('Ctrl Pts',(450.495276655317,29.9367472520989,1.94978146899447));
#1886=CARTESIAN_POINT('Ctrl Pts',(450.227379156105,29.9332595422231,2.00000000000003));
#1887=CARTESIAN_POINT('Ctrl Pts',(449.976174678758,29.9332595422231,2.00000000000003));
#1888=CARTESIAN_POINT('Origin',(470.000007003546,0.,0.));
#1889=CARTESIAN_POINT('',(470.000007003546,-29.9332595422231,2.00000000000002));
#1890=CARTESIAN_POINT('',(468.000007003546,-30.0000004470348,2.44929359829474E-16));
#1891=CARTESIAN_POINT('Ctrl Pts',(470.000007003546,-29.9332595422231,2.00000000000002));
#1892=CARTESIAN_POINT('Ctrl Pts',(470.251211480892,-29.9332595422231,2.00000000000002));
#1893=CARTESIAN_POINT('Ctrl Pts',(470.519108980104,-29.9367472520989,1.94978146899447));
#1894=CARTESIAN_POINT('Ctrl Pts',(471.011845572571,-29.9493436726098,1.74565098822718));
#1895=CARTESIAN_POINT('Ctrl Pts',(471.236690996215,-29.9582704368075,1.59174313207657));
#1896=CARTESIAN_POINT('Ctrl Pts',(471.591750016881,-29.9750267077402,1.23668411141089));
#1897=CARTESIAN_POINT('Ctrl Pts',(471.745657964073,-29.983944809221,1.01183863471539));
#1898=CARTESIAN_POINT('Ctrl Pts',(471.949788517445,-29.9965214148873,0.519101869340458));
#1899=CARTESIAN_POINT('Ctrl Pts',(472.000007003546,-30.0000004470348,0.251204309327768));
#1900=CARTESIAN_POINT('Ctrl Pts',(472.000007003546,-30.0000004470348,-0.251204309327768));
#1901=CARTESIAN_POINT('Ctrl Pts',(471.949788517445,-29.9965214148873,-0.519101869340458));
#1902=CARTESIAN_POINT('Ctrl Pts',(471.745657964073,-29.983944809221,-1.01183863471539));
#1903=CARTESIAN_POINT('Ctrl Pts',(471.591750016881,-29.9750267077402,-1.23668411141089));
#1904=CARTESIAN_POINT('Ctrl Pts',(471.236690996215,-29.9582704368075,-1.59174313207657));
#1905=CARTESIAN_POINT('Ctrl Pts',(471.011845572571,-29.9493436726098,-1.74565098822718));
#1906=CARTESIAN_POINT('Ctrl Pts',(470.519108980104,-29.9367472520989,-1.94978146899447));
#1907=CARTESIAN_POINT('Ctrl Pts',(470.251211480892,-29.9332595422231,-2.00000000000003));
#1908=CARTESIAN_POINT('Ctrl Pts',(469.748802526199,-29.9332595422231,-2.00000000000003));
#1909=CARTESIAN_POINT('Ctrl Pts',(469.480905026987,-29.9367472520989,-1.94978146899447));
#1910=CARTESIAN_POINT('Ctrl Pts',(468.98816843452,-29.9493436726098,-1.74565098822718));
#1911=CARTESIAN_POINT('Ctrl Pts',(468.763323010876,-29.9582704368075,-1.59174313207657));
#1912=CARTESIAN_POINT('Ctrl Pts',(468.40826399021,-29.9750267077402,-1.23668411141089));
#1913=CARTESIAN_POINT('Ctrl Pts',(468.254356043019,-29.983944809221,-1.01183863471539));
#1914=CARTESIAN_POINT('Ctrl Pts',(468.050225489647,-29.9965214148873,-0.519101869340458));
#1915=CARTESIAN_POINT('Ctrl Pts',(468.000007003546,-30.0000004470348,-0.251204309327773));
#1916=CARTESIAN_POINT('Ctrl Pts',(468.000007003546,-30.0000004470348,-4.92661467177413E-15));
#1917=CARTESIAN_POINT('Ctrl Pts',(468.000007003546,-30.0000004470348,4.57966997657877E-15));
#1918=CARTESIAN_POINT('Ctrl Pts',(468.000007003546,-30.0000004470348,0.251204309327773));
#1919=CARTESIAN_POINT('Ctrl Pts',(468.050225489647,-29.9965214148873,0.519101869340457));
#1920=CARTESIAN_POINT('Ctrl Pts',(468.254356043019,-29.983944809221,1.01183863471539));
#1921=CARTESIAN_POINT('Ctrl Pts',(468.40826399021,-29.9750267077402,1.23668411141089));
#1922=CARTESIAN_POINT('Ctrl Pts',(468.763323010876,-29.9582704368075,1.59174313207657));
#1923=CARTESIAN_POINT('Ctrl Pts',(468.98816843452,-29.9493436726098,1.74565098822718));
#1924=CARTESIAN_POINT('Ctrl Pts',(469.480905026987,-29.9367472520989,1.94978146899447));
#1925=CARTESIAN_POINT('Ctrl Pts',(469.748802526199,-29.9332595422231,2.00000000000003));
#1926=CARTESIAN_POINT('Ctrl Pts',(470.000007003546,-29.9332595422231,2.00000000000003));
#1927=CARTESIAN_POINT('',(468.000007003546,-28.,-3.72862143675378E-15));
#1928=CARTESIAN_POINT('',(468.000007003546,0.,2.44929359829474E-16));
#1929=CARTESIAN_POINT('',(470.000007003546,-27.9284800875379,2.00000000000003));
#1930=CARTESIAN_POINT('Ctrl Pts',(470.000007003546,-27.9284800875379,2.00000000000003));
#1931=CARTESIAN_POINT('Ctrl Pts',(469.748790644207,-27.9284800875379,2.00000000000002));
#1932=CARTESIAN_POINT('Ctrl Pts',(469.480888053456,-27.9322185575352,1.94977683135258));
#1933=CARTESIAN_POINT('Ctrl Pts',(468.98815475028,-27.9457187059815,1.7456429248453));
#1934=CARTESIAN_POINT('Ctrl Pts',(468.76331676271,-27.955285167959,1.59173688391035));
#1935=CARTESIAN_POINT('Ctrl Pts',(468.408270276205,-27.9732406405612,1.23669039740516));
#1936=CARTESIAN_POINT('Ctrl Pts',(468.254364114713,-27.9827964439655,1.0118523401541));
#1937=CARTESIAN_POINT('Ctrl Pts',(468.050230113535,-27.99627220979,0.519118808540026));
#1938=CARTESIAN_POINT('Ctrl Pts',(468.000007003546,-28.,0.251216137774809));
#1939=CARTESIAN_POINT('Ctrl Pts',(468.000007003546,-28.,5.34294830600857E-15));
#1940=CARTESIAN_POINT('Ctrl Pts',(468.000007003546,-28.,-7.70217223333702E-15));
#1941=CARTESIAN_POINT('Ctrl Pts',(468.000007003546,-28.,-0.251216137774811));
#1942=CARTESIAN_POINT('Ctrl Pts',(468.050230113535,-27.99627220979,-0.519118808540025));
#1943=CARTESIAN_POINT('Ctrl Pts',(468.254364114713,-27.9827964439655,-1.0118523401541));
#1944=CARTESIAN_POINT('Ctrl Pts',(468.408270276205,-27.9732406405612,-1.23669039740516));
#1945=CARTESIAN_POINT('Ctrl Pts',(468.76331676271,-27.955285167959,-1.59173688391035));
#1946=CARTESIAN_POINT('Ctrl Pts',(468.98815475028,-27.9457187059815,-1.7456429248453));
#1947=CARTESIAN_POINT('Ctrl Pts',(469.480888053456,-27.9322185575352,-1.94977683135258));
#1948=CARTESIAN_POINT('Ctrl Pts',(469.748790644207,-27.9284800875379,-2.00000000000003));
#1949=CARTESIAN_POINT('Ctrl Pts',(470.251223362885,-27.9284800875379,-2.00000000000003));
#1950=CARTESIAN_POINT('Ctrl Pts',(470.519125953636,-27.9322185575352,-1.94977683135258));
#1951=CARTESIAN_POINT('Ctrl Pts',(471.011859256811,-27.9457187059815,-1.7456429248453));
#1952=CARTESIAN_POINT('Ctrl Pts',(471.236697244382,-27.955285167959,-1.59173688391035));
#1953=CARTESIAN_POINT('Ctrl Pts',(471.591743730887,-27.9732406405612,-1.23669039740516));
#1954=CARTESIAN_POINT('Ctrl Pts',(471.745649892378,-27.9827964439655,-1.01185234015402));
#1955=CARTESIAN_POINT('Ctrl Pts',(471.949783893557,-27.99627220979,-0.519118808539941));
#1956=CARTESIAN_POINT('Ctrl Pts',(472.000007003546,-28.,-0.251216137774804));
#1957=CARTESIAN_POINT('Ctrl Pts',(472.000007003546,-28.,0.251216137774803));
#1958=CARTESIAN_POINT('Ctrl Pts',(471.949783893557,-27.99627220979,0.519118808539965));
#1959=CARTESIAN_POINT('Ctrl Pts',(471.745649892378,-27.9827964439655,1.01185234015402));
#1960=CARTESIAN_POINT('Ctrl Pts',(471.591743730887,-27.9732406405612,1.23669039740516));
#1961=CARTESIAN_POINT('Ctrl Pts',(471.236697244382,-27.955285167959,1.59173688391035));
#1962=CARTESIAN_POINT('Ctrl Pts',(471.011859256811,-27.9457187059815,1.74564292484537));
#1963=CARTESIAN_POINT('Ctrl Pts',(470.519125953636,-27.9322185575352,1.94977683135263));
#1964=CARTESIAN_POINT('Ctrl Pts',(470.251223362885,-27.9284800875379,2.00000000000003));
#1965=CARTESIAN_POINT('Ctrl Pts',(470.000007003546,-27.9284800875379,2.00000000000004));
#1966=CARTESIAN_POINT('Origin',(470.000007003546,0.,0.));
#1967=CARTESIAN_POINT('',(470.000007003546,27.9284800875379,2.00000000000003));
#1968=CARTESIAN_POINT('',(468.000007003546,28.,4.63274571745444E-15));
#1969=CARTESIAN_POINT('Ctrl Pts',(470.000007003546,27.9284800875379,2.00000000000003));
#1970=CARTESIAN_POINT('Ctrl Pts',(470.251223362885,27.9284800875379,2.00000000000002));
#1971=CARTESIAN_POINT('Ctrl Pts',(470.519125953636,27.9322185575352,1.94977683135258));
#1972=CARTESIAN_POINT('Ctrl Pts',(471.011859256811,27.9457187059815,1.7456429248453));
#1973=CARTESIAN_POINT('Ctrl Pts',(471.236697244382,27.955285167959,1.59173688391035));
#1974=CARTESIAN_POINT('Ctrl Pts',(471.591743730887,27.9732406405612,1.23669039740516));
#1975=CARTESIAN_POINT('Ctrl Pts',(471.745649892378,27.9827964439655,1.0118523401541));
#1976=CARTESIAN_POINT('Ctrl Pts',(471.949783893557,27.99627220979,0.519118808540025));
#1977=CARTESIAN_POINT('Ctrl Pts',(472.000007003546,28.,0.251216137774803));
#1978=CARTESIAN_POINT('Ctrl Pts',(472.000007003546,28.,-0.251216137774804));
#1979=CARTESIAN_POINT('Ctrl Pts',(471.949783893557,27.99627220979,-0.519118808540026));
#1980=CARTESIAN_POINT('Ctrl Pts',(471.745649892378,27.9827964439655,-1.0118523401541));
#1981=CARTESIAN_POINT('Ctrl Pts',(471.591743730887,27.9732406405612,-1.23669039740516));
#1982=CARTESIAN_POINT('Ctrl Pts',(471.236697244382,27.955285167959,-1.59173688391035));
#1983=CARTESIAN_POINT('Ctrl Pts',(471.011859256811,27.9457187059815,-1.7456429248453));
#1984=CARTESIAN_POINT('Ctrl Pts',(470.519125953636,27.9322185575352,-1.94977683135258));
#1985=CARTESIAN_POINT('Ctrl Pts',(470.251223362885,27.9284800875379,-2.00000000000003));
#1986=CARTESIAN_POINT('Ctrl Pts',(469.748790644207,27.9284800875379,-2.00000000000003));
#1987=CARTESIAN_POINT('Ctrl Pts',(469.480888053456,27.9322185575352,-1.94977683135258));
#1988=CARTESIAN_POINT('Ctrl Pts',(468.98815475028,27.9457187059815,-1.7456429248453));
#1989=CARTESIAN_POINT('Ctrl Pts',(468.76331676271,27.955285167959,-1.59173688391035));
#1990=CARTESIAN_POINT('Ctrl Pts',(468.408270276205,27.9732406405612,-1.23669039740516));
#1991=CARTESIAN_POINT('Ctrl Pts',(468.254364114713,27.9827964439655,-1.0118523401541));
#1992=CARTESIAN_POINT('Ctrl Pts',(468.050230113535,27.99627220979,-0.519118808540025));
#1993=CARTESIAN_POINT('Ctrl Pts',(468.000007003546,28.,-0.25121613777481));
#1994=CARTESIAN_POINT('Ctrl Pts',(468.000007003546,28.,-7.28583859910259E-15));
#1995=CARTESIAN_POINT('Ctrl Pts',(468.000007003546,28.,9.0205620750794E-15));
#1996=CARTESIAN_POINT('Ctrl Pts',(468.000007003546,28.,0.251216137774812));
#1997=CARTESIAN_POINT('Ctrl Pts',(468.050230113535,27.99627220979,0.519118808540025));
#1998=CARTESIAN_POINT('Ctrl Pts',(468.254364114713,27.9827964439655,1.0118523401541));
#1999=CARTESIAN_POINT('Ctrl Pts',(468.408270276205,27.9732406405612,1.23669039740516));
#2000=CARTESIAN_POINT('Ctrl Pts',(468.76331676271,27.955285167959,1.59173688391035));
#2001=CARTESIAN_POINT('Ctrl Pts',(468.98815475028,27.9457187059815,1.74564292484529));
#2002=CARTESIAN_POINT('Ctrl Pts',(469.480888053456,27.9322185575352,1.94977683135259));
#2003=CARTESIAN_POINT('Ctrl Pts',(469.748790644207,27.9284800875379,2.00000000000003));
#2004=CARTESIAN_POINT('Ctrl Pts',(470.000007003546,27.9284800875379,2.00000000000003));
#2005=CARTESIAN_POINT('',(468.000007003546,30.0000004470348,2.44929359829474E-16));
#2006=CARTESIAN_POINT('',(468.000007003546,0.,2.44929359829474E-16));
#2007=CARTESIAN_POINT('',(470.000007003546,29.9332595422231,2.00000000000003));
#2008=CARTESIAN_POINT('Ctrl Pts',(470.000007003546,29.9332595422231,2.00000000000003));
#2009=CARTESIAN_POINT('Ctrl Pts',(469.748802526199,29.9332595422231,2.00000000000003));
#2010=CARTESIAN_POINT('Ctrl Pts',(469.480905026987,29.9367472520989,1.94978146899447));
#2011=CARTESIAN_POINT('Ctrl Pts',(468.98816843452,29.9493436726098,1.74565098822718));
#2012=CARTESIAN_POINT('Ctrl Pts',(468.763323010876,29.9582704368075,1.59174313207657));
#2013=CARTESIAN_POINT('Ctrl Pts',(468.40826399021,29.9750267077402,1.23668411141089));
#2014=CARTESIAN_POINT('Ctrl Pts',(468.254356043019,29.983944809221,1.01183863471539));
#2015=CARTESIAN_POINT('Ctrl Pts',(468.050225489647,29.9965214148873,0.519101869340457));
#2016=CARTESIAN_POINT('Ctrl Pts',(468.000007003546,30.0000004470348,0.251204309327771));
#2017=CARTESIAN_POINT('Ctrl Pts',(468.000007003546,30.0000004470348,2.56739074444567E-15));
#2018=CARTESIAN_POINT('Ctrl Pts',(468.000007003546,30.0000004470348,-5.27355936696949E-15));
#2019=CARTESIAN_POINT('Ctrl Pts',(468.000007003546,30.0000004470348,-0.251204309327774));
#2020=CARTESIAN_POINT('Ctrl Pts',(468.050225489647,29.9965214148873,-0.5191018693405));
#2021=CARTESIAN_POINT('Ctrl Pts',(468.254356043019,29.983944809221,-1.01183863471543));
#2022=CARTESIAN_POINT('Ctrl Pts',(468.40826399021,29.9750267077402,-1.23668411141089));
#2023=CARTESIAN_POINT('Ctrl Pts',(468.763323010876,29.9582704368075,-1.59174313207657));
#2024=CARTESIAN_POINT('Ctrl Pts',(468.98816843452,29.9493436726098,-1.74565098822718));
#2025=CARTESIAN_POINT('Ctrl Pts',(469.480905026987,29.9367472520989,-1.94978146899447));
#2026=CARTESIAN_POINT('Ctrl Pts',(469.748802526199,29.9332595422231,-2.00000000000003));
#2027=CARTESIAN_POINT('Ctrl Pts',(470.251211480892,29.9332595422231,-2.00000000000003));
#2028=CARTESIAN_POINT('Ctrl Pts',(470.519108980104,29.9367472520989,-1.94978146899447));
#2029=CARTESIAN_POINT('Ctrl Pts',(471.011845572571,29.9493436726098,-1.74565098822718));
#2030=CARTESIAN_POINT('Ctrl Pts',(471.236690996215,29.9582704368075,-1.59174313207657));
#2031=CARTESIAN_POINT('Ctrl Pts',(471.591750016881,29.9750267077402,-1.23668411141089));
#2032=CARTESIAN_POINT('Ctrl Pts',(471.745657964073,29.983944809221,-1.01183863471539));
#2033=CARTESIAN_POINT('Ctrl Pts',(471.949788517445,29.9965214148873,-0.519101869340458));
#2034=CARTESIAN_POINT('Ctrl Pts',(472.000007003546,30.0000004470348,-0.251204309327768));
#2035=CARTESIAN_POINT('Ctrl Pts',(472.000007003546,30.0000004470348,0.251204309327768));
#2036=CARTESIAN_POINT('Ctrl Pts',(471.949788517445,29.9965214148873,0.519101869340458));
#2037=CARTESIAN_POINT('Ctrl Pts',(471.745657964073,29.983944809221,1.01183863471539));
#2038=CARTESIAN_POINT('Ctrl Pts',(471.591750016881,29.9750267077402,1.23668411141089));
#2039=CARTESIAN_POINT('Ctrl Pts',(471.236690996215,29.9582704368075,1.59174313207657));
#2040=CARTESIAN_POINT('Ctrl Pts',(471.011845572571,29.9493436726098,1.74565098822718));
#2041=CARTESIAN_POINT('Ctrl Pts',(470.519108980104,29.9367472520989,1.94978146899447));
#2042=CARTESIAN_POINT('Ctrl Pts',(470.251211480892,29.9332595422231,2.00000000000003));
#2043=CARTESIAN_POINT('Ctrl Pts',(470.000007003546,29.9332595422231,2.00000000000003));
#2044=CARTESIAN_POINT('Origin',(665.,0.,-28.));
#2045=CARTESIAN_POINT('',(665.000009909272,-3.67394045218804E-15,30.0000004470348));
#2046=CARTESIAN_POINT('Origin',(665.000009909272,0.,0.));
#2047=CARTESIAN_POINT('',(665.,-3.42901103761259E-15,28.));
#2048=CARTESIAN_POINT('Origin',(665.,0.,0.));
#2049=CARTESIAN_POINT('Origin',(552.488087339379,0.,0.));
#2050=CARTESIAN_POINT('',(552.488087339379,-3.42901103761259E-15,28.));
#2051=CARTESIAN_POINT('',(552.488087339379,-3.42901103761259E-15,28.));
#2052=CARTESIAN_POINT('',(439.976174678758,-3.42901103761259E-15,28.));
#2053=CARTESIAN_POINT('',(552.488087339379,-3.42901103761259E-15,28.));
#2054=CARTESIAN_POINT('Origin',(439.976174678758,0.,0.));
#2055=CARTESIAN_POINT('Origin',(439.976174678758,0.,-30.));
#2056=CARTESIAN_POINT('',(439.976174678758,-3.67394045218804E-15,30.0000004470348));
#2057=CARTESIAN_POINT('Origin',(439.976174678758,0.,0.));
#2058=CARTESIAN_POINT('Origin',(552.488092294015,0.,0.));
#2059=CARTESIAN_POINT('',(552.488092294015,-3.67394045218804E-15,30.0000004470348));
#2060=CARTESIAN_POINT('',(552.488092294015,-3.67394045218804E-15,30.0000004470348));
#2061=CARTESIAN_POINT('',(552.488092294015,-3.67394045218804E-15,30.0000004470348));
#2062=UNCERTAINTY_MEASURE_WITH_UNIT(LENGTH_MEASURE(0.01),#2066,
'DISTANCE_ACCURACY_VALUE',
'Maximum model space distance between geometric entities at asserted c
onnectivities');
#2063=UNCERTAINTY_MEASURE_WITH_UNIT(LENGTH_MEASURE(0.01),#2066,
'DISTANCE_ACCURACY_VALUE',
'Maximum model space distance between geometric entities at asserted c
onnectivities');
#2064=(
GEOMETRIC_REPRESENTATION_CONTEXT(3)
GLOBAL_UNCERTAINTY_ASSIGNED_CONTEXT((#2062))
GLOBAL_UNIT_ASSIGNED_CONTEXT((#2066,#2068,#2069))
REPRESENTATION_CONTEXT('','3D')
);
#2065=(
GEOMETRIC_REPRESENTATION_CONTEXT(3)
GLOBAL_UNCERTAINTY_ASSIGNED_CONTEXT((#2063))
GLOBAL_UNIT_ASSIGNED_CONTEXT((#2066,#2068,#2069))
REPRESENTATION_CONTEXT('','3D')
);
#2066=(
LENGTH_UNIT()
NAMED_UNIT(*)
SI_UNIT(.MILLI.,.METRE.)
);
#2067=(
LENGTH_UNIT()
NAMED_UNIT(*)
SI_UNIT($,.METRE.)
);
#2068=(
NAMED_UNIT(*)
PLANE_ANGLE_UNIT()
SI_UNIT($,.RADIAN.)
);
#2069=(
NAMED_UNIT(*)
SI_UNIT($,.STERADIAN.)
SOLID_ANGLE_UNIT()
);
#2070=SHAPE_DEFINITION_REPRESENTATION(#2071,#2072);
#2071=PRODUCT_DEFINITION_SHAPE('',$,#2074);
#2072=SHAPE_REPRESENTATION('',(#658),#2064);
#2073=PRODUCT_DEFINITION_CONTEXT('part definition',#2078,'design');
#2074=PRODUCT_DEFINITION('Fusion \X2\96F690E84EF6\X0\',
'Fusion \X2\96F690E84EF6\X0\',#2075,#2073);
#2075=PRODUCT_DEFINITION_FORMATION('',$,#2080);
#2076=PRODUCT_RELATED_PRODUCT_CATEGORY('Fusion \X2\96F690E84EF6\X0\',
'Fusion \X2\96F690E84EF6\X0\',(#2080));
#2077=APPLICATION_PROTOCOL_DEFINITION('international standard',
'automotive_design',2009,#2078);
#2078=APPLICATION_CONTEXT(
'Core Data for Automotive Mechanical Design Process');
#2079=PRODUCT_CONTEXT('part definition',#2078,'mechanical');
#2080=PRODUCT('Fusion \X2\96F690E84EF6\X0\','Fusion \X2\96F690E84EF6\X0\',
$,(#2079));
#2081=PRESENTATION_STYLE_ASSIGNMENT((#2082));
#2082=SURFACE_STYLE_USAGE(.BOTH.,#2083);
#2083=SURFACE_SIDE_STYLE('',(#2084));
#2084=SURFACE_STYLE_FILL_AREA(#2085);
#2085=FILL_AREA_STYLE('\X2\94A2\X0\ - \X2\7F0E5149\X0\',(#2086));
#2086=FILL_AREA_STYLE_COLOUR('\X2\94A2\X0\ - \X2\7F0E5149\X0\',#2087);
#2087=COLOUR_RGB('\X2\94A2\X0\ - \X2\7F0E5149\X0\',0.627450980392157,0.627450980392157,
0.627450980392157);
ENDSEC;
END-ISO-10303-21;
