ISO-10303-21;
HEADER;
/* Generated by software containing ST-Developer
 * from STEP Tools, Inc. (www.steptools.com) 
 */

FILE_DESCRIPTION(
/* description */ (''),
/* implementation_level */ '2;1');

FILE_NAME(
/* name */ '',
/* time_stamp */ '2026-07-17T11:50:09+08:00',
/* author */ (''),
/* organization */ (''),
/* preprocessor_version */ 'ST-DEVELOPER v20.1',
/* originating_system */ 'Autodesk Translation Framework v14.4.0.0',
/* authorisation */ '');

FILE_SCHEMA (('AUTOMOTIVE_DESIGN { 1 0 10303 214 3 1 1 }'));
ENDSEC;

DATA;
#10=MECHANICAL_DESIGN_GEOMETRIC_PRESENTATION_REPRESENTATION('',(#273,#274,
#275,#276,#277,#278,#279,#280,#281,#282,#283,#284,#285,#286),#9346);
#11=SHAPE_REPRESENTATION_RELATIONSHIP('SRR','None',#9353,#12);
#12=ADVANCED_BREP_SHAPE_REPRESENTATION('',(#287,#288,#289,#290,#291,#292,
#293,#294,#295,#296,#297,#298,#299,#300),#9345);
#13=B_SPLINE_CURVE_WITH_KNOTS('',3,(#4423,#4424,#4425,#4426,#4427,#4428,
#4429,#4430,#4431,#4432,#4433,#4434,#4435,#4436,#4437,#4438,#4439,#4440,
#4441,#4442,#4443,#4444,#4445,#4446,#4447,#4448),.UNSPECIFIED.,.F.,.F.,
(4,2,2,2,2,2,2,2,2,2,2,2,4),(0.,0.0753612869151763,0.150722573830353,0.226083315804909,
0.301444057779465,0.376805907806138,0.452167757832811,0.527529157022814,
0.602890556212818,0.678251955402821,0.753613354592824,0.828975204619497,
0.90433705464617),.UNSPECIFIED.);
#14=B_SPLINE_CURVE_WITH_KNOTS('',3,(#4449,#4450,#4451,#4452,#4453,#4454,
#4455,#4456,#4457,#4458),.UNSPECIFIED.,.F.,.F.,(4,2,2,2,4),(0.90433705464617,
0.979697796620726,1.05505853859528,1.13041982551046,1.20578111242564),
 .UNSPECIFIED.);
#15=B_SPLINE_CURVE_WITH_KNOTS('',3,(#4462,#4463,#4464,#4465,#4466,#4467,
#4468,#4469,#4470,#4471),.UNSPECIFIED.,.F.,.F.,(4,2,2,2,4),(0.,0.0753648429776055,
0.150729685955211,0.226093894796915,0.30145810363862),.UNSPECIFIED.);
#16=B_SPLINE_CURVE_WITH_KNOTS('',3,(#4472,#4473,#4474,#4475,#4476,#4477,
#4478,#4479,#4480,#4481,#4482,#4483,#4484,#4485,#4486,#4487,#4488,#4489,
#4490,#4491,#4492,#4493,#4494,#4495,#4496,#4497),.UNSPECIFIED.,.F.,.F.,
(4,2,2,2,2,2,2,2,2,2,2,2,4),(0.30145810363862,0.3768235848157,0.452189065992781,
0.52755403827062,0.602919010548459,0.678283982826298,0.753648955104137,
0.829014436281217,0.904379917458298,0.979744126300002,1.05510833514171,
1.13047317811931,1.20583802109692),.UNSPECIFIED.);
#17=B_SPLINE_CURVE_WITH_KNOTS('',3,(#4501,#4502,#4503,#4504,#4505,#4506,
#4507,#4508,#4509,#4510,#4511,#4512,#4513,#4514,#4515,#4516,#4517,#4518,
#4519,#4520,#4521,#4522,#4523,#4524,#4525,#4526),.UNSPECIFIED.,.F.,.F.,
(4,2,2,2,2,2,2,2,2,2,2,2,4),(0.,0.0753648429776055,0.150729685955211,0.226093894796915,
0.30145810363862,0.3768235848157,0.452189065992781,0.52755403827062,0.602919010548459,
0.678283982826297,0.753648955104136,0.829014436281217,0.904379917458298),
 .UNSPECIFIED.);
#18=B_SPLINE_CURVE_WITH_KNOTS('',3,(#4527,#4528,#4529,#4530,#4531,#4532,
#4533,#4534,#4535,#4536),.UNSPECIFIED.,.F.,.F.,(4,2,2,2,4),(0.904379917458298,
0.979744126300002,1.05510833514171,1.13047317811931,1.20583802109692),
 .UNSPECIFIED.);
#19=B_SPLINE_CURVE_WITH_KNOTS('',3,(#4540,#4541,#4542,#4543,#4544,#4545,
#4546,#4547,#4548,#4549),.UNSPECIFIED.,.F.,.F.,(4,2,2,2,4),(0.,0.0753612869151763,
0.150722573830353,0.226083315804909,0.301444057779465),.UNSPECIFIED.);
#20=B_SPLINE_CURVE_WITH_KNOTS('',3,(#4550,#4551,#4552,#4553,#4554,#4555,
#4556,#4557,#4558,#4559,#4560,#4561,#4562,#4563,#4564,#4565,#4566,#4567,
#4568,#4569,#4570,#4571,#4572,#4573,#4574,#4575),.UNSPECIFIED.,.F.,.F.,
(4,2,2,2,2,2,2,2,2,2,2,2,4),(0.301444057779465,0.376805907806138,0.452167757832811,
0.527529157022814,0.602890556212818,0.678251955402821,0.753613354592824,
0.828975204619497,0.90433705464617,0.979697796620726,1.05505853859528,1.13041982551046,
1.20578111242564),.UNSPECIFIED.);
#21=B_SPLINE_CURVE_WITH_KNOTS('',3,(#4579,#4580,#4581,#4582,#4583,#4584,
#4585,#4586,#4587,#4588,#4589,#4590,#4591,#4592,#4593,#4594,#4595,#4596,
#4597,#4598,#4599,#4600,#4601,#4602,#4603,#4604),.UNSPECIFIED.,.F.,.F.,
(4,2,2,2,2,2,2,2,2,2,2,2,4),(0.,0.0753613432047296,0.150722686409459,0.226083979208502,
0.301445272007546,0.376806564806589,0.452167857605632,0.527529200810362,
0.602890544015091,0.678251887219821,0.753613230424551,0.828974523223594,
0.904335816022637),.UNSPECIFIED.);
#22=B_SPLINE_CURVE_WITH_KNOTS('',3,(#4605,#4606,#4607,#4608,#4609,#4610,
#4611,#4612,#4613,#4614),.UNSPECIFIED.,.F.,.F.,(4,2,2,2,4),(0.904335816022637,
0.97969710882168,1.05505840162072,1.13041974482545,1.20578108803018),
 .UNSPECIFIED.);
#23=B_SPLINE_CURVE_WITH_KNOTS('',3,(#4618,#4619,#4620,#4621,#4622,#4623,
#4624,#4625,#4626,#4627),.UNSPECIFIED.,.F.,.F.,(4,2,2,2,4),(0.,0.0753649078012071,
0.150729815602414,0.226094656934443,0.301459498266472),.UNSPECIFIED.);
#24=B_SPLINE_CURVE_WITH_KNOTS('',3,(#4628,#4629,#4630,#4631,#4632,#4633,
#4634,#4635,#4636,#4637,#4638,#4639,#4640,#4641,#4642,#4643,#4644,#4645,
#4646,#4647,#4648,#4649,#4650,#4651,#4652,#4653),.UNSPECIFIED.,.F.,.F.,
(4,2,2,2,2,2,2,2,2,2,2,2,4),(0.301459498266472,0.3768243395985,0.452189180930529,
0.527554088731736,0.602918996532943,0.67828390433415,0.753648812135357,
0.829013653467386,0.904378494799415,0.979743336131444,1.05510817746347,
1.13047308526468,1.20583799306589),.UNSPECIFIED.);
#25=B_SPLINE_CURVE_WITH_KNOTS('',3,(#4657,#4658,#4659,#4660,#4661,#4662,
#4663,#4664,#4665,#4666),.UNSPECIFIED.,.F.,.F.,(4,2,2,2,4),(0.,0.0753649078012071,
0.150729815602414,0.226094656934443,0.301459498266472),.UNSPECIFIED.);
#26=B_SPLINE_CURVE_WITH_KNOTS('',3,(#4668,#4669,#4670,#4671,#4672,#4673,
#4674,#4675,#4676,#4677),.UNSPECIFIED.,.F.,.F.,(4,2,2,2,4),(0.904378494799415,
0.979743336131444,1.05510817746347,1.13047308526468,1.20583799306589),
 .UNSPECIFIED.);
#27=B_SPLINE_CURVE_WITH_KNOTS('',3,(#4681,#4682,#4683,#4684,#4685,#4686,
#4687,#4688,#4689,#4690),.UNSPECIFIED.,.F.,.F.,(4,2,2,2,4),(0.,0.0753613432047297,
0.150722686409459,0.226083979208503,0.301445272007546),.UNSPECIFIED.);
#28=B_SPLINE_CURVE_WITH_KNOTS('',3,(#4692,#4693,#4694,#4695,#4696,#4697,
#4698,#4699,#4700,#4701),.UNSPECIFIED.,.F.,.F.,(4,2,2,2,4),(0.904335816022637,
0.97969710882168,1.05505840162072,1.13041974482545,1.20578108803018),
 .UNSPECIFIED.);
#29=B_SPLINE_CURVE_WITH_KNOTS('',3,(#4702,#4703,#4704,#4705,#4706,#4707,
#4708,#4709,#4710,#4711,#4712,#4713,#4714,#4715,#4716,#4717,#4718,#4719),
 .UNSPECIFIED.,.F.,.F.,(4,2,2,2,2,2,2,2,4),(0.301445272007546,0.376806564806589,
0.452167857605632,0.527529200810362,0.602890544015091,0.678251887219821,
0.753613230424551,0.828974523223594,0.904335816022637),.UNSPECIFIED.);
#30=B_SPLINE_CURVE_WITH_KNOTS('',3,(#4720,#4721,#4722,#4723,#4724,#4725,
#4726,#4727,#4728,#4729,#4730,#4731,#4732,#4733,#4734,#4735,#4736,#4737),
 .UNSPECIFIED.,.F.,.F.,(4,2,2,2,2,2,2,2,4),(0.301459498266472,0.3768243395985,
0.452189180930529,0.527554088731736,0.602918996532943,0.67828390433415,
0.753648812135357,0.829013653467386,0.904378494799415),.UNSPECIFIED.);
#31=B_SPLINE_CURVE_WITH_KNOTS('',3,(#4757,#4758,#4759,#4760,#4761,#4762,
#4763,#4764,#4765,#4766,#4767,#4768,#4769,#4770,#4771,#4772,#4773,#4774,
#4775,#4776,#4777,#4778,#4779,#4780,#4781,#4782),.UNSPECIFIED.,.F.,.F.,
(4,2,2,2,2,2,2,2,2,2,2,2,4),(0.,0.0753612869151764,0.150722573830353,0.226083315804911,
0.301444057779469,0.376805907806143,0.452167757832817,0.527529157022822,
0.602890556212827,0.678251955402833,0.753613354592838,0.828975204619512,
0.904337054646186),.UNSPECIFIED.);
#32=B_SPLINE_CURVE_WITH_KNOTS('',3,(#4783,#4784,#4785,#4786,#4787,#4788,
#4789,#4790,#4791,#4792),.UNSPECIFIED.,.F.,.F.,(4,2,2,2,4),(0.904337054646186,
0.979697796620744,1.0550585385953,1.13041982551048,1.20578111242565),
 .UNSPECIFIED.);
#33=B_SPLINE_CURVE_WITH_KNOTS('',3,(#4796,#4797,#4798,#4799,#4800,#4801,
#4802,#4803,#4804,#4805),.UNSPECIFIED.,.F.,.F.,(4,2,2,2,4),(0.,0.07536484297802,
0.15072968595604,0.226093894798146,0.301458103640251),.UNSPECIFIED.);
#34=B_SPLINE_CURVE_WITH_KNOTS('',3,(#4806,#4807,#4808,#4809,#4810,#4811,
#4812,#4813,#4814,#4815,#4816,#4817,#4818,#4819,#4820,#4821,#4822,#4823,
#4824,#4825,#4826,#4827,#4828,#4829,#4830,#4831),.UNSPECIFIED.,.F.,.F.,
(4,2,2,2,2,2,2,2,2,2,2,2,4),(0.301458103640251,0.376823584817753,0.452189065995254,
0.527554038273509,0.602919010551763,0.678283982830018,0.753648955108272,
0.829014436285773,0.904379917463275,0.979744126305381,1.05510833514749,
1.13047317812551,1.20583802110353),.UNSPECIFIED.);
#35=B_SPLINE_CURVE_WITH_KNOTS('',3,(#4835,#4836,#4837,#4838,#4839,#4840,
#4841,#4842,#4843,#4844),.UNSPECIFIED.,.F.,.F.,(4,2,2,2,4),(0.,0.07536484297802,
0.15072968595604,0.226093894798146,0.300607831357039),.UNSPECIFIED.);
#36=B_SPLINE_CURVE_WITH_KNOTS('',3,(#4846,#4847,#4848,#4849,#4850,#4851,
#4852,#4853,#4854,#4855),.UNSPECIFIED.,.F.,.F.,(4,2,2,2,4),(0.905230189746488,
0.979744126305381,1.05510833514749,1.13047317812551,1.20583802110353),
 .UNSPECIFIED.);
#37=B_SPLINE_CURVE_WITH_KNOTS('',3,(#4857,#4858,#4859,#4860),
 .UNSPECIFIED.,.F.,.F.,(4,4),(0.904379917463275,0.905230189746488),
 .UNSPECIFIED.);
#38=B_SPLINE_CURVE_WITH_KNOTS('',3,(#4864,#4865,#4866,#4867),
 .UNSPECIFIED.,.F.,.F.,(4,4),(0.300593785809605,0.301444057779469),
 .UNSPECIFIED.);
#39=B_SPLINE_CURVE_WITH_KNOTS('',3,(#4869,#4870,#4871,#4872,#4873,#4874,
#4875,#4876,#4877,#4878),.UNSPECIFIED.,.F.,.F.,(4,2,2,2,4),(0.,0.0753612869151764,
0.150722573830353,0.226083315804911,0.300593785809605),.UNSPECIFIED.);
#40=B_SPLINE_CURVE_WITH_KNOTS('',3,(#4880,#4881,#4882,#4883,#4884,#4885,
#4886,#4887,#4888,#4889),.UNSPECIFIED.,.F.,.F.,(4,2,2,2,4),(0.90518732661605,
0.979697796620744,1.0550585385953,1.13041982551048,1.20578111242565),
 .UNSPECIFIED.);
#41=B_SPLINE_CURVE_WITH_KNOTS('',3,(#4890,#4891,#4892,#4893,#4894,#4895,
#4896,#4897,#4898,#4899,#4900,#4901,#4902,#4903,#4904,#4905,#4906,#4907,
#4908,#4909),.UNSPECIFIED.,.F.,.F.,(4,2,2,2,2,2,2,2,2,4),(0.301444057779469,
0.376805907806143,0.452167757832817,0.527529157022822,0.602890556212827,
0.678251955402833,0.753613354592838,0.828975204619512,0.904337054646186,
0.90518732661605),.UNSPECIFIED.);
#42=B_SPLINE_CURVE_WITH_KNOTS('',3,(#4910,#4911,#4912,#4913,#4914,#4915,
#4916,#4917,#4918,#4919,#4920,#4921,#4922,#4923,#4924,#4925,#4926,#4927,
#4928,#4929),.UNSPECIFIED.,.F.,.F.,(4,2,2,2,2,2,2,2,2,4),(0.300607831357039,
0.301458103640251,0.376823584817753,0.452189065995254,0.527554038273509,
0.602919010551763,0.678283982830018,0.753648955108272,0.829014436285774,
0.904379917463275),.UNSPECIFIED.);
#43=B_SPLINE_CURVE_WITH_KNOTS('',3,(#4933,#4934,#4935,#4936,#4937,#4938,
#4939,#4940,#4941,#4942,#4943,#4944,#4945,#4946,#4947,#4948,#4949,#4950,
#4951,#4952,#4953,#4954,#4955,#4956,#4957,#4958),.UNSPECIFIED.,.F.,.F.,
(4,2,2,2,2,2,2,2,2,2,2,2,4),(0.,0.0753613432047298,0.15072268640946,0.226083979208505,
0.30144527200755,0.376806564806595,0.45216785760564,0.52752920081037,0.6028905440151,
0.678251887219829,0.753613230424559,0.828974523223604,0.904335816022649),
 .UNSPECIFIED.);
#44=B_SPLINE_CURVE_WITH_KNOTS('',3,(#4959,#4960,#4961,#4962,#4963,#4964,
#4965,#4966,#4967,#4968),.UNSPECIFIED.,.F.,.F.,(4,2,2,2,4),(0.904335816022649,
0.979697108821694,1.05505840162074,1.13041974482547,1.2057810880302),
 .UNSPECIFIED.);
#45=B_SPLINE_CURVE_WITH_KNOTS('',3,(#4972,#4973,#4974,#4975,#4976,#4977,
#4978,#4979,#4980,#4981),.UNSPECIFIED.,.F.,.F.,(4,2,2,2,4),(0.,0.0753649078016195,
0.150729815603239,0.22609465693568,0.301459498268121),.UNSPECIFIED.);
#46=B_SPLINE_CURVE_WITH_KNOTS('',3,(#4982,#4983,#4984,#4985,#4986,#4987,
#4988,#4989,#4990,#4991,#4992,#4993,#4994,#4995,#4996,#4997,#4998,#4999,
#5000,#5001,#5002,#5003,#5004,#5005,#5006,#5007),.UNSPECIFIED.,.F.,.F.,
(4,2,2,2,2,2,2,2,2,2,2,2,4),(0.301459498268121,0.376824339600562,0.452189180933003,
0.527554088734623,0.602918996536242,0.678283904337862,0.753648812139481,
0.829013653471922,0.904378494804363,0.979743336136804,1.05510817746925,
1.13047308527086,1.20583799307248),.UNSPECIFIED.);
#47=B_SPLINE_CURVE_WITH_KNOTS('',3,(#5011,#5012,#5013,#5014,#5015,#5016,
#5017,#5018,#5019,#5020,#5021,#5022,#5023,#5024,#5025,#5026,#5027,#5028,
#5029,#5030,#5031,#5032,#5033,#5034,#5035,#5036),.UNSPECIFIED.,.F.,.F.,
(4,2,2,2,2,2,2,2,2,2,2,2,4),(0.,0.0753649078016195,0.150729815603239,0.22609465693568,
0.301459498268121,0.376824339600562,0.452189180933003,0.527554088734623,
0.602918996536242,0.678283904337862,0.753648812139481,0.829013653471922,
0.904378494804363),.UNSPECIFIED.);
#48=B_SPLINE_CURVE_WITH_KNOTS('',3,(#5037,#5038,#5039,#5040,#5041,#5042,
#5043,#5044,#5045,#5046),.UNSPECIFIED.,.F.,.F.,(4,2,2,2,4),(0.904378494804363,
0.979743336136804,1.05510817746925,1.13047308527086,1.20583799307248),
 .UNSPECIFIED.);
#49=B_SPLINE_CURVE_WITH_KNOTS('',3,(#5050,#5051,#5052,#5053,#5054,#5055,
#5056,#5057,#5058,#5059),.UNSPECIFIED.,.F.,.F.,(4,2,2,2,4),(0.,0.0753613432047298,
0.15072268640946,0.226083979208505,0.30144527200755),.UNSPECIFIED.);
#50=B_SPLINE_CURVE_WITH_KNOTS('',3,(#5060,#5061,#5062,#5063,#5064,#5065,
#5066,#5067,#5068,#5069,#5070,#5071,#5072,#5073,#5074,#5075,#5076,#5077,
#5078,#5079,#5080,#5081,#5082,#5083,#5084,#5085),.UNSPECIFIED.,.F.,.F.,
(4,2,2,2,2,2,2,2,2,2,2,2,4),(0.30144527200755,0.376806564806595,0.45216785760564,
0.52752920081037,0.6028905440151,0.678251887219829,0.753613230424559,0.828974523223604,
0.904335816022649,0.979697108821694,1.05505840162074,1.13041974482547,1.2057810880302),
 .UNSPECIFIED.);
#51=B_SPLINE_CURVE_WITH_KNOTS('',3,(#5089,#5090,#5091,#5092,#5093,#5094,
#5095,#5096,#5097,#5098,#5099,#5100,#5101,#5102,#5103,#5104,#5105,#5106,
#5107,#5108,#5109,#5110,#5111,#5112,#5113,#5114),.UNSPECIFIED.,.F.,.F.,
(4,2,2,2,2,2,2,2,2,2,2,2,4),(0.,0.0753612869151763,0.150722573830353,0.226083315804909,
0.301444057779465,0.376805907806138,0.452167757832811,0.527529157022814,
0.602890556212817,0.678251955402821,0.753613354592824,0.828975204619497,
0.904337054646169),.UNSPECIFIED.);
#52=B_SPLINE_CURVE_WITH_KNOTS('',3,(#5115,#5116,#5117,#5118,#5119,#5120,
#5121,#5122,#5123,#5124),.UNSPECIFIED.,.F.,.F.,(4,2,2,2,4),(0.904337054646169,
0.979697796620726,1.05505853859528,1.13041982551046,1.20578111242563),
 .UNSPECIFIED.);
#53=B_SPLINE_CURVE_WITH_KNOTS('',3,(#5128,#5129,#5130,#5131,#5132,#5133,
#5134,#5135,#5136,#5137),.UNSPECIFIED.,.F.,.F.,(4,2,2,2,4),(0.,0.0753648429780164,
0.150729685956033,0.226093894798138,0.301458103640244),.UNSPECIFIED.);
#54=B_SPLINE_CURVE_WITH_KNOTS('',3,(#5138,#5139,#5140,#5141,#5142,#5143,
#5144,#5145,#5146,#5147,#5148,#5149,#5150,#5151,#5152,#5153,#5154,#5155,
#5156,#5157,#5158,#5159,#5160,#5161,#5162,#5163),.UNSPECIFIED.,.F.,.F.,
(4,2,2,2,2,2,2,2,2,2,2,2,4),(0.301458103640244,0.376823584817745,0.452189065995246,
0.527554038273497,0.602919010551747,0.678283982829998,0.753648955108249,
0.82901443628575,0.904379917463251,0.979744126305357,1.05510833514746,1.13047317812548,
1.20583802110349),.UNSPECIFIED.);
#55=B_SPLINE_CURVE_WITH_KNOTS('',3,(#5167,#5168,#5169,#5170,#5171,#5172,
#5173,#5174,#5175,#5176),.UNSPECIFIED.,.F.,.F.,(4,2,2,2,4),(0.,0.0753648429780164,
0.150729685956033,0.226093894798138,0.300607831357031),.UNSPECIFIED.);
#56=B_SPLINE_CURVE_WITH_KNOTS('',3,(#5178,#5179,#5180,#5181,#5182,#5183,
#5184,#5185,#5186,#5187),.UNSPECIFIED.,.F.,.F.,(4,2,2,2,4),(0.905230189746464,
0.979744126305357,1.05510833514746,1.13047317812548,1.2058380211035),
 .UNSPECIFIED.);
#57=B_SPLINE_CURVE_WITH_KNOTS('',3,(#5189,#5190,#5191,#5192),
 .UNSPECIFIED.,.F.,.F.,(4,4),(0.904379917463252,0.905230189746464),
 .UNSPECIFIED.);
#58=B_SPLINE_CURVE_WITH_KNOTS('',3,(#5196,#5197,#5198,#5199),
 .UNSPECIFIED.,.F.,.F.,(4,4),(0.300593785809601,0.301444057779465),
 .UNSPECIFIED.);
#59=B_SPLINE_CURVE_WITH_KNOTS('',3,(#5201,#5202,#5203,#5204,#5205,#5206,
#5207,#5208,#5209,#5210),.UNSPECIFIED.,.F.,.F.,(4,2,2,2,4),(0.,0.0753612869151763,
0.150722573830353,0.226083315804909,0.300593785809601),.UNSPECIFIED.);
#60=B_SPLINE_CURVE_WITH_KNOTS('',3,(#5212,#5213,#5214,#5215,#5216,#5217,
#5218,#5219,#5220,#5221),.UNSPECIFIED.,.F.,.F.,(4,2,2,2,4),(0.905187326616034,
0.979697796620726,1.05505853859528,1.13041982551046,1.20578111242564),
 .UNSPECIFIED.);
#61=B_SPLINE_CURVE_WITH_KNOTS('',3,(#5222,#5223,#5224,#5225,#5226,#5227,
#5228,#5229,#5230,#5231,#5232,#5233,#5234,#5235,#5236,#5237,#5238,#5239,
#5240,#5241),.UNSPECIFIED.,.F.,.F.,(4,2,2,2,2,2,2,2,2,4),(0.301444057779465,
0.376805907806138,0.452167757832811,0.527529157022814,0.602890556212818,
0.678251955402821,0.753613354592824,0.828975204619497,0.90433705464617,
0.905187326616034),.UNSPECIFIED.);
#62=B_SPLINE_CURVE_WITH_KNOTS('',3,(#5242,#5243,#5244,#5245,#5246,#5247,
#5248,#5249,#5250,#5251,#5252,#5253,#5254,#5255,#5256,#5257,#5258,#5259,
#5260,#5261),.UNSPECIFIED.,.F.,.F.,(4,2,2,2,2,2,2,2,2,4),(0.300607831357031,
0.301458103640244,0.376823584817745,0.452189065995246,0.527554038273497,
0.602919010551748,0.678283982829998,0.753648955108249,0.82901443628575,
0.904379917463252),.UNSPECIFIED.);
#63=B_SPLINE_CURVE_WITH_KNOTS('',3,(#5265,#5266,#5267,#5268,#5269,#5270,
#5271,#5272,#5273,#5274,#5275,#5276,#5277,#5278,#5279,#5280,#5281,#5282,
#5283,#5284,#5285,#5286,#5287,#5288,#5289,#5290),.UNSPECIFIED.,.F.,.F.,
(4,2,2,2,2,2,2,2,2,2,2,2,4),(0.,0.0753613432047296,0.150722686409459,0.226083979208502,
0.301445272007546,0.376806564806589,0.452167857605632,0.527529200810362,
0.602890544015091,0.678251887219821,0.753613230424551,0.828974523223594,
0.904335816022637),.UNSPECIFIED.);
#64=B_SPLINE_CURVE_WITH_KNOTS('',3,(#5291,#5292,#5293,#5294,#5295,#5296,
#5297,#5298,#5299,#5300),.UNSPECIFIED.,.F.,.F.,(4,2,2,2,4),(0.904335816022637,
0.97969710882168,1.05505840162072,1.13041974482545,1.20578108803018),
 .UNSPECIFIED.);
#65=B_SPLINE_CURVE_WITH_KNOTS('',3,(#5304,#5305,#5306,#5307,#5308,#5309,
#5310,#5311,#5312,#5313),.UNSPECIFIED.,.F.,.F.,(4,2,2,2,4),(0.,0.0753649078016194,
0.150729815603239,0.226094656935678,0.301459498268117),.UNSPECIFIED.);
#66=B_SPLINE_CURVE_WITH_KNOTS('',3,(#5314,#5315,#5316,#5317,#5318,#5319,
#5320,#5321,#5322,#5323,#5324,#5325,#5326,#5327,#5328,#5329,#5330,#5331,
#5332,#5333,#5334,#5335,#5336,#5337,#5338,#5339),.UNSPECIFIED.,.F.,.F.,
(4,2,2,2,2,2,2,2,2,2,2,2,4),(0.301459498268117,0.376824339600556,0.452189180932995,
0.527554088734615,0.602918996536234,0.678283904337853,0.753648812139473,
0.829013653471912,0.904378494804351,0.97974333613679,1.05510817746923,1.13047308527085,
1.20583799307247),.UNSPECIFIED.);
#67=B_SPLINE_CURVE_WITH_KNOTS('',3,(#5343,#5344,#5345,#5346,#5347,#5348,
#5349,#5350,#5351,#5352,#5353,#5354,#5355,#5356,#5357,#5358,#5359,#5360,
#5361,#5362,#5363,#5364,#5365,#5366,#5367,#5368),.UNSPECIFIED.,.F.,.F.,
(4,2,2,2,2,2,2,2,2,2,2,2,4),(0.,0.0753649078016194,0.150729815603239,0.226094656935678,
0.301459498268117,0.376824339600556,0.452189180932995,0.527554088734615,
0.602918996536234,0.678283904337853,0.753648812139473,0.829013653471912,
0.904378494804351),.UNSPECIFIED.);
#68=B_SPLINE_CURVE_WITH_KNOTS('',3,(#5369,#5370,#5371,#5372,#5373,#5374,
#5375,#5376,#5377,#5378),.UNSPECIFIED.,.F.,.F.,(4,2,2,2,4),(0.904378494804351,
0.97974333613679,1.05510817746923,1.13047308527085,1.20583799307247),
 .UNSPECIFIED.);
#69=B_SPLINE_CURVE_WITH_KNOTS('',3,(#5382,#5383,#5384,#5385,#5386,#5387,
#5388,#5389,#5390,#5391),.UNSPECIFIED.,.F.,.F.,(4,2,2,2,4),(0.,0.0753613432047297,
0.150722686409459,0.226083979208503,0.301445272007546),.UNSPECIFIED.);
#70=B_SPLINE_CURVE_WITH_KNOTS('',3,(#5392,#5393,#5394,#5395,#5396,#5397,
#5398,#5399,#5400,#5401,#5402,#5403,#5404,#5405,#5406,#5407,#5408,#5409,
#5410,#5411,#5412,#5413,#5414,#5415,#5416,#5417),.UNSPECIFIED.,.F.,.F.,
(4,2,2,2,2,2,2,2,2,2,2,2,4),(0.301445272007546,0.376806564806589,0.452167857605632,
0.527529200810362,0.602890544015091,0.678251887219821,0.753613230424551,
0.828974523223594,0.904335816022637,0.97969710882168,1.05505840162072,1.13041974482545,
1.20578108803018),.UNSPECIFIED.);
#71=B_SPLINE_CURVE_WITH_KNOTS('',3,(#5439,#5440,#5441,#5442,#5443,#5444,
#5445,#5446,#5447,#5448,#5449,#5450,#5451,#5452,#5453,#5454,#5455,#5456,
#5457,#5458,#5459,#5460,#5461,#5462,#5463,#5464),.UNSPECIFIED.,.F.,.F.,
(4,2,2,2,2,2,2,2,2,2,2,2,4),(0.,0.0753653426027463,0.150730685205493,0.226095380969382,
0.30146007673327,0.37682606790895,0.45219205908463,0.527557533386986,0.602923007689342,
0.678288481991698,0.753653956294053,0.829019947469733,0.904385938645413),
 .UNSPECIFIED.);
#72=B_SPLINE_CURVE_WITH_KNOTS('',3,(#5465,#5466,#5467,#5468,#5469,#5470,
#5471,#5472,#5473,#5474),.UNSPECIFIED.,.F.,.F.,(4,2,2,2,4),(0.904385938645413,
0.979750634409302,1.05511533017319,1.13048067277594,1.20584601537868),
 .UNSPECIFIED.);
#73=B_SPLINE_CURVE_WITH_KNOTS('',3,(#5478,#5479,#5480,#5481,#5482,#5483,
#5484,#5485,#5486,#5487),.UNSPECIFIED.,.F.,.F.,(4,2,2,2,4),(0.,0.075379079354755,
0.15075815870951,0.226136225482518,0.301514292255525),.UNSPECIFIED.);
#74=B_SPLINE_CURVE_WITH_KNOTS('',3,(#5488,#5489,#5490,#5491,#5492,#5493,
#5494,#5495,#5496,#5497,#5498,#5499,#5500,#5501,#5502,#5503,#5504,#5505,
#5506,#5507,#5508,#5509,#5510,#5511,#5512,#5513),.UNSPECIFIED.,.F.,.F.,
(4,2,2,2,2,2,2,2,2,2,2,2,4),(0.301514292255525,0.376894288394081,0.452274284532636,
0.527653562261604,0.603032839990572,0.678412117719539,0.753791395448507,
0.829171391587062,0.904551387725618,0.979929454498625,1.05530752127163,
1.13068660062639,1.20606567998114),.UNSPECIFIED.);
#75=B_SPLINE_CURVE_WITH_KNOTS('',3,(#5517,#5518,#5519,#5520,#5521,#5522,
#5523,#5524,#5525,#5526),.UNSPECIFIED.,.F.,.F.,(4,2,2,2,4),(0.,0.0753790793547551,
0.15075815870951,0.226136225482518,0.300664018720571),.UNSPECIFIED.);
#76=B_SPLINE_CURVE_WITH_KNOTS('',3,(#5528,#5529,#5530,#5531,#5532,#5533,
#5534,#5535,#5536,#5537),.UNSPECIFIED.,.F.,.F.,(4,2,2,2,4),(0.905401661260571,
0.979929454498625,1.05530752127163,1.13068660062639,1.20606567998114),
 .UNSPECIFIED.);
#77=B_SPLINE_CURVE_WITH_KNOTS('',3,(#5539,#5540,#5541,#5542),
 .UNSPECIFIED.,.F.,.F.,(4,4),(0.904551387725617,0.905401661260571),
 .UNSPECIFIED.);
#78=B_SPLINE_CURVE_WITH_KNOTS('',3,(#5546,#5547,#5548,#5549),
 .UNSPECIFIED.,.F.,.F.,(4,4),(0.300609804406054,0.301460076733271),
 .UNSPECIFIED.);
#79=B_SPLINE_CURVE_WITH_KNOTS('',3,(#5551,#5552,#5553,#5554,#5555,#5556,
#5557,#5558,#5559,#5560),.UNSPECIFIED.,.F.,.F.,(4,2,2,2,4),(0.,0.0753653426027463,
0.150730685205493,0.226095380969382,0.300609804406054),.UNSPECIFIED.);
#80=B_SPLINE_CURVE_WITH_KNOTS('',3,(#5562,#5563,#5564,#5565,#5566,#5567,
#5568,#5569,#5570,#5571),.UNSPECIFIED.,.F.,.F.,(4,2,2,2,4),(0.905236210972629,
0.979750634409302,1.05511533017319,1.13048067277594,1.20584601537868),
 .UNSPECIFIED.);
#81=B_SPLINE_CURVE_WITH_KNOTS('',3,(#5572,#5573,#5574,#5575,#5576,#5577,
#5578,#5579,#5580,#5581,#5582,#5583,#5584,#5585,#5586,#5587,#5588,#5589,
#5590,#5591),.UNSPECIFIED.,.F.,.F.,(4,2,2,2,2,2,2,2,2,4),(0.301460076733271,
0.37682606790895,0.45219205908463,0.527557533386986,0.602923007689342,0.678288481991697,
0.753653956294053,0.829019947469733,0.904385938645413,0.905236210972629),
 .UNSPECIFIED.);
#82=B_SPLINE_CURVE_WITH_KNOTS('',3,(#5592,#5593,#5594,#5595,#5596,#5597,
#5598,#5599,#5600,#5601,#5602,#5603,#5604,#5605,#5606,#5607,#5608,#5609,
#5610,#5611),.UNSPECIFIED.,.F.,.F.,(4,2,2,2,2,2,2,2,2,4),(0.300664018720571,
0.301514292255525,0.37689428839408,0.452274284532636,0.527653562261603,
0.603032839990571,0.678412117719539,0.753791395448507,0.829171391587062,
0.904551387725617),.UNSPECIFIED.);
#83=B_SPLINE_CURVE_WITH_KNOTS('',3,(#5615,#5616,#5617,#5618,#5619,#5620,
#5621,#5622,#5623,#5624,#5625,#5626,#5627,#5628,#5629,#5630,#5631,#5632,
#5633,#5634,#5635,#5636,#5637,#5638,#5639,#5640),.UNSPECIFIED.,.F.,.F.,
(4,2,2,2,2,2,2,2,2,2,2,2,4),(0.,0.0753653426027463,0.150730685205493,0.226095380969382,
0.30146007673327,0.37682606790895,0.45219205908463,0.527557533386986,0.602923007689342,
0.678288481991698,0.753653956294053,0.829019947469733,0.904385938645413),
 .UNSPECIFIED.);
#84=B_SPLINE_CURVE_WITH_KNOTS('',3,(#5641,#5642,#5643,#5644,#5645,#5646,
#5647,#5648,#5649,#5650),.UNSPECIFIED.,.F.,.F.,(4,2,2,2,4),(0.904385938645413,
0.979750634409302,1.05511533017319,1.13048067277594,1.20584601537868),
 .UNSPECIFIED.);
#85=B_SPLINE_CURVE_WITH_KNOTS('',3,(#5654,#5655,#5656,#5657,#5658,#5659,
#5660,#5661,#5662,#5663),.UNSPECIFIED.,.F.,.F.,(4,2,2,2,4),(0.,0.075379079354755,
0.15075815870951,0.226136225482518,0.301514292255525),.UNSPECIFIED.);
#86=B_SPLINE_CURVE_WITH_KNOTS('',3,(#5664,#5665,#5666,#5667,#5668,#5669,
#5670,#5671,#5672,#5673,#5674,#5675,#5676,#5677,#5678,#5679,#5680,#5681,
#5682,#5683,#5684,#5685,#5686,#5687,#5688,#5689),.UNSPECIFIED.,.F.,.F.,
(4,2,2,2,2,2,2,2,2,2,2,2,4),(0.301514292255525,0.376894288394081,0.452274284532636,
0.527653562261604,0.603032839990572,0.678412117719539,0.753791395448507,
0.829171391587062,0.904551387725618,0.979929454498625,1.05530752127163,
1.13068660062639,1.20606567998114),.UNSPECIFIED.);
#87=B_SPLINE_CURVE_WITH_KNOTS('',3,(#5693,#5694,#5695,#5696,#5697,#5698,
#5699,#5700,#5701,#5702),.UNSPECIFIED.,.F.,.F.,(4,2,2,2,4),(0.,0.0753790793547551,
0.15075815870951,0.226136225482518,0.300664018720571),.UNSPECIFIED.);
#88=B_SPLINE_CURVE_WITH_KNOTS('',3,(#5704,#5705,#5706,#5707,#5708,#5709,
#5710,#5711,#5712,#5713),.UNSPECIFIED.,.F.,.F.,(4,2,2,2,4),(0.905401661260571,
0.979929454498625,1.05530752127163,1.13068660062639,1.20606567998114),
 .UNSPECIFIED.);
#89=B_SPLINE_CURVE_WITH_KNOTS('',3,(#5715,#5716,#5717,#5718),
 .UNSPECIFIED.,.F.,.F.,(4,4),(0.904551387725617,0.905401661260571),
 .UNSPECIFIED.);
#90=B_SPLINE_CURVE_WITH_KNOTS('',3,(#5722,#5723,#5724,#5725),
 .UNSPECIFIED.,.F.,.F.,(4,4),(0.300609804406054,0.301460076733271),
 .UNSPECIFIED.);
#91=B_SPLINE_CURVE_WITH_KNOTS('',3,(#5727,#5728,#5729,#5730,#5731,#5732,
#5733,#5734,#5735,#5736),.UNSPECIFIED.,.F.,.F.,(4,2,2,2,4),(0.,0.0753653426027463,
0.150730685205493,0.226095380969382,0.300609804406054),.UNSPECIFIED.);
#92=B_SPLINE_CURVE_WITH_KNOTS('',3,(#5738,#5739,#5740,#5741,#5742,#5743,
#5744,#5745,#5746,#5747),.UNSPECIFIED.,.F.,.F.,(4,2,2,2,4),(0.905236210972629,
0.979750634409302,1.05511533017319,1.13048067277594,1.20584601537868),
 .UNSPECIFIED.);
#93=B_SPLINE_CURVE_WITH_KNOTS('',3,(#5748,#5749,#5750,#5751,#5752,#5753,
#5754,#5755,#5756,#5757,#5758,#5759,#5760,#5761,#5762,#5763,#5764,#5765,
#5766,#5767),.UNSPECIFIED.,.F.,.F.,(4,2,2,2,2,2,2,2,2,4),(0.301460076733271,
0.37682606790895,0.45219205908463,0.527557533386986,0.602923007689342,0.678288481991697,
0.753653956294053,0.829019947469733,0.904385938645413,0.905236210972629),
 .UNSPECIFIED.);
#94=B_SPLINE_CURVE_WITH_KNOTS('',3,(#5768,#5769,#5770,#5771,#5772,#5773,
#5774,#5775,#5776,#5777,#5778,#5779,#5780,#5781,#5782,#5783,#5784,#5785,
#5786,#5787),.UNSPECIFIED.,.F.,.F.,(4,2,2,2,2,2,2,2,2,4),(0.300664018720571,
0.301514292255525,0.37689428839408,0.452274284532636,0.527653562261603,
0.603032839990571,0.678412117719539,0.753791395448507,0.829171391587062,
0.904551387725617),.UNSPECIFIED.);
#95=B_SPLINE_CURVE_WITH_KNOTS('',3,(#5791,#5792,#5793,#5794,#5795,#5796,
#5797,#5798,#5799,#5800,#5801,#5802,#5803,#5804,#5805,#5806,#5807,#5808,
#5809,#5810,#5811,#5812,#5813,#5814,#5815,#5816),.UNSPECIFIED.,.F.,.F.,
(4,2,2,2,2,2,2,2,2,2,2,2,4),(0.,0.0753654086290081,0.150730817258016,0.226096156983581,
0.301461496709145,0.37682683643471,0.452192176160275,0.527557584789283,
0.602922993418291,0.678288402047299,0.753653810676307,0.829019150401872,
0.904384490127436),.UNSPECIFIED.);
#96=B_SPLINE_CURVE_WITH_KNOTS('',3,(#5817,#5818,#5819,#5820,#5821,#5822,
#5823,#5824,#5825,#5826),.UNSPECIFIED.,.F.,.F.,(4,2,2,2,4),(0.904384490127436,
0.979749829853001,1.05511516957857,1.13048057820757,1.20584598683658),
 .UNSPECIFIED.);
#97=B_SPLINE_CURVE_WITH_KNOTS('',3,(#5830,#5831,#5832,#5833,#5834,#5835,
#5836,#5837,#5838,#5839),.UNSPECIFIED.,.F.,.F.,(4,2,2,2,4),(0.,0.0753791787975463,
0.150758357595093,0.226137383467751,0.301516409340409),.UNSPECIFIED.);
#98=B_SPLINE_CURVE_WITH_KNOTS('',3,(#5840,#5841,#5842,#5843,#5844,#5845,
#5846,#5847,#5848,#5849,#5850,#5851,#5852,#5853,#5854,#5855,#5856,#5857,
#5858,#5859,#5860,#5861,#5862,#5863,#5864,#5865),.UNSPECIFIED.,.F.,.F.,
(4,2,2,2,2,2,2,2,2,2,2,2,4),(0.301516409340409,0.376895435213067,0.452274461085725,
0.527653639883271,0.603032818680818,0.678411997478364,0.75379117627591,
0.829170202148568,0.904549228021226,0.979928253893884,1.05530727976654,
1.13068645856409,1.20606563736164),.UNSPECIFIED.);
#99=B_SPLINE_CURVE_WITH_KNOTS('',3,(#5869,#5870,#5871,#5872,#5873,#5874,
#5875,#5876,#5877,#5878,#5879,#5880,#5881,#5882,#5883,#5884,#5885,#5886,
#5887,#5888,#5889,#5890,#5891,#5892,#5893,#5894),.UNSPECIFIED.,.F.,.F.,
(4,2,2,2,2,2,2,2,2,2,2,2,4),(0.,0.0753791787975463,0.150758357595093,0.226137383467751,
0.301516409340409,0.376895435213067,0.452274461085725,0.527653639883271,
0.603032818680818,0.678411997478364,0.75379117627591,0.829170202148568,
0.904549228021226),.UNSPECIFIED.);
#100=B_SPLINE_CURVE_WITH_KNOTS('',3,(#5895,#5896,#5897,#5898,#5899,#5900,
#5901,#5902,#5903,#5904),.UNSPECIFIED.,.F.,.F.,(4,2,2,2,4),(0.904549228021226,
0.979928253893884,1.05530727976654,1.13068645856409,1.20606563736163),
 .UNSPECIFIED.);
#101=B_SPLINE_CURVE_WITH_KNOTS('',3,(#5908,#5909,#5910,#5911,#5912,#5913,
#5914,#5915,#5916,#5917),.UNSPECIFIED.,.F.,.F.,(4,2,2,2,4),(0.,0.0753654086290081,
0.150730817258016,0.226096156983581,0.301461496709146),.UNSPECIFIED.);
#102=B_SPLINE_CURVE_WITH_KNOTS('',3,(#5918,#5919,#5920,#5921,#5922,#5923,
#5924,#5925,#5926,#5927,#5928,#5929,#5930,#5931,#5932,#5933,#5934,#5935,
#5936,#5937,#5938,#5939,#5940,#5941,#5942,#5943),.UNSPECIFIED.,.F.,.F.,
(4,2,2,2,2,2,2,2,2,2,2,2,4),(0.301461496709146,0.37682683643471,0.452192176160275,
0.527557584789283,0.602922993418291,0.678288402047299,0.753653810676307,
0.829019150401872,0.904384490127436,0.979749829853001,1.05511516957857,
1.13048057820757,1.20584598683658),.UNSPECIFIED.);
#103=B_SPLINE_CURVE_WITH_KNOTS('',3,(#5947,#5948,#5949,#5950,#5951,#5952,
#5953,#5954,#5955,#5956,#5957,#5958,#5959,#5960,#5961,#5962,#5963,#5964,
#5965,#5966,#5967,#5968,#5969,#5970,#5971,#5972),.UNSPECIFIED.,.F.,.F.,
(4,2,2,2,2,2,2,2,2,2,2,2,4),(0.,0.0753654086290081,0.150730817258016,0.226096156983581,
0.301461496709145,0.37682683643471,0.452192176160275,0.527557584789283,
0.602922993418291,0.678288402047299,0.753653810676307,0.829019150401872,
0.904384490127436),.UNSPECIFIED.);
#104=B_SPLINE_CURVE_WITH_KNOTS('',3,(#5973,#5974,#5975,#5976,#5977,#5978,
#5979,#5980,#5981,#5982),.UNSPECIFIED.,.F.,.F.,(4,2,2,2,4),(0.904384490127436,
0.979749829853001,1.05511516957857,1.13048057820757,1.20584598683658),
 .UNSPECIFIED.);
#105=B_SPLINE_CURVE_WITH_KNOTS('',3,(#5986,#5987,#5988,#5989,#5990,#5991,
#5992,#5993,#5994,#5995),.UNSPECIFIED.,.F.,.F.,(4,2,2,2,4),(0.,0.0753791787975463,
0.150758357595093,0.226137383467751,0.301516409340409),.UNSPECIFIED.);
#106=B_SPLINE_CURVE_WITH_KNOTS('',3,(#5996,#5997,#5998,#5999,#6000,#6001,
#6002,#6003,#6004,#6005,#6006,#6007,#6008,#6009,#6010,#6011,#6012,#6013,
#6014,#6015,#6016,#6017,#6018,#6019,#6020,#6021),.UNSPECIFIED.,.F.,.F.,
(4,2,2,2,2,2,2,2,2,2,2,2,4),(0.301516409340409,0.376895435213067,0.452274461085725,
0.527653639883271,0.603032818680818,0.678411997478364,0.75379117627591,
0.829170202148568,0.904549228021226,0.979928253893884,1.05530727976654,
1.13068645856409,1.20606563736164),.UNSPECIFIED.);
#107=B_SPLINE_CURVE_WITH_KNOTS('',3,(#6025,#6026,#6027,#6028,#6029,#6030,
#6031,#6032,#6033,#6034,#6035,#6036,#6037,#6038,#6039,#6040,#6041,#6042,
#6043,#6044,#6045,#6046,#6047,#6048,#6049,#6050),.UNSPECIFIED.,.F.,.F.,
(4,2,2,2,2,2,2,2,2,2,2,2,4),(0.,0.0753791787975463,0.150758357595093,0.226137383467751,
0.301516409340409,0.376895435213067,0.452274461085725,0.527653639883271,
0.603032818680818,0.678411997478364,0.75379117627591,0.829170202148568,
0.904549228021226),.UNSPECIFIED.);
#108=B_SPLINE_CURVE_WITH_KNOTS('',3,(#6051,#6052,#6053,#6054,#6055,#6056,
#6057,#6058,#6059,#6060),.UNSPECIFIED.,.F.,.F.,(4,2,2,2,4),(0.904549228021226,
0.979928253893884,1.05530727976654,1.13068645856409,1.20606563736163),
 .UNSPECIFIED.);
#109=B_SPLINE_CURVE_WITH_KNOTS('',3,(#6064,#6065,#6066,#6067,#6068,#6069,
#6070,#6071,#6072,#6073),.UNSPECIFIED.,.F.,.F.,(4,2,2,2,4),(0.,0.0753654086290081,
0.150730817258016,0.226096156983581,0.301461496709146),.UNSPECIFIED.);
#110=B_SPLINE_CURVE_WITH_KNOTS('',3,(#6074,#6075,#6076,#6077,#6078,#6079,
#6080,#6081,#6082,#6083,#6084,#6085,#6086,#6087,#6088,#6089,#6090,#6091,
#6092,#6093,#6094,#6095,#6096,#6097,#6098,#6099),.UNSPECIFIED.,.F.,.F.,
(4,2,2,2,2,2,2,2,2,2,2,2,4),(0.301461496709146,0.37682683643471,0.452192176160275,
0.527557584789283,0.602922993418291,0.678288402047299,0.753653810676307,
0.829019150401872,0.904384490127436,0.979749829853001,1.05511516957857,
1.13048057820757,1.20584598683658),.UNSPECIFIED.);
#111=B_SPLINE_CURVE_WITH_KNOTS('',3,(#6160,#6161,#6162,#6163,#6164,#6165,
#6166,#6167,#6168,#6169,#6170,#6171,#6172,#6173,#6174,#6175,#6176,#6177,
#6178,#6179,#6180,#6181,#6182,#6183,#6184,#6185),.UNSPECIFIED.,.F.,.F.,
(4,2,2,2,2,2,2,2,2,2,2,2,4),(0.,0.075361263509426,0.150722527018852,0.226083042709083,
0.301443558399313,0.37680564111203,0.452167723824746,0.527529146114785,
0.602890568404824,0.678251990694863,0.753613412984902,0.828975495697618,
0.904337578410334),.UNSPECIFIED.);
#112=B_SPLINE_CURVE_WITH_KNOTS('',3,(#6186,#6187,#6188,#6189,#6190,#6191,
#6192,#6193,#6194,#6195),.UNSPECIFIED.,.F.,.F.,(4,2,2,2,4),(0.904337578410334,
0.979698094100565,1.0550586097908,1.13041987330022,1.20578113680965),
 .UNSPECIFIED.);
#113=B_SPLINE_CURVE_WITH_KNOTS('',3,(#6199,#6200,#6201,#6202,#6203,#6204,
#6205,#6206,#6207,#6208),.UNSPECIFIED.,.F.,.F.,(4,2,2,2,4),(0.,0.075364816025553,
0.150729632051106,0.226093581061156,0.301457530071206),.UNSPECIFIED.);
#114=B_SPLINE_CURVE_WITH_KNOTS('',3,(#6209,#6210,#6211,#6212,#6213,#6214,
#6215,#6216,#6217,#6218,#6219,#6220,#6221,#6222,#6223,#6224,#6225,#6226,
#6227,#6228,#6229,#6230,#6231,#6232,#6233,#6234),.UNSPECIFIED.,.F.,.F.,
(4,2,2,2,2,2,2,2,2,2,2,2,4),(0.301457530071206,0.376823278435494,0.452189026799782,
0.527554025683529,0.602919024567275,0.678284023451022,0.753649022334768,
0.829014770699056,0.904380519063344,0.979744468073394,1.05510841708344,
1.130473233109,1.20583804913455),.UNSPECIFIED.);
#115=B_SPLINE_CURVE_WITH_KNOTS('',3,(#6238,#6239,#6240,#6241,#6242,#6243,
#6244,#6245,#6246,#6247,#6248,#6249,#6250,#6251,#6252,#6253,#6254,#6255,
#6256,#6257,#6258,#6259,#6260,#6261,#6262,#6263),.UNSPECIFIED.,.F.,.F.,
(4,2,2,2,2,2,2,2,2,2,2,2,4),(0.,0.075364816025553,0.150729632051106,0.226093581061156,
0.301457530071206,0.376823278435494,0.452189026799782,0.527554025683529,
0.602919024567276,0.678284023451022,0.753649022334769,0.829014770699057,
0.904380519063345),.UNSPECIFIED.);
#116=B_SPLINE_CURVE_WITH_KNOTS('',3,(#6264,#6265,#6266,#6267,#6268,#6269,
#6270,#6271,#6272,#6273),.UNSPECIFIED.,.F.,.F.,(4,2,2,2,4),(0.904380519063345,
0.979744468073395,1.05510841708345,1.130473233109,1.20583804913455),
 .UNSPECIFIED.);
#117=B_SPLINE_CURVE_WITH_KNOTS('',3,(#6277,#6278,#6279,#6280,#6281,#6282,
#6283,#6284,#6285,#6286),.UNSPECIFIED.,.F.,.F.,(4,2,2,2,4),(0.,0.075361263509426,
0.150722527018852,0.226083042709082,0.301443558399313),.UNSPECIFIED.);
#118=B_SPLINE_CURVE_WITH_KNOTS('',3,(#6287,#6288,#6289,#6290,#6291,#6292,
#6293,#6294,#6295,#6296,#6297,#6298,#6299,#6300,#6301,#6302,#6303,#6304,
#6305,#6306,#6307,#6308,#6309,#6310,#6311,#6312),.UNSPECIFIED.,.F.,.F.,
(4,2,2,2,2,2,2,2,2,2,2,2,4),(0.301443558399313,0.376805641112029,0.452167723824746,
0.527529146114785,0.602890568404824,0.678251990694863,0.753613412984901,
0.828975495697618,0.904337578410334,0.979698094100565,1.0550586097908,1.13041987330022,
1.20578113680965),.UNSPECIFIED.);
#119=B_SPLINE_CURVE_WITH_KNOTS('',3,(#6316,#6317,#6318,#6319,#6320,#6321,
#6322,#6323,#6324,#6325,#6326,#6327,#6328,#6329,#6330,#6331,#6332,#6333,
#6334,#6335,#6336,#6337,#6338,#6339,#6340,#6341),.UNSPECIFIED.,.F.,.F.,
(4,2,2,2,2,2,2,2,2,2,2,2,4),(0.,0.0753613432040121,0.150722686408024,0.226083979206355,
0.301445272004685,0.376806564803015,0.452167857601346,0.527529200805358,
0.60289054400937,0.678251887213382,0.753613230417394,0.828974523215725,
0.904335816014055),.UNSPECIFIED.);
#120=B_SPLINE_CURVE_WITH_KNOTS('',3,(#6342,#6343,#6344,#6345,#6346,#6347,
#6348,#6349,#6350,#6351),.UNSPECIFIED.,.F.,.F.,(4,2,2,2,4),(0.904335816014055,
0.979697108812385,1.05505840161072,1.13041974481473,1.20578108801874),
 .UNSPECIFIED.);
#121=B_SPLINE_CURVE_WITH_KNOTS('',3,(#6355,#6356,#6357,#6358,#6359,#6360,
#6361,#6362,#6363,#6364),.UNSPECIFIED.,.F.,.F.,(4,2,2,2,4),(0.,0.0753649078016196,
0.150729815603239,0.22609465693568,0.301459498268121),.UNSPECIFIED.);
#122=B_SPLINE_CURVE_WITH_KNOTS('',3,(#6365,#6366,#6367,#6368,#6369,#6370,
#6371,#6372,#6373,#6374,#6375,#6376,#6377,#6378,#6379,#6380,#6381,#6382,
#6383,#6384,#6385,#6386,#6387,#6388,#6389,#6390),.UNSPECIFIED.,.F.,.F.,
(4,2,2,2,2,2,2,2,2,2,2,2,4),(0.301459498268121,0.376824339600562,0.452189180933003,
0.527554088734622,0.602918996536242,0.678283904337861,0.753648812139481,
0.829013653471922,0.904378494804362,0.979743336136803,1.05510817746924,
1.13047308527086,1.20583799307248),.UNSPECIFIED.);
#123=B_SPLINE_CURVE_WITH_KNOTS('',3,(#6394,#6395,#6396,#6397,#6398,#6399,
#6400,#6401,#6402,#6403,#6404,#6405,#6406,#6407,#6408,#6409,#6410,#6411,
#6412,#6413,#6414,#6415,#6416,#6417,#6418,#6419),.UNSPECIFIED.,.F.,.F.,
(4,2,2,2,2,2,2,2,2,2,2,2,4),(0.,0.0753649078016195,0.150729815603239,0.22609465693568,
0.301459498268121,0.376824339600562,0.452189180933003,0.527554088734622,
0.602918996536242,0.678283904337861,0.753648812139481,0.829013653471922,
0.904378494804363),.UNSPECIFIED.);
#124=B_SPLINE_CURVE_WITH_KNOTS('',3,(#6420,#6421,#6422,#6423,#6424,#6425,
#6426,#6427,#6428,#6429),.UNSPECIFIED.,.F.,.F.,(4,2,2,2,4),(0.904378494804363,
0.979743336136804,1.05510817746925,1.13047308527086,1.20583799307248),
 .UNSPECIFIED.);
#125=B_SPLINE_CURVE_WITH_KNOTS('',3,(#6433,#6434,#6435,#6436,#6437,#6438,
#6439,#6440,#6441,#6442),.UNSPECIFIED.,.F.,.F.,(4,2,2,2,4),(0.,0.0753613432040121,
0.150722686408024,0.226083979206355,0.301445272004685),.UNSPECIFIED.);
#126=B_SPLINE_CURVE_WITH_KNOTS('',3,(#6443,#6444,#6445,#6446,#6447,#6448,
#6449,#6450,#6451,#6452,#6453,#6454,#6455,#6456,#6457,#6458,#6459,#6460,
#6461,#6462,#6463,#6464,#6465,#6466,#6467,#6468),.UNSPECIFIED.,.F.,.F.,
(4,2,2,2,2,2,2,2,2,2,2,2,4),(0.301445272004685,0.376806564803015,0.452167857601346,
0.527529200805358,0.60289054400937,0.678251887213382,0.753613230417394,
0.828974523215725,0.904335816014055,0.979697108812386,1.05505840161072,
1.13041974481473,1.20578108801874),.UNSPECIFIED.);
#127=B_SPLINE_CURVE_WITH_KNOTS('',3,(#6472,#6473,#6474,#6475,#6476,#6477,
#6478,#6479,#6480,#6481,#6482,#6483,#6484,#6485,#6486,#6487,#6488,#6489,
#6490,#6491,#6492,#6493,#6494,#6495,#6496,#6497),.UNSPECIFIED.,.F.,.F.,
(4,2,2,2,2,2,2,2,2,2,2,2,4),(0.,0.0753612635094294,0.150722527018859,0.226083042709088,
0.301443558399317,0.376805641112033,0.452167723824749,0.527529146114788,
0.602890568404827,0.678251990694866,0.753613412984905,0.828975495697622,
0.904337578410338),.UNSPECIFIED.);
#128=B_SPLINE_CURVE_WITH_KNOTS('',3,(#6498,#6499,#6500,#6501,#6502,#6503,
#6504,#6505,#6506,#6507),.UNSPECIFIED.,.F.,.F.,(4,2,2,2,4),(0.904337578410338,
0.979698094100567,1.0550586097908,1.13041987330023,1.20578113680965),
 .UNSPECIFIED.);
#129=B_SPLINE_CURVE_WITH_KNOTS('',3,(#6511,#6512,#6513,#6514,#6515,#6516,
#6517,#6518,#6519,#6520),.UNSPECIFIED.,.F.,.F.,(4,2,2,2,4),(0.,0.0753648160255564,
0.150729632051113,0.226093581061162,0.30145753007121),.UNSPECIFIED.);
#130=B_SPLINE_CURVE_WITH_KNOTS('',3,(#6521,#6522,#6523,#6524,#6525,#6526,
#6527,#6528,#6529,#6530,#6531,#6532,#6533,#6534,#6535,#6536,#6537,#6538,
#6539,#6540,#6541,#6542,#6543,#6544,#6545,#6546),.UNSPECIFIED.,.F.,.F.,
(4,2,2,2,2,2,2,2,2,2,2,2,4),(0.30145753007121,0.376823278435498,0.452189026799786,
0.527554025683532,0.602919024567279,0.678284023451026,0.753649022334772,
0.82901477069906,0.904380519063348,0.979744468073396,1.05510841708345,1.130473233109,
1.20583804913456),.UNSPECIFIED.);
#131=B_SPLINE_CURVE_WITH_KNOTS('',3,(#6550,#6551,#6552,#6553,#6554,#6555,
#6556,#6557,#6558,#6559,#6560,#6561,#6562,#6563,#6564,#6565,#6566,#6567,
#6568,#6569,#6570,#6571,#6572,#6573,#6574,#6575),.UNSPECIFIED.,.F.,.F.,
(4,2,2,2,2,2,2,2,2,2,2,2,4),(0.,0.0753648160255565,0.150729632051113,0.226093581061162,
0.30145753007121,0.376823278435498,0.452189026799786,0.527554025683533,
0.60291902456728,0.678284023451026,0.753649022334773,0.829014770699061,
0.904380519063349),.UNSPECIFIED.);
#132=B_SPLINE_CURVE_WITH_KNOTS('',3,(#6576,#6577,#6578,#6579,#6580,#6581,
#6582,#6583,#6584,#6585),.UNSPECIFIED.,.F.,.F.,(4,2,2,2,4),(0.904380519063349,
0.979744468073398,1.05510841708345,1.130473233109,1.20583804913456),
 .UNSPECIFIED.);
#133=B_SPLINE_CURVE_WITH_KNOTS('',3,(#6589,#6590,#6591,#6592,#6593,#6594,
#6595,#6596,#6597,#6598),.UNSPECIFIED.,.F.,.F.,(4,2,2,2,4),(0.,0.0753612635094294,
0.150722527018859,0.226083042709088,0.301443558399317),.UNSPECIFIED.);
#134=B_SPLINE_CURVE_WITH_KNOTS('',3,(#6599,#6600,#6601,#6602,#6603,#6604,
#6605,#6606,#6607,#6608,#6609,#6610,#6611,#6612,#6613,#6614,#6615,#6616,
#6617,#6618,#6619,#6620,#6621,#6622,#6623,#6624),.UNSPECIFIED.,.F.,.F.,
(4,2,2,2,2,2,2,2,2,2,2,2,4),(0.301443558399317,0.376805641112033,0.452167723824749,
0.527529146114788,0.602890568404827,0.678251990694866,0.753613412984905,
0.828975495697622,0.904337578410338,0.979698094100567,1.0550586097908,1.13041987330023,
1.20578113680965),.UNSPECIFIED.);
#135=B_SPLINE_CURVE_WITH_KNOTS('',3,(#6628,#6629,#6630,#6631,#6632,#6633,
#6634,#6635,#6636,#6637,#6638,#6639,#6640,#6641,#6642,#6643,#6644,#6645,
#6646,#6647,#6648,#6649,#6650,#6651,#6652,#6653),.UNSPECIFIED.,.F.,.F.,
(4,2,2,2,2,2,2,2,2,2,2,2,4),(0.,0.0753613432040155,0.150722686408031,0.22608397920636,
0.301445272004689,0.376806564803018,0.452167857601347,0.527529200805362,
0.602890544009378,0.678251887213393,0.753613230417409,0.828974523215738,
0.904335816014067),.UNSPECIFIED.);
#136=B_SPLINE_CURVE_WITH_KNOTS('',3,(#6654,#6655,#6656,#6657,#6658,#6659,
#6660,#6661,#6662,#6663),.UNSPECIFIED.,.F.,.F.,(4,2,2,2,4),(0.904335816014067,
0.979697108812396,1.05505840161072,1.13041974481474,1.20578108801876),
 .UNSPECIFIED.);
#137=B_SPLINE_CURVE_WITH_KNOTS('',3,(#6667,#6668,#6669,#6670,#6671,#6672,
#6673,#6674,#6675,#6676),.UNSPECIFIED.,.F.,.F.,(4,2,2,2,4),(0.,0.075364907801623,
0.150729815603246,0.226094656935685,0.301459498268125),.UNSPECIFIED.);
#138=B_SPLINE_CURVE_WITH_KNOTS('',3,(#6677,#6678,#6679,#6680,#6681,#6682,
#6683,#6684,#6685,#6686,#6687,#6688,#6689,#6690,#6691,#6692,#6693,#6694,
#6695,#6696,#6697,#6698,#6699,#6700,#6701,#6702),.UNSPECIFIED.,.F.,.F.,
(4,2,2,2,2,2,2,2,2,2,2,2,4),(0.301459498268125,0.376824339600564,0.452189180933004,
0.527554088734627,0.60291899653625,0.678283904337873,0.753648812139496,
0.829013653471935,0.904378494804374,0.979743336136814,1.05510817746925,
1.13047308527088,1.2058379930725),.UNSPECIFIED.);
#139=B_SPLINE_CURVE_WITH_KNOTS('',3,(#6706,#6707,#6708,#6709,#6710,#6711,
#6712,#6713,#6714,#6715,#6716,#6717,#6718,#6719,#6720,#6721,#6722,#6723,
#6724,#6725,#6726,#6727,#6728,#6729,#6730,#6731),.UNSPECIFIED.,.F.,.F.,
(4,2,2,2,2,2,2,2,2,2,2,2,4),(0.,0.075364907801623,0.150729815603246,0.226094656935685,
0.301459498268125,0.376824339600564,0.452189180933004,0.527554088734627,
0.602918996536249,0.678283904337872,0.753648812139495,0.829013653471935,
0.904378494804374),.UNSPECIFIED.);
#140=B_SPLINE_CURVE_WITH_KNOTS('',3,(#6732,#6733,#6734,#6735,#6736,#6737,
#6738,#6739,#6740,#6741),.UNSPECIFIED.,.F.,.F.,(4,2,2,2,4),(0.904378494804374,
0.979743336136814,1.05510817746925,1.13047308527088,1.2058379930725),
 .UNSPECIFIED.);
#141=B_SPLINE_CURVE_WITH_KNOTS('',3,(#6745,#6746,#6747,#6748,#6749,#6750,
#6751,#6752,#6753,#6754),.UNSPECIFIED.,.F.,.F.,(4,2,2,2,4),(0.,0.0753613432040156,
0.150722686408031,0.22608397920636,0.301445272004689),.UNSPECIFIED.);
#142=B_SPLINE_CURVE_WITH_KNOTS('',3,(#6755,#6756,#6757,#6758,#6759,#6760,
#6761,#6762,#6763,#6764,#6765,#6766,#6767,#6768,#6769,#6770,#6771,#6772,
#6773,#6774,#6775,#6776,#6777,#6778,#6779,#6780),.UNSPECIFIED.,.F.,.F.,
(4,2,2,2,2,2,2,2,2,2,2,2,4),(0.301445272004689,0.376806564803018,0.452167857601347,
0.527529200805362,0.602890544009378,0.678251887213393,0.753613230417409,
0.828974523215738,0.904335816014067,0.979697108812396,1.05505840161072,
1.13041974481474,1.20578108801876),.UNSPECIFIED.);
#143=B_SPLINE_CURVE_WITH_KNOTS('',3,(#6784,#6785,#6786,#6787,#6788,#6789,
#6790,#6791,#6792,#6793,#6794,#6795,#6796,#6797,#6798,#6799,#6800,#6801,
#6802,#6803,#6804,#6805,#6806,#6807,#6808,#6809),.UNSPECIFIED.,.F.,.F.,
(4,2,2,2,2,2,2,2,2,2,2,2,4),(0.,0.0753612869144608,0.150722573828922,0.226083315802782,
0.301444057776642,0.376805907802584,0.452167757828527,0.527529157017812,
0.602890556207098,0.678251955396383,0.753613354585669,0.828975204611611,
0.904337054637554),.UNSPECIFIED.);
#144=B_SPLINE_CURVE_WITH_KNOTS('',3,(#6810,#6811,#6812,#6813,#6814,#6815,
#6816,#6817,#6818,#6819),.UNSPECIFIED.,.F.,.F.,(4,2,2,2,4),(0.904337054637554,
0.979697796611414,1.05505853858527,1.13041982549974,1.2057811124142),
 .UNSPECIFIED.);
#145=B_SPLINE_CURVE_WITH_KNOTS('',3,(#6823,#6824,#6825,#6826,#6827,#6828,
#6829,#6830,#6831,#6832),.UNSPECIFIED.,.F.,.F.,(4,2,2,2,4),(0.,0.07536484297802,
0.15072968595604,0.226093894798146,0.301458103640251),.UNSPECIFIED.);
#146=B_SPLINE_CURVE_WITH_KNOTS('',3,(#6833,#6834,#6835,#6836,#6837,#6838,
#6839,#6840,#6841,#6842,#6843,#6844,#6845,#6846,#6847,#6848,#6849,#6850,
#6851,#6852,#6853,#6854,#6855,#6856,#6857,#6858),.UNSPECIFIED.,.F.,.F.,
(4,2,2,2,2,2,2,2,2,2,2,2,4),(0.301458103640251,0.376823584817753,0.452189065995254,
0.527554038273509,0.602919010551763,0.678283982830018,0.753648955108272,
0.829014436285773,0.904379917463275,0.979744126305381,1.05510833514749,
1.13047317812551,1.20583802110353),.UNSPECIFIED.);
#147=B_SPLINE_CURVE_WITH_KNOTS('',3,(#6862,#6863,#6864,#6865,#6866,#6867,
#6868,#6869,#6870,#6871),.UNSPECIFIED.,.F.,.F.,(4,2,2,2,4),(0.,0.07536484297802,
0.15072968595604,0.226093894798146,0.300607831357039),.UNSPECIFIED.);
#148=B_SPLINE_CURVE_WITH_KNOTS('',3,(#6873,#6874,#6875,#6876,#6877,#6878,
#6879,#6880,#6881,#6882),.UNSPECIFIED.,.F.,.F.,(4,2,2,2,4),(0.905230189746488,
0.979744126305381,1.05510833514749,1.13047317812551,1.20583802110353),
 .UNSPECIFIED.);
#149=B_SPLINE_CURVE_WITH_KNOTS('',3,(#6884,#6885,#6886,#6887),
 .UNSPECIFIED.,.F.,.F.,(4,4),(0.904379917463275,0.905230189746488),
 .UNSPECIFIED.);
#150=B_SPLINE_CURVE_WITH_KNOTS('',3,(#6891,#6892,#6893,#6894),
 .UNSPECIFIED.,.F.,.F.,(4,4),(0.300593785806777,0.301444057776642),
 .UNSPECIFIED.);
#151=B_SPLINE_CURVE_WITH_KNOTS('',3,(#6896,#6897,#6898,#6899,#6900,#6901,
#6902,#6903,#6904,#6905),.UNSPECIFIED.,.F.,.F.,(4,2,2,2,4),(0.,0.0753612869144608,
0.150722573828922,0.226083315802782,0.300593785806777),.UNSPECIFIED.);
#152=B_SPLINE_CURVE_WITH_KNOTS('',3,(#6907,#6908,#6909,#6910,#6911,#6912,
#6913,#6914,#6915,#6916),.UNSPECIFIED.,.F.,.F.,(4,2,2,2,4),(0.905187326607419,
0.979697796611414,1.05505853858527,1.13041982549974,1.2057811124142),
 .UNSPECIFIED.);
#153=B_SPLINE_CURVE_WITH_KNOTS('',3,(#6917,#6918,#6919,#6920,#6921,#6922,
#6923,#6924,#6925,#6926,#6927,#6928,#6929,#6930,#6931,#6932,#6933,#6934,
#6935,#6936),.UNSPECIFIED.,.F.,.F.,(4,2,2,2,2,2,2,2,2,4),(0.301444057776642,
0.376805907802584,0.452167757828527,0.527529157017812,0.602890556207098,
0.678251955396383,0.753613354585669,0.828975204611611,0.904337054637554,
0.905187326607419),.UNSPECIFIED.);
#154=B_SPLINE_CURVE_WITH_KNOTS('',3,(#6937,#6938,#6939,#6940,#6941,#6942,
#6943,#6944,#6945,#6946,#6947,#6948,#6949,#6950,#6951,#6952,#6953,#6954,
#6955,#6956),.UNSPECIFIED.,.F.,.F.,(4,2,2,2,2,2,2,2,2,4),(0.300607831357039,
0.301458103640251,0.376823584817753,0.452189065995254,0.527554038273509,
0.602919010551763,0.678283982830018,0.753648955108272,0.829014436285774,
0.904379917463275),.UNSPECIFIED.);
#155=B_SPLINE_CURVE_WITH_KNOTS('',3,(#6960,#6961,#6962,#6963,#6964,#6965,
#6966,#6967,#6968,#6969,#6970,#6971,#6972,#6973,#6974,#6975,#6976,#6977,
#6978,#6979,#6980,#6981,#6982,#6983,#6984,#6985),.UNSPECIFIED.,.F.,.F.,
(4,2,2,2,2,2,2,2,2,2,2,2,4),(0.,0.0753612869144608,0.150722573828922,0.226083315802782,
0.301444057776642,0.376805907802584,0.452167757828527,0.527529157017812,
0.602890556207098,0.678251955396383,0.753613354585669,0.828975204611611,
0.904337054637554),.UNSPECIFIED.);
#156=B_SPLINE_CURVE_WITH_KNOTS('',3,(#6986,#6987,#6988,#6989,#6990,#6991,
#6992,#6993,#6994,#6995),.UNSPECIFIED.,.F.,.F.,(4,2,2,2,4),(0.904337054637554,
0.979697796611414,1.05505853858527,1.13041982549974,1.2057811124142),
 .UNSPECIFIED.);
#157=B_SPLINE_CURVE_WITH_KNOTS('',3,(#6999,#7000,#7001,#7002,#7003,#7004,
#7005,#7006,#7007,#7008),.UNSPECIFIED.,.F.,.F.,(4,2,2,2,4),(0.,0.07536484297802,
0.15072968595604,0.226093894798146,0.301458103640251),.UNSPECIFIED.);
#158=B_SPLINE_CURVE_WITH_KNOTS('',3,(#7009,#7010,#7011,#7012,#7013,#7014,
#7015,#7016,#7017,#7018,#7019,#7020,#7021,#7022,#7023,#7024,#7025,#7026,
#7027,#7028,#7029,#7030,#7031,#7032,#7033,#7034),.UNSPECIFIED.,.F.,.F.,
(4,2,2,2,2,2,2,2,2,2,2,2,4),(0.301458103640251,0.376823584817753,0.452189065995254,
0.527554038273509,0.602919010551763,0.678283982830018,0.753648955108272,
0.829014436285773,0.904379917463275,0.979744126305381,1.05510833514749,
1.13047317812551,1.20583802110353),.UNSPECIFIED.);
#159=B_SPLINE_CURVE_WITH_KNOTS('',3,(#7038,#7039,#7040,#7041,#7042,#7043,
#7044,#7045,#7046,#7047),.UNSPECIFIED.,.F.,.F.,(4,2,2,2,4),(0.,0.07536484297802,
0.15072968595604,0.226093894798146,0.300607831357039),.UNSPECIFIED.);
#160=B_SPLINE_CURVE_WITH_KNOTS('',3,(#7049,#7050,#7051,#7052,#7053,#7054,
#7055,#7056,#7057,#7058),.UNSPECIFIED.,.F.,.F.,(4,2,2,2,4),(0.905230189746488,
0.979744126305381,1.05510833514749,1.13047317812551,1.20583802110353),
 .UNSPECIFIED.);
#161=B_SPLINE_CURVE_WITH_KNOTS('',3,(#7060,#7061,#7062,#7063),
 .UNSPECIFIED.,.F.,.F.,(4,4),(0.904379917463275,0.905230189746488),
 .UNSPECIFIED.);
#162=B_SPLINE_CURVE_WITH_KNOTS('',3,(#7067,#7068,#7069,#7070),
 .UNSPECIFIED.,.F.,.F.,(4,4),(0.300593785806777,0.301444057776642),
 .UNSPECIFIED.);
#163=B_SPLINE_CURVE_WITH_KNOTS('',3,(#7072,#7073,#7074,#7075,#7076,#7077,
#7078,#7079,#7080,#7081),.UNSPECIFIED.,.F.,.F.,(4,2,2,2,4),(0.,0.0753612869144608,
0.150722573828922,0.226083315802782,0.300593785806777),.UNSPECIFIED.);
#164=B_SPLINE_CURVE_WITH_KNOTS('',3,(#7083,#7084,#7085,#7086,#7087,#7088,
#7089,#7090,#7091,#7092),.UNSPECIFIED.,.F.,.F.,(4,2,2,2,4),(0.905187326607419,
0.979697796611414,1.05505853858527,1.13041982549974,1.2057811124142),
 .UNSPECIFIED.);
#165=B_SPLINE_CURVE_WITH_KNOTS('',3,(#7093,#7094,#7095,#7096,#7097,#7098,
#7099,#7100,#7101,#7102,#7103,#7104,#7105,#7106,#7107,#7108,#7109,#7110,
#7111,#7112),.UNSPECIFIED.,.F.,.F.,(4,2,2,2,2,2,2,2,2,4),(0.301444057776642,
0.376805907802584,0.452167757828527,0.527529157017812,0.602890556207098,
0.678251955396383,0.753613354585669,0.828975204611611,0.904337054637554,
0.905187326607419),.UNSPECIFIED.);
#166=B_SPLINE_CURVE_WITH_KNOTS('',3,(#7113,#7114,#7115,#7116,#7117,#7118,
#7119,#7120,#7121,#7122,#7123,#7124,#7125,#7126,#7127,#7128,#7129,#7130,
#7131,#7132),.UNSPECIFIED.,.F.,.F.,(4,2,2,2,2,2,2,2,2,4),(0.300607831357039,
0.301458103640251,0.376823584817753,0.452189065995254,0.527554038273509,
0.602919010551763,0.678283982830018,0.753648955108272,0.829014436285774,
0.904379917463275),.UNSPECIFIED.);
#167=B_SPLINE_CURVE_WITH_KNOTS('',3,(#7136,#7137,#7138,#7139,#7140,#7141,
#7142,#7143,#7144,#7145,#7146,#7147,#7148,#7149,#7150,#7151,#7152,#7153,
#7154,#7155,#7156,#7157,#7158,#7159,#7160,#7161),.UNSPECIFIED.,.F.,.F.,
(4,2,2,2,2,2,2,2,2,2,2,2,4),(0.,0.0753613432040121,0.150722686408024,0.226083979206355,
0.301445272004685,0.376806564803016,0.452167857601346,0.527529200805358,
0.60289054400937,0.678251887213382,0.753613230417395,0.828974523215725,
0.904335816014056),.UNSPECIFIED.);
#168=B_SPLINE_CURVE_WITH_KNOTS('',3,(#7162,#7163,#7164,#7165,#7166,#7167,
#7168,#7169,#7170,#7171),.UNSPECIFIED.,.F.,.F.,(4,2,2,2,4),(0.904335816014056,
0.979697108812386,1.05505840161072,1.13041974481473,1.20578108801874),
 .UNSPECIFIED.);
#169=B_SPLINE_CURVE_WITH_KNOTS('',3,(#7175,#7176,#7177,#7178,#7179,#7180,
#7181,#7182,#7183,#7184),.UNSPECIFIED.,.F.,.F.,(4,2,2,2,4),(0.,0.0753649078016195,
0.150729815603239,0.22609465693568,0.301459498268121),.UNSPECIFIED.);
#170=B_SPLINE_CURVE_WITH_KNOTS('',3,(#7185,#7186,#7187,#7188,#7189,#7190,
#7191,#7192,#7193,#7194,#7195,#7196,#7197,#7198,#7199,#7200,#7201,#7202,
#7203,#7204,#7205,#7206,#7207,#7208,#7209,#7210),.UNSPECIFIED.,.F.,.F.,
(4,2,2,2,2,2,2,2,2,2,2,2,4),(0.301459498268121,0.376824339600562,0.452189180933003,
0.527554088734623,0.602918996536242,0.678283904337862,0.753648812139481,
0.829013653471922,0.904378494804363,0.979743336136804,1.05510817746925,
1.13047308527086,1.20583799307248),.UNSPECIFIED.);
#171=B_SPLINE_CURVE_WITH_KNOTS('',3,(#7214,#7215,#7216,#7217,#7218,#7219,
#7220,#7221,#7222,#7223,#7224,#7225,#7226,#7227,#7228,#7229,#7230,#7231,
#7232,#7233,#7234,#7235,#7236,#7237,#7238,#7239),.UNSPECIFIED.,.F.,.F.,
(4,2,2,2,2,2,2,2,2,2,2,2,4),(0.,0.0753649078016195,0.150729815603239,0.22609465693568,
0.301459498268121,0.376824339600562,0.452189180933003,0.527554088734623,
0.602918996536242,0.678283904337862,0.753648812139481,0.829013653471922,
0.904378494804363),.UNSPECIFIED.);
#172=B_SPLINE_CURVE_WITH_KNOTS('',3,(#7240,#7241,#7242,#7243,#7244,#7245,
#7246,#7247,#7248,#7249),.UNSPECIFIED.,.F.,.F.,(4,2,2,2,4),(0.904378494804363,
0.979743336136804,1.05510817746925,1.13047308527086,1.20583799307248),
 .UNSPECIFIED.);
#173=B_SPLINE_CURVE_WITH_KNOTS('',3,(#7253,#7254,#7255,#7256,#7257,#7258,
#7259,#7260,#7261,#7262),.UNSPECIFIED.,.F.,.F.,(4,2,2,2,4),(0.,0.0753613432040121,
0.150722686408024,0.226083979206355,0.301445272004685),.UNSPECIFIED.);
#174=B_SPLINE_CURVE_WITH_KNOTS('',3,(#7263,#7264,#7265,#7266,#7267,#7268,
#7269,#7270,#7271,#7272,#7273,#7274,#7275,#7276,#7277,#7278,#7279,#7280,
#7281,#7282,#7283,#7284,#7285,#7286,#7287,#7288),.UNSPECIFIED.,.F.,.F.,
(4,2,2,2,2,2,2,2,2,2,2,2,4),(0.301445272004685,0.376806564803016,0.452167857601346,
0.527529200805358,0.60289054400937,0.678251887213382,0.753613230417395,
0.828974523215725,0.904335816014056,0.979697108812386,1.05505840161072,
1.13041974481473,1.20578108801874),.UNSPECIFIED.);
#175=B_SPLINE_CURVE_WITH_KNOTS('',3,(#7292,#7293,#7294,#7295,#7296,#7297,
#7298,#7299,#7300,#7301,#7302,#7303,#7304,#7305,#7306,#7307,#7308,#7309,
#7310,#7311,#7312,#7313,#7314,#7315,#7316,#7317),.UNSPECIFIED.,.F.,.F.,
(4,2,2,2,2,2,2,2,2,2,2,2,4),(0.,0.0753613432040121,0.150722686408024,0.226083979206355,
0.301445272004685,0.376806564803016,0.452167857601346,0.527529200805358,
0.60289054400937,0.678251887213382,0.753613230417395,0.828974523215725,
0.904335816014056),.UNSPECIFIED.);
#176=B_SPLINE_CURVE_WITH_KNOTS('',3,(#7318,#7319,#7320,#7321,#7322,#7323,
#7324,#7325,#7326,#7327),.UNSPECIFIED.,.F.,.F.,(4,2,2,2,4),(0.904335816014056,
0.979697108812386,1.05505840161072,1.13041974481473,1.20578108801874),
 .UNSPECIFIED.);
#177=B_SPLINE_CURVE_WITH_KNOTS('',3,(#7331,#7332,#7333,#7334,#7335,#7336,
#7337,#7338,#7339,#7340),.UNSPECIFIED.,.F.,.F.,(4,2,2,2,4),(0.,0.0753649078016195,
0.150729815603239,0.22609465693568,0.301459498268121),.UNSPECIFIED.);
#178=B_SPLINE_CURVE_WITH_KNOTS('',3,(#7341,#7342,#7343,#7344,#7345,#7346,
#7347,#7348,#7349,#7350,#7351,#7352,#7353,#7354,#7355,#7356,#7357,#7358,
#7359,#7360,#7361,#7362,#7363,#7364,#7365,#7366),.UNSPECIFIED.,.F.,.F.,
(4,2,2,2,2,2,2,2,2,2,2,2,4),(0.301459498268121,0.376824339600562,0.452189180933003,
0.527554088734623,0.602918996536242,0.678283904337862,0.753648812139481,
0.829013653471922,0.904378494804363,0.979743336136804,1.05510817746925,
1.13047308527086,1.20583799307248),.UNSPECIFIED.);
#179=B_SPLINE_CURVE_WITH_KNOTS('',3,(#7370,#7371,#7372,#7373,#7374,#7375,
#7376,#7377,#7378,#7379,#7380,#7381,#7382,#7383,#7384,#7385,#7386,#7387,
#7388,#7389,#7390,#7391,#7392,#7393,#7394,#7395),.UNSPECIFIED.,.F.,.F.,
(4,2,2,2,2,2,2,2,2,2,2,2,4),(0.,0.0753649078016195,0.150729815603239,0.22609465693568,
0.301459498268121,0.376824339600562,0.452189180933003,0.527554088734623,
0.602918996536242,0.678283904337862,0.753648812139481,0.829013653471922,
0.904378494804363),.UNSPECIFIED.);
#180=B_SPLINE_CURVE_WITH_KNOTS('',3,(#7396,#7397,#7398,#7399,#7400,#7401,
#7402,#7403,#7404,#7405),.UNSPECIFIED.,.F.,.F.,(4,2,2,2,4),(0.904378494804363,
0.979743336136804,1.05510817746925,1.13047308527086,1.20583799307248),
 .UNSPECIFIED.);
#181=B_SPLINE_CURVE_WITH_KNOTS('',3,(#7409,#7410,#7411,#7412,#7413,#7414,
#7415,#7416,#7417,#7418),.UNSPECIFIED.,.F.,.F.,(4,2,2,2,4),(0.,0.0753613432040121,
0.150722686408024,0.226083979206355,0.301445272004685),.UNSPECIFIED.);
#182=B_SPLINE_CURVE_WITH_KNOTS('',3,(#7419,#7420,#7421,#7422,#7423,#7424,
#7425,#7426,#7427,#7428,#7429,#7430,#7431,#7432,#7433,#7434,#7435,#7436,
#7437,#7438,#7439,#7440,#7441,#7442,#7443,#7444),.UNSPECIFIED.,.F.,.F.,
(4,2,2,2,2,2,2,2,2,2,2,2,4),(0.301445272004685,0.376806564803016,0.452167857601346,
0.527529200805358,0.60289054400937,0.678251887213382,0.753613230417395,
0.828974523215725,0.904335816014056,0.979697108812386,1.05505840161072,
1.13041974481473,1.20578108801874),.UNSPECIFIED.);
#183=B_SPLINE_CURVE_WITH_KNOTS('',3,(#7466,#7467,#7468,#7469,#7470,#7471,
#7472,#7473,#7474,#7475,#7476,#7477,#7478,#7479,#7480,#7481,#7482,#7483,
#7484,#7485,#7486,#7487,#7488,#7489,#7490,#7491),.UNSPECIFIED.,.F.,.F.,
(4,2,2,2,2,2,2,2,2,2,2,2,4),(0.,0.0753653426027463,0.150730685205493,0.226095380969382,
0.30146007673327,0.37682606790895,0.45219205908463,0.527557533386986,0.602923007689342,
0.678288481991698,0.753653956294053,0.829019947469733,0.904385938645413),
 .UNSPECIFIED.);
#184=B_SPLINE_CURVE_WITH_KNOTS('',3,(#7492,#7493,#7494,#7495,#7496,#7497,
#7498,#7499,#7500,#7501),.UNSPECIFIED.,.F.,.F.,(4,2,2,2,4),(0.904385938645413,
0.979750634409302,1.05511533017319,1.13048067277594,1.20584601537868),
 .UNSPECIFIED.);
#185=B_SPLINE_CURVE_WITH_KNOTS('',3,(#7505,#7506,#7507,#7508,#7509,#7510,
#7511,#7512,#7513,#7514),.UNSPECIFIED.,.F.,.F.,(4,2,2,2,4),(0.,0.075380017300247,
0.150760034600494,0.226139013187089,0.301517991773683),.UNSPECIFIED.);
#186=B_SPLINE_CURVE_WITH_KNOTS('',3,(#7515,#7516,#7517,#7518,#7519,#7520,
#7521,#7522,#7523,#7524,#7525,#7526,#7527,#7528,#7529,#7530,#7531,#7532,
#7533,#7534,#7535,#7536,#7537,#7538,#7539,#7540),.UNSPECIFIED.,.F.,.F.,
(4,2,2,2,2,2,2,2,2,2,2,2,4),(0.301517991773683,0.376898942976192,0.4522798941787,
0.527660114455371,0.603040334732043,0.678420555008714,0.753800775285385,
0.829181726487893,0.904562677690402,0.979941656276997,1.05532063486359,
1.13070065216384,1.20608066946409),.UNSPECIFIED.);
#187=B_SPLINE_CURVE_WITH_KNOTS('',3,(#7544,#7545,#7546,#7547,#7548,#7549,
#7550,#7551,#7552,#7553),.UNSPECIFIED.,.F.,.F.,(4,2,2,2,4),(0.,0.075380017300247,
0.150760034600494,0.226139013187089,0.300667718156412),.UNSPECIFIED.);
#188=B_SPLINE_CURVE_WITH_KNOTS('',3,(#7555,#7556,#7557,#7558,#7559,#7560,
#7561,#7562,#7563,#7564),.UNSPECIFIED.,.F.,.F.,(4,2,2,2,4),(0.905412951307673,
0.979941656276997,1.05532063486359,1.13070065216384,1.20608066946409),
 .UNSPECIFIED.);
#189=B_SPLINE_CURVE_WITH_KNOTS('',3,(#7566,#7567,#7568,#7569),
 .UNSPECIFIED.,.F.,.F.,(4,4),(0.904562677690402,0.905412951307673),
 .UNSPECIFIED.);
#190=B_SPLINE_CURVE_WITH_KNOTS('',3,(#7573,#7574,#7575,#7576),
 .UNSPECIFIED.,.F.,.F.,(4,4),(0.300609804406054,0.301460076733271),
 .UNSPECIFIED.);
#191=B_SPLINE_CURVE_WITH_KNOTS('',3,(#7578,#7579,#7580,#7581,#7582,#7583,
#7584,#7585,#7586,#7587),.UNSPECIFIED.,.F.,.F.,(4,2,2,2,4),(0.,0.0753653426027463,
0.150730685205493,0.226095380969382,0.300609804406054),.UNSPECIFIED.);
#192=B_SPLINE_CURVE_WITH_KNOTS('',3,(#7589,#7590,#7591,#7592,#7593,#7594,
#7595,#7596,#7597,#7598),.UNSPECIFIED.,.F.,.F.,(4,2,2,2,4),(0.905236210972629,
0.979750634409302,1.05511533017319,1.13048067277594,1.20584601537868),
 .UNSPECIFIED.);
#193=B_SPLINE_CURVE_WITH_KNOTS('',3,(#7599,#7600,#7601,#7602,#7603,#7604,
#7605,#7606,#7607,#7608,#7609,#7610,#7611,#7612,#7613,#7614,#7615,#7616,
#7617,#7618),.UNSPECIFIED.,.F.,.F.,(4,2,2,2,2,2,2,2,2,4),(0.301460076733271,
0.37682606790895,0.45219205908463,0.527557533386986,0.602923007689342,0.678288481991697,
0.753653956294053,0.829019947469733,0.904385938645413,0.905236210972629),
 .UNSPECIFIED.);
#194=B_SPLINE_CURVE_WITH_KNOTS('',3,(#7619,#7620,#7621,#7622,#7623,#7624,
#7625,#7626,#7627,#7628,#7629,#7630,#7631,#7632,#7633,#7634,#7635,#7636,
#7637,#7638),.UNSPECIFIED.,.F.,.F.,(4,2,2,2,2,2,2,2,2,4),(0.300667718156412,
0.301517991773683,0.376898942976192,0.4522798941787,0.527660114455371,0.603040334732043,
0.678420555008714,0.753800775285385,0.829181726487893,0.904562677690402),
 .UNSPECIFIED.);
#195=B_SPLINE_CURVE_WITH_KNOTS('',3,(#7642,#7643,#7644,#7645,#7646,#7647,
#7648,#7649,#7650,#7651,#7652,#7653,#7654,#7655,#7656,#7657,#7658,#7659,
#7660,#7661,#7662,#7663,#7664,#7665,#7666,#7667),.UNSPECIFIED.,.F.,.F.,
(4,2,2,2,2,2,2,2,2,2,2,2,4),(0.,0.0753654086290081,0.150730817258016,0.226096156983581,
0.301461496709145,0.37682683643471,0.452192176160275,0.527557584789283,
0.602922993418291,0.678288402047299,0.753653810676307,0.829019150401872,
0.904384490127436),.UNSPECIFIED.);
#196=B_SPLINE_CURVE_WITH_KNOTS('',3,(#7668,#7669,#7670,#7671,#7672,#7673,
#7674,#7675,#7676,#7677),.UNSPECIFIED.,.F.,.F.,(4,2,2,2,4),(0.904384490127436,
0.979749829853001,1.05511516957857,1.13048057820757,1.20584598683658),
 .UNSPECIFIED.);
#197=B_SPLINE_CURVE_WITH_KNOTS('',3,(#7681,#7682,#7683,#7684,#7685,#7686,
#7687,#7688,#7689,#7690),.UNSPECIFIED.,.F.,.F.,(4,2,2,2,4),(0.,0.0753801190493778,
0.150760238098756,0.22614019728457,0.301520156470385),.UNSPECIFIED.);
#198=B_SPLINE_CURVE_WITH_KNOTS('',3,(#7691,#7692,#7693,#7694,#7695,#7696,
#7697,#7698,#7699,#7700,#7701,#7702,#7703,#7704,#7705,#7706,#7707,#7708,
#7709,#7710,#7711,#7712,#7713,#7714,#7715,#7716),.UNSPECIFIED.,.F.,.F.,
(4,2,2,2,2,2,2,2,2,2,2,2,4),(0.301520156470385,0.3769001156562,0.452280074842014,
0.527660193891392,0.60304031294077,0.678420431990148,0.753800551039526,
0.829180510225341,0.904560469411155,0.97994042859697,1.05532038778278,1.13070050683216,
1.20608062588154),.UNSPECIFIED.);
#199=B_SPLINE_CURVE_WITH_KNOTS('',3,(#7720,#7721,#7722,#7723,#7724,#7725,
#7726,#7727,#7728,#7729,#7730,#7731,#7732,#7733,#7734,#7735,#7736,#7737,
#7738,#7739,#7740,#7741,#7742,#7743,#7744,#7745),.UNSPECIFIED.,.F.,.F.,
(4,2,2,2,2,2,2,2,2,2,2,2,4),(0.,0.0753801190493778,0.150760238098756,0.22614019728457,
0.301520156470385,0.3769001156562,0.452280074842014,0.527660193891392,0.60304031294077,
0.678420431990148,0.753800551039526,0.829180510225341,0.904560469411155),
 .UNSPECIFIED.);
#200=B_SPLINE_CURVE_WITH_KNOTS('',3,(#7746,#7747,#7748,#7749,#7750,#7751,
#7752,#7753,#7754,#7755),.UNSPECIFIED.,.F.,.F.,(4,2,2,2,4),(0.904560469411155,
0.97994042859697,1.05532038778278,1.13070050683216,1.20608062588154),
 .UNSPECIFIED.);
#201=B_SPLINE_CURVE_WITH_KNOTS('',3,(#7759,#7760,#7761,#7762,#7763,#7764,
#7765,#7766,#7767,#7768),.UNSPECIFIED.,.F.,.F.,(4,2,2,2,4),(0.,0.0753654086290081,
0.150730817258016,0.226096156983581,0.301461496709146),.UNSPECIFIED.);
#202=B_SPLINE_CURVE_WITH_KNOTS('',3,(#7769,#7770,#7771,#7772,#7773,#7774,
#7775,#7776,#7777,#7778,#7779,#7780,#7781,#7782,#7783,#7784,#7785,#7786,
#7787,#7788,#7789,#7790,#7791,#7792,#7793,#7794),.UNSPECIFIED.,.F.,.F.,
(4,2,2,2,2,2,2,2,2,2,2,2,4),(0.301461496709146,0.37682683643471,0.452192176160275,
0.527557584789283,0.602922993418291,0.678288402047299,0.753653810676307,
0.829019150401872,0.904384490127436,0.979749829853001,1.05511516957857,
1.13048057820757,1.20584598683658),.UNSPECIFIED.);
#203=B_SPLINE_CURVE_WITH_KNOTS('',3,(#7814,#7815,#7816,#7817,#7818,#7819,
#7820,#7821,#7822,#7823,#7824,#7825,#7826,#7827,#7828,#7829,#7830,#7831,
#7832,#7833,#7834,#7835,#7836,#7837,#7838,#7839),.UNSPECIFIED.,.F.,.F.,
(4,2,2,2,2,2,2,2,2,2,2,2,4),(0.,0.0753653151503849,0.15073063030077,0.226095061520174,
0.301459492739578,0.376825755948183,0.452192019156789,0.527557520558592,
0.602923021960395,0.678288523362198,0.753654024764001,0.829020287972607,
0.904386551181212),.UNSPECIFIED.);
#204=B_SPLINE_CURVE_WITH_KNOTS('',3,(#7840,#7841,#7842,#7843,#7844,#7845,
#7846,#7847,#7848,#7849),.UNSPECIFIED.,.F.,.F.,(4,2,2,2,4),(0.904386551181212,
0.979750982400616,1.05511541362002,1.1304807287704,1.20584604392079),
 .UNSPECIFIED.);
#205=B_SPLINE_CURVE_WITH_KNOTS('',3,(#7853,#7854,#7855,#7856,#7857,#7858,
#7859,#7860,#7861,#7862),.UNSPECIFIED.,.F.,.F.,(4,2,2,2,4),(0.,0.0753799750014793,
0.150759950002959,0.226138525755838,0.301517101508717),.UNSPECIFIED.);
#206=B_SPLINE_CURVE_WITH_KNOTS('',3,(#7863,#7864,#7865,#7866,#7867,#7868,
#7869,#7870,#7871,#7872,#7873,#7874,#7875,#7876,#7877,#7878,#7879,#7880,
#7881,#7882,#7883,#7884,#7885,#7886,#7887,#7888),.UNSPECIFIED.,.F.,.F.,
(4,2,2,2,2,2,2,2,2,2,2,2,4),(0.301517101508717,0.376898466962414,0.452279832416111,
0.52766009446972,0.603040356523328,0.678420618576936,0.753800880630545,
0.829182246084242,0.90456361153794,0.979942187290819,1.0553207630437,1.13070073804518,
1.20608071304666),.UNSPECIFIED.);
#207=B_SPLINE_CURVE_WITH_KNOTS('',3,(#7892,#7893,#7894,#7895,#7896,#7897,
#7898,#7899,#7900,#7901,#7902,#7903,#7904,#7905,#7906,#7907,#7908,#7909,
#7910,#7911,#7912,#7913,#7914,#7915,#7916,#7917),.UNSPECIFIED.,.F.,.F.,
(4,2,2,2,2,2,2,2,2,2,2,2,4),(0.,0.0753799750014793,0.150759950002959,0.226138525755838,
0.301517101508717,0.376898466962414,0.452279832416111,0.52766009446972,
0.603040356523328,0.678420618576936,0.753800880630545,0.829182246084242,
0.904563611537939),.UNSPECIFIED.);
#208=B_SPLINE_CURVE_WITH_KNOTS('',3,(#7918,#7919,#7920,#7921,#7922,#7923,
#7924,#7925,#7926,#7927),.UNSPECIFIED.,.F.,.F.,(4,2,2,2,4),(0.904563611537939,
0.979942187290818,1.0553207630437,1.13070073804518,1.20608071304666),
 .UNSPECIFIED.);
#209=B_SPLINE_CURVE_WITH_KNOTS('',3,(#7931,#7932,#7933,#7934,#7935,#7936,
#7937,#7938,#7939,#7940),.UNSPECIFIED.,.F.,.F.,(4,2,2,2,4),(0.,0.0753653151503848,
0.15073063030077,0.226095061520174,0.301459492739578),.UNSPECIFIED.);
#210=B_SPLINE_CURVE_WITH_KNOTS('',3,(#7941,#7942,#7943,#7944,#7945,#7946,
#7947,#7948,#7949,#7950,#7951,#7952,#7953,#7954,#7955,#7956,#7957,#7958,
#7959,#7960,#7961,#7962,#7963,#7964,#7965,#7966),.UNSPECIFIED.,.F.,.F.,
(4,2,2,2,2,2,2,2,2,2,2,2,4),(0.301459492739578,0.376825755948183,0.452192019156788,
0.527557520558591,0.602923021960395,0.678288523362198,0.753654024764001,
0.829020287972607,0.904386551181212,0.979750982400616,1.05511541362002,
1.1304807287704,1.20584604392079),.UNSPECIFIED.);
#211=B_SPLINE_CURVE_WITH_KNOTS('',3,(#7975,#7976,#7977,#7978,#7979,#7980,
#7981,#7982,#7983,#7984),.UNSPECIFIED.,.F.,.F.,(4,2,2,2,4),(0.,0.0753801190493813,
0.150760238098763,0.226140197284576,0.301520156470389),.UNSPECIFIED.);
#212=B_SPLINE_CURVE_WITH_KNOTS('',3,(#7985,#7986,#7987,#7988,#7989,#7990,
#7991,#7992,#7993,#7994,#7995,#7996,#7997,#7998,#7999,#8000,#8001,#8002,
#8003,#8004,#8005,#8006,#8007,#8008,#8009,#8010),.UNSPECIFIED.,.F.,.F.,
(4,2,2,2,2,2,2,2,2,2,2,2,4),(0.301520156470389,0.376900115656202,0.452280074842015,
0.527660193891397,0.603040312940778,0.678420431990159,0.75380055103954,
0.829180510225353,0.904560469411167,0.97994042859698,1.05532038778279,1.13070050683217,
1.20608062588156),.UNSPECIFIED.);
#213=B_SPLINE_CURVE_WITH_KNOTS('',3,(#8013,#8014,#8015,#8016,#8017,#8018,
#8019,#8020,#8021,#8022,#8023,#8024,#8025,#8026,#8027,#8028,#8029,#8030,
#8031,#8032,#8033,#8034,#8035,#8036,#8037,#8038),.UNSPECIFIED.,.F.,.F.,
(4,2,2,2,2,2,2,2,2,2,2,2,4),(0.,0.0753801190493813,0.150760238098763,0.226140197284576,
0.301520156470389,0.376900115656202,0.452280074842015,0.527660193891397,
0.603040312940778,0.678420431990159,0.75380055103954,0.829180510225353,
0.904560469411167),.UNSPECIFIED.);
#214=B_SPLINE_CURVE_WITH_KNOTS('',3,(#8039,#8040,#8041,#8042,#8043,#8044,
#8045,#8046,#8047,#8048),.UNSPECIFIED.,.F.,.F.,(4,2,2,2,4),(0.904560469411167,
0.97994042859698,1.05532038778279,1.13070050683217,1.20608062588156),
 .UNSPECIFIED.);
#215=B_SPLINE_CURVE_WITH_KNOTS('',3,(#8052,#8053,#8054,#8055,#8056,#8057,
#8058,#8059,#8060,#8061,#8062,#8063,#8064,#8065,#8066,#8067,#8068,#8069,
#8070,#8071,#8072,#8073,#8074,#8075,#8076,#8077),.UNSPECIFIED.,.F.,.F.,
(4,2,2,2,2,2,2,2,2,2,2,2,4),(0.,0.0753654086290117,0.150730817258023,0.226096156983586,
0.301461496709149,0.376826836434712,0.452192176160276,0.527557584789287,
0.602922993418299,0.67828840204731,0.753653810676322,0.829019150401885,
0.904384490127448),.UNSPECIFIED.);
#216=B_SPLINE_CURVE_WITH_KNOTS('',3,(#8078,#8079,#8080,#8081,#8082,#8083,
#8084,#8085,#8086,#8087),.UNSPECIFIED.,.F.,.F.,(4,2,2,2,4),(0.904384490127448,
0.979749829853011,1.05511516957857,1.13048057820759,1.2058459868366),
 .UNSPECIFIED.);
#217=B_SPLINE_CURVE_WITH_KNOTS('',3,(#8093,#8094,#8095,#8096,#8097,#8098,
#8099,#8100,#8101,#8102),.UNSPECIFIED.,.F.,.F.,(4,2,2,2,4),(0.,0.0753654086290117,
0.150730817258023,0.226096156983586,0.301461496709149),.UNSPECIFIED.);
#218=B_SPLINE_CURVE_WITH_KNOTS('',3,(#8103,#8104,#8105,#8106,#8107,#8108,
#8109,#8110,#8111,#8112,#8113,#8114,#8115,#8116,#8117,#8118,#8119,#8120,
#8121,#8122,#8123,#8124,#8125,#8126,#8127,#8128),.UNSPECIFIED.,.F.,.F.,
(4,2,2,2,2,2,2,2,2,2,2,2,4),(0.301461496709149,0.376826836434712,0.452192176160275,
0.527557584789287,0.602922993418299,0.67828840204731,0.753653810676322,
0.829019150401885,0.904384490127448,0.979749829853011,1.05511516957857,
1.13048057820759,1.2058459868366),.UNSPECIFIED.);
#219=B_SPLINE_CURVE_WITH_KNOTS('',3,(#8145,#8146,#8147,#8148,#8149,#8150,
#8151,#8152,#8153,#8154),.UNSPECIFIED.,.F.,.F.,(4,2,2,2,4),(0.,0.0753608684918205,
0.150721736983641,0.226081870780166,0.301442004576692),.UNSPECIFIED.);
#220=B_SPLINE_CURVE_WITH_KNOTS('',3,(#8155,#8156,#8157,#8158,#8159,#8160,
#8161,#8162,#8163,#8164,#8165,#8166,#8167,#8168,#8169,#8170,#8171,#8172,
#8173,#8174,#8175,#8176,#8177,#8178,#8179,#8180),.UNSPECIFIED.,.F.,.F.,
(4,2,2,2,2,2,2,2,2,2,2,2,4),(0.301442004576692,0.376803679556149,0.452165354535607,
0.527526379138748,0.602887403741889,0.678248428345029,0.75360945294817,
0.828971127927628,0.904332802907085,0.979692936703611,1.05505307050014,
1.13041393899196,1.20577480748378),.UNSPECIFIED.);
#221=B_SPLINE_CURVE_WITH_KNOTS('',3,(#8183,#8184,#8185,#8186,#8187,#8188,
#8189,#8190,#8191,#8192,#8193,#8194,#8195,#8196,#8197,#8198,#8199,#8200,
#8201,#8202,#8203,#8204,#8205,#8206,#8207,#8208),.UNSPECIFIED.,.F.,.F.,
(4,2,2,2,2,2,2,2,2,2,2,2,4),(0.,0.0753608684918205,0.150721736983641,0.226081870780166,
0.301442004576692,0.376803679556149,0.452165354535607,0.527526379138748,
0.602887403741889,0.67824842834503,0.75360945294817,0.828971127927628,0.904332802907086),
 .UNSPECIFIED.);
#222=B_SPLINE_CURVE_WITH_KNOTS('',3,(#8209,#8210,#8211,#8212,#8213,#8214,
#8215,#8216,#8217,#8218),.UNSPECIFIED.,.F.,.F.,(4,2,2,2,4),(0.904332802907086,
0.979692936703611,1.05505307050014,1.13041393899196,1.20577480748378),
 .UNSPECIFIED.);
#223=B_SPLINE_CURVE_WITH_KNOTS('',3,(#8222,#8223,#8224,#8225,#8226,#8227,
#8228,#8229,#8230,#8231,#8232,#8233,#8234,#8235,#8236,#8237,#8238,#8239,
#8240,#8241,#8242,#8243,#8244,#8245,#8246,#8247),.UNSPECIFIED.,.F.,.F.,
(4,2,2,2,2,2,2,2,2,2,2,2,4),(0.,0.0753590329628827,0.150718065925765,0.226076424834771,
0.301434783743777,0.37679456375201,0.452154343760242,0.527513520452015,
0.602872697143787,0.678231873835559,0.753591050527332,0.828950830535564,
0.904310610543797),.UNSPECIFIED.);
#224=B_SPLINE_CURVE_WITH_KNOTS('',3,(#8248,#8249,#8250,#8251,#8252,#8253,
#8254,#8255,#8256,#8257),.UNSPECIFIED.,.F.,.F.,(4,2,2,2,4),(0.904310610543797,
0.979668969452803,1.05502732836181,1.13038636132469,1.20574539428757),
 .UNSPECIFIED.);
#225=B_SPLINE_CURVE_WITH_KNOTS('',3,(#8263,#8264,#8265,#8266,#8267,#8268,
#8269,#8270,#8271,#8272),.UNSPECIFIED.,.F.,.F.,(4,2,2,2,4),(0.,0.0753590329628828,
0.150718065925766,0.226076424834772,0.301434783743777),.UNSPECIFIED.);
#226=B_SPLINE_CURVE_WITH_KNOTS('',3,(#8273,#8274,#8275,#8276,#8277,#8278,
#8279,#8280,#8281,#8282,#8283,#8284,#8285,#8286,#8287,#8288,#8289,#8290,
#8291,#8292,#8293,#8294,#8295,#8296,#8297,#8298),.UNSPECIFIED.,.F.,.F.,
(4,2,2,2,2,2,2,2,2,2,2,2,4),(0.301434783743777,0.37679456375201,0.452154343760242,
0.527513520452014,0.602872697143786,0.678231873835559,0.753591050527331,
0.828950830535563,0.904310610543795,0.979668969452801,1.05502732836181,
1.13038636132469,1.20574539428757),.UNSPECIFIED.);
#227=B_SPLINE_CURVE_WITH_KNOTS('',3,(#8432,#8433,#8434,#8435,#8436,#8437,
#8438,#8439,#8440,#8441,#8442,#8443,#8444,#8445,#8446,#8447,#8448,#8449,
#8450,#8451,#8452,#8453,#8454,#8455,#8456,#8457),.UNSPECIFIED.,.F.,.F.,
(4,2,2,2,2,2,2,2,2,2,2,2,4),(0.,0.075360946846973,0.150721893693946,0.226082791784593,
0.301443689875239,0.376804587965886,0.452165486056533,0.527526432903506,
0.602887379750479,0.678248326597452,0.753609273444425,0.828970171535071,
0.904331069625718),.UNSPECIFIED.);
#228=B_SPLINE_CURVE_WITH_KNOTS('',3,(#8458,#8459,#8460,#8461,#8462,#8463,
#8464,#8465,#8466,#8467),.UNSPECIFIED.,.F.,.F.,(4,2,2,2,4),(0.904331069625718,
0.979691967716365,1.05505286580701,1.13041381265398,1.20577475950096),
 .UNSPECIFIED.);
#229=B_SPLINE_CURVE_WITH_KNOTS('',3,(#8470,#8471,#8472,#8473,#8474,#8475,
#8476,#8477,#8478,#8479),.UNSPECIFIED.,.F.,.F.,(4,2,2,2,4),(0.,0.075360946846973,
0.150721893693946,0.226082791784593,0.301443689875239),.UNSPECIFIED.);
#230=B_SPLINE_CURVE_WITH_KNOTS('',3,(#8480,#8481,#8482,#8483,#8484,#8485,
#8486,#8487,#8488,#8489,#8490,#8491,#8492,#8493,#8494,#8495,#8496,#8497,
#8498,#8499,#8500,#8501,#8502,#8503,#8504,#8505),.UNSPECIFIED.,.F.,.F.,
(4,2,2,2,2,2,2,2,2,2,2,2,4),(0.301443689875239,0.376804587965886,0.452165486056533,
0.527526432903506,0.602887379750479,0.678248326597452,0.753609273444425,
0.828970171535071,0.904331069625718,0.979691967716365,1.05505286580701,
1.13041381265398,1.20577475950096),.UNSPECIFIED.);
#231=B_SPLINE_CURVE_WITH_KNOTS('',3,(#8509,#8510,#8511,#8512,#8513,#8514,
#8515,#8516,#8517,#8518,#8519,#8520,#8521,#8522,#8523,#8524,#8525,#8526,
#8527,#8528,#8529,#8530,#8531,#8532,#8533,#8534),.UNSPECIFIED.,.F.,.F.,
(4,2,2,2,2,2,2,2,2,2,2,2,4),(0.,0.0753591051044707,0.150718210208941,0.226077273861796,
0.301436337514651,0.376795401167505,0.45215446482036,0.527513569924831,
0.602872675029301,0.678231780133772,0.753590885238243,0.828949948891098,
0.904309012543952),.UNSPECIFIED.);
#232=B_SPLINE_CURVE_WITH_KNOTS('',3,(#8535,#8536,#8537,#8538,#8539,#8540,
#8541,#8542,#8543,#8544),.UNSPECIFIED.,.F.,.F.,(4,2,2,2,4),(0.904309012543952,
0.979668076196807,1.05502713984966,1.13038624495413,1.2057453500586),
 .UNSPECIFIED.);
#233=B_SPLINE_CURVE_WITH_KNOTS('',3,(#8550,#8551,#8552,#8553,#8554,#8555,
#8556,#8557,#8558,#8559),.UNSPECIFIED.,.F.,.F.,(4,2,2,2,4),(0.,0.0753591051044707,
0.150718210208941,0.226077273861796,0.301436337514651),.UNSPECIFIED.);
#234=B_SPLINE_CURVE_WITH_KNOTS('',3,(#8560,#8561,#8562,#8563,#8564,#8565,
#8566,#8567,#8568,#8569,#8570,#8571,#8572,#8573,#8574,#8575,#8576,#8577,
#8578,#8579,#8580,#8581,#8582,#8583,#8584,#8585),.UNSPECIFIED.,.F.,.F.,
(4,2,2,2,2,2,2,2,2,2,2,2,4),(0.301436337514651,0.376795401167505,0.45215446482036,
0.527513569924831,0.602872675029301,0.678231780133772,0.753590885238243,
0.828949948891098,0.904309012543952,0.979668076196807,1.05502713984966,
1.13038624495413,1.2057453500586),.UNSPECIFIED.);
#235=B_SPLINE_CURVE_WITH_KNOTS('',3,(#8649,#8650,#8651,#8652,#8653,#8654,
#8655,#8656,#8657,#8658,#8659,#8660,#8661,#8662,#8663,#8664,#8665,#8666,
#8667,#8668,#8669,#8670,#8671,#8672,#8673,#8674),.UNSPECIFIED.,.F.,.F.,
(4,2,2,2,2,2,2,2,2,2,2,2,4),(0.,0.0753653426027445,0.150730685205489,0.226095380969377,
0.301460076733265,0.376826067908943,0.452192059084622,0.527557533386976,
0.60292300768933,0.678288481991684,0.753653956294038,0.829019947469716,
0.904385938645395),.UNSPECIFIED.);
#236=B_SPLINE_CURVE_WITH_KNOTS('',3,(#8675,#8676,#8677,#8678,#8679,#8680,
#8681,#8682,#8683,#8684),.UNSPECIFIED.,.F.,.F.,(4,2,2,2,4),(0.904385938645395,
0.979750634409283,1.05511533017317,1.13048067277592,1.20584601537866),
 .UNSPECIFIED.);
#237=B_SPLINE_CURVE_WITH_KNOTS('',3,(#8688,#8689,#8690,#8691,#8692,#8693,
#8694,#8695,#8696,#8697),.UNSPECIFIED.,.F.,.F.,(4,2,2,2,4),(0.,0.0753790793547532,
0.150758158709506,0.226136225482513,0.301514292255519),.UNSPECIFIED.);
#238=B_SPLINE_CURVE_WITH_KNOTS('',3,(#8698,#8699,#8700,#8701,#8702,#8703,
#8704,#8705,#8706,#8707,#8708,#8709,#8710,#8711,#8712,#8713,#8714,#8715,
#8716,#8717,#8718,#8719,#8720,#8721,#8722,#8723),.UNSPECIFIED.,.F.,.F.,
(4,2,2,2,2,2,2,2,2,2,2,2,4),(0.301514292255519,0.376894288394073,0.452274284532628,
0.527653562261594,0.60303283999056,0.678412117719525,0.753791395448491,
0.829171391587046,0.9045513877256,0.979929454498606,1.05530752127161,1.13068660062637,
1.20606567998112),.UNSPECIFIED.);
#239=B_SPLINE_CURVE_WITH_KNOTS('',3,(#8727,#8728,#8729,#8730,#8731,#8732,
#8733,#8734,#8735,#8736),.UNSPECIFIED.,.F.,.F.,(4,2,2,2,4),(0.,0.0753790793547532,
0.150758158709506,0.226136225482513,0.300664018720565),.UNSPECIFIED.);
#240=B_SPLINE_CURVE_WITH_KNOTS('',3,(#8738,#8739,#8740,#8741,#8742,#8743,
#8744,#8745,#8746,#8747),.UNSPECIFIED.,.F.,.F.,(4,2,2,2,4),(0.905401661260554,
0.979929454498606,1.05530752127161,1.13068660062637,1.20606567998112),
 .UNSPECIFIED.);
#241=B_SPLINE_CURVE_WITH_KNOTS('',3,(#8749,#8750,#8751,#8752),
 .UNSPECIFIED.,.F.,.F.,(4,4),(0.9045513877256,0.905401661260554),
 .UNSPECIFIED.);
#242=B_SPLINE_CURVE_WITH_KNOTS('',3,(#8756,#8757,#8758,#8759),
 .UNSPECIFIED.,.F.,.F.,(4,4),(0.300609804406048,0.301460076733265),
 .UNSPECIFIED.);
#243=B_SPLINE_CURVE_WITH_KNOTS('',3,(#8761,#8762,#8763,#8764,#8765,#8766,
#8767,#8768,#8769,#8770),.UNSPECIFIED.,.F.,.F.,(4,2,2,2,4),(0.,0.0753653426027445,
0.150730685205489,0.226095380969377,0.300609804406048),.UNSPECIFIED.);
#244=B_SPLINE_CURVE_WITH_KNOTS('',3,(#8772,#8773,#8774,#8775,#8776,#8777,
#8778,#8779,#8780,#8781),.UNSPECIFIED.,.F.,.F.,(4,2,2,2,4),(0.905236210972611,
0.979750634409283,1.05511533017317,1.13048067277592,1.20584601537866),
 .UNSPECIFIED.);
#245=B_SPLINE_CURVE_WITH_KNOTS('',3,(#8782,#8783,#8784,#8785,#8786,#8787,
#8788,#8789,#8790,#8791,#8792,#8793,#8794,#8795,#8796,#8797,#8798,#8799,
#8800,#8801),.UNSPECIFIED.,.F.,.F.,(4,2,2,2,2,2,2,2,2,4),(0.301460076733265,
0.376826067908943,0.452192059084622,0.527557533386976,0.60292300768933,
0.678288481991684,0.753653956294038,0.829019947469716,0.904385938645395,
0.905236210972611),.UNSPECIFIED.);
#246=B_SPLINE_CURVE_WITH_KNOTS('',3,(#8802,#8803,#8804,#8805,#8806,#8807,
#8808,#8809,#8810,#8811,#8812,#8813,#8814,#8815,#8816,#8817,#8818,#8819,
#8820,#8821),.UNSPECIFIED.,.F.,.F.,(4,2,2,2,2,2,2,2,2,4),(0.300664018720565,
0.301514292255519,0.376894288394074,0.452274284532628,0.527653562261594,
0.60303283999056,0.678412117719525,0.753791395448491,0.829171391587046,
0.9045513877256),.UNSPECIFIED.);
#247=B_SPLINE_CURVE_WITH_KNOTS('',3,(#8825,#8826,#8827,#8828,#8829,#8830,
#8831,#8832,#8833,#8834,#8835,#8836,#8837,#8838,#8839,#8840,#8841,#8842,
#8843,#8844,#8845,#8846,#8847,#8848,#8849,#8850),.UNSPECIFIED.,.F.,.F.,
(4,2,2,2,2,2,2,2,2,2,2,2,4),(0.,0.075365408629008,0.150730817258016,0.226096156983579,
0.301461496709142,0.376826836434704,0.452192176160267,0.527557584789275,
0.602922993418283,0.678288402047291,0.753653810676299,0.829019150401862,
0.904384490127425),.UNSPECIFIED.);
#248=B_SPLINE_CURVE_WITH_KNOTS('',3,(#8851,#8852,#8853,#8854,#8855,#8856,
#8857,#8858,#8859,#8860),.UNSPECIFIED.,.F.,.F.,(4,2,2,2,4),(0.904384490127425,
0.979749829852987,1.05511516957855,1.13048057820756,1.20584598683657),
 .UNSPECIFIED.);
#249=B_SPLINE_CURVE_WITH_KNOTS('',3,(#8864,#8865,#8866,#8867,#8868,#8869,
#8870,#8871,#8872,#8873),.UNSPECIFIED.,.F.,.F.,(4,2,2,2,4),(0.,0.0753791787975462,
0.150758357595092,0.226137383467749,0.301516409340405),.UNSPECIFIED.);
#250=B_SPLINE_CURVE_WITH_KNOTS('',3,(#8874,#8875,#8876,#8877,#8878,#8879,
#8880,#8881,#8882,#8883,#8884,#8885,#8886,#8887,#8888,#8889,#8890,#8891,
#8892,#8893,#8894,#8895,#8896,#8897,#8898,#8899),.UNSPECIFIED.,.F.,.F.,
(4,2,2,2,2,2,2,2,2,2,2,2,4),(0.301516409340405,0.376895435213061,0.452274461085717,
0.527653639883263,0.60303281868081,0.678411997478356,0.753791176275902,
0.829170202148558,0.904549228021214,0.979928253893871,1.05530727976653,
1.13068645856407,1.20606563736162),.UNSPECIFIED.);
#251=B_SPLINE_CURVE_WITH_KNOTS('',3,(#8903,#8904,#8905,#8906,#8907,#8908,
#8909,#8910,#8911,#8912,#8913,#8914,#8915,#8916,#8917,#8918,#8919,#8920,
#8921,#8922,#8923,#8924,#8925,#8926,#8927,#8928),.UNSPECIFIED.,.F.,.F.,
(4,2,2,2,2,2,2,2,2,2,2,2,4),(0.,0.0753791787975462,0.150758357595092,0.226137383467749,
0.301516409340405,0.376895435213061,0.452274461085717,0.527653639883263,
0.60303281868081,0.678411997478356,0.753791176275902,0.829170202148558,
0.904549228021214),.UNSPECIFIED.);
#252=B_SPLINE_CURVE_WITH_KNOTS('',3,(#8929,#8930,#8931,#8932,#8933,#8934,
#8935,#8936,#8937,#8938),.UNSPECIFIED.,.F.,.F.,(4,2,2,2,4),(0.904549228021214,
0.979928253893871,1.05530727976653,1.13068645856407,1.20606563736162),
 .UNSPECIFIED.);
#253=B_SPLINE_CURVE_WITH_KNOTS('',3,(#8942,#8943,#8944,#8945,#8946,#8947,
#8948,#8949,#8950,#8951),.UNSPECIFIED.,.F.,.F.,(4,2,2,2,4),(0.,0.075365408629008,
0.150730817258016,0.226096156983579,0.301461496709141),.UNSPECIFIED.);
#254=B_SPLINE_CURVE_WITH_KNOTS('',3,(#8952,#8953,#8954,#8955,#8956,#8957,
#8958,#8959,#8960,#8961,#8962,#8963,#8964,#8965,#8966,#8967,#8968,#8969,
#8970,#8971,#8972,#8973,#8974,#8975,#8976,#8977),.UNSPECIFIED.,.F.,.F.,
(4,2,2,2,2,2,2,2,2,2,2,2,4),(0.301461496709141,0.376826836434704,0.452192176160267,
0.527557584789275,0.602922993418283,0.678288402047291,0.753653810676299,
0.829019150401862,0.904384490127425,0.979749829852987,1.05511516957855,
1.13048057820756,1.20584598683657),.UNSPECIFIED.);
#255=B_SPLINE_CURVE_WITH_KNOTS('',3,(#8981,#8982,#8983,#8984,#8985,#8986,
#8987,#8988,#8989,#8990,#8991,#8992,#8993,#8994,#8995,#8996,#8997,#8998,
#8999,#9000,#9001,#9002,#9003,#9004,#9005,#9006),.UNSPECIFIED.,.F.,.F.,
(4,2,2,2,2,2,2,2,2,2,2,2,4),(0.,0.075365408629008,0.150730817258016,0.226096156983579,
0.301461496709141,0.376826836434704,0.452192176160267,0.527557584789275,
0.602922993418283,0.678288402047291,0.753653810676299,0.829019150401862,
0.904384490127424),.UNSPECIFIED.);
#256=B_SPLINE_CURVE_WITH_KNOTS('',3,(#9007,#9008,#9009,#9010,#9011,#9012,
#9013,#9014,#9015,#9016),.UNSPECIFIED.,.F.,.F.,(4,2,2,2,4),(0.904384490127424,
0.979749829852987,1.05511516957855,1.13048057820756,1.20584598683657),
 .UNSPECIFIED.);
#257=B_SPLINE_CURVE_WITH_KNOTS('',3,(#9020,#9021,#9022,#9023,#9024,#9025,
#9026,#9027,#9028,#9029),.UNSPECIFIED.,.F.,.F.,(4,2,2,2,4),(0.,0.0753791787975462,
0.150758357595092,0.226137383467749,0.301516409340405),.UNSPECIFIED.);
#258=B_SPLINE_CURVE_WITH_KNOTS('',3,(#9030,#9031,#9032,#9033,#9034,#9035,
#9036,#9037,#9038,#9039,#9040,#9041,#9042,#9043,#9044,#9045,#9046,#9047,
#9048,#9049,#9050,#9051,#9052,#9053,#9054,#9055),.UNSPECIFIED.,.F.,.F.,
(4,2,2,2,2,2,2,2,2,2,2,2,4),(0.301516409340405,0.376895435213061,0.452274461085717,
0.527653639883263,0.60303281868081,0.678411997478356,0.753791176275902,
0.829170202148558,0.904549228021214,0.979928253893871,1.05530727976653,
1.13068645856407,1.20606563736162),.UNSPECIFIED.);
#259=B_SPLINE_CURVE_WITH_KNOTS('',3,(#9059,#9060,#9061,#9062,#9063,#9064,
#9065,#9066,#9067,#9068),.UNSPECIFIED.,.F.,.F.,(4,2,2,2,4),(0.,0.0753791787975462,
0.150758357595092,0.226137383467749,0.301516409340405),.UNSPECIFIED.);
#260=B_SPLINE_CURVE_WITH_KNOTS('',3,(#9070,#9071,#9072,#9073,#9074,#9075,
#9076,#9077,#9078,#9079),.UNSPECIFIED.,.F.,.F.,(4,2,2,2,4),(0.904549228021214,
0.979928253893871,1.05530727976653,1.13068645856407,1.20606563736162),
 .UNSPECIFIED.);
#261=B_SPLINE_CURVE_WITH_KNOTS('',3,(#9083,#9084,#9085,#9086,#9087,#9088,
#9089,#9090,#9091,#9092),.UNSPECIFIED.,.F.,.F.,(4,2,2,2,4),(0.,0.075365408629008,
0.150730817258016,0.226096156983579,0.301461496709141),.UNSPECIFIED.);
#262=B_SPLINE_CURVE_WITH_KNOTS('',3,(#9094,#9095,#9096,#9097,#9098,#9099,
#9100,#9101,#9102,#9103),.UNSPECIFIED.,.F.,.F.,(4,2,2,2,4),(0.904384490127424,
0.979749829852987,1.05511516957855,1.13048057820756,1.20584598683657),
 .UNSPECIFIED.);
#263=B_SPLINE_CURVE_WITH_KNOTS('',3,(#9104,#9105,#9106,#9107,#9108,#9109,
#9110,#9111,#9112,#9113,#9114,#9115,#9116,#9117,#9118,#9119,#9120,#9121),
 .UNSPECIFIED.,.F.,.F.,(4,2,2,2,2,2,2,2,4),(0.301461496709141,0.376826836434704,
0.452192176160267,0.527557584789275,0.602922993418283,0.678288402047291,
0.753653810676299,0.829019150401862,0.904384490127424),.UNSPECIFIED.);
#264=B_SPLINE_CURVE_WITH_KNOTS('',3,(#9122,#9123,#9124,#9125,#9126,#9127,
#9128,#9129,#9130,#9131,#9132,#9133,#9134,#9135,#9136,#9137,#9138,#9139),
 .UNSPECIFIED.,.F.,.F.,(4,2,2,2,2,2,2,2,4),(0.301516409340405,0.376895435213061,
0.452274461085717,0.527653639883263,0.603032818680809,0.678411997478356,
0.753791176275902,0.829170202148558,0.904549228021214),.UNSPECIFIED.);
#265=B_SPLINE_CURVE_WITH_KNOTS('',3,(#9143,#9144,#9145,#9146,#9147,#9148,
#9149,#9150,#9151,#9152,#9153,#9154,#9155,#9156,#9157,#9158,#9159,#9160,
#9161,#9162,#9163,#9164,#9165,#9166,#9167,#9168),.UNSPECIFIED.,.F.,.F.,
(4,2,2,2,2,2,2,2,2,2,2,2,4),(0.,0.0753653426027445,0.150730685205489,0.226095380969377,
0.301460076733265,0.376826067908943,0.452192059084622,0.527557533386976,
0.60292300768933,0.678288481991684,0.753653956294038,0.829019947469717,
0.904385938645395),.UNSPECIFIED.);
#266=B_SPLINE_CURVE_WITH_KNOTS('',3,(#9169,#9170,#9171,#9172,#9173,#9174,
#9175,#9176,#9177,#9178),.UNSPECIFIED.,.F.,.F.,(4,2,2,2,4),(0.904385938645395,
0.979750634409283,1.05511533017317,1.13048067277592,1.20584601537866),
 .UNSPECIFIED.);
#267=B_SPLINE_CURVE_WITH_KNOTS('',3,(#9182,#9183,#9184,#9185,#9186,#9187,
#9188,#9189,#9190,#9191),.UNSPECIFIED.,.F.,.F.,(4,2,2,2,4),(0.,0.0753790793547532,
0.150758158709506,0.226136225482513,0.301514292255519),.UNSPECIFIED.);
#268=B_SPLINE_CURVE_WITH_KNOTS('',3,(#9192,#9193,#9194,#9195,#9196,#9197,
#9198,#9199,#9200,#9201,#9202,#9203,#9204,#9205,#9206,#9207,#9208,#9209,
#9210,#9211,#9212,#9213,#9214,#9215,#9216,#9217),.UNSPECIFIED.,.F.,.F.,
(4,2,2,2,2,2,2,2,2,2,2,2,4),(0.301514292255519,0.376894288394074,0.452274284532628,
0.527653562261594,0.60303283999056,0.678412117719525,0.753791395448491,
0.829171391587046,0.9045513877256,0.979929454498606,1.05530752127161,1.13068660062637,
1.20606567998112),.UNSPECIFIED.);
#269=B_SPLINE_CURVE_WITH_KNOTS('',3,(#9221,#9222,#9223,#9224,#9225,#9226,
#9227,#9228,#9229,#9230,#9231,#9232,#9233,#9234,#9235,#9236,#9237,#9238,
#9239,#9240,#9241,#9242,#9243,#9244,#9245,#9246),.UNSPECIFIED.,.F.,.F.,
(4,2,2,2,2,2,2,2,2,2,2,2,4),(0.,0.0753790793547532,0.150758158709506,0.226136225482513,
0.301514292255519,0.376894288394074,0.452274284532628,0.527653562261594,
0.60303283999056,0.678412117719525,0.753791395448491,0.829171391587046,
0.9045513877256),.UNSPECIFIED.);
#270=B_SPLINE_CURVE_WITH_KNOTS('',3,(#9247,#9248,#9249,#9250,#9251,#9252,
#9253,#9254,#9255,#9256),.UNSPECIFIED.,.F.,.F.,(4,2,2,2,4),(0.9045513877256,
0.979929454498606,1.05530752127161,1.13068660062637,1.20606567998112),
 .UNSPECIFIED.);
#271=B_SPLINE_CURVE_WITH_KNOTS('',3,(#9260,#9261,#9262,#9263,#9264,#9265,
#9266,#9267,#9268,#9269),.UNSPECIFIED.,.F.,.F.,(4,2,2,2,4),(0.,0.0753653426027445,
0.150730685205489,0.226095380969377,0.301460076733265),.UNSPECIFIED.);
#272=B_SPLINE_CURVE_WITH_KNOTS('',3,(#9270,#9271,#9272,#9273,#9274,#9275,
#9276,#9277,#9278,#9279,#9280,#9281,#9282,#9283,#9284,#9285,#9286,#9287,
#9288,#9289,#9290,#9291,#9292,#9293,#9294,#9295),.UNSPECIFIED.,.F.,.F.,
(4,2,2,2,2,2,2,2,2,2,2,2,4),(0.301460076733265,0.376826067908943,0.452192059084622,
0.527557533386976,0.60292300768933,0.678288481991684,0.753653956294038,
0.829019947469717,0.904385938645395,0.979750634409283,1.05511533017317,
1.13048067277592,1.20584601537866),.UNSPECIFIED.);
#273=STYLED_ITEM('',(#9362),#287);
#274=STYLED_ITEM('',(#9362),#288);
#275=STYLED_ITEM('',(#9362),#289);
#276=STYLED_ITEM('',(#9362),#290);
#277=STYLED_ITEM('',(#9362),#291);
#278=STYLED_ITEM('',(#9362),#292);
#279=STYLED_ITEM('',(#9362),#293);
#280=STYLED_ITEM('',(#9362),#294);
#281=STYLED_ITEM('',(#9362),#295);
#282=STYLED_ITEM('',(#9362),#296);
#283=STYLED_ITEM('',(#9362),#297);
#284=STYLED_ITEM('',(#9362),#298);
#285=STYLED_ITEM('',(#9362),#299);
#286=STYLED_ITEM('',(#9362),#300);
#287=MANIFOLD_SOLID_BREP('\X2\5B9E4F53\X0\1',#3473);
#288=MANIFOLD_SOLID_BREP('\X2\5B9E4F53\X0\2',#3474);
#289=MANIFOLD_SOLID_BREP('\X2\5B9E4F53\X0\4',#3475);
#290=MANIFOLD_SOLID_BREP('\X2\5B9E4F53\X0\5',#3476);
#291=MANIFOLD_SOLID_BREP('\X2\5B9E4F53\X0\6',#3477);
#292=MANIFOLD_SOLID_BREP('\X2\5B9E4F53\X0\7',#3478);
#293=MANIFOLD_SOLID_BREP('\X2\5B9E4F53\X0\8',#3479);
#294=MANIFOLD_SOLID_BREP('\X2\5B9E4F53\X0\15',#3480);
#295=MANIFOLD_SOLID_BREP('\X2\5B9E4F53\X0\15',#3481);
#296=MANIFOLD_SOLID_BREP('\X2\5B9E4F53\X0\15',#3482);
#297=MANIFOLD_SOLID_BREP('\X2\5B9E4F53\X0\15',#3483);
#298=MANIFOLD_SOLID_BREP('\X2\5B9E4F53\X0\15',#3484);
#299=MANIFOLD_SOLID_BREP('\X2\5B9E4F53\X0\15',#3485);
#300=MANIFOLD_SOLID_BREP('\X2\5B9E4F53\X0\16',#3486);
#301=CONICAL_SURFACE('',#3512,29.0000002086163,1.55888422715563);
#302=CONICAL_SURFACE('',#3549,27.4005134780427,1.47575600916437);
#303=CONICAL_SURFACE('',#3558,28.3494791717925,1.47575748586146);
#304=CONICAL_SURFACE('',#3565,27.875,1.47575748586146);
#305=CONICAL_SURFACE('',#3573,27.875,1.47575600916437);
#306=CONICAL_SURFACE('',#3681,30.7500004470348,1.54757192685326);
#307=(
BOUNDED_SURFACE()
B_SPLINE_SURFACE(2,2,((#4358,#4359,#4360,#4361,#4362,#4363,#4364,#4365,
#4366),(#4367,#4368,#4369,#4370,#4371,#4372,#4373,#4374,#4375),(#4376,#4377,
#4378,#4379,#4380,#4381,#4382,#4383,#4384)),.UNSPECIFIED.,.F.,.T.,.F.)
B_SPLINE_SURFACE_WITH_KNOTS((3,3),(3,2,2,2,3),(-0.422555615704384,0.),(-3.14159265358979,
-1.5707963267949,0.,1.5707963267949,3.14159265358979),.UNSPECIFIED.)
GEOMETRIC_REPRESENTATION_ITEM()
RATIONAL_B_SPLINE_SURFACE(((1.,0.707106781186548,1.,0.707106781186548,1.,
0.707106781186548,1.,0.707106781186548,1.),(0.977763744638887,0.691383374232509,
0.977763744638887,0.691383374232509,0.977763744638887,0.691383374232509,
0.977763744638887,0.691383374232509,0.977763744638887),(1.,0.707106781186548,
1.,0.707106781186548,1.,0.707106781186548,1.,0.707106781186548,1.)))
REPRESENTATION_ITEM('')
SURFACE()
);
#308=(
BOUNDED_SURFACE()
B_SPLINE_SURFACE(2,2,((#4387,#4388,#4389,#4390,#4391,#4392,#4393,#4394,
#4395),(#4396,#4397,#4398,#4399,#4400,#4401,#4402,#4403,#4404),(#4405,#4406,
#4407,#4408,#4409,#4410,#4411,#4412,#4413)),.UNSPECIFIED.,.F.,.T.,.F.)
B_SPLINE_SURFACE_WITH_KNOTS((3,3),(3,2,2,2,3),(-0.453678020156129,0.),(-3.14159265358979,
-1.5707963267949,0.,1.5707963267949,3.14159265358979),.UNSPECIFIED.)
GEOMETRIC_REPRESENTATION_ITEM()
RATIONAL_B_SPLINE_SURFACE(((1.,0.707106781186548,1.,0.707106781186548,1.,
0.707106781186548,1.,0.707106781186548,1.),(0.974382164095837,0.688992235699389,
0.974382164095837,0.688992235699389,0.974382164095837,0.688992235699389,
0.974382164095837,0.688992235699389,0.974382164095837),(1.,0.707106781186548,
1.,0.707106781186548,1.,0.707106781186548,1.,0.707106781186548,1.)))
REPRESENTATION_ITEM('')
SURFACE()
);
#309=FACE_BOUND('',#630,.T.);
#310=FACE_BOUND('',#632,.T.);
#311=FACE_BOUND('',#642,.T.);
#312=FACE_BOUND('',#643,.T.);
#313=FACE_BOUND('',#644,.T.);
#314=FACE_BOUND('',#646,.T.);
#315=FACE_BOUND('',#648,.T.);
#316=FACE_BOUND('',#649,.T.);
#317=FACE_BOUND('',#650,.T.);
#318=FACE_BOUND('',#652,.T.);
#319=FACE_BOUND('',#662,.T.);
#320=FACE_BOUND('',#664,.T.);
#321=FACE_BOUND('',#665,.T.);
#322=FACE_BOUND('',#666,.T.);
#323=FACE_BOUND('',#667,.T.);
#324=FACE_BOUND('',#668,.T.);
#325=FACE_BOUND('',#669,.T.);
#326=FACE_BOUND('',#671,.T.);
#327=FACE_BOUND('',#673,.T.);
#328=FACE_BOUND('',#674,.T.);
#329=FACE_BOUND('',#675,.T.);
#330=FACE_BOUND('',#676,.T.);
#331=FACE_BOUND('',#677,.T.);
#332=FACE_BOUND('',#678,.T.);
#333=FACE_BOUND('',#691,.T.);
#334=FACE_BOUND('',#692,.T.);
#335=FACE_BOUND('',#693,.T.);
#336=FACE_BOUND('',#696,.T.);
#337=FACE_BOUND('',#697,.T.);
#338=FACE_BOUND('',#698,.T.);
#339=FACE_BOUND('',#701,.T.);
#340=FACE_BOUND('',#702,.T.);
#341=FACE_BOUND('',#703,.T.);
#342=FACE_BOUND('',#706,.T.);
#343=FACE_BOUND('',#709,.T.);
#344=FACE_BOUND('',#712,.T.);
#345=FACE_BOUND('',#713,.T.);
#346=FACE_BOUND('',#714,.T.);
#347=FACE_BOUND('',#716,.T.);
#348=FACE_BOUND('',#734,.T.);
#349=FACE_BOUND('',#736,.T.);
#350=FACE_BOUND('',#737,.T.);
#351=FACE_BOUND('',#738,.T.);
#352=FACE_BOUND('',#739,.T.);
#353=FACE_BOUND('',#740,.T.);
#354=FACE_BOUND('',#741,.T.);
#355=FACE_BOUND('',#742,.T.);
#356=FACE_BOUND('',#743,.T.);
#357=FACE_BOUND('',#744,.T.);
#358=FACE_BOUND('',#745,.T.);
#359=FACE_BOUND('',#746,.T.);
#360=FACE_BOUND('',#747,.T.);
#361=FACE_BOUND('',#748,.T.);
#362=FACE_BOUND('',#749,.T.);
#363=FACE_BOUND('',#751,.T.);
#364=FACE_BOUND('',#753,.T.);
#365=FACE_BOUND('',#754,.T.);
#366=FACE_BOUND('',#755,.T.);
#367=FACE_BOUND('',#756,.T.);
#368=FACE_BOUND('',#757,.T.);
#369=FACE_BOUND('',#758,.T.);
#370=FACE_BOUND('',#759,.T.);
#371=FACE_BOUND('',#760,.T.);
#372=FACE_BOUND('',#761,.T.);
#373=FACE_BOUND('',#762,.T.);
#374=FACE_BOUND('',#763,.T.);
#375=FACE_BOUND('',#764,.T.);
#376=FACE_BOUND('',#765,.T.);
#377=FACE_BOUND('',#766,.T.);
#378=FACE_BOUND('',#772,.T.);
#379=FACE_BOUND('',#773,.T.);
#380=FACE_BOUND('',#774,.T.);
#381=FACE_BOUND('',#776,.T.);
#382=FACE_BOUND('',#778,.T.);
#383=FACE_BOUND('',#779,.T.);
#384=FACE_BOUND('',#780,.T.);
#385=FACE_BOUND('',#782,.T.);
#386=FACE_BOUND('',#786,.T.);
#387=FACE_BOUND('',#787,.T.);
#388=FACE_BOUND('',#788,.T.);
#389=FACE_BOUND('',#789,.T.);
#390=FACE_BOUND('',#793,.T.);
#391=FACE_BOUND('',#795,.T.);
#392=FACE_BOUND('',#796,.T.);
#393=FACE_BOUND('',#797,.T.);
#394=FACE_BOUND('',#798,.T.);
#395=FACE_BOUND('',#800,.T.);
#396=FACE_BOUND('',#802,.T.);
#397=FACE_BOUND('',#803,.T.);
#398=FACE_BOUND('',#808,.T.);
#399=FACE_BOUND('',#811,.T.);
#400=FACE_BOUND('',#813,.T.);
#401=FACE_BOUND('',#815,.T.);
#402=FACE_BOUND('',#819,.T.);
#403=FACE_BOUND('',#827,.T.);
#404=FACE_BOUND('',#833,.T.);
#405=FACE_BOUND('',#838,.T.);
#406=FACE_BOUND('',#839,.T.);
#407=FACE_BOUND('',#843,.T.);
#408=FACE_BOUND('',#847,.T.);
#409=FACE_BOUND('',#849,.T.);
#410=FACE_BOUND('',#854,.T.);
#411=FACE_BOUND('',#867,.T.);
#412=FACE_BOUND('',#868,.T.);
#413=FACE_BOUND('',#869,.T.);
#414=FACE_BOUND('',#871,.T.);
#415=FACE_BOUND('',#874,.T.);
#416=FACE_BOUND('',#876,.T.);
#417=FACE_BOUND('',#877,.T.);
#418=FACE_BOUND('',#878,.T.);
#419=FACE_BOUND('',#881,.T.);
#420=FACE_BOUND('',#882,.T.);
#421=FACE_BOUND('',#883,.T.);
#422=FACE_BOUND('',#885,.T.);
#423=FACE_BOUND('',#888,.T.);
#424=FACE_BOUND('',#890,.T.);
#425=FACE_BOUND('',#891,.T.);
#426=FACE_BOUND('',#892,.T.);
#427=FACE_BOUND('',#894,.T.);
#428=PLANE('',#3503);
#429=PLANE('',#3505);
#430=PLANE('',#3520);
#431=PLANE('',#3524);
#432=PLANE('',#3533);
#433=PLANE('',#3538);
#434=PLANE('',#3554);
#435=PLANE('',#3561);
#436=PLANE('',#3567);
#437=PLANE('',#3571);
#438=PLANE('',#3577);
#439=PLANE('',#3594);
#440=PLANE('',#3599);
#441=PLANE('',#3609);
#442=PLANE('',#3613);
#443=PLANE('',#3621);
#444=PLANE('',#3625);
#445=PLANE('',#3640);
#446=PLANE('',#3644);
#447=PLANE('',#3645);
#448=PLANE('',#3646);
#449=PLANE('',#3647);
#450=PLANE('',#3648);
#451=PLANE('',#3649);
#452=PLANE('',#3650);
#453=PLANE('',#3651);
#454=PLANE('',#3652);
#455=PLANE('',#3653);
#456=PLANE('',#3654);
#457=PLANE('',#3655);
#458=PLANE('',#3656);
#459=PLANE('',#3657);
#460=PLANE('',#3658);
#461=PLANE('',#3659);
#462=PLANE('',#3660);
#463=PLANE('',#3661);
#464=PLANE('',#3662);
#465=PLANE('',#3677);
#466=PLANE('',#3682);
#467=PLANE('',#3683);
#468=PLANE('',#3684);
#469=PLANE('',#3685);
#470=PLANE('',#3686);
#471=PLANE('',#3687);
#472=PLANE('',#3699);
#473=PLANE('',#3703);
#474=PLANE('',#3707);
#475=PLANE('',#3711);
#476=PLANE('',#3715);
#477=PLANE('',#3719);
#478=PLANE('',#3720);
#479=FACE_OUTER_BOUND('',#628,.T.);
#480=FACE_OUTER_BOUND('',#629,.T.);
#481=FACE_OUTER_BOUND('',#631,.T.);
#482=FACE_OUTER_BOUND('',#633,.T.);
#483=FACE_OUTER_BOUND('',#634,.T.);
#484=FACE_OUTER_BOUND('',#635,.T.);
#485=FACE_OUTER_BOUND('',#636,.T.);
#486=FACE_OUTER_BOUND('',#637,.T.);
#487=FACE_OUTER_BOUND('',#638,.T.);
#488=FACE_OUTER_BOUND('',#639,.T.);
#489=FACE_OUTER_BOUND('',#640,.T.);
#490=FACE_OUTER_BOUND('',#641,.T.);
#491=FACE_OUTER_BOUND('',#645,.T.);
#492=FACE_OUTER_BOUND('',#647,.T.);
#493=FACE_OUTER_BOUND('',#651,.T.);
#494=FACE_OUTER_BOUND('',#653,.T.);
#495=FACE_OUTER_BOUND('',#654,.T.);
#496=FACE_OUTER_BOUND('',#655,.T.);
#497=FACE_OUTER_BOUND('',#656,.T.);
#498=FACE_OUTER_BOUND('',#657,.T.);
#499=FACE_OUTER_BOUND('',#658,.T.);
#500=FACE_OUTER_BOUND('',#659,.T.);
#501=FACE_OUTER_BOUND('',#660,.T.);
#502=FACE_OUTER_BOUND('',#661,.T.);
#503=FACE_OUTER_BOUND('',#663,.T.);
#504=FACE_OUTER_BOUND('',#670,.T.);
#505=FACE_OUTER_BOUND('',#672,.T.);
#506=FACE_OUTER_BOUND('',#679,.T.);
#507=FACE_OUTER_BOUND('',#680,.T.);
#508=FACE_OUTER_BOUND('',#681,.T.);
#509=FACE_OUTER_BOUND('',#682,.T.);
#510=FACE_OUTER_BOUND('',#683,.T.);
#511=FACE_OUTER_BOUND('',#684,.T.);
#512=FACE_OUTER_BOUND('',#685,.T.);
#513=FACE_OUTER_BOUND('',#686,.T.);
#514=FACE_OUTER_BOUND('',#687,.T.);
#515=FACE_OUTER_BOUND('',#688,.T.);
#516=FACE_OUTER_BOUND('',#689,.T.);
#517=FACE_OUTER_BOUND('',#690,.T.);
#518=FACE_OUTER_BOUND('',#694,.T.);
#519=FACE_OUTER_BOUND('',#695,.T.);
#520=FACE_OUTER_BOUND('',#699,.T.);
#521=FACE_OUTER_BOUND('',#700,.T.);
#522=FACE_OUTER_BOUND('',#704,.T.);
#523=FACE_OUTER_BOUND('',#705,.T.);
#524=FACE_OUTER_BOUND('',#707,.T.);
#525=FACE_OUTER_BOUND('',#708,.T.);
#526=FACE_OUTER_BOUND('',#710,.T.);
#527=FACE_OUTER_BOUND('',#711,.T.);
#528=FACE_OUTER_BOUND('',#715,.T.);
#529=FACE_OUTER_BOUND('',#717,.T.);
#530=FACE_OUTER_BOUND('',#718,.T.);
#531=FACE_OUTER_BOUND('',#719,.T.);
#532=FACE_OUTER_BOUND('',#720,.T.);
#533=FACE_OUTER_BOUND('',#721,.T.);
#534=FACE_OUTER_BOUND('',#722,.T.);
#535=FACE_OUTER_BOUND('',#723,.T.);
#536=FACE_OUTER_BOUND('',#724,.T.);
#537=FACE_OUTER_BOUND('',#725,.T.);
#538=FACE_OUTER_BOUND('',#726,.T.);
#539=FACE_OUTER_BOUND('',#727,.T.);
#540=FACE_OUTER_BOUND('',#728,.T.);
#541=FACE_OUTER_BOUND('',#729,.T.);
#542=FACE_OUTER_BOUND('',#730,.T.);
#543=FACE_OUTER_BOUND('',#731,.T.);
#544=FACE_OUTER_BOUND('',#732,.T.);
#545=FACE_OUTER_BOUND('',#733,.T.);
#546=FACE_OUTER_BOUND('',#735,.T.);
#547=FACE_OUTER_BOUND('',#750,.T.);
#548=FACE_OUTER_BOUND('',#752,.T.);
#549=FACE_OUTER_BOUND('',#767,.T.);
#550=FACE_OUTER_BOUND('',#768,.T.);
#551=FACE_OUTER_BOUND('',#769,.T.);
#552=FACE_OUTER_BOUND('',#770,.T.);
#553=FACE_OUTER_BOUND('',#771,.T.);
#554=FACE_OUTER_BOUND('',#775,.T.);
#555=FACE_OUTER_BOUND('',#777,.T.);
#556=FACE_OUTER_BOUND('',#781,.T.);
#557=FACE_OUTER_BOUND('',#783,.T.);
#558=FACE_OUTER_BOUND('',#784,.T.);
#559=FACE_OUTER_BOUND('',#785,.T.);
#560=FACE_OUTER_BOUND('',#790,.T.);
#561=FACE_OUTER_BOUND('',#791,.T.);
#562=FACE_OUTER_BOUND('',#792,.T.);
#563=FACE_OUTER_BOUND('',#794,.T.);
#564=FACE_OUTER_BOUND('',#799,.T.);
#565=FACE_OUTER_BOUND('',#801,.T.);
#566=FACE_OUTER_BOUND('',#804,.T.);
#567=FACE_OUTER_BOUND('',#805,.T.);
#568=FACE_OUTER_BOUND('',#806,.T.);
#569=FACE_OUTER_BOUND('',#807,.T.);
#570=FACE_OUTER_BOUND('',#809,.T.);
#571=FACE_OUTER_BOUND('',#810,.T.);
#572=FACE_OUTER_BOUND('',#812,.T.);
#573=FACE_OUTER_BOUND('',#814,.T.);
#574=FACE_OUTER_BOUND('',#816,.T.);
#575=FACE_OUTER_BOUND('',#817,.T.);
#576=FACE_OUTER_BOUND('',#818,.T.);
#577=FACE_OUTER_BOUND('',#820,.T.);
#578=FACE_OUTER_BOUND('',#821,.T.);
#579=FACE_OUTER_BOUND('',#822,.T.);
#580=FACE_OUTER_BOUND('',#823,.T.);
#581=FACE_OUTER_BOUND('',#824,.T.);
#582=FACE_OUTER_BOUND('',#825,.T.);
#583=FACE_OUTER_BOUND('',#826,.T.);
#584=FACE_OUTER_BOUND('',#828,.T.);
#585=FACE_OUTER_BOUND('',#829,.T.);
#586=FACE_OUTER_BOUND('',#830,.T.);
#587=FACE_OUTER_BOUND('',#831,.T.);
#588=FACE_OUTER_BOUND('',#832,.T.);
#589=FACE_OUTER_BOUND('',#834,.T.);
#590=FACE_OUTER_BOUND('',#835,.T.);
#591=FACE_OUTER_BOUND('',#836,.T.);
#592=FACE_OUTER_BOUND('',#837,.T.);
#593=FACE_OUTER_BOUND('',#840,.T.);
#594=FACE_OUTER_BOUND('',#841,.T.);
#595=FACE_OUTER_BOUND('',#842,.T.);
#596=FACE_OUTER_BOUND('',#844,.T.);
#597=FACE_OUTER_BOUND('',#845,.T.);
#598=FACE_OUTER_BOUND('',#846,.T.);
#599=FACE_OUTER_BOUND('',#848,.T.);
#600=FACE_OUTER_BOUND('',#850,.T.);
#601=FACE_OUTER_BOUND('',#851,.T.);
#602=FACE_OUTER_BOUND('',#852,.T.);
#603=FACE_OUTER_BOUND('',#853,.T.);
#604=FACE_OUTER_BOUND('',#855,.T.);
#605=FACE_OUTER_BOUND('',#856,.T.);
#606=FACE_OUTER_BOUND('',#857,.T.);
#607=FACE_OUTER_BOUND('',#858,.T.);
#608=FACE_OUTER_BOUND('',#859,.T.);
#609=FACE_OUTER_BOUND('',#860,.T.);
#610=FACE_OUTER_BOUND('',#861,.T.);
#611=FACE_OUTER_BOUND('',#862,.T.);
#612=FACE_OUTER_BOUND('',#863,.T.);
#613=FACE_OUTER_BOUND('',#864,.T.);
#614=FACE_OUTER_BOUND('',#865,.T.);
#615=FACE_OUTER_BOUND('',#866,.T.);
#616=FACE_OUTER_BOUND('',#870,.T.);
#617=FACE_OUTER_BOUND('',#872,.T.);
#618=FACE_OUTER_BOUND('',#873,.T.);
#619=FACE_OUTER_BOUND('',#875,.T.);
#620=FACE_OUTER_BOUND('',#879,.T.);
#621=FACE_OUTER_BOUND('',#880,.T.);
#622=FACE_OUTER_BOUND('',#884,.T.);
#623=FACE_OUTER_BOUND('',#886,.T.);
#624=FACE_OUTER_BOUND('',#887,.T.);
#625=FACE_OUTER_BOUND('',#889,.T.);
#626=FACE_OUTER_BOUND('',#893,.T.);
#627=FACE_OUTER_BOUND('',#895,.T.);
#628=EDGE_LOOP('',(#2214,#2215,#2216,#2217));
#629=EDGE_LOOP('',(#2218));
#630=EDGE_LOOP('',(#2219));
#631=EDGE_LOOP('',(#2220));
#632=EDGE_LOOP('',(#2221));
#633=EDGE_LOOP('',(#2222,#2223,#2224,#2225));
#634=EDGE_LOOP('',(#2226,#2227,#2228));
#635=EDGE_LOOP('',(#2229,#2230,#2231));
#636=EDGE_LOOP('',(#2232,#2233,#2234,#2235));
#637=EDGE_LOOP('',(#2236,#2237,#2238,#2239,#2240,#2241));
#638=EDGE_LOOP('',(#2242,#2243,#2244,#2245,#2246,#2247));
#639=EDGE_LOOP('',(#2248,#2249,#2250,#2251,#2252,#2253));
#640=EDGE_LOOP('',(#2254,#2255,#2256,#2257,#2258,#2259,#2260,#2261));
#641=EDGE_LOOP('',(#2262,#2263,#2264,#2265,#2266,#2267,#2268,#2269,#2270));
#642=EDGE_LOOP('',(#2271,#2272));
#643=EDGE_LOOP('',(#2273,#2274));
#644=EDGE_LOOP('',(#2275,#2276));
#645=EDGE_LOOP('',(#2277));
#646=EDGE_LOOP('',(#2278));
#647=EDGE_LOOP('',(#2279,#2280,#2281,#2282,#2283,#2284,#2285,#2286,#2287));
#648=EDGE_LOOP('',(#2288,#2289));
#649=EDGE_LOOP('',(#2290,#2291));
#650=EDGE_LOOP('',(#2292,#2293));
#651=EDGE_LOOP('',(#2294));
#652=EDGE_LOOP('',(#2295));
#653=EDGE_LOOP('',(#2296,#2297,#2298,#2299,#2300,#2301));
#654=EDGE_LOOP('',(#2302,#2303,#2304,#2305,#2306,#2307,#2308,#2309,#2310,
#2311));
#655=EDGE_LOOP('',(#2312,#2313,#2314,#2315,#2316,#2317));
#656=EDGE_LOOP('',(#2318,#2319,#2320,#2321,#2322,#2323));
#657=EDGE_LOOP('',(#2324,#2325,#2326,#2327,#2328,#2329));
#658=EDGE_LOOP('',(#2330,#2331,#2332,#2333,#2334,#2335,#2336,#2337,#2338,
#2339));
#659=EDGE_LOOP('',(#2340,#2341,#2342,#2343,#2344,#2345));
#660=EDGE_LOOP('',(#2346,#2347,#2348,#2349,#2350,#2351));
#661=EDGE_LOOP('',(#2352));
#662=EDGE_LOOP('',(#2353));
#663=EDGE_LOOP('',(#2354,#2355,#2356,#2357,#2358,#2359,#2360,#2361,#2362,
#2363,#2364,#2365,#2366,#2367,#2368,#2369));
#664=EDGE_LOOP('',(#2370,#2371));
#665=EDGE_LOOP('',(#2372,#2373));
#666=EDGE_LOOP('',(#2374,#2375));
#667=EDGE_LOOP('',(#2376,#2377));
#668=EDGE_LOOP('',(#2378,#2379));
#669=EDGE_LOOP('',(#2380,#2381));
#670=EDGE_LOOP('',(#2382));
#671=EDGE_LOOP('',(#2383));
#672=EDGE_LOOP('',(#2384,#2385,#2386,#2387,#2388,#2389,#2390,#2391,#2392,
#2393,#2394,#2395,#2396,#2397,#2398,#2399));
#673=EDGE_LOOP('',(#2400,#2401));
#674=EDGE_LOOP('',(#2402,#2403));
#675=EDGE_LOOP('',(#2404,#2405));
#676=EDGE_LOOP('',(#2406,#2407));
#677=EDGE_LOOP('',(#2408,#2409));
#678=EDGE_LOOP('',(#2410,#2411));
#679=EDGE_LOOP('',(#2412,#2413,#2414,#2415,#2416,#2417));
#680=EDGE_LOOP('',(#2418,#2419,#2420,#2421,#2422,#2423,#2424,#2425,#2426,
#2427));
#681=EDGE_LOOP('',(#2428,#2429,#2430,#2431,#2432,#2433));
#682=EDGE_LOOP('',(#2434,#2435,#2436,#2437,#2438,#2439,#2440,#2441,#2442,
#2443));
#683=EDGE_LOOP('',(#2444,#2445,#2446,#2447,#2448,#2449));
#684=EDGE_LOOP('',(#2450,#2451,#2452,#2453,#2454,#2455));
#685=EDGE_LOOP('',(#2456,#2457,#2458,#2459,#2460,#2461));
#686=EDGE_LOOP('',(#2462,#2463,#2464,#2465,#2466,#2467));
#687=EDGE_LOOP('',(#2468,#2469,#2470,#2471));
#688=EDGE_LOOP('',(#2472,#2473,#2474,#2475));
#689=EDGE_LOOP('',(#2476));
#690=EDGE_LOOP('',(#2477,#2478,#2479,#2480,#2481,#2482,#2483,#2484,#2485,
#2486));
#691=EDGE_LOOP('',(#2487,#2488));
#692=EDGE_LOOP('',(#2489,#2490));
#693=EDGE_LOOP('',(#2491,#2492));
#694=EDGE_LOOP('',(#2493,#2494,#2495,#2496));
#695=EDGE_LOOP('',(#2497,#2498,#2499,#2500,#2501,#2502,#2503,#2504,#2505,
#2506));
#696=EDGE_LOOP('',(#2507,#2508));
#697=EDGE_LOOP('',(#2509,#2510));
#698=EDGE_LOOP('',(#2511,#2512));
#699=EDGE_LOOP('',(#2513));
#700=EDGE_LOOP('',(#2514,#2515,#2516,#2517,#2518,#2519,#2520,#2521,#2522,
#2523));
#701=EDGE_LOOP('',(#2524,#2525));
#702=EDGE_LOOP('',(#2526,#2527));
#703=EDGE_LOOP('',(#2528,#2529));
#704=EDGE_LOOP('',(#2530,#2531,#2532,#2533));
#705=EDGE_LOOP('',(#2534));
#706=EDGE_LOOP('',(#2535));
#707=EDGE_LOOP('',(#2536,#2537,#2538,#2539));
#708=EDGE_LOOP('',(#2540));
#709=EDGE_LOOP('',(#2541));
#710=EDGE_LOOP('',(#2542,#2543,#2544,#2545));
#711=EDGE_LOOP('',(#2546,#2547,#2548,#2549,#2550,#2551,#2552,#2553,#2554,
#2555));
#712=EDGE_LOOP('',(#2556,#2557));
#713=EDGE_LOOP('',(#2558,#2559));
#714=EDGE_LOOP('',(#2560,#2561));
#715=EDGE_LOOP('',(#2562));
#716=EDGE_LOOP('',(#2563));
#717=EDGE_LOOP('',(#2564,#2565,#2566,#2567,#2568,#2569));
#718=EDGE_LOOP('',(#2570,#2571,#2572,#2573,#2574,#2575));
#719=EDGE_LOOP('',(#2576,#2577,#2578,#2579,#2580,#2581));
#720=EDGE_LOOP('',(#2582,#2583,#2584,#2585,#2586,#2587));
#721=EDGE_LOOP('',(#2588,#2589,#2590,#2591,#2592,#2593));
#722=EDGE_LOOP('',(#2594,#2595,#2596,#2597,#2598,#2599));
#723=EDGE_LOOP('',(#2600,#2601,#2602,#2603,#2604,#2605));
#724=EDGE_LOOP('',(#2606,#2607,#2608,#2609,#2610,#2611));
#725=EDGE_LOOP('',(#2612,#2613,#2614,#2615,#2616,#2617));
#726=EDGE_LOOP('',(#2618,#2619,#2620,#2621,#2622,#2623,#2624,#2625,#2626,
#2627));
#727=EDGE_LOOP('',(#2628,#2629,#2630,#2631,#2632,#2633));
#728=EDGE_LOOP('',(#2634,#2635,#2636,#2637,#2638,#2639,#2640,#2641,#2642,
#2643));
#729=EDGE_LOOP('',(#2644,#2645,#2646,#2647,#2648,#2649));
#730=EDGE_LOOP('',(#2650,#2651,#2652,#2653,#2654,#2655));
#731=EDGE_LOOP('',(#2656,#2657,#2658,#2659,#2660,#2661));
#732=EDGE_LOOP('',(#2662,#2663,#2664,#2665,#2666,#2667));
#733=EDGE_LOOP('',(#2668));
#734=EDGE_LOOP('',(#2669));
#735=EDGE_LOOP('',(#2670,#2671,#2672,#2673,#2674,#2675,#2676,#2677,#2678,
#2679,#2680,#2681,#2682,#2683,#2684,#2685));
#736=EDGE_LOOP('',(#2686,#2687));
#737=EDGE_LOOP('',(#2688,#2689));
#738=EDGE_LOOP('',(#2690,#2691));
#739=EDGE_LOOP('',(#2692,#2693));
#740=EDGE_LOOP('',(#2694,#2695));
#741=EDGE_LOOP('',(#2696,#2697));
#742=EDGE_LOOP('',(#2698,#2699));
#743=EDGE_LOOP('',(#2700,#2701));
#744=EDGE_LOOP('',(#2702,#2703));
#745=EDGE_LOOP('',(#2704,#2705));
#746=EDGE_LOOP('',(#2706,#2707));
#747=EDGE_LOOP('',(#2708,#2709));
#748=EDGE_LOOP('',(#2710,#2711));
#749=EDGE_LOOP('',(#2712,#2713));
#750=EDGE_LOOP('',(#2714));
#751=EDGE_LOOP('',(#2715));
#752=EDGE_LOOP('',(#2716,#2717,#2718,#2719,#2720,#2721,#2722,#2723,#2724,
#2725,#2726,#2727,#2728,#2729,#2730,#2731));
#753=EDGE_LOOP('',(#2732,#2733));
#754=EDGE_LOOP('',(#2734,#2735));
#755=EDGE_LOOP('',(#2736,#2737));
#756=EDGE_LOOP('',(#2738,#2739));
#757=EDGE_LOOP('',(#2740,#2741));
#758=EDGE_LOOP('',(#2742,#2743));
#759=EDGE_LOOP('',(#2744,#2745));
#760=EDGE_LOOP('',(#2746,#2747));
#761=EDGE_LOOP('',(#2748,#2749));
#762=EDGE_LOOP('',(#2750,#2751));
#763=EDGE_LOOP('',(#2752,#2753));
#764=EDGE_LOOP('',(#2754,#2755));
#765=EDGE_LOOP('',(#2756,#2757));
#766=EDGE_LOOP('',(#2758,#2759));
#767=EDGE_LOOP('',(#2760,#2761,#2762,#2763,#2764,#2765));
#768=EDGE_LOOP('',(#2766,#2767,#2768,#2769,#2770,#2771,#2772,#2773,#2774,
#2775));
#769=EDGE_LOOP('',(#2776,#2777,#2778,#2779,#2780,#2781));
#770=EDGE_LOOP('',(#2782,#2783,#2784,#2785,#2786,#2787));
#771=EDGE_LOOP('',(#2788,#2789,#2790,#2791,#2792,#2793,#2794,#2795,#2796,
#2797));
#772=EDGE_LOOP('',(#2798,#2799));
#773=EDGE_LOOP('',(#2800,#2801));
#774=EDGE_LOOP('',(#2802,#2803));
#775=EDGE_LOOP('',(#2804));
#776=EDGE_LOOP('',(#2805));
#777=EDGE_LOOP('',(#2806,#2807,#2808,#2809,#2810,#2811,#2812,#2813,#2814,
#2815));
#778=EDGE_LOOP('',(#2816,#2817));
#779=EDGE_LOOP('',(#2818,#2819));
#780=EDGE_LOOP('',(#2820,#2821));
#781=EDGE_LOOP('',(#2822));
#782=EDGE_LOOP('',(#2823));
#783=EDGE_LOOP('',(#2824,#2825,#2826,#2827,#2828,#2829));
#784=EDGE_LOOP('',(#2830,#2831,#2832,#2833,#2834,#2835));
#785=EDGE_LOOP('',(#2836,#2837,#2838,#2839));
#786=EDGE_LOOP('',(#2840,#2841));
#787=EDGE_LOOP('',(#2842,#2843));
#788=EDGE_LOOP('',(#2844,#2845));
#789=EDGE_LOOP('',(#2846,#2847));
#790=EDGE_LOOP('',(#2848,#2849,#2850,#2851,#2852,#2853));
#791=EDGE_LOOP('',(#2854,#2855,#2856,#2857,#2858,#2859));
#792=EDGE_LOOP('',(#2860));
#793=EDGE_LOOP('',(#2861));
#794=EDGE_LOOP('',(#2862,#2863,#2864,#2865));
#795=EDGE_LOOP('',(#2866,#2867));
#796=EDGE_LOOP('',(#2868,#2869));
#797=EDGE_LOOP('',(#2870,#2871));
#798=EDGE_LOOP('',(#2872,#2873));
#799=EDGE_LOOP('',(#2874));
#800=EDGE_LOOP('',(#2875));
#801=EDGE_LOOP('',(#2876,#2877,#2878,#2879));
#802=EDGE_LOOP('',(#2880,#2881));
#803=EDGE_LOOP('',(#2882,#2883));
#804=EDGE_LOOP('',(#2884,#2885,#2886,#2887,#2888,#2889));
#805=EDGE_LOOP('',(#2890,#2891,#2892,#2893,#2894,#2895));
#806=EDGE_LOOP('',(#2896,#2897,#2898,#2899));
#807=EDGE_LOOP('',(#2900,#2901,#2902,#2903));
#808=EDGE_LOOP('',(#2904,#2905));
#809=EDGE_LOOP('',(#2906,#2907,#2908,#2909));
#810=EDGE_LOOP('',(#2910,#2911,#2912,#2913));
#811=EDGE_LOOP('',(#2914));
#812=EDGE_LOOP('',(#2915,#2916,#2917,#2918));
#813=EDGE_LOOP('',(#2919,#2920));
#814=EDGE_LOOP('',(#2921,#2922,#2923,#2924));
#815=EDGE_LOOP('',(#2925));
#816=EDGE_LOOP('',(#2926,#2927,#2928,#2929));
#817=EDGE_LOOP('',(#2930,#2931,#2932,#2933,#2934));
#818=EDGE_LOOP('',(#2935,#2936,#2937,#2938,#2939,#2940,#2941));
#819=EDGE_LOOP('',(#2942,#2943));
#820=EDGE_LOOP('',(#2944,#2945,#2946,#2947));
#821=EDGE_LOOP('',(#2948,#2949,#2950,#2951));
#822=EDGE_LOOP('',(#2952,#2953,#2954,#2955));
#823=EDGE_LOOP('',(#2956,#2957,#2958,#2959));
#824=EDGE_LOOP('',(#2960,#2961,#2962,#2963));
#825=EDGE_LOOP('',(#2964,#2965,#2966,#2967));
#826=EDGE_LOOP('',(#2968,#2969,#2970,#2971,#2972,#2973,#2974));
#827=EDGE_LOOP('',(#2975,#2976));
#828=EDGE_LOOP('',(#2977,#2978,#2979,#2980,#2981));
#829=EDGE_LOOP('',(#2982,#2983,#2984,#2985));
#830=EDGE_LOOP('',(#2986,#2987,#2988,#2989));
#831=EDGE_LOOP('',(#2990,#2991,#2992,#2993,#2994));
#832=EDGE_LOOP('',(#2995,#2996,#2997,#2998,#2999,#3000,#3001));
#833=EDGE_LOOP('',(#3002,#3003));
#834=EDGE_LOOP('',(#3004,#3005,#3006,#3007));
#835=EDGE_LOOP('',(#3008,#3009,#3010,#3011));
#836=EDGE_LOOP('',(#3012,#3013,#3014,#3015));
#837=EDGE_LOOP('',(#3016,#3017,#3018,#3019));
#838=EDGE_LOOP('',(#3020,#3021));
#839=EDGE_LOOP('',(#3022,#3023));
#840=EDGE_LOOP('',(#3024,#3025,#3026,#3027,#3028,#3029));
#841=EDGE_LOOP('',(#3030,#3031,#3032,#3033,#3034,#3035));
#842=EDGE_LOOP('',(#3036,#3037,#3038,#3039));
#843=EDGE_LOOP('',(#3040,#3041));
#844=EDGE_LOOP('',(#3042,#3043,#3044,#3045));
#845=EDGE_LOOP('',(#3046,#3047,#3048,#3049));
#846=EDGE_LOOP('',(#3050,#3051,#3052,#3053));
#847=EDGE_LOOP('',(#3054));
#848=EDGE_LOOP('',(#3055,#3056,#3057,#3058));
#849=EDGE_LOOP('',(#3059,#3060));
#850=EDGE_LOOP('',(#3061,#3062,#3063,#3064,#3065,#3066,#3067));
#851=EDGE_LOOP('',(#3068,#3069,#3070,#3071));
#852=EDGE_LOOP('',(#3072,#3073,#3074,#3075,#3076));
#853=EDGE_LOOP('',(#3077,#3078,#3079,#3080,#3081,#3082,#3083));
#854=EDGE_LOOP('',(#3084,#3085));
#855=EDGE_LOOP('',(#3086,#3087,#3088,#3089));
#856=EDGE_LOOP('',(#3090,#3091,#3092,#3093));
#857=EDGE_LOOP('',(#3094,#3095,#3096,#3097));
#858=EDGE_LOOP('',(#3098,#3099,#3100,#3101,#3102,#3103));
#859=EDGE_LOOP('',(#3104,#3105,#3106,#3107,#3108,#3109,#3110,#3111,#3112,
#3113));
#860=EDGE_LOOP('',(#3114,#3115,#3116,#3117,#3118,#3119));
#861=EDGE_LOOP('',(#3120,#3121,#3122,#3123,#3124,#3125));
#862=EDGE_LOOP('',(#3126,#3127,#3128,#3129,#3130,#3131));
#863=EDGE_LOOP('',(#3132,#3133,#3134,#3135,#3136,#3137,#3138,#3139));
#864=EDGE_LOOP('',(#3140,#3141,#3142,#3143,#3144,#3145));
#865=EDGE_LOOP('',(#3146,#3147,#3148,#3149,#3150,#3151));
#866=EDGE_LOOP('',(#3152,#3153,#3154,#3155,#3156,#3157,#3158,#3159,#3160));
#867=EDGE_LOOP('',(#3161,#3162));
#868=EDGE_LOOP('',(#3163,#3164));
#869=EDGE_LOOP('',(#3165,#3166));
#870=EDGE_LOOP('',(#3167));
#871=EDGE_LOOP('',(#3168));
#872=EDGE_LOOP('',(#3169,#3170,#3171,#3172));
#873=EDGE_LOOP('',(#3173));
#874=EDGE_LOOP('',(#3174));
#875=EDGE_LOOP('',(#3175,#3176,#3177,#3178,#3179,#3180,#3181,#3182,#3183,
#3184));
#876=EDGE_LOOP('',(#3185,#3186));
#877=EDGE_LOOP('',(#3187,#3188));
#878=EDGE_LOOP('',(#3189,#3190));
#879=EDGE_LOOP('',(#3191));
#880=EDGE_LOOP('',(#3192,#3193,#3194,#3195,#3196,#3197,#3198,#3199,#3200));
#881=EDGE_LOOP('',(#3201,#3202));
#882=EDGE_LOOP('',(#3203,#3204));
#883=EDGE_LOOP('',(#3205,#3206));
#884=EDGE_LOOP('',(#3207));
#885=EDGE_LOOP('',(#3208));
#886=EDGE_LOOP('',(#3209,#3210,#3211,#3212));
#887=EDGE_LOOP('',(#3213));
#888=EDGE_LOOP('',(#3214));
#889=EDGE_LOOP('',(#3215,#3216,#3217,#3218,#3219,#3220,#3221,#3222,#3223,
#3224));
#890=EDGE_LOOP('',(#3225,#3226));
#891=EDGE_LOOP('',(#3227,#3228));
#892=EDGE_LOOP('',(#3229,#3230));
#893=EDGE_LOOP('',(#3231));
#894=EDGE_LOOP('',(#3232));
#895=EDGE_LOOP('',(#3233));
#896=LINE('',#4346,#1072);
#897=LINE('',#4356,#1073);
#898=LINE('',#4419,#1074);
#899=LINE('',#4460,#1075);
#900=LINE('',#4538,#1076);
#901=LINE('',#4616,#1077);
#902=LINE('',#4679,#1078);
#903=LINE('',#4741,#1079);
#904=LINE('',#4743,#1080);
#905=LINE('',#4751,#1081);
#906=LINE('',#4752,#1082);
#907=LINE('',#4794,#1083);
#908=LINE('',#4862,#1084);
#909=LINE('',#4970,#1085);
#910=LINE('',#5048,#1086);
#911=LINE('',#5126,#1087);
#912=LINE('',#5194,#1088);
#913=LINE('',#5302,#1089);
#914=LINE('',#5380,#1090);
#915=LINE('',#5426,#1091);
#916=LINE('',#5427,#1092);
#917=LINE('',#5428,#1093);
#918=LINE('',#5433,#1094);
#919=LINE('',#5434,#1095);
#920=LINE('',#5435,#1096);
#921=LINE('',#5476,#1097);
#922=LINE('',#5544,#1098);
#923=LINE('',#5652,#1099);
#924=LINE('',#5720,#1100);
#925=LINE('',#5828,#1101);
#926=LINE('',#5906,#1102);
#927=LINE('',#5984,#1103);
#928=LINE('',#6062,#1104);
#929=LINE('',#6104,#1105);
#930=LINE('',#6109,#1106);
#931=LINE('',#6114,#1107);
#932=LINE('',#6116,#1108);
#933=LINE('',#6119,#1109);
#934=LINE('',#6121,#1110);
#935=LINE('',#6123,#1111);
#936=LINE('',#6131,#1112);
#937=LINE('',#6132,#1113);
#938=LINE('',#6135,#1114);
#939=LINE('',#6143,#1115);
#940=LINE('',#6150,#1116);
#941=LINE('',#6154,#1117);
#942=LINE('',#6155,#1118);
#943=LINE('',#6197,#1119);
#944=LINE('',#6275,#1120);
#945=LINE('',#6353,#1121);
#946=LINE('',#6431,#1122);
#947=LINE('',#6509,#1123);
#948=LINE('',#6587,#1124);
#949=LINE('',#6665,#1125);
#950=LINE('',#6743,#1126);
#951=LINE('',#6821,#1127);
#952=LINE('',#6889,#1128);
#953=LINE('',#6997,#1129);
#954=LINE('',#7065,#1130);
#955=LINE('',#7173,#1131);
#956=LINE('',#7251,#1132);
#957=LINE('',#7329,#1133);
#958=LINE('',#7407,#1134);
#959=LINE('',#7451,#1135);
#960=LINE('',#7452,#1136);
#961=LINE('',#7454,#1137);
#962=LINE('',#7460,#1138);
#963=LINE('',#7461,#1139);
#964=LINE('',#7462,#1140);
#965=LINE('',#7503,#1141);
#966=LINE('',#7571,#1142);
#967=LINE('',#7679,#1143);
#968=LINE('',#7757,#1144);
#969=LINE('',#7798,#1145);
#970=LINE('',#7800,#1146);
#971=LINE('',#7808,#1147);
#972=LINE('',#7809,#1148);
#973=LINE('',#7851,#1149);
#974=LINE('',#7929,#1150);
#975=LINE('',#7971,#1151);
#976=LINE('',#8088,#1152);
#977=LINE('',#8091,#1153);
#978=LINE('',#8135,#1154);
#979=LINE('',#8141,#1155);
#980=LINE('',#8258,#1156);
#981=LINE('',#8261,#1157);
#982=LINE('',#8302,#1158);
#983=LINE('',#8306,#1159);
#984=LINE('',#8312,#1160);
#985=LINE('',#8318,#1161);
#986=LINE('',#8328,#1162);
#987=LINE('',#8330,#1163);
#988=LINE('',#8332,#1164);
#989=LINE('',#8333,#1165);
#990=LINE('',#8337,#1166);
#991=LINE('',#8338,#1167);
#992=LINE('',#8340,#1168);
#993=LINE('',#8341,#1169);
#994=LINE('',#8344,#1170);
#995=LINE('',#8346,#1171);
#996=LINE('',#8347,#1172);
#997=LINE('',#8350,#1173);
#998=LINE('',#8353,#1174);
#999=LINE('',#8354,#1175);
#1000=LINE('',#8356,#1176);
#1001=LINE('',#8361,#1177);
#1002=LINE('',#8363,#1178);
#1003=LINE('',#8365,#1179);
#1004=LINE('',#8366,#1180);
#1005=LINE('',#8369,#1181);
#1006=LINE('',#8371,#1182);
#1007=LINE('',#8372,#1183);
#1008=LINE('',#8375,#1184);
#1009=LINE('',#8376,#1185);
#1010=LINE('',#8379,#1186);
#1011=LINE('',#8381,#1187);
#1012=LINE('',#8383,#1188);
#1013=LINE('',#8384,#1189);
#1014=LINE('',#8387,#1190);
#1015=LINE('',#8389,#1191);
#1016=LINE('',#8394,#1192);
#1017=LINE('',#8396,#1193);
#1018=LINE('',#8398,#1194);
#1019=LINE('',#8399,#1195);
#1020=LINE('',#8403,#1196);
#1021=LINE('',#8404,#1197);
#1022=LINE('',#8406,#1198);
#1023=LINE('',#8407,#1199);
#1024=LINE('',#8410,#1200);
#1025=LINE('',#8412,#1201);
#1026=LINE('',#8413,#1202);
#1027=LINE('',#8416,#1203);
#1028=LINE('',#8419,#1204);
#1029=LINE('',#8420,#1205);
#1030=LINE('',#8422,#1206);
#1031=LINE('',#8428,#1207);
#1032=LINE('',#8545,#1208);
#1033=LINE('',#8548,#1209);
#1034=LINE('',#8589,#1210);
#1035=LINE('',#8593,#1211);
#1036=LINE('',#8598,#1212);
#1037=LINE('',#8604,#1213);
#1038=LINE('',#8612,#1214);
#1039=LINE('',#8616,#1215);
#1040=LINE('',#8618,#1216);
#1041=LINE('',#8620,#1217);
#1042=LINE('',#8621,#1218);
#1043=LINE('',#8625,#1219);
#1044=LINE('',#8626,#1220);
#1045=LINE('',#8628,#1221);
#1046=LINE('',#8629,#1222);
#1047=LINE('',#8632,#1223);
#1048=LINE('',#8634,#1224);
#1049=LINE('',#8635,#1225);
#1050=LINE('',#8638,#1226);
#1051=LINE('',#8641,#1227);
#1052=LINE('',#8642,#1228);
#1053=LINE('',#8644,#1229);
#1054=LINE('',#8686,#1230);
#1055=LINE('',#8754,#1231);
#1056=LINE('',#8862,#1232);
#1057=LINE('',#8940,#1233);
#1058=LINE('',#9018,#1234);
#1059=LINE('',#9081,#1235);
#1060=LINE('',#9180,#1236);
#1061=LINE('',#9258,#1237);
#1062=LINE('',#9299,#1238);
#1063=LINE('',#9301,#1239);
#1064=LINE('',#9308,#1240);
#1065=LINE('',#9314,#1241);
#1066=LINE('',#9316,#1242);
#1067=LINE('',#9322,#1243);
#1068=LINE('',#9324,#1244);
#1069=LINE('',#9332,#1245);
#1070=LINE('',#9339,#1246);
#1071=LINE('',#9340,#1247);
#1072=VECTOR('',#3727,27.7500004172325);
#1073=VECTOR('',#3740,26.5000004172325);
#1074=VECTOR('',#3751,29.0000002086163);
#1075=VECTOR('',#3754,1.99999999999999);
#1076=VECTOR('',#3757,1.99999999999999);
#1077=VECTOR('',#3760,1.99999999999999);
#1078=VECTOR('',#3763,1.99999999999999);
#1079=VECTOR('',#3768,28.0000002086163);
#1080=VECTOR('',#3769,28.0000002086163);
#1081=VECTOR('',#3780,30.);
#1082=VECTOR('',#3781,30.);
#1083=VECTOR('',#3786,2.00000000000003);
#1084=VECTOR('',#3789,2.00000000000003);
#1085=VECTOR('',#3792,2.00000000000003);
#1086=VECTOR('',#3795,2.00000000000003);
#1087=VECTOR('',#3798,1.99999999999999);
#1088=VECTOR('',#3801,1.99999999999999);
#1089=VECTOR('',#3804,1.99999999999999);
#1090=VECTOR('',#3807,1.99999999999999);
#1091=VECTOR('',#3818,30.);
#1092=VECTOR('',#3819,30.);
#1093=VECTOR('',#3820,30.);
#1094=VECTOR('',#3827,28.);
#1095=VECTOR('',#3828,28.);
#1096=VECTOR('',#3829,28.);
#1097=VECTOR('',#3832,2.00000000000003);
#1098=VECTOR('',#3835,2.00000000000003);
#1099=VECTOR('',#3838,2.00000000000003);
#1100=VECTOR('',#3841,2.00000000000003);
#1101=VECTOR('',#3844,2.00000000000003);
#1102=VECTOR('',#3847,2.00000000000003);
#1103=VECTOR('',#3850,2.00000000000003);
#1104=VECTOR('',#3853,2.00000000000003);
#1105=VECTOR('',#3858,27.875);
#1106=VECTOR('',#3865,30.);
#1107=VECTOR('',#3872,27.75);
#1108=VECTOR('',#3873,27.75);
#1109=VECTOR('',#3878,27.875);
#1110=VECTOR('',#3881,27.75);
#1111=VECTOR('',#3882,27.75);
#1112=VECTOR('',#3893,27.75);
#1113=VECTOR('',#3894,27.75);
#1114=VECTOR('',#3897,27.875);
#1115=VECTOR('',#3908,30.);
#1116=VECTOR('',#3917,27.875);
#1117=VECTOR('',#3922,27.75);
#1118=VECTOR('',#3923,27.75);
#1119=VECTOR('',#3928,2.00000000000003);
#1120=VECTOR('',#3931,2.00000000000003);
#1121=VECTOR('',#3934,2.00000000000003);
#1122=VECTOR('',#3937,2.00000000000003);
#1123=VECTOR('',#3940,2.00000000000003);
#1124=VECTOR('',#3943,2.00000000000003);
#1125=VECTOR('',#3946,2.00000000000003);
#1126=VECTOR('',#3949,2.00000000000003);
#1127=VECTOR('',#3952,2.00000000000003);
#1128=VECTOR('',#3955,2.00000000000003);
#1129=VECTOR('',#3958,2.00000000000003);
#1130=VECTOR('',#3961,2.00000000000003);
#1131=VECTOR('',#3964,2.00000000000003);
#1132=VECTOR('',#3967,2.00000000000003);
#1133=VECTOR('',#3970,2.00000000000003);
#1134=VECTOR('',#3973,2.00000000000003);
#1135=VECTOR('',#3982,28.);
#1136=VECTOR('',#3983,28.);
#1137=VECTOR('',#3984,28.);
#1138=VECTOR('',#3993,30.0000004470348);
#1139=VECTOR('',#3994,30.0000004470348);
#1140=VECTOR('',#3995,30.0000004470348);
#1141=VECTOR('',#3998,2.00000000000003);
#1142=VECTOR('',#4001,2.00000000000003);
#1143=VECTOR('',#4004,2.00000000000003);
#1144=VECTOR('',#4007,2.00000000000003);
#1145=VECTOR('',#4012,22.5);
#1146=VECTOR('',#4013,22.5);
#1147=VECTOR('',#4024,27.75);
#1148=VECTOR('',#4025,27.75);
#1149=VECTOR('',#4030,2.00000000000003);
#1150=VECTOR('',#4033,2.00000000000003);
#1151=VECTOR('',#4038,22.5);
#1152=VECTOR('',#4043,2.00000000000003);
#1153=VECTOR('',#4046,2.00000000000003);
#1154=VECTOR('',#4055,27.75);
#1155=VECTOR('',#4062,30.2500004470348);
#1156=VECTOR('',#4067,2.00000000000003);
#1157=VECTOR('',#4070,2.00000000000003);
#1158=VECTOR('',#4073,10.);
#1159=VECTOR('',#4076,10.);
#1160=VECTOR('',#4083,10.);
#1161=VECTOR('',#4090,10.);
#1162=VECTOR('',#4105,10.);
#1163=VECTOR('',#4106,10.);
#1164=VECTOR('',#4107,10.);
#1165=VECTOR('',#4108,10.);
#1166=VECTOR('',#4111,10.);
#1167=VECTOR('',#4112,10.);
#1168=VECTOR('',#4113,10.);
#1169=VECTOR('',#4114,10.);
#1170=VECTOR('',#4117,10.);
#1171=VECTOR('',#4118,10.);
#1172=VECTOR('',#4119,10.);
#1173=VECTOR('',#4120,10.);
#1174=VECTOR('',#4123,10.);
#1175=VECTOR('',#4124,10.);
#1176=VECTOR('',#4127,10.);
#1177=VECTOR('',#4132,10.);
#1178=VECTOR('',#4133,10.);
#1179=VECTOR('',#4134,10.);
#1180=VECTOR('',#4135,10.);
#1181=VECTOR('',#4138,10.);
#1182=VECTOR('',#4139,10.);
#1183=VECTOR('',#4140,10.);
#1184=VECTOR('',#4143,10.);
#1185=VECTOR('',#4144,10.);
#1186=VECTOR('',#4147,10.);
#1187=VECTOR('',#4148,10.);
#1188=VECTOR('',#4149,10.);
#1189=VECTOR('',#4150,10.);
#1190=VECTOR('',#4151,10.);
#1191=VECTOR('',#4154,10.);
#1192=VECTOR('',#4159,10.);
#1193=VECTOR('',#4160,10.);
#1194=VECTOR('',#4161,10.);
#1195=VECTOR('',#4162,10.);
#1196=VECTOR('',#4165,10.);
#1197=VECTOR('',#4166,10.);
#1198=VECTOR('',#4167,10.);
#1199=VECTOR('',#4168,10.);
#1200=VECTOR('',#4171,10.);
#1201=VECTOR('',#4172,10.);
#1202=VECTOR('',#4173,10.);
#1203=VECTOR('',#4174,10.);
#1204=VECTOR('',#4177,10.);
#1205=VECTOR('',#4178,10.);
#1206=VECTOR('',#4181,10.);
#1207=VECTOR('',#4188,30.2500004470348);
#1208=VECTOR('',#4193,2.00000000000003);
#1209=VECTOR('',#4196,2.00000000000003);
#1210=VECTOR('',#4199,10.);
#1211=VECTOR('',#4202,10.);
#1212=VECTOR('',#4207,10.);
#1213=VECTOR('',#4214,10.);
#1214=VECTOR('',#4229,30.7500004470348);
#1215=VECTOR('',#4232,10.);
#1216=VECTOR('',#4233,10.);
#1217=VECTOR('',#4234,10.);
#1218=VECTOR('',#4235,10.);
#1219=VECTOR('',#4238,10.);
#1220=VECTOR('',#4239,10.);
#1221=VECTOR('',#4240,10.);
#1222=VECTOR('',#4241,10.);
#1223=VECTOR('',#4244,10.);
#1224=VECTOR('',#4245,10.);
#1225=VECTOR('',#4246,10.);
#1226=VECTOR('',#4247,10.);
#1227=VECTOR('',#4250,10.);
#1228=VECTOR('',#4251,10.);
#1229=VECTOR('',#4254,10.);
#1230=VECTOR('',#4259,1.99999999999999);
#1231=VECTOR('',#4262,1.99999999999999);
#1232=VECTOR('',#4265,1.99999999999999);
#1233=VECTOR('',#4268,1.99999999999999);
#1234=VECTOR('',#4271,1.99999999999999);
#1235=VECTOR('',#4274,1.99999999999999);
#1236=VECTOR('',#4277,1.99999999999999);
#1237=VECTOR('',#4280,1.99999999999999);
#1238=VECTOR('',#4285,27.75);
#1239=VECTOR('',#4286,27.75);
#1240=VECTOR('',#4295,30.);
#1241=VECTOR('',#4304,27.75);
#1242=VECTOR('',#4305,27.75);
#1243=VECTOR('',#4314,27.75);
#1244=VECTOR('',#4315,27.75);
#1245=VECTOR('',#4326,30.);
#1246=VECTOR('',#4335,27.75);
#1247=VECTOR('',#4336,27.75);
#1248=CIRCLE('',#3501,27.7500004172325);
#1249=CIRCLE('',#3502,27.7500004172325);
#1250=CIRCLE('',#3504,28.0000004172325);
#1251=CIRCLE('',#3506,26.5000004172325);
#1252=CIRCLE('',#3508,26.5000004172325);
#1253=CIRCLE('',#3509,301.286603095208);
#1254=CIRCLE('',#3510,30.);
#1255=CIRCLE('',#3511,296.563433068718);
#1256=CIRCLE('',#3518,28.);
#1257=CIRCLE('',#3519,28.0000004172325);
#1258=CIRCLE('',#3521,30.);
#1259=CIRCLE('',#3523,30.);
#1260=CIRCLE('',#3534,30.);
#1261=CIRCLE('',#3535,28.);
#1262=CIRCLE('',#3537,30.);
#1263=CIRCLE('',#3539,28.);
#1264=CIRCLE('',#3550,25.);
#1265=CIRCLE('',#3551,22.75);
#1266=CIRCLE('',#3553,25.);
#1267=CIRCLE('',#3555,22.75);
#1268=CIRCLE('',#3557,22.75);
#1269=CIRCLE('',#3560,22.75);
#1270=CIRCLE('',#3562,27.75);
#1271=CIRCLE('',#3564,27.75);
#1272=CIRCLE('',#3566,28.);
#1273=CIRCLE('',#3568,30.);
#1274=CIRCLE('',#3570,30.);
#1275=CIRCLE('',#3572,28.);
#1276=CIRCLE('',#3574,27.75);
#1277=CIRCLE('',#3576,27.75);
#1278=CIRCLE('',#3595,30.0000004470348);
#1279=CIRCLE('',#3596,28.);
#1280=CIRCLE('',#3598,28.);
#1281=CIRCLE('',#3600,30.);
#1282=CIRCLE('',#3607,22.5);
#1283=CIRCLE('',#3608,22.5);
#1284=CIRCLE('',#3610,27.75);
#1285=CIRCLE('',#3612,27.75);
#1286=CIRCLE('',#3617,22.5);
#1287=CIRCLE('',#3618,22.5);
#1288=CIRCLE('',#3622,27.75);
#1289=CIRCLE('',#3624,27.75);
#1290=CIRCLE('',#3627,30.2500004470348);
#1291=CIRCLE('',#3628,30.2500004470348);
#1292=CIRCLE('',#3632,31.5000004470348);
#1293=CIRCLE('',#3633,31.5000004470348);
#1294=CIRCLE('',#3635,31.5000004470348);
#1295=CIRCLE('',#3636,31.5000004470348);
#1296=CIRCLE('',#3638,31.5000004470348);
#1297=CIRCLE('',#3639,31.5000004470348);
#1298=CIRCLE('',#3641,31.5000004470348);
#1299=CIRCLE('',#3643,31.5000004470348);
#1300=CIRCLE('',#3664,30.2500004470348);
#1301=CIRCLE('',#3665,30.2500004470348);
#1302=CIRCLE('',#3669,31.5000004470348);
#1303=CIRCLE('',#3670,31.5000004470348);
#1304=CIRCLE('',#3672,31.5000004470348);
#1305=CIRCLE('',#3673,31.5000004470348);
#1306=CIRCLE('',#3675,31.5000004470348);
#1307=CIRCLE('',#3676,31.5000004470348);
#1308=CIRCLE('',#3678,31.5000004470348);
#1309=CIRCLE('',#3680,31.5000004470348);
#1310=CIRCLE('',#3697,22.75);
#1311=CIRCLE('',#3698,22.75);
#1312=CIRCLE('',#3700,25.);
#1313=CIRCLE('',#3702,25.);
#1314=CIRCLE('',#3704,22.75);
#1315=CIRCLE('',#3706,22.75);
#1316=CIRCLE('',#3709,27.75);
#1317=CIRCLE('',#3710,27.75);
#1318=CIRCLE('',#3712,30.);
#1319=CIRCLE('',#3714,30.);
#1320=CIRCLE('',#3716,27.75);
#1321=CIRCLE('',#3718,27.75);
#1322=VERTEX_POINT('',#4343);
#1323=VERTEX_POINT('',#4345);
#1324=VERTEX_POINT('',#4349);
#1325=VERTEX_POINT('',#4352);
#1326=VERTEX_POINT('',#4355);
#1327=VERTEX_POINT('',#4385);
#1328=VERTEX_POINT('',#4414);
#1329=VERTEX_POINT('',#4416);
#1330=VERTEX_POINT('',#4421);
#1331=VERTEX_POINT('',#4422);
#1332=VERTEX_POINT('',#4459);
#1333=VERTEX_POINT('',#4461);
#1334=VERTEX_POINT('',#4499);
#1335=VERTEX_POINT('',#4500);
#1336=VERTEX_POINT('',#4537);
#1337=VERTEX_POINT('',#4539);
#1338=VERTEX_POINT('',#4577);
#1339=VERTEX_POINT('',#4578);
#1340=VERTEX_POINT('',#4615);
#1341=VERTEX_POINT('',#4617);
#1342=VERTEX_POINT('',#4655);
#1343=VERTEX_POINT('',#4656);
#1344=VERTEX_POINT('',#4667);
#1345=VERTEX_POINT('',#4678);
#1346=VERTEX_POINT('',#4680);
#1347=VERTEX_POINT('',#4691);
#1348=VERTEX_POINT('',#4739);
#1349=VERTEX_POINT('',#4742);
#1350=VERTEX_POINT('',#4746);
#1351=VERTEX_POINT('',#4749);
#1352=VERTEX_POINT('',#4755);
#1353=VERTEX_POINT('',#4756);
#1354=VERTEX_POINT('',#4793);
#1355=VERTEX_POINT('',#4795);
#1356=VERTEX_POINT('',#4833);
#1357=VERTEX_POINT('',#4834);
#1358=VERTEX_POINT('',#4845);
#1359=VERTEX_POINT('',#4856);
#1360=VERTEX_POINT('',#4861);
#1361=VERTEX_POINT('',#4863);
#1362=VERTEX_POINT('',#4868);
#1363=VERTEX_POINT('',#4879);
#1364=VERTEX_POINT('',#4931);
#1365=VERTEX_POINT('',#4932);
#1366=VERTEX_POINT('',#4969);
#1367=VERTEX_POINT('',#4971);
#1368=VERTEX_POINT('',#5009);
#1369=VERTEX_POINT('',#5010);
#1370=VERTEX_POINT('',#5047);
#1371=VERTEX_POINT('',#5049);
#1372=VERTEX_POINT('',#5087);
#1373=VERTEX_POINT('',#5088);
#1374=VERTEX_POINT('',#5125);
#1375=VERTEX_POINT('',#5127);
#1376=VERTEX_POINT('',#5165);
#1377=VERTEX_POINT('',#5166);
#1378=VERTEX_POINT('',#5177);
#1379=VERTEX_POINT('',#5188);
#1380=VERTEX_POINT('',#5193);
#1381=VERTEX_POINT('',#5195);
#1382=VERTEX_POINT('',#5200);
#1383=VERTEX_POINT('',#5211);
#1384=VERTEX_POINT('',#5263);
#1385=VERTEX_POINT('',#5264);
#1386=VERTEX_POINT('',#5301);
#1387=VERTEX_POINT('',#5303);
#1388=VERTEX_POINT('',#5341);
#1389=VERTEX_POINT('',#5342);
#1390=VERTEX_POINT('',#5379);
#1391=VERTEX_POINT('',#5381);
#1392=VERTEX_POINT('',#5419);
#1393=VERTEX_POINT('',#5421);
#1394=VERTEX_POINT('',#5424);
#1395=VERTEX_POINT('',#5430);
#1396=VERTEX_POINT('',#5437);
#1397=VERTEX_POINT('',#5438);
#1398=VERTEX_POINT('',#5475);
#1399=VERTEX_POINT('',#5477);
#1400=VERTEX_POINT('',#5515);
#1401=VERTEX_POINT('',#5516);
#1402=VERTEX_POINT('',#5527);
#1403=VERTEX_POINT('',#5538);
#1404=VERTEX_POINT('',#5543);
#1405=VERTEX_POINT('',#5545);
#1406=VERTEX_POINT('',#5550);
#1407=VERTEX_POINT('',#5561);
#1408=VERTEX_POINT('',#5613);
#1409=VERTEX_POINT('',#5614);
#1410=VERTEX_POINT('',#5651);
#1411=VERTEX_POINT('',#5653);
#1412=VERTEX_POINT('',#5691);
#1413=VERTEX_POINT('',#5692);
#1414=VERTEX_POINT('',#5703);
#1415=VERTEX_POINT('',#5714);
#1416=VERTEX_POINT('',#5719);
#1417=VERTEX_POINT('',#5721);
#1418=VERTEX_POINT('',#5726);
#1419=VERTEX_POINT('',#5737);
#1420=VERTEX_POINT('',#5789);
#1421=VERTEX_POINT('',#5790);
#1422=VERTEX_POINT('',#5827);
#1423=VERTEX_POINT('',#5829);
#1424=VERTEX_POINT('',#5867);
#1425=VERTEX_POINT('',#5868);
#1426=VERTEX_POINT('',#5905);
#1427=VERTEX_POINT('',#5907);
#1428=VERTEX_POINT('',#5945);
#1429=VERTEX_POINT('',#5946);
#1430=VERTEX_POINT('',#5983);
#1431=VERTEX_POINT('',#5985);
#1432=VERTEX_POINT('',#6023);
#1433=VERTEX_POINT('',#6024);
#1434=VERTEX_POINT('',#6061);
#1435=VERTEX_POINT('',#6063);
#1436=VERTEX_POINT('',#6101);
#1437=VERTEX_POINT('',#6103);
#1438=VERTEX_POINT('',#6107);
#1439=VERTEX_POINT('',#6111);
#1440=VERTEX_POINT('',#6115);
#1441=VERTEX_POINT('',#6122);
#1442=VERTEX_POINT('',#6126);
#1443=VERTEX_POINT('',#6129);
#1444=VERTEX_POINT('',#6134);
#1445=VERTEX_POINT('',#6138);
#1446=VERTEX_POINT('',#6141);
#1447=VERTEX_POINT('',#6145);
#1448=VERTEX_POINT('',#6148);
#1449=VERTEX_POINT('',#6152);
#1450=VERTEX_POINT('',#6158);
#1451=VERTEX_POINT('',#6159);
#1452=VERTEX_POINT('',#6196);
#1453=VERTEX_POINT('',#6198);
#1454=VERTEX_POINT('',#6236);
#1455=VERTEX_POINT('',#6237);
#1456=VERTEX_POINT('',#6274);
#1457=VERTEX_POINT('',#6276);
#1458=VERTEX_POINT('',#6314);
#1459=VERTEX_POINT('',#6315);
#1460=VERTEX_POINT('',#6352);
#1461=VERTEX_POINT('',#6354);
#1462=VERTEX_POINT('',#6392);
#1463=VERTEX_POINT('',#6393);
#1464=VERTEX_POINT('',#6430);
#1465=VERTEX_POINT('',#6432);
#1466=VERTEX_POINT('',#6470);
#1467=VERTEX_POINT('',#6471);
#1468=VERTEX_POINT('',#6508);
#1469=VERTEX_POINT('',#6510);
#1470=VERTEX_POINT('',#6548);
#1471=VERTEX_POINT('',#6549);
#1472=VERTEX_POINT('',#6586);
#1473=VERTEX_POINT('',#6588);
#1474=VERTEX_POINT('',#6626);
#1475=VERTEX_POINT('',#6627);
#1476=VERTEX_POINT('',#6664);
#1477=VERTEX_POINT('',#6666);
#1478=VERTEX_POINT('',#6704);
#1479=VERTEX_POINT('',#6705);
#1480=VERTEX_POINT('',#6742);
#1481=VERTEX_POINT('',#6744);
#1482=VERTEX_POINT('',#6782);
#1483=VERTEX_POINT('',#6783);
#1484=VERTEX_POINT('',#6820);
#1485=VERTEX_POINT('',#6822);
#1486=VERTEX_POINT('',#6860);
#1487=VERTEX_POINT('',#6861);
#1488=VERTEX_POINT('',#6872);
#1489=VERTEX_POINT('',#6883);
#1490=VERTEX_POINT('',#6888);
#1491=VERTEX_POINT('',#6890);
#1492=VERTEX_POINT('',#6895);
#1493=VERTEX_POINT('',#6906);
#1494=VERTEX_POINT('',#6958);
#1495=VERTEX_POINT('',#6959);
#1496=VERTEX_POINT('',#6996);
#1497=VERTEX_POINT('',#6998);
#1498=VERTEX_POINT('',#7036);
#1499=VERTEX_POINT('',#7037);
#1500=VERTEX_POINT('',#7048);
#1501=VERTEX_POINT('',#7059);
#1502=VERTEX_POINT('',#7064);
#1503=VERTEX_POINT('',#7066);
#1504=VERTEX_POINT('',#7071);
#1505=VERTEX_POINT('',#7082);
#1506=VERTEX_POINT('',#7134);
#1507=VERTEX_POINT('',#7135);
#1508=VERTEX_POINT('',#7172);
#1509=VERTEX_POINT('',#7174);
#1510=VERTEX_POINT('',#7212);
#1511=VERTEX_POINT('',#7213);
#1512=VERTEX_POINT('',#7250);
#1513=VERTEX_POINT('',#7252);
#1514=VERTEX_POINT('',#7290);
#1515=VERTEX_POINT('',#7291);
#1516=VERTEX_POINT('',#7328);
#1517=VERTEX_POINT('',#7330);
#1518=VERTEX_POINT('',#7368);
#1519=VERTEX_POINT('',#7369);
#1520=VERTEX_POINT('',#7406);
#1521=VERTEX_POINT('',#7408);
#1522=VERTEX_POINT('',#7446);
#1523=VERTEX_POINT('',#7448);
#1524=VERTEX_POINT('',#7453);
#1525=VERTEX_POINT('',#7457);
#1526=VERTEX_POINT('',#7464);
#1527=VERTEX_POINT('',#7465);
#1528=VERTEX_POINT('',#7502);
#1529=VERTEX_POINT('',#7504);
#1530=VERTEX_POINT('',#7542);
#1531=VERTEX_POINT('',#7543);
#1532=VERTEX_POINT('',#7554);
#1533=VERTEX_POINT('',#7565);
#1534=VERTEX_POINT('',#7570);
#1535=VERTEX_POINT('',#7572);
#1536=VERTEX_POINT('',#7577);
#1537=VERTEX_POINT('',#7588);
#1538=VERTEX_POINT('',#7640);
#1539=VERTEX_POINT('',#7641);
#1540=VERTEX_POINT('',#7678);
#1541=VERTEX_POINT('',#7680);
#1542=VERTEX_POINT('',#7718);
#1543=VERTEX_POINT('',#7719);
#1544=VERTEX_POINT('',#7756);
#1545=VERTEX_POINT('',#7758);
#1546=VERTEX_POINT('',#7796);
#1547=VERTEX_POINT('',#7799);
#1548=VERTEX_POINT('',#7803);
#1549=VERTEX_POINT('',#7806);
#1550=VERTEX_POINT('',#7812);
#1551=VERTEX_POINT('',#7813);
#1552=VERTEX_POINT('',#7850);
#1553=VERTEX_POINT('',#7852);
#1554=VERTEX_POINT('',#7890);
#1555=VERTEX_POINT('',#7891);
#1556=VERTEX_POINT('',#7928);
#1557=VERTEX_POINT('',#7930);
#1558=VERTEX_POINT('',#7968);
#1559=VERTEX_POINT('',#7970);
#1560=VERTEX_POINT('',#7973);
#1561=VERTEX_POINT('',#7974);
#1562=VERTEX_POINT('',#8011);
#1563=VERTEX_POINT('',#8012);
#1564=VERTEX_POINT('',#8050);
#1565=VERTEX_POINT('',#8051);
#1566=VERTEX_POINT('',#8090);
#1567=VERTEX_POINT('',#8092);
#1568=VERTEX_POINT('',#8130);
#1569=VERTEX_POINT('',#8133);
#1570=VERTEX_POINT('',#8138);
#1571=VERTEX_POINT('',#8140);
#1572=VERTEX_POINT('',#8143);
#1573=VERTEX_POINT('',#8144);
#1574=VERTEX_POINT('',#8181);
#1575=VERTEX_POINT('',#8182);
#1576=VERTEX_POINT('',#8220);
#1577=VERTEX_POINT('',#8221);
#1578=VERTEX_POINT('',#8260);
#1579=VERTEX_POINT('',#8262);
#1580=VERTEX_POINT('',#8300);
#1581=VERTEX_POINT('',#8301);
#1582=VERTEX_POINT('',#8303);
#1583=VERTEX_POINT('',#8305);
#1584=VERTEX_POINT('',#8309);
#1585=VERTEX_POINT('',#8311);
#1586=VERTEX_POINT('',#8315);
#1587=VERTEX_POINT('',#8317);
#1588=VERTEX_POINT('',#8326);
#1589=VERTEX_POINT('',#8327);
#1590=VERTEX_POINT('',#8329);
#1591=VERTEX_POINT('',#8331);
#1592=VERTEX_POINT('',#8335);
#1593=VERTEX_POINT('',#8336);
#1594=VERTEX_POINT('',#8339);
#1595=VERTEX_POINT('',#8343);
#1596=VERTEX_POINT('',#8345);
#1597=VERTEX_POINT('',#8348);
#1598=VERTEX_POINT('',#8349);
#1599=VERTEX_POINT('',#8352);
#1600=VERTEX_POINT('',#8359);
#1601=VERTEX_POINT('',#8360);
#1602=VERTEX_POINT('',#8362);
#1603=VERTEX_POINT('',#8364);
#1604=VERTEX_POINT('',#8368);
#1605=VERTEX_POINT('',#8370);
#1606=VERTEX_POINT('',#8374);
#1607=VERTEX_POINT('',#8378);
#1608=VERTEX_POINT('',#8380);
#1609=VERTEX_POINT('',#8382);
#1610=VERTEX_POINT('',#8385);
#1611=VERTEX_POINT('',#8386);
#1612=VERTEX_POINT('',#8392);
#1613=VERTEX_POINT('',#8393);
#1614=VERTEX_POINT('',#8395);
#1615=VERTEX_POINT('',#8397);
#1616=VERTEX_POINT('',#8401);
#1617=VERTEX_POINT('',#8402);
#1618=VERTEX_POINT('',#8405);
#1619=VERTEX_POINT('',#8409);
#1620=VERTEX_POINT('',#8411);
#1621=VERTEX_POINT('',#8414);
#1622=VERTEX_POINT('',#8415);
#1623=VERTEX_POINT('',#8418);
#1624=VERTEX_POINT('',#8425);
#1625=VERTEX_POINT('',#8427);
#1626=VERTEX_POINT('',#8430);
#1627=VERTEX_POINT('',#8431);
#1628=VERTEX_POINT('',#8468);
#1629=VERTEX_POINT('',#8469);
#1630=VERTEX_POINT('',#8507);
#1631=VERTEX_POINT('',#8508);
#1632=VERTEX_POINT('',#8547);
#1633=VERTEX_POINT('',#8549);
#1634=VERTEX_POINT('',#8587);
#1635=VERTEX_POINT('',#8588);
#1636=VERTEX_POINT('',#8590);
#1637=VERTEX_POINT('',#8592);
#1638=VERTEX_POINT('',#8596);
#1639=VERTEX_POINT('',#8597);
#1640=VERTEX_POINT('',#8602);
#1641=VERTEX_POINT('',#8603);
#1642=VERTEX_POINT('',#8614);
#1643=VERTEX_POINT('',#8615);
#1644=VERTEX_POINT('',#8617);
#1645=VERTEX_POINT('',#8619);
#1646=VERTEX_POINT('',#8623);
#1647=VERTEX_POINT('',#8624);
#1648=VERTEX_POINT('',#8627);
#1649=VERTEX_POINT('',#8631);
#1650=VERTEX_POINT('',#8633);
#1651=VERTEX_POINT('',#8636);
#1652=VERTEX_POINT('',#8637);
#1653=VERTEX_POINT('',#8640);
#1654=VERTEX_POINT('',#8647);
#1655=VERTEX_POINT('',#8648);
#1656=VERTEX_POINT('',#8685);
#1657=VERTEX_POINT('',#8687);
#1658=VERTEX_POINT('',#8725);
#1659=VERTEX_POINT('',#8726);
#1660=VERTEX_POINT('',#8737);
#1661=VERTEX_POINT('',#8748);
#1662=VERTEX_POINT('',#8753);
#1663=VERTEX_POINT('',#8755);
#1664=VERTEX_POINT('',#8760);
#1665=VERTEX_POINT('',#8771);
#1666=VERTEX_POINT('',#8823);
#1667=VERTEX_POINT('',#8824);
#1668=VERTEX_POINT('',#8861);
#1669=VERTEX_POINT('',#8863);
#1670=VERTEX_POINT('',#8901);
#1671=VERTEX_POINT('',#8902);
#1672=VERTEX_POINT('',#8939);
#1673=VERTEX_POINT('',#8941);
#1674=VERTEX_POINT('',#8979);
#1675=VERTEX_POINT('',#8980);
#1676=VERTEX_POINT('',#9017);
#1677=VERTEX_POINT('',#9019);
#1678=VERTEX_POINT('',#9057);
#1679=VERTEX_POINT('',#9058);
#1680=VERTEX_POINT('',#9069);
#1681=VERTEX_POINT('',#9080);
#1682=VERTEX_POINT('',#9082);
#1683=VERTEX_POINT('',#9093);
#1684=VERTEX_POINT('',#9141);
#1685=VERTEX_POINT('',#9142);
#1686=VERTEX_POINT('',#9179);
#1687=VERTEX_POINT('',#9181);
#1688=VERTEX_POINT('',#9219);
#1689=VERTEX_POINT('',#9220);
#1690=VERTEX_POINT('',#9257);
#1691=VERTEX_POINT('',#9259);
#1692=VERTEX_POINT('',#9297);
#1693=VERTEX_POINT('',#9300);
#1694=VERTEX_POINT('',#9304);
#1695=VERTEX_POINT('',#9307);
#1696=VERTEX_POINT('',#9311);
#1697=VERTEX_POINT('',#9315);
#1698=VERTEX_POINT('',#9320);
#1699=VERTEX_POINT('',#9323);
#1700=VERTEX_POINT('',#9327);
#1701=VERTEX_POINT('',#9330);
#1702=VERTEX_POINT('',#9334);
#1703=VERTEX_POINT('',#9337);
#1704=EDGE_CURVE('',#1322,#1322,#1248,.T.);
#1705=EDGE_CURVE('',#1322,#1323,#896,.T.);
#1706=EDGE_CURVE('',#1323,#1323,#1249,.T.);
#1707=EDGE_CURVE('',#1324,#1324,#1250,.T.);
#1708=EDGE_CURVE('',#1325,#1325,#1251,.T.);
#1709=EDGE_CURVE('',#1325,#1326,#897,.T.);
#1710=EDGE_CURVE('',#1326,#1326,#1252,.T.);
#1711=EDGE_CURVE('',#1326,#1327,#1253,.T.);
#1712=EDGE_CURVE('',#1328,#1328,#1254,.T.);
#1713=EDGE_CURVE('',#1328,#1329,#1255,.T.);
#1714=EDGE_CURVE('',#1324,#1328,#898,.T.);
#1715=EDGE_CURVE('',#1330,#1331,#13,.T.);
#1716=EDGE_CURVE('',#1331,#1330,#14,.T.);
#1717=EDGE_CURVE('',#1331,#1332,#899,.T.);
#1718=EDGE_CURVE('',#1333,#1332,#15,.T.);
#1719=EDGE_CURVE('',#1332,#1333,#16,.T.);
#1720=EDGE_CURVE('',#1334,#1335,#17,.T.);
#1721=EDGE_CURVE('',#1335,#1334,#18,.T.);
#1722=EDGE_CURVE('',#1335,#1336,#900,.T.);
#1723=EDGE_CURVE('',#1337,#1336,#19,.T.);
#1724=EDGE_CURVE('',#1336,#1337,#20,.T.);
#1725=EDGE_CURVE('',#1338,#1339,#21,.T.);
#1726=EDGE_CURVE('',#1339,#1338,#22,.T.);
#1727=EDGE_CURVE('',#1339,#1340,#901,.T.);
#1728=EDGE_CURVE('',#1341,#1340,#23,.T.);
#1729=EDGE_CURVE('',#1340,#1341,#24,.T.);
#1730=EDGE_CURVE('',#1342,#1343,#25,.T.);
#1731=EDGE_CURVE('',#1344,#1342,#26,.T.);
#1732=EDGE_CURVE('',#1344,#1345,#902,.T.);
#1733=EDGE_CURVE('',#1346,#1345,#27,.T.);
#1734=EDGE_CURVE('',#1347,#1346,#28,.T.);
#1735=EDGE_CURVE('',#1345,#1347,#29,.T.);
#1736=EDGE_CURVE('',#1343,#1344,#30,.T.);
#1737=EDGE_CURVE('',#1348,#1348,#1256,.T.);
#1738=EDGE_CURVE('',#1348,#1343,#903,.T.);
#1739=EDGE_CURVE('',#1344,#1349,#904,.T.);
#1740=EDGE_CURVE('',#1349,#1349,#1257,.T.);
#1741=EDGE_CURVE('',#1350,#1350,#1258,.T.);
#1742=EDGE_CURVE('',#1351,#1351,#1259,.T.);
#1743=EDGE_CURVE('',#1351,#1347,#905,.T.);
#1744=EDGE_CURVE('',#1345,#1350,#906,.T.);
#1745=EDGE_CURVE('',#1352,#1353,#31,.T.);
#1746=EDGE_CURVE('',#1353,#1352,#32,.T.);
#1747=EDGE_CURVE('',#1353,#1354,#907,.T.);
#1748=EDGE_CURVE('',#1355,#1354,#33,.T.);
#1749=EDGE_CURVE('',#1354,#1355,#34,.T.);
#1750=EDGE_CURVE('',#1356,#1357,#35,.T.);
#1751=EDGE_CURVE('',#1358,#1356,#36,.T.);
#1752=EDGE_CURVE('',#1359,#1358,#37,.T.);
#1753=EDGE_CURVE('',#1359,#1360,#908,.T.);
#1754=EDGE_CURVE('',#1361,#1360,#38,.T.);
#1755=EDGE_CURVE('',#1362,#1361,#39,.T.);
#1756=EDGE_CURVE('',#1363,#1362,#40,.T.);
#1757=EDGE_CURVE('',#1360,#1363,#41,.T.);
#1758=EDGE_CURVE('',#1357,#1359,#42,.T.);
#1759=EDGE_CURVE('',#1364,#1365,#43,.T.);
#1760=EDGE_CURVE('',#1365,#1364,#44,.T.);
#1761=EDGE_CURVE('',#1365,#1366,#909,.T.);
#1762=EDGE_CURVE('',#1367,#1366,#45,.T.);
#1763=EDGE_CURVE('',#1366,#1367,#46,.T.);
#1764=EDGE_CURVE('',#1368,#1369,#47,.T.);
#1765=EDGE_CURVE('',#1369,#1368,#48,.T.);
#1766=EDGE_CURVE('',#1369,#1370,#910,.T.);
#1767=EDGE_CURVE('',#1371,#1370,#49,.T.);
#1768=EDGE_CURVE('',#1370,#1371,#50,.T.);
#1769=EDGE_CURVE('',#1372,#1373,#51,.T.);
#1770=EDGE_CURVE('',#1373,#1372,#52,.T.);
#1771=EDGE_CURVE('',#1373,#1374,#911,.T.);
#1772=EDGE_CURVE('',#1375,#1374,#53,.T.);
#1773=EDGE_CURVE('',#1374,#1375,#54,.T.);
#1774=EDGE_CURVE('',#1376,#1377,#55,.T.);
#1775=EDGE_CURVE('',#1378,#1376,#56,.T.);
#1776=EDGE_CURVE('',#1379,#1378,#57,.T.);
#1777=EDGE_CURVE('',#1379,#1380,#912,.T.);
#1778=EDGE_CURVE('',#1381,#1380,#58,.T.);
#1779=EDGE_CURVE('',#1382,#1381,#59,.T.);
#1780=EDGE_CURVE('',#1383,#1382,#60,.T.);
#1781=EDGE_CURVE('',#1380,#1383,#61,.T.);
#1782=EDGE_CURVE('',#1377,#1379,#62,.T.);
#1783=EDGE_CURVE('',#1384,#1385,#63,.T.);
#1784=EDGE_CURVE('',#1385,#1384,#64,.T.);
#1785=EDGE_CURVE('',#1385,#1386,#913,.T.);
#1786=EDGE_CURVE('',#1387,#1386,#65,.T.);
#1787=EDGE_CURVE('',#1386,#1387,#66,.T.);
#1788=EDGE_CURVE('',#1388,#1389,#67,.T.);
#1789=EDGE_CURVE('',#1389,#1388,#68,.T.);
#1790=EDGE_CURVE('',#1389,#1390,#914,.T.);
#1791=EDGE_CURVE('',#1391,#1390,#69,.T.);
#1792=EDGE_CURVE('',#1390,#1391,#70,.T.);
#1793=EDGE_CURVE('',#1392,#1392,#1260,.T.);
#1794=EDGE_CURVE('',#1393,#1393,#1261,.T.);
#1795=EDGE_CURVE('',#1394,#1394,#1262,.T.);
#1796=EDGE_CURVE('',#1394,#1363,#915,.T.);
#1797=EDGE_CURVE('',#1361,#1383,#916,.T.);
#1798=EDGE_CURVE('',#1381,#1392,#917,.T.);
#1799=EDGE_CURVE('',#1395,#1395,#1263,.T.);
#1800=EDGE_CURVE('',#1395,#1357,#918,.T.);
#1801=EDGE_CURVE('',#1358,#1377,#919,.T.);
#1802=EDGE_CURVE('',#1378,#1393,#920,.T.);
#1803=EDGE_CURVE('',#1396,#1397,#71,.T.);
#1804=EDGE_CURVE('',#1397,#1396,#72,.T.);
#1805=EDGE_CURVE('',#1397,#1398,#921,.T.);
#1806=EDGE_CURVE('',#1399,#1398,#73,.T.);
#1807=EDGE_CURVE('',#1398,#1399,#74,.T.);
#1808=EDGE_CURVE('',#1400,#1401,#75,.T.);
#1809=EDGE_CURVE('',#1402,#1400,#76,.T.);
#1810=EDGE_CURVE('',#1403,#1402,#77,.T.);
#1811=EDGE_CURVE('',#1403,#1404,#922,.T.);
#1812=EDGE_CURVE('',#1405,#1404,#78,.T.);
#1813=EDGE_CURVE('',#1406,#1405,#79,.T.);
#1814=EDGE_CURVE('',#1407,#1406,#80,.T.);
#1815=EDGE_CURVE('',#1404,#1407,#81,.T.);
#1816=EDGE_CURVE('',#1401,#1403,#82,.T.);
#1817=EDGE_CURVE('',#1408,#1409,#83,.T.);
#1818=EDGE_CURVE('',#1409,#1408,#84,.T.);
#1819=EDGE_CURVE('',#1409,#1410,#923,.T.);
#1820=EDGE_CURVE('',#1411,#1410,#85,.T.);
#1821=EDGE_CURVE('',#1410,#1411,#86,.T.);
#1822=EDGE_CURVE('',#1412,#1413,#87,.T.);
#1823=EDGE_CURVE('',#1414,#1412,#88,.T.);
#1824=EDGE_CURVE('',#1415,#1414,#89,.T.);
#1825=EDGE_CURVE('',#1415,#1416,#924,.T.);
#1826=EDGE_CURVE('',#1417,#1416,#90,.T.);
#1827=EDGE_CURVE('',#1418,#1417,#91,.T.);
#1828=EDGE_CURVE('',#1419,#1418,#92,.T.);
#1829=EDGE_CURVE('',#1416,#1419,#93,.T.);
#1830=EDGE_CURVE('',#1413,#1415,#94,.T.);
#1831=EDGE_CURVE('',#1420,#1421,#95,.T.);
#1832=EDGE_CURVE('',#1421,#1420,#96,.T.);
#1833=EDGE_CURVE('',#1421,#1422,#925,.T.);
#1834=EDGE_CURVE('',#1423,#1422,#97,.T.);
#1835=EDGE_CURVE('',#1422,#1423,#98,.T.);
#1836=EDGE_CURVE('',#1424,#1425,#99,.T.);
#1837=EDGE_CURVE('',#1425,#1424,#100,.T.);
#1838=EDGE_CURVE('',#1425,#1426,#926,.T.);
#1839=EDGE_CURVE('',#1427,#1426,#101,.T.);
#1840=EDGE_CURVE('',#1426,#1427,#102,.T.);
#1841=EDGE_CURVE('',#1428,#1429,#103,.T.);
#1842=EDGE_CURVE('',#1429,#1428,#104,.T.);
#1843=EDGE_CURVE('',#1429,#1430,#927,.T.);
#1844=EDGE_CURVE('',#1431,#1430,#105,.T.);
#1845=EDGE_CURVE('',#1430,#1431,#106,.T.);
#1846=EDGE_CURVE('',#1432,#1433,#107,.T.);
#1847=EDGE_CURVE('',#1433,#1432,#108,.T.);
#1848=EDGE_CURVE('',#1433,#1434,#928,.T.);
#1849=EDGE_CURVE('',#1435,#1434,#109,.T.);
#1850=EDGE_CURVE('',#1434,#1435,#110,.T.);
#1851=EDGE_CURVE('',#1436,#1436,#1264,.T.);
#1852=EDGE_CURVE('',#1436,#1437,#929,.T.);
#1853=EDGE_CURVE('',#1437,#1437,#1265,.T.);
#1854=EDGE_CURVE('',#1438,#1438,#1266,.T.);
#1855=EDGE_CURVE('',#1438,#1436,#930,.T.);
#1856=EDGE_CURVE('',#1439,#1439,#1267,.F.);
#1857=EDGE_CURVE('',#1439,#1402,#931,.T.);
#1858=EDGE_CURVE('',#1401,#1440,#932,.T.);
#1859=EDGE_CURVE('',#1440,#1440,#1268,.T.);
#1860=EDGE_CURVE('',#1438,#1440,#933,.T.);
#1861=EDGE_CURVE('',#1437,#1414,#934,.T.);
#1862=EDGE_CURVE('',#1413,#1441,#935,.T.);
#1863=EDGE_CURVE('',#1441,#1441,#1269,.T.);
#1864=EDGE_CURVE('',#1442,#1442,#1270,.T.);
#1865=EDGE_CURVE('',#1443,#1443,#1271,.T.);
#1866=EDGE_CURVE('',#1443,#1407,#936,.T.);
#1867=EDGE_CURVE('',#1405,#1442,#937,.T.);
#1868=EDGE_CURVE('',#1443,#1444,#938,.T.);
#1869=EDGE_CURVE('',#1444,#1444,#1272,.T.);
#1870=EDGE_CURVE('',#1445,#1445,#1273,.T.);
#1871=EDGE_CURVE('',#1446,#1446,#1274,.T.);
#1872=EDGE_CURVE('',#1446,#1445,#939,.T.);
#1873=EDGE_CURVE('',#1447,#1447,#1275,.T.);
#1874=EDGE_CURVE('',#1448,#1448,#1276,.T.);
#1875=EDGE_CURVE('',#1448,#1447,#940,.T.);
#1876=EDGE_CURVE('',#1449,#1449,#1277,.T.);
#1877=EDGE_CURVE('',#1449,#1419,#941,.T.);
#1878=EDGE_CURVE('',#1417,#1448,#942,.T.);
#1879=EDGE_CURVE('',#1450,#1451,#111,.T.);
#1880=EDGE_CURVE('',#1451,#1450,#112,.T.);
#1881=EDGE_CURVE('',#1451,#1452,#943,.T.);
#1882=EDGE_CURVE('',#1453,#1452,#113,.T.);
#1883=EDGE_CURVE('',#1452,#1453,#114,.T.);
#1884=EDGE_CURVE('',#1454,#1455,#115,.T.);
#1885=EDGE_CURVE('',#1455,#1454,#116,.T.);
#1886=EDGE_CURVE('',#1455,#1456,#944,.T.);
#1887=EDGE_CURVE('',#1457,#1456,#117,.T.);
#1888=EDGE_CURVE('',#1456,#1457,#118,.T.);
#1889=EDGE_CURVE('',#1458,#1459,#119,.T.);
#1890=EDGE_CURVE('',#1459,#1458,#120,.T.);
#1891=EDGE_CURVE('',#1459,#1460,#945,.T.);
#1892=EDGE_CURVE('',#1461,#1460,#121,.T.);
#1893=EDGE_CURVE('',#1460,#1461,#122,.T.);
#1894=EDGE_CURVE('',#1462,#1463,#123,.T.);
#1895=EDGE_CURVE('',#1463,#1462,#124,.T.);
#1896=EDGE_CURVE('',#1463,#1464,#946,.T.);
#1897=EDGE_CURVE('',#1465,#1464,#125,.T.);
#1898=EDGE_CURVE('',#1464,#1465,#126,.T.);
#1899=EDGE_CURVE('',#1466,#1467,#127,.T.);
#1900=EDGE_CURVE('',#1467,#1466,#128,.T.);
#1901=EDGE_CURVE('',#1467,#1468,#947,.T.);
#1902=EDGE_CURVE('',#1469,#1468,#129,.T.);
#1903=EDGE_CURVE('',#1468,#1469,#130,.T.);
#1904=EDGE_CURVE('',#1470,#1471,#131,.T.);
#1905=EDGE_CURVE('',#1471,#1470,#132,.T.);
#1906=EDGE_CURVE('',#1471,#1472,#948,.T.);
#1907=EDGE_CURVE('',#1473,#1472,#133,.T.);
#1908=EDGE_CURVE('',#1472,#1473,#134,.T.);
#1909=EDGE_CURVE('',#1474,#1475,#135,.T.);
#1910=EDGE_CURVE('',#1475,#1474,#136,.T.);
#1911=EDGE_CURVE('',#1475,#1476,#949,.T.);
#1912=EDGE_CURVE('',#1477,#1476,#137,.T.);
#1913=EDGE_CURVE('',#1476,#1477,#138,.T.);
#1914=EDGE_CURVE('',#1478,#1479,#139,.T.);
#1915=EDGE_CURVE('',#1479,#1478,#140,.T.);
#1916=EDGE_CURVE('',#1479,#1480,#950,.T.);
#1917=EDGE_CURVE('',#1481,#1480,#141,.T.);
#1918=EDGE_CURVE('',#1480,#1481,#142,.T.);
#1919=EDGE_CURVE('',#1482,#1483,#143,.T.);
#1920=EDGE_CURVE('',#1483,#1482,#144,.T.);
#1921=EDGE_CURVE('',#1483,#1484,#951,.T.);
#1922=EDGE_CURVE('',#1485,#1484,#145,.T.);
#1923=EDGE_CURVE('',#1484,#1485,#146,.T.);
#1924=EDGE_CURVE('',#1486,#1487,#147,.T.);
#1925=EDGE_CURVE('',#1488,#1486,#148,.T.);
#1926=EDGE_CURVE('',#1489,#1488,#149,.T.);
#1927=EDGE_CURVE('',#1489,#1490,#952,.T.);
#1928=EDGE_CURVE('',#1491,#1490,#150,.T.);
#1929=EDGE_CURVE('',#1492,#1491,#151,.T.);
#1930=EDGE_CURVE('',#1493,#1492,#152,.T.);
#1931=EDGE_CURVE('',#1490,#1493,#153,.T.);
#1932=EDGE_CURVE('',#1487,#1489,#154,.T.);
#1933=EDGE_CURVE('',#1494,#1495,#155,.T.);
#1934=EDGE_CURVE('',#1495,#1494,#156,.T.);
#1935=EDGE_CURVE('',#1495,#1496,#953,.T.);
#1936=EDGE_CURVE('',#1497,#1496,#157,.T.);
#1937=EDGE_CURVE('',#1496,#1497,#158,.T.);
#1938=EDGE_CURVE('',#1498,#1499,#159,.T.);
#1939=EDGE_CURVE('',#1500,#1498,#160,.T.);
#1940=EDGE_CURVE('',#1501,#1500,#161,.T.);
#1941=EDGE_CURVE('',#1501,#1502,#954,.T.);
#1942=EDGE_CURVE('',#1503,#1502,#162,.T.);
#1943=EDGE_CURVE('',#1504,#1503,#163,.T.);
#1944=EDGE_CURVE('',#1505,#1504,#164,.T.);
#1945=EDGE_CURVE('',#1502,#1505,#165,.T.);
#1946=EDGE_CURVE('',#1499,#1501,#166,.T.);
#1947=EDGE_CURVE('',#1506,#1507,#167,.T.);
#1948=EDGE_CURVE('',#1507,#1506,#168,.T.);
#1949=EDGE_CURVE('',#1507,#1508,#955,.T.);
#1950=EDGE_CURVE('',#1509,#1508,#169,.T.);
#1951=EDGE_CURVE('',#1508,#1509,#170,.T.);
#1952=EDGE_CURVE('',#1510,#1511,#171,.T.);
#1953=EDGE_CURVE('',#1511,#1510,#172,.T.);
#1954=EDGE_CURVE('',#1511,#1512,#956,.T.);
#1955=EDGE_CURVE('',#1513,#1512,#173,.T.);
#1956=EDGE_CURVE('',#1512,#1513,#174,.T.);
#1957=EDGE_CURVE('',#1514,#1515,#175,.T.);
#1958=EDGE_CURVE('',#1515,#1514,#176,.T.);
#1959=EDGE_CURVE('',#1515,#1516,#957,.T.);
#1960=EDGE_CURVE('',#1517,#1516,#177,.T.);
#1961=EDGE_CURVE('',#1516,#1517,#178,.T.);
#1962=EDGE_CURVE('',#1518,#1519,#179,.T.);
#1963=EDGE_CURVE('',#1519,#1518,#180,.T.);
#1964=EDGE_CURVE('',#1519,#1520,#958,.T.);
#1965=EDGE_CURVE('',#1521,#1520,#181,.T.);
#1966=EDGE_CURVE('',#1520,#1521,#182,.T.);
#1967=EDGE_CURVE('',#1522,#1522,#1278,.T.);
#1968=EDGE_CURVE('',#1523,#1523,#1279,.T.);
#1969=EDGE_CURVE('',#1523,#1499,#959,.T.);
#1970=EDGE_CURVE('',#1500,#1487,#960,.T.);
#1971=EDGE_CURVE('',#1488,#1524,#961,.T.);
#1972=EDGE_CURVE('',#1524,#1524,#1280,.T.);
#1973=EDGE_CURVE('',#1525,#1525,#1281,.T.);
#1974=EDGE_CURVE('',#1522,#1505,#962,.T.);
#1975=EDGE_CURVE('',#1503,#1493,#963,.T.);
#1976=EDGE_CURVE('',#1491,#1525,#964,.T.);
#1977=EDGE_CURVE('',#1526,#1527,#183,.T.);
#1978=EDGE_CURVE('',#1527,#1526,#184,.T.);
#1979=EDGE_CURVE('',#1527,#1528,#965,.T.);
#1980=EDGE_CURVE('',#1529,#1528,#185,.T.);
#1981=EDGE_CURVE('',#1528,#1529,#186,.T.);
#1982=EDGE_CURVE('',#1530,#1531,#187,.T.);
#1983=EDGE_CURVE('',#1532,#1530,#188,.T.);
#1984=EDGE_CURVE('',#1533,#1532,#189,.T.);
#1985=EDGE_CURVE('',#1533,#1534,#966,.T.);
#1986=EDGE_CURVE('',#1535,#1534,#190,.T.);
#1987=EDGE_CURVE('',#1536,#1535,#191,.T.);
#1988=EDGE_CURVE('',#1537,#1536,#192,.T.);
#1989=EDGE_CURVE('',#1534,#1537,#193,.T.);
#1990=EDGE_CURVE('',#1531,#1533,#194,.T.);
#1991=EDGE_CURVE('',#1538,#1539,#195,.T.);
#1992=EDGE_CURVE('',#1539,#1538,#196,.T.);
#1993=EDGE_CURVE('',#1539,#1540,#967,.T.);
#1994=EDGE_CURVE('',#1541,#1540,#197,.T.);
#1995=EDGE_CURVE('',#1540,#1541,#198,.T.);
#1996=EDGE_CURVE('',#1542,#1543,#199,.T.);
#1997=EDGE_CURVE('',#1543,#1542,#200,.T.);
#1998=EDGE_CURVE('',#1543,#1544,#968,.T.);
#1999=EDGE_CURVE('',#1545,#1544,#201,.T.);
#2000=EDGE_CURVE('',#1544,#1545,#202,.T.);
#2001=EDGE_CURVE('',#1546,#1546,#1282,.T.);
#2002=EDGE_CURVE('',#1546,#1531,#969,.T.);
#2003=EDGE_CURVE('',#1532,#1547,#970,.T.);
#2004=EDGE_CURVE('',#1547,#1547,#1283,.T.);
#2005=EDGE_CURVE('',#1548,#1548,#1284,.T.);
#2006=EDGE_CURVE('',#1549,#1549,#1285,.T.);
#2007=EDGE_CURVE('',#1549,#1537,#971,.T.);
#2008=EDGE_CURVE('',#1535,#1548,#972,.T.);
#2009=EDGE_CURVE('',#1550,#1551,#203,.T.);
#2010=EDGE_CURVE('',#1551,#1550,#204,.T.);
#2011=EDGE_CURVE('',#1551,#1552,#973,.T.);
#2012=EDGE_CURVE('',#1553,#1552,#205,.T.);
#2013=EDGE_CURVE('',#1552,#1553,#206,.T.);
#2014=EDGE_CURVE('',#1554,#1555,#207,.T.);
#2015=EDGE_CURVE('',#1555,#1554,#208,.T.);
#2016=EDGE_CURVE('',#1555,#1556,#974,.T.);
#2017=EDGE_CURVE('',#1557,#1556,#209,.T.);
#2018=EDGE_CURVE('',#1556,#1557,#210,.T.);
#2019=EDGE_CURVE('',#1558,#1558,#1286,.T.);
#2020=EDGE_CURVE('',#1558,#1559,#975,.T.);
#2021=EDGE_CURVE('',#1559,#1559,#1287,.T.);
#2022=EDGE_CURVE('',#1560,#1561,#211,.T.);
#2023=EDGE_CURVE('',#1561,#1560,#212,.T.);
#2024=EDGE_CURVE('',#1562,#1563,#213,.T.);
#2025=EDGE_CURVE('',#1563,#1562,#214,.T.);
#2026=EDGE_CURVE('',#1564,#1565,#215,.T.);
#2027=EDGE_CURVE('',#1565,#1564,#216,.T.);
#2028=EDGE_CURVE('',#1565,#1563,#976,.T.);
#2029=EDGE_CURVE('',#1561,#1566,#977,.T.);
#2030=EDGE_CURVE('',#1567,#1566,#217,.T.);
#2031=EDGE_CURVE('',#1566,#1567,#218,.T.);
#2032=EDGE_CURVE('',#1568,#1568,#1288,.T.);
#2033=EDGE_CURVE('',#1569,#1569,#1289,.T.);
#2034=EDGE_CURVE('',#1569,#1568,#978,.T.);
#2035=EDGE_CURVE('',#1570,#1570,#1290,.T.);
#2036=EDGE_CURVE('',#1570,#1571,#979,.T.);
#2037=EDGE_CURVE('',#1571,#1571,#1291,.T.);
#2038=EDGE_CURVE('',#1572,#1573,#219,.T.);
#2039=EDGE_CURVE('',#1573,#1572,#220,.T.);
#2040=EDGE_CURVE('',#1574,#1575,#221,.T.);
#2041=EDGE_CURVE('',#1575,#1574,#222,.T.);
#2042=EDGE_CURVE('',#1576,#1577,#223,.T.);
#2043=EDGE_CURVE('',#1577,#1576,#224,.T.);
#2044=EDGE_CURVE('',#1577,#1575,#980,.T.);
#2045=EDGE_CURVE('',#1573,#1578,#981,.T.);
#2046=EDGE_CURVE('',#1579,#1578,#225,.T.);
#2047=EDGE_CURVE('',#1578,#1579,#226,.T.);
#2048=EDGE_CURVE('',#1580,#1581,#982,.T.);
#2049=EDGE_CURVE('',#1580,#1582,#1292,.T.);
#2050=EDGE_CURVE('',#1582,#1583,#983,.T.);
#2051=EDGE_CURVE('',#1581,#1583,#1293,.T.);
#2052=EDGE_CURVE('',#1584,#1581,#1294,.T.);
#2053=EDGE_CURVE('',#1585,#1584,#984,.T.);
#2054=EDGE_CURVE('',#1585,#1580,#1295,.T.);
#2055=EDGE_CURVE('',#1586,#1584,#1296,.T.);
#2056=EDGE_CURVE('',#1587,#1586,#985,.T.);
#2057=EDGE_CURVE('',#1587,#1585,#1297,.T.);
#2058=EDGE_CURVE('',#1582,#1587,#1298,.T.);
#2059=EDGE_CURVE('',#1583,#1586,#1299,.T.);
#2060=EDGE_CURVE('',#1588,#1589,#986,.T.);
#2061=EDGE_CURVE('',#1589,#1590,#987,.T.);
#2062=EDGE_CURVE('',#1590,#1591,#988,.T.);
#2063=EDGE_CURVE('',#1591,#1588,#989,.T.);
#2064=EDGE_CURVE('',#1592,#1593,#990,.T.);
#2065=EDGE_CURVE('',#1593,#1589,#991,.T.);
#2066=EDGE_CURVE('',#1588,#1594,#992,.T.);
#2067=EDGE_CURVE('',#1592,#1594,#993,.T.);
#2068=EDGE_CURVE('',#1595,#1590,#994,.T.);
#2069=EDGE_CURVE('',#1593,#1596,#995,.T.);
#2070=EDGE_CURVE('',#1595,#1592,#996,.T.);
#2071=EDGE_CURVE('',#1597,#1598,#997,.T.);
#2072=EDGE_CURVE('',#1599,#1591,#998,.T.);
#2073=EDGE_CURVE('',#1599,#1595,#999,.T.);
#2074=EDGE_CURVE('',#1594,#1599,#1000,.T.);
#2075=EDGE_CURVE('',#1600,#1601,#1001,.T.);
#2076=EDGE_CURVE('',#1601,#1602,#1002,.T.);
#2077=EDGE_CURVE('',#1602,#1603,#1003,.T.);
#2078=EDGE_CURVE('',#1603,#1600,#1004,.T.);
#2079=EDGE_CURVE('',#1604,#1601,#1005,.T.);
#2080=EDGE_CURVE('',#1605,#1604,#1006,.T.);
#2081=EDGE_CURVE('',#1602,#1605,#1007,.T.);
#2082=EDGE_CURVE('',#1606,#1605,#1008,.T.);
#2083=EDGE_CURVE('',#1603,#1606,#1009,.T.);
#2084=EDGE_CURVE('',#1607,#1606,#1010,.T.);
#2085=EDGE_CURVE('',#1608,#1607,#1011,.T.);
#2086=EDGE_CURVE('',#1608,#1609,#1012,.T.);
#2087=EDGE_CURVE('',#1600,#1608,#1013,.T.);
#2088=EDGE_CURVE('',#1610,#1611,#1014,.T.);
#2089=EDGE_CURVE('',#1604,#1607,#1015,.T.);
#2090=EDGE_CURVE('',#1612,#1613,#1016,.T.);
#2091=EDGE_CURVE('',#1613,#1614,#1017,.T.);
#2092=EDGE_CURVE('',#1614,#1615,#1018,.T.);
#2093=EDGE_CURVE('',#1615,#1612,#1019,.T.);
#2094=EDGE_CURVE('',#1616,#1617,#1020,.T.);
#2095=EDGE_CURVE('',#1617,#1613,#1021,.T.);
#2096=EDGE_CURVE('',#1612,#1618,#1022,.T.);
#2097=EDGE_CURVE('',#1616,#1618,#1023,.T.);
#2098=EDGE_CURVE('',#1619,#1614,#1024,.T.);
#2099=EDGE_CURVE('',#1617,#1620,#1025,.T.);
#2100=EDGE_CURVE('',#1619,#1616,#1026,.T.);
#2101=EDGE_CURVE('',#1621,#1622,#1027,.T.);
#2102=EDGE_CURVE('',#1623,#1615,#1028,.T.);
#2103=EDGE_CURVE('',#1623,#1619,#1029,.T.);
#2104=EDGE_CURVE('',#1618,#1623,#1030,.T.);
#2105=EDGE_CURVE('',#1624,#1624,#1300,.T.);
#2106=EDGE_CURVE('',#1624,#1625,#1031,.T.);
#2107=EDGE_CURVE('',#1625,#1625,#1301,.T.);
#2108=EDGE_CURVE('',#1626,#1627,#227,.T.);
#2109=EDGE_CURVE('',#1627,#1626,#228,.T.);
#2110=EDGE_CURVE('',#1628,#1629,#229,.T.);
#2111=EDGE_CURVE('',#1629,#1628,#230,.T.);
#2112=EDGE_CURVE('',#1630,#1631,#231,.T.);
#2113=EDGE_CURVE('',#1631,#1630,#232,.T.);
#2114=EDGE_CURVE('',#1631,#1627,#1032,.T.);
#2115=EDGE_CURVE('',#1629,#1632,#1033,.T.);
#2116=EDGE_CURVE('',#1633,#1632,#233,.T.);
#2117=EDGE_CURVE('',#1632,#1633,#234,.T.);
#2118=EDGE_CURVE('',#1634,#1635,#1034,.T.);
#2119=EDGE_CURVE('',#1636,#1635,#1302,.T.);
#2120=EDGE_CURVE('',#1637,#1636,#1035,.T.);
#2121=EDGE_CURVE('',#1637,#1634,#1303,.T.);
#2122=EDGE_CURVE('',#1638,#1639,#1036,.T.);
#2123=EDGE_CURVE('',#1635,#1639,#1304,.T.);
#2124=EDGE_CURVE('',#1634,#1638,#1305,.T.);
#2125=EDGE_CURVE('',#1640,#1641,#1037,.T.);
#2126=EDGE_CURVE('',#1640,#1637,#1306,.T.);
#2127=EDGE_CURVE('',#1641,#1636,#1307,.T.);
#2128=EDGE_CURVE('',#1638,#1640,#1308,.T.);
#2129=EDGE_CURVE('',#1639,#1641,#1309,.T.);
#2130=EDGE_CURVE('',#1625,#1635,#1038,.T.);
#2131=EDGE_CURVE('',#1642,#1643,#1039,.T.);
#2132=EDGE_CURVE('',#1643,#1644,#1040,.T.);
#2133=EDGE_CURVE('',#1644,#1645,#1041,.T.);
#2134=EDGE_CURVE('',#1645,#1642,#1042,.T.);
#2135=EDGE_CURVE('',#1646,#1647,#1043,.T.);
#2136=EDGE_CURVE('',#1647,#1643,#1044,.T.);
#2137=EDGE_CURVE('',#1642,#1648,#1045,.T.);
#2138=EDGE_CURVE('',#1646,#1648,#1046,.T.);
#2139=EDGE_CURVE('',#1649,#1644,#1047,.T.);
#2140=EDGE_CURVE('',#1647,#1650,#1048,.T.);
#2141=EDGE_CURVE('',#1649,#1646,#1049,.T.);
#2142=EDGE_CURVE('',#1651,#1652,#1050,.T.);
#2143=EDGE_CURVE('',#1653,#1645,#1051,.T.);
#2144=EDGE_CURVE('',#1653,#1649,#1052,.T.);
#2145=EDGE_CURVE('',#1648,#1653,#1053,.T.);
#2146=EDGE_CURVE('',#1654,#1655,#235,.T.);
#2147=EDGE_CURVE('',#1655,#1654,#236,.T.);
#2148=EDGE_CURVE('',#1655,#1656,#1054,.T.);
#2149=EDGE_CURVE('',#1657,#1656,#237,.T.);
#2150=EDGE_CURVE('',#1656,#1657,#238,.T.);
#2151=EDGE_CURVE('',#1658,#1659,#239,.T.);
#2152=EDGE_CURVE('',#1660,#1658,#240,.T.);
#2153=EDGE_CURVE('',#1661,#1660,#241,.T.);
#2154=EDGE_CURVE('',#1661,#1662,#1055,.T.);
#2155=EDGE_CURVE('',#1663,#1662,#242,.T.);
#2156=EDGE_CURVE('',#1664,#1663,#243,.T.);
#2157=EDGE_CURVE('',#1665,#1664,#244,.T.);
#2158=EDGE_CURVE('',#1662,#1665,#245,.T.);
#2159=EDGE_CURVE('',#1659,#1661,#246,.T.);
#2160=EDGE_CURVE('',#1666,#1667,#247,.T.);
#2161=EDGE_CURVE('',#1667,#1666,#248,.T.);
#2162=EDGE_CURVE('',#1667,#1668,#1056,.T.);
#2163=EDGE_CURVE('',#1669,#1668,#249,.T.);
#2164=EDGE_CURVE('',#1668,#1669,#250,.T.);
#2165=EDGE_CURVE('',#1670,#1671,#251,.T.);
#2166=EDGE_CURVE('',#1671,#1670,#252,.T.);
#2167=EDGE_CURVE('',#1671,#1672,#1057,.T.);
#2168=EDGE_CURVE('',#1673,#1672,#253,.T.);
#2169=EDGE_CURVE('',#1672,#1673,#254,.T.);
#2170=EDGE_CURVE('',#1674,#1675,#255,.T.);
#2171=EDGE_CURVE('',#1675,#1674,#256,.T.);
#2172=EDGE_CURVE('',#1675,#1676,#1058,.T.);
#2173=EDGE_CURVE('',#1677,#1676,#257,.T.);
#2174=EDGE_CURVE('',#1676,#1677,#258,.T.);
#2175=EDGE_CURVE('',#1678,#1679,#259,.T.);
#2176=EDGE_CURVE('',#1680,#1678,#260,.T.);
#2177=EDGE_CURVE('',#1680,#1681,#1059,.T.);
#2178=EDGE_CURVE('',#1682,#1681,#261,.T.);
#2179=EDGE_CURVE('',#1683,#1682,#262,.T.);
#2180=EDGE_CURVE('',#1681,#1683,#263,.T.);
#2181=EDGE_CURVE('',#1679,#1680,#264,.T.);
#2182=EDGE_CURVE('',#1684,#1685,#265,.T.);
#2183=EDGE_CURVE('',#1685,#1684,#266,.T.);
#2184=EDGE_CURVE('',#1685,#1686,#1060,.T.);
#2185=EDGE_CURVE('',#1687,#1686,#267,.T.);
#2186=EDGE_CURVE('',#1686,#1687,#268,.T.);
#2187=EDGE_CURVE('',#1688,#1689,#269,.T.);
#2188=EDGE_CURVE('',#1689,#1688,#270,.T.);
#2189=EDGE_CURVE('',#1689,#1690,#1061,.T.);
#2190=EDGE_CURVE('',#1691,#1690,#271,.T.);
#2191=EDGE_CURVE('',#1690,#1691,#272,.T.);
#2192=EDGE_CURVE('',#1692,#1692,#1310,.T.);
#2193=EDGE_CURVE('',#1692,#1680,#1062,.T.);
#2194=EDGE_CURVE('',#1679,#1693,#1063,.T.);
#2195=EDGE_CURVE('',#1693,#1693,#1311,.T.);
#2196=EDGE_CURVE('',#1694,#1694,#1312,.F.);
#2197=EDGE_CURVE('',#1694,#1695,#1064,.T.);
#2198=EDGE_CURVE('',#1695,#1695,#1313,.F.);
#2199=EDGE_CURVE('',#1696,#1696,#1314,.T.);
#2200=EDGE_CURVE('',#1696,#1660,#1065,.T.);
#2201=EDGE_CURVE('',#1659,#1697,#1066,.T.);
#2202=EDGE_CURVE('',#1697,#1697,#1315,.T.);
#2203=EDGE_CURVE('',#1698,#1698,#1316,.T.);
#2204=EDGE_CURVE('',#1698,#1683,#1067,.T.);
#2205=EDGE_CURVE('',#1681,#1699,#1068,.T.);
#2206=EDGE_CURVE('',#1699,#1699,#1317,.T.);
#2207=EDGE_CURVE('',#1700,#1700,#1318,.T.);
#2208=EDGE_CURVE('',#1701,#1701,#1319,.T.);
#2209=EDGE_CURVE('',#1701,#1700,#1069,.T.);
#2210=EDGE_CURVE('',#1702,#1702,#1320,.T.);
#2211=EDGE_CURVE('',#1703,#1703,#1321,.T.);
#2212=EDGE_CURVE('',#1703,#1665,#1070,.T.);
#2213=EDGE_CURVE('',#1663,#1702,#1071,.T.);
#2214=ORIENTED_EDGE('',*,*,#1704,.T.);
#2215=ORIENTED_EDGE('',*,*,#1705,.T.);
#2216=ORIENTED_EDGE('',*,*,#1706,.F.);
#2217=ORIENTED_EDGE('',*,*,#1705,.F.);
#2218=ORIENTED_EDGE('',*,*,#1707,.T.);
#2219=ORIENTED_EDGE('',*,*,#1704,.F.);
#2220=ORIENTED_EDGE('',*,*,#1706,.T.);
#2221=ORIENTED_EDGE('',*,*,#1708,.F.);
#2222=ORIENTED_EDGE('',*,*,#1708,.T.);
#2223=ORIENTED_EDGE('',*,*,#1709,.T.);
#2224=ORIENTED_EDGE('',*,*,#1710,.F.);
#2225=ORIENTED_EDGE('',*,*,#1709,.F.);
#2226=ORIENTED_EDGE('',*,*,#1710,.T.);
#2227=ORIENTED_EDGE('',*,*,#1711,.T.);
#2228=ORIENTED_EDGE('',*,*,#1711,.F.);
#2229=ORIENTED_EDGE('',*,*,#1712,.F.);
#2230=ORIENTED_EDGE('',*,*,#1713,.T.);
#2231=ORIENTED_EDGE('',*,*,#1713,.F.);
#2232=ORIENTED_EDGE('',*,*,#1707,.F.);
#2233=ORIENTED_EDGE('',*,*,#1714,.T.);
#2234=ORIENTED_EDGE('',*,*,#1712,.T.);
#2235=ORIENTED_EDGE('',*,*,#1714,.F.);
#2236=ORIENTED_EDGE('',*,*,#1715,.F.);
#2237=ORIENTED_EDGE('',*,*,#1716,.F.);
#2238=ORIENTED_EDGE('',*,*,#1717,.T.);
#2239=ORIENTED_EDGE('',*,*,#1718,.F.);
#2240=ORIENTED_EDGE('',*,*,#1719,.F.);
#2241=ORIENTED_EDGE('',*,*,#1717,.F.);
#2242=ORIENTED_EDGE('',*,*,#1720,.F.);
#2243=ORIENTED_EDGE('',*,*,#1721,.F.);
#2244=ORIENTED_EDGE('',*,*,#1722,.T.);
#2245=ORIENTED_EDGE('',*,*,#1723,.F.);
#2246=ORIENTED_EDGE('',*,*,#1724,.F.);
#2247=ORIENTED_EDGE('',*,*,#1722,.F.);
#2248=ORIENTED_EDGE('',*,*,#1725,.F.);
#2249=ORIENTED_EDGE('',*,*,#1726,.F.);
#2250=ORIENTED_EDGE('',*,*,#1727,.T.);
#2251=ORIENTED_EDGE('',*,*,#1728,.F.);
#2252=ORIENTED_EDGE('',*,*,#1729,.F.);
#2253=ORIENTED_EDGE('',*,*,#1727,.F.);
#2254=ORIENTED_EDGE('',*,*,#1730,.F.);
#2255=ORIENTED_EDGE('',*,*,#1731,.F.);
#2256=ORIENTED_EDGE('',*,*,#1732,.T.);
#2257=ORIENTED_EDGE('',*,*,#1733,.F.);
#2258=ORIENTED_EDGE('',*,*,#1734,.F.);
#2259=ORIENTED_EDGE('',*,*,#1735,.F.);
#2260=ORIENTED_EDGE('',*,*,#1732,.F.);
#2261=ORIENTED_EDGE('',*,*,#1736,.F.);
#2262=ORIENTED_EDGE('',*,*,#1737,.T.);
#2263=ORIENTED_EDGE('',*,*,#1738,.T.);
#2264=ORIENTED_EDGE('',*,*,#1736,.T.);
#2265=ORIENTED_EDGE('',*,*,#1739,.T.);
#2266=ORIENTED_EDGE('',*,*,#1740,.F.);
#2267=ORIENTED_EDGE('',*,*,#1739,.F.);
#2268=ORIENTED_EDGE('',*,*,#1731,.T.);
#2269=ORIENTED_EDGE('',*,*,#1730,.T.);
#2270=ORIENTED_EDGE('',*,*,#1738,.F.);
#2271=ORIENTED_EDGE('',*,*,#1720,.T.);
#2272=ORIENTED_EDGE('',*,*,#1721,.T.);
#2273=ORIENTED_EDGE('',*,*,#1718,.T.);
#2274=ORIENTED_EDGE('',*,*,#1719,.T.);
#2275=ORIENTED_EDGE('',*,*,#1728,.T.);
#2276=ORIENTED_EDGE('',*,*,#1729,.T.);
#2277=ORIENTED_EDGE('',*,*,#1741,.F.);
#2278=ORIENTED_EDGE('',*,*,#1740,.T.);
#2279=ORIENTED_EDGE('',*,*,#1742,.F.);
#2280=ORIENTED_EDGE('',*,*,#1743,.T.);
#2281=ORIENTED_EDGE('',*,*,#1734,.T.);
#2282=ORIENTED_EDGE('',*,*,#1733,.T.);
#2283=ORIENTED_EDGE('',*,*,#1744,.T.);
#2284=ORIENTED_EDGE('',*,*,#1741,.T.);
#2285=ORIENTED_EDGE('',*,*,#1744,.F.);
#2286=ORIENTED_EDGE('',*,*,#1735,.T.);
#2287=ORIENTED_EDGE('',*,*,#1743,.F.);
#2288=ORIENTED_EDGE('',*,*,#1723,.T.);
#2289=ORIENTED_EDGE('',*,*,#1724,.T.);
#2290=ORIENTED_EDGE('',*,*,#1715,.T.);
#2291=ORIENTED_EDGE('',*,*,#1716,.T.);
#2292=ORIENTED_EDGE('',*,*,#1725,.T.);
#2293=ORIENTED_EDGE('',*,*,#1726,.T.);
#2294=ORIENTED_EDGE('',*,*,#1742,.T.);
#2295=ORIENTED_EDGE('',*,*,#1737,.F.);
#2296=ORIENTED_EDGE('',*,*,#1745,.F.);
#2297=ORIENTED_EDGE('',*,*,#1746,.F.);
#2298=ORIENTED_EDGE('',*,*,#1747,.T.);
#2299=ORIENTED_EDGE('',*,*,#1748,.F.);
#2300=ORIENTED_EDGE('',*,*,#1749,.F.);
#2301=ORIENTED_EDGE('',*,*,#1747,.F.);
#2302=ORIENTED_EDGE('',*,*,#1750,.F.);
#2303=ORIENTED_EDGE('',*,*,#1751,.F.);
#2304=ORIENTED_EDGE('',*,*,#1752,.F.);
#2305=ORIENTED_EDGE('',*,*,#1753,.T.);
#2306=ORIENTED_EDGE('',*,*,#1754,.F.);
#2307=ORIENTED_EDGE('',*,*,#1755,.F.);
#2308=ORIENTED_EDGE('',*,*,#1756,.F.);
#2309=ORIENTED_EDGE('',*,*,#1757,.F.);
#2310=ORIENTED_EDGE('',*,*,#1753,.F.);
#2311=ORIENTED_EDGE('',*,*,#1758,.F.);
#2312=ORIENTED_EDGE('',*,*,#1759,.F.);
#2313=ORIENTED_EDGE('',*,*,#1760,.F.);
#2314=ORIENTED_EDGE('',*,*,#1761,.T.);
#2315=ORIENTED_EDGE('',*,*,#1762,.F.);
#2316=ORIENTED_EDGE('',*,*,#1763,.F.);
#2317=ORIENTED_EDGE('',*,*,#1761,.F.);
#2318=ORIENTED_EDGE('',*,*,#1764,.F.);
#2319=ORIENTED_EDGE('',*,*,#1765,.F.);
#2320=ORIENTED_EDGE('',*,*,#1766,.T.);
#2321=ORIENTED_EDGE('',*,*,#1767,.F.);
#2322=ORIENTED_EDGE('',*,*,#1768,.F.);
#2323=ORIENTED_EDGE('',*,*,#1766,.F.);
#2324=ORIENTED_EDGE('',*,*,#1769,.F.);
#2325=ORIENTED_EDGE('',*,*,#1770,.F.);
#2326=ORIENTED_EDGE('',*,*,#1771,.T.);
#2327=ORIENTED_EDGE('',*,*,#1772,.F.);
#2328=ORIENTED_EDGE('',*,*,#1773,.F.);
#2329=ORIENTED_EDGE('',*,*,#1771,.F.);
#2330=ORIENTED_EDGE('',*,*,#1774,.F.);
#2331=ORIENTED_EDGE('',*,*,#1775,.F.);
#2332=ORIENTED_EDGE('',*,*,#1776,.F.);
#2333=ORIENTED_EDGE('',*,*,#1777,.T.);
#2334=ORIENTED_EDGE('',*,*,#1778,.F.);
#2335=ORIENTED_EDGE('',*,*,#1779,.F.);
#2336=ORIENTED_EDGE('',*,*,#1780,.F.);
#2337=ORIENTED_EDGE('',*,*,#1781,.F.);
#2338=ORIENTED_EDGE('',*,*,#1777,.F.);
#2339=ORIENTED_EDGE('',*,*,#1782,.F.);
#2340=ORIENTED_EDGE('',*,*,#1783,.F.);
#2341=ORIENTED_EDGE('',*,*,#1784,.F.);
#2342=ORIENTED_EDGE('',*,*,#1785,.T.);
#2343=ORIENTED_EDGE('',*,*,#1786,.F.);
#2344=ORIENTED_EDGE('',*,*,#1787,.F.);
#2345=ORIENTED_EDGE('',*,*,#1785,.F.);
#2346=ORIENTED_EDGE('',*,*,#1788,.F.);
#2347=ORIENTED_EDGE('',*,*,#1789,.F.);
#2348=ORIENTED_EDGE('',*,*,#1790,.T.);
#2349=ORIENTED_EDGE('',*,*,#1791,.F.);
#2350=ORIENTED_EDGE('',*,*,#1792,.F.);
#2351=ORIENTED_EDGE('',*,*,#1790,.F.);
#2352=ORIENTED_EDGE('',*,*,#1793,.F.);
#2353=ORIENTED_EDGE('',*,*,#1794,.T.);
#2354=ORIENTED_EDGE('',*,*,#1795,.F.);
#2355=ORIENTED_EDGE('',*,*,#1796,.T.);
#2356=ORIENTED_EDGE('',*,*,#1756,.T.);
#2357=ORIENTED_EDGE('',*,*,#1755,.T.);
#2358=ORIENTED_EDGE('',*,*,#1797,.T.);
#2359=ORIENTED_EDGE('',*,*,#1780,.T.);
#2360=ORIENTED_EDGE('',*,*,#1779,.T.);
#2361=ORIENTED_EDGE('',*,*,#1798,.T.);
#2362=ORIENTED_EDGE('',*,*,#1793,.T.);
#2363=ORIENTED_EDGE('',*,*,#1798,.F.);
#2364=ORIENTED_EDGE('',*,*,#1778,.T.);
#2365=ORIENTED_EDGE('',*,*,#1781,.T.);
#2366=ORIENTED_EDGE('',*,*,#1797,.F.);
#2367=ORIENTED_EDGE('',*,*,#1754,.T.);
#2368=ORIENTED_EDGE('',*,*,#1757,.T.);
#2369=ORIENTED_EDGE('',*,*,#1796,.F.);
#2370=ORIENTED_EDGE('',*,*,#1745,.T.);
#2371=ORIENTED_EDGE('',*,*,#1746,.T.);
#2372=ORIENTED_EDGE('',*,*,#1767,.T.);
#2373=ORIENTED_EDGE('',*,*,#1768,.T.);
#2374=ORIENTED_EDGE('',*,*,#1759,.T.);
#2375=ORIENTED_EDGE('',*,*,#1760,.T.);
#2376=ORIENTED_EDGE('',*,*,#1769,.T.);
#2377=ORIENTED_EDGE('',*,*,#1770,.T.);
#2378=ORIENTED_EDGE('',*,*,#1791,.T.);
#2379=ORIENTED_EDGE('',*,*,#1792,.T.);
#2380=ORIENTED_EDGE('',*,*,#1783,.T.);
#2381=ORIENTED_EDGE('',*,*,#1784,.T.);
#2382=ORIENTED_EDGE('',*,*,#1795,.T.);
#2383=ORIENTED_EDGE('',*,*,#1799,.F.);
#2384=ORIENTED_EDGE('',*,*,#1799,.T.);
#2385=ORIENTED_EDGE('',*,*,#1800,.T.);
#2386=ORIENTED_EDGE('',*,*,#1758,.T.);
#2387=ORIENTED_EDGE('',*,*,#1752,.T.);
#2388=ORIENTED_EDGE('',*,*,#1801,.T.);
#2389=ORIENTED_EDGE('',*,*,#1782,.T.);
#2390=ORIENTED_EDGE('',*,*,#1776,.T.);
#2391=ORIENTED_EDGE('',*,*,#1802,.T.);
#2392=ORIENTED_EDGE('',*,*,#1794,.F.);
#2393=ORIENTED_EDGE('',*,*,#1802,.F.);
#2394=ORIENTED_EDGE('',*,*,#1775,.T.);
#2395=ORIENTED_EDGE('',*,*,#1774,.T.);
#2396=ORIENTED_EDGE('',*,*,#1801,.F.);
#2397=ORIENTED_EDGE('',*,*,#1751,.T.);
#2398=ORIENTED_EDGE('',*,*,#1750,.T.);
#2399=ORIENTED_EDGE('',*,*,#1800,.F.);
#2400=ORIENTED_EDGE('',*,*,#1748,.T.);
#2401=ORIENTED_EDGE('',*,*,#1749,.T.);
#2402=ORIENTED_EDGE('',*,*,#1764,.T.);
#2403=ORIENTED_EDGE('',*,*,#1765,.T.);
#2404=ORIENTED_EDGE('',*,*,#1762,.T.);
#2405=ORIENTED_EDGE('',*,*,#1763,.T.);
#2406=ORIENTED_EDGE('',*,*,#1772,.T.);
#2407=ORIENTED_EDGE('',*,*,#1773,.T.);
#2408=ORIENTED_EDGE('',*,*,#1788,.T.);
#2409=ORIENTED_EDGE('',*,*,#1789,.T.);
#2410=ORIENTED_EDGE('',*,*,#1786,.T.);
#2411=ORIENTED_EDGE('',*,*,#1787,.T.);
#2412=ORIENTED_EDGE('',*,*,#1803,.F.);
#2413=ORIENTED_EDGE('',*,*,#1804,.F.);
#2414=ORIENTED_EDGE('',*,*,#1805,.T.);
#2415=ORIENTED_EDGE('',*,*,#1806,.F.);
#2416=ORIENTED_EDGE('',*,*,#1807,.F.);
#2417=ORIENTED_EDGE('',*,*,#1805,.F.);
#2418=ORIENTED_EDGE('',*,*,#1808,.F.);
#2419=ORIENTED_EDGE('',*,*,#1809,.F.);
#2420=ORIENTED_EDGE('',*,*,#1810,.F.);
#2421=ORIENTED_EDGE('',*,*,#1811,.T.);
#2422=ORIENTED_EDGE('',*,*,#1812,.F.);
#2423=ORIENTED_EDGE('',*,*,#1813,.F.);
#2424=ORIENTED_EDGE('',*,*,#1814,.F.);
#2425=ORIENTED_EDGE('',*,*,#1815,.F.);
#2426=ORIENTED_EDGE('',*,*,#1811,.F.);
#2427=ORIENTED_EDGE('',*,*,#1816,.F.);
#2428=ORIENTED_EDGE('',*,*,#1817,.F.);
#2429=ORIENTED_EDGE('',*,*,#1818,.F.);
#2430=ORIENTED_EDGE('',*,*,#1819,.T.);
#2431=ORIENTED_EDGE('',*,*,#1820,.F.);
#2432=ORIENTED_EDGE('',*,*,#1821,.F.);
#2433=ORIENTED_EDGE('',*,*,#1819,.F.);
#2434=ORIENTED_EDGE('',*,*,#1822,.F.);
#2435=ORIENTED_EDGE('',*,*,#1823,.F.);
#2436=ORIENTED_EDGE('',*,*,#1824,.F.);
#2437=ORIENTED_EDGE('',*,*,#1825,.T.);
#2438=ORIENTED_EDGE('',*,*,#1826,.F.);
#2439=ORIENTED_EDGE('',*,*,#1827,.F.);
#2440=ORIENTED_EDGE('',*,*,#1828,.F.);
#2441=ORIENTED_EDGE('',*,*,#1829,.F.);
#2442=ORIENTED_EDGE('',*,*,#1825,.F.);
#2443=ORIENTED_EDGE('',*,*,#1830,.F.);
#2444=ORIENTED_EDGE('',*,*,#1831,.F.);
#2445=ORIENTED_EDGE('',*,*,#1832,.F.);
#2446=ORIENTED_EDGE('',*,*,#1833,.T.);
#2447=ORIENTED_EDGE('',*,*,#1834,.F.);
#2448=ORIENTED_EDGE('',*,*,#1835,.F.);
#2449=ORIENTED_EDGE('',*,*,#1833,.F.);
#2450=ORIENTED_EDGE('',*,*,#1836,.F.);
#2451=ORIENTED_EDGE('',*,*,#1837,.F.);
#2452=ORIENTED_EDGE('',*,*,#1838,.T.);
#2453=ORIENTED_EDGE('',*,*,#1839,.F.);
#2454=ORIENTED_EDGE('',*,*,#1840,.F.);
#2455=ORIENTED_EDGE('',*,*,#1838,.F.);
#2456=ORIENTED_EDGE('',*,*,#1841,.F.);
#2457=ORIENTED_EDGE('',*,*,#1842,.F.);
#2458=ORIENTED_EDGE('',*,*,#1843,.T.);
#2459=ORIENTED_EDGE('',*,*,#1844,.F.);
#2460=ORIENTED_EDGE('',*,*,#1845,.F.);
#2461=ORIENTED_EDGE('',*,*,#1843,.F.);
#2462=ORIENTED_EDGE('',*,*,#1846,.F.);
#2463=ORIENTED_EDGE('',*,*,#1847,.F.);
#2464=ORIENTED_EDGE('',*,*,#1848,.T.);
#2465=ORIENTED_EDGE('',*,*,#1849,.F.);
#2466=ORIENTED_EDGE('',*,*,#1850,.F.);
#2467=ORIENTED_EDGE('',*,*,#1848,.F.);
#2468=ORIENTED_EDGE('',*,*,#1851,.T.);
#2469=ORIENTED_EDGE('',*,*,#1852,.T.);
#2470=ORIENTED_EDGE('',*,*,#1853,.T.);
#2471=ORIENTED_EDGE('',*,*,#1852,.F.);
#2472=ORIENTED_EDGE('',*,*,#1854,.T.);
#2473=ORIENTED_EDGE('',*,*,#1855,.T.);
#2474=ORIENTED_EDGE('',*,*,#1851,.F.);
#2475=ORIENTED_EDGE('',*,*,#1855,.F.);
#2476=ORIENTED_EDGE('',*,*,#1856,.T.);
#2477=ORIENTED_EDGE('',*,*,#1856,.F.);
#2478=ORIENTED_EDGE('',*,*,#1857,.T.);
#2479=ORIENTED_EDGE('',*,*,#1809,.T.);
#2480=ORIENTED_EDGE('',*,*,#1808,.T.);
#2481=ORIENTED_EDGE('',*,*,#1858,.T.);
#2482=ORIENTED_EDGE('',*,*,#1859,.T.);
#2483=ORIENTED_EDGE('',*,*,#1858,.F.);
#2484=ORIENTED_EDGE('',*,*,#1816,.T.);
#2485=ORIENTED_EDGE('',*,*,#1810,.T.);
#2486=ORIENTED_EDGE('',*,*,#1857,.F.);
#2487=ORIENTED_EDGE('',*,*,#1806,.T.);
#2488=ORIENTED_EDGE('',*,*,#1807,.T.);
#2489=ORIENTED_EDGE('',*,*,#1836,.T.);
#2490=ORIENTED_EDGE('',*,*,#1837,.T.);
#2491=ORIENTED_EDGE('',*,*,#1834,.T.);
#2492=ORIENTED_EDGE('',*,*,#1835,.T.);
#2493=ORIENTED_EDGE('',*,*,#1854,.F.);
#2494=ORIENTED_EDGE('',*,*,#1860,.T.);
#2495=ORIENTED_EDGE('',*,*,#1859,.F.);
#2496=ORIENTED_EDGE('',*,*,#1860,.F.);
#2497=ORIENTED_EDGE('',*,*,#1853,.F.);
#2498=ORIENTED_EDGE('',*,*,#1861,.T.);
#2499=ORIENTED_EDGE('',*,*,#1823,.T.);
#2500=ORIENTED_EDGE('',*,*,#1822,.T.);
#2501=ORIENTED_EDGE('',*,*,#1862,.T.);
#2502=ORIENTED_EDGE('',*,*,#1863,.F.);
#2503=ORIENTED_EDGE('',*,*,#1862,.F.);
#2504=ORIENTED_EDGE('',*,*,#1830,.T.);
#2505=ORIENTED_EDGE('',*,*,#1824,.T.);
#2506=ORIENTED_EDGE('',*,*,#1861,.F.);
#2507=ORIENTED_EDGE('',*,*,#1820,.T.);
#2508=ORIENTED_EDGE('',*,*,#1821,.T.);
#2509=ORIENTED_EDGE('',*,*,#1846,.T.);
#2510=ORIENTED_EDGE('',*,*,#1847,.T.);
#2511=ORIENTED_EDGE('',*,*,#1844,.T.);
#2512=ORIENTED_EDGE('',*,*,#1845,.T.);
#2513=ORIENTED_EDGE('',*,*,#1864,.F.);
#2514=ORIENTED_EDGE('',*,*,#1865,.F.);
#2515=ORIENTED_EDGE('',*,*,#1866,.T.);
#2516=ORIENTED_EDGE('',*,*,#1814,.T.);
#2517=ORIENTED_EDGE('',*,*,#1813,.T.);
#2518=ORIENTED_EDGE('',*,*,#1867,.T.);
#2519=ORIENTED_EDGE('',*,*,#1864,.T.);
#2520=ORIENTED_EDGE('',*,*,#1867,.F.);
#2521=ORIENTED_EDGE('',*,*,#1812,.T.);
#2522=ORIENTED_EDGE('',*,*,#1815,.T.);
#2523=ORIENTED_EDGE('',*,*,#1866,.F.);
#2524=ORIENTED_EDGE('',*,*,#1803,.T.);
#2525=ORIENTED_EDGE('',*,*,#1804,.T.);
#2526=ORIENTED_EDGE('',*,*,#1839,.T.);
#2527=ORIENTED_EDGE('',*,*,#1840,.T.);
#2528=ORIENTED_EDGE('',*,*,#1831,.T.);
#2529=ORIENTED_EDGE('',*,*,#1832,.T.);
#2530=ORIENTED_EDGE('',*,*,#1865,.T.);
#2531=ORIENTED_EDGE('',*,*,#1868,.T.);
#2532=ORIENTED_EDGE('',*,*,#1869,.F.);
#2533=ORIENTED_EDGE('',*,*,#1868,.F.);
#2534=ORIENTED_EDGE('',*,*,#1870,.F.);
#2535=ORIENTED_EDGE('',*,*,#1869,.T.);
#2536=ORIENTED_EDGE('',*,*,#1871,.F.);
#2537=ORIENTED_EDGE('',*,*,#1872,.T.);
#2538=ORIENTED_EDGE('',*,*,#1870,.T.);
#2539=ORIENTED_EDGE('',*,*,#1872,.F.);
#2540=ORIENTED_EDGE('',*,*,#1871,.T.);
#2541=ORIENTED_EDGE('',*,*,#1873,.F.);
#2542=ORIENTED_EDGE('',*,*,#1874,.F.);
#2543=ORIENTED_EDGE('',*,*,#1875,.T.);
#2544=ORIENTED_EDGE('',*,*,#1873,.T.);
#2545=ORIENTED_EDGE('',*,*,#1875,.F.);
#2546=ORIENTED_EDGE('',*,*,#1876,.F.);
#2547=ORIENTED_EDGE('',*,*,#1877,.T.);
#2548=ORIENTED_EDGE('',*,*,#1828,.T.);
#2549=ORIENTED_EDGE('',*,*,#1827,.T.);
#2550=ORIENTED_EDGE('',*,*,#1878,.T.);
#2551=ORIENTED_EDGE('',*,*,#1874,.T.);
#2552=ORIENTED_EDGE('',*,*,#1878,.F.);
#2553=ORIENTED_EDGE('',*,*,#1826,.T.);
#2554=ORIENTED_EDGE('',*,*,#1829,.T.);
#2555=ORIENTED_EDGE('',*,*,#1877,.F.);
#2556=ORIENTED_EDGE('',*,*,#1817,.T.);
#2557=ORIENTED_EDGE('',*,*,#1818,.T.);
#2558=ORIENTED_EDGE('',*,*,#1849,.T.);
#2559=ORIENTED_EDGE('',*,*,#1850,.T.);
#2560=ORIENTED_EDGE('',*,*,#1841,.T.);
#2561=ORIENTED_EDGE('',*,*,#1842,.T.);
#2562=ORIENTED_EDGE('',*,*,#1876,.T.);
#2563=ORIENTED_EDGE('',*,*,#1863,.T.);
#2564=ORIENTED_EDGE('',*,*,#1879,.F.);
#2565=ORIENTED_EDGE('',*,*,#1880,.F.);
#2566=ORIENTED_EDGE('',*,*,#1881,.T.);
#2567=ORIENTED_EDGE('',*,*,#1882,.F.);
#2568=ORIENTED_EDGE('',*,*,#1883,.F.);
#2569=ORIENTED_EDGE('',*,*,#1881,.F.);
#2570=ORIENTED_EDGE('',*,*,#1884,.F.);
#2571=ORIENTED_EDGE('',*,*,#1885,.F.);
#2572=ORIENTED_EDGE('',*,*,#1886,.T.);
#2573=ORIENTED_EDGE('',*,*,#1887,.F.);
#2574=ORIENTED_EDGE('',*,*,#1888,.F.);
#2575=ORIENTED_EDGE('',*,*,#1886,.F.);
#2576=ORIENTED_EDGE('',*,*,#1889,.F.);
#2577=ORIENTED_EDGE('',*,*,#1890,.F.);
#2578=ORIENTED_EDGE('',*,*,#1891,.T.);
#2579=ORIENTED_EDGE('',*,*,#1892,.F.);
#2580=ORIENTED_EDGE('',*,*,#1893,.F.);
#2581=ORIENTED_EDGE('',*,*,#1891,.F.);
#2582=ORIENTED_EDGE('',*,*,#1894,.F.);
#2583=ORIENTED_EDGE('',*,*,#1895,.F.);
#2584=ORIENTED_EDGE('',*,*,#1896,.T.);
#2585=ORIENTED_EDGE('',*,*,#1897,.F.);
#2586=ORIENTED_EDGE('',*,*,#1898,.F.);
#2587=ORIENTED_EDGE('',*,*,#1896,.F.);
#2588=ORIENTED_EDGE('',*,*,#1899,.F.);
#2589=ORIENTED_EDGE('',*,*,#1900,.F.);
#2590=ORIENTED_EDGE('',*,*,#1901,.T.);
#2591=ORIENTED_EDGE('',*,*,#1902,.F.);
#2592=ORIENTED_EDGE('',*,*,#1903,.F.);
#2593=ORIENTED_EDGE('',*,*,#1901,.F.);
#2594=ORIENTED_EDGE('',*,*,#1904,.F.);
#2595=ORIENTED_EDGE('',*,*,#1905,.F.);
#2596=ORIENTED_EDGE('',*,*,#1906,.T.);
#2597=ORIENTED_EDGE('',*,*,#1907,.F.);
#2598=ORIENTED_EDGE('',*,*,#1908,.F.);
#2599=ORIENTED_EDGE('',*,*,#1906,.F.);
#2600=ORIENTED_EDGE('',*,*,#1909,.F.);
#2601=ORIENTED_EDGE('',*,*,#1910,.F.);
#2602=ORIENTED_EDGE('',*,*,#1911,.T.);
#2603=ORIENTED_EDGE('',*,*,#1912,.F.);
#2604=ORIENTED_EDGE('',*,*,#1913,.F.);
#2605=ORIENTED_EDGE('',*,*,#1911,.F.);
#2606=ORIENTED_EDGE('',*,*,#1914,.F.);
#2607=ORIENTED_EDGE('',*,*,#1915,.F.);
#2608=ORIENTED_EDGE('',*,*,#1916,.T.);
#2609=ORIENTED_EDGE('',*,*,#1917,.F.);
#2610=ORIENTED_EDGE('',*,*,#1918,.F.);
#2611=ORIENTED_EDGE('',*,*,#1916,.F.);
#2612=ORIENTED_EDGE('',*,*,#1919,.F.);
#2613=ORIENTED_EDGE('',*,*,#1920,.F.);
#2614=ORIENTED_EDGE('',*,*,#1921,.T.);
#2615=ORIENTED_EDGE('',*,*,#1922,.F.);
#2616=ORIENTED_EDGE('',*,*,#1923,.F.);
#2617=ORIENTED_EDGE('',*,*,#1921,.F.);
#2618=ORIENTED_EDGE('',*,*,#1924,.F.);
#2619=ORIENTED_EDGE('',*,*,#1925,.F.);
#2620=ORIENTED_EDGE('',*,*,#1926,.F.);
#2621=ORIENTED_EDGE('',*,*,#1927,.T.);
#2622=ORIENTED_EDGE('',*,*,#1928,.F.);
#2623=ORIENTED_EDGE('',*,*,#1929,.F.);
#2624=ORIENTED_EDGE('',*,*,#1930,.F.);
#2625=ORIENTED_EDGE('',*,*,#1931,.F.);
#2626=ORIENTED_EDGE('',*,*,#1927,.F.);
#2627=ORIENTED_EDGE('',*,*,#1932,.F.);
#2628=ORIENTED_EDGE('',*,*,#1933,.F.);
#2629=ORIENTED_EDGE('',*,*,#1934,.F.);
#2630=ORIENTED_EDGE('',*,*,#1935,.T.);
#2631=ORIENTED_EDGE('',*,*,#1936,.F.);
#2632=ORIENTED_EDGE('',*,*,#1937,.F.);
#2633=ORIENTED_EDGE('',*,*,#1935,.F.);
#2634=ORIENTED_EDGE('',*,*,#1938,.F.);
#2635=ORIENTED_EDGE('',*,*,#1939,.F.);
#2636=ORIENTED_EDGE('',*,*,#1940,.F.);
#2637=ORIENTED_EDGE('',*,*,#1941,.T.);
#2638=ORIENTED_EDGE('',*,*,#1942,.F.);
#2639=ORIENTED_EDGE('',*,*,#1943,.F.);
#2640=ORIENTED_EDGE('',*,*,#1944,.F.);
#2641=ORIENTED_EDGE('',*,*,#1945,.F.);
#2642=ORIENTED_EDGE('',*,*,#1941,.F.);
#2643=ORIENTED_EDGE('',*,*,#1946,.F.);
#2644=ORIENTED_EDGE('',*,*,#1947,.F.);
#2645=ORIENTED_EDGE('',*,*,#1948,.F.);
#2646=ORIENTED_EDGE('',*,*,#1949,.T.);
#2647=ORIENTED_EDGE('',*,*,#1950,.F.);
#2648=ORIENTED_EDGE('',*,*,#1951,.F.);
#2649=ORIENTED_EDGE('',*,*,#1949,.F.);
#2650=ORIENTED_EDGE('',*,*,#1952,.F.);
#2651=ORIENTED_EDGE('',*,*,#1953,.F.);
#2652=ORIENTED_EDGE('',*,*,#1954,.T.);
#2653=ORIENTED_EDGE('',*,*,#1955,.F.);
#2654=ORIENTED_EDGE('',*,*,#1956,.F.);
#2655=ORIENTED_EDGE('',*,*,#1954,.F.);
#2656=ORIENTED_EDGE('',*,*,#1957,.F.);
#2657=ORIENTED_EDGE('',*,*,#1958,.F.);
#2658=ORIENTED_EDGE('',*,*,#1959,.T.);
#2659=ORIENTED_EDGE('',*,*,#1960,.F.);
#2660=ORIENTED_EDGE('',*,*,#1961,.F.);
#2661=ORIENTED_EDGE('',*,*,#1959,.F.);
#2662=ORIENTED_EDGE('',*,*,#1962,.F.);
#2663=ORIENTED_EDGE('',*,*,#1963,.F.);
#2664=ORIENTED_EDGE('',*,*,#1964,.T.);
#2665=ORIENTED_EDGE('',*,*,#1965,.F.);
#2666=ORIENTED_EDGE('',*,*,#1966,.F.);
#2667=ORIENTED_EDGE('',*,*,#1964,.F.);
#2668=ORIENTED_EDGE('',*,*,#1967,.T.);
#2669=ORIENTED_EDGE('',*,*,#1968,.F.);
#2670=ORIENTED_EDGE('',*,*,#1968,.T.);
#2671=ORIENTED_EDGE('',*,*,#1969,.T.);
#2672=ORIENTED_EDGE('',*,*,#1946,.T.);
#2673=ORIENTED_EDGE('',*,*,#1940,.T.);
#2674=ORIENTED_EDGE('',*,*,#1970,.T.);
#2675=ORIENTED_EDGE('',*,*,#1932,.T.);
#2676=ORIENTED_EDGE('',*,*,#1926,.T.);
#2677=ORIENTED_EDGE('',*,*,#1971,.T.);
#2678=ORIENTED_EDGE('',*,*,#1972,.F.);
#2679=ORIENTED_EDGE('',*,*,#1971,.F.);
#2680=ORIENTED_EDGE('',*,*,#1925,.T.);
#2681=ORIENTED_EDGE('',*,*,#1924,.T.);
#2682=ORIENTED_EDGE('',*,*,#1970,.F.);
#2683=ORIENTED_EDGE('',*,*,#1939,.T.);
#2684=ORIENTED_EDGE('',*,*,#1938,.T.);
#2685=ORIENTED_EDGE('',*,*,#1969,.F.);
#2686=ORIENTED_EDGE('',*,*,#1884,.T.);
#2687=ORIENTED_EDGE('',*,*,#1885,.T.);
#2688=ORIENTED_EDGE('',*,*,#1882,.T.);
#2689=ORIENTED_EDGE('',*,*,#1883,.T.);
#2690=ORIENTED_EDGE('',*,*,#1894,.T.);
#2691=ORIENTED_EDGE('',*,*,#1895,.T.);
#2692=ORIENTED_EDGE('',*,*,#1892,.T.);
#2693=ORIENTED_EDGE('',*,*,#1893,.T.);
#2694=ORIENTED_EDGE('',*,*,#1904,.T.);
#2695=ORIENTED_EDGE('',*,*,#1905,.T.);
#2696=ORIENTED_EDGE('',*,*,#1902,.T.);
#2697=ORIENTED_EDGE('',*,*,#1903,.T.);
#2698=ORIENTED_EDGE('',*,*,#1914,.T.);
#2699=ORIENTED_EDGE('',*,*,#1915,.T.);
#2700=ORIENTED_EDGE('',*,*,#1912,.T.);
#2701=ORIENTED_EDGE('',*,*,#1913,.T.);
#2702=ORIENTED_EDGE('',*,*,#1922,.T.);
#2703=ORIENTED_EDGE('',*,*,#1923,.T.);
#2704=ORIENTED_EDGE('',*,*,#1936,.T.);
#2705=ORIENTED_EDGE('',*,*,#1937,.T.);
#2706=ORIENTED_EDGE('',*,*,#1952,.T.);
#2707=ORIENTED_EDGE('',*,*,#1953,.T.);
#2708=ORIENTED_EDGE('',*,*,#1950,.T.);
#2709=ORIENTED_EDGE('',*,*,#1951,.T.);
#2710=ORIENTED_EDGE('',*,*,#1962,.T.);
#2711=ORIENTED_EDGE('',*,*,#1963,.T.);
#2712=ORIENTED_EDGE('',*,*,#1960,.T.);
#2713=ORIENTED_EDGE('',*,*,#1961,.T.);
#2714=ORIENTED_EDGE('',*,*,#1973,.F.);
#2715=ORIENTED_EDGE('',*,*,#1972,.T.);
#2716=ORIENTED_EDGE('',*,*,#1967,.F.);
#2717=ORIENTED_EDGE('',*,*,#1974,.T.);
#2718=ORIENTED_EDGE('',*,*,#1944,.T.);
#2719=ORIENTED_EDGE('',*,*,#1943,.T.);
#2720=ORIENTED_EDGE('',*,*,#1975,.T.);
#2721=ORIENTED_EDGE('',*,*,#1930,.T.);
#2722=ORIENTED_EDGE('',*,*,#1929,.T.);
#2723=ORIENTED_EDGE('',*,*,#1976,.T.);
#2724=ORIENTED_EDGE('',*,*,#1973,.T.);
#2725=ORIENTED_EDGE('',*,*,#1976,.F.);
#2726=ORIENTED_EDGE('',*,*,#1928,.T.);
#2727=ORIENTED_EDGE('',*,*,#1931,.T.);
#2728=ORIENTED_EDGE('',*,*,#1975,.F.);
#2729=ORIENTED_EDGE('',*,*,#1942,.T.);
#2730=ORIENTED_EDGE('',*,*,#1945,.T.);
#2731=ORIENTED_EDGE('',*,*,#1974,.F.);
#2732=ORIENTED_EDGE('',*,*,#1887,.T.);
#2733=ORIENTED_EDGE('',*,*,#1888,.T.);
#2734=ORIENTED_EDGE('',*,*,#1879,.T.);
#2735=ORIENTED_EDGE('',*,*,#1880,.T.);
#2736=ORIENTED_EDGE('',*,*,#1897,.T.);
#2737=ORIENTED_EDGE('',*,*,#1898,.T.);
#2738=ORIENTED_EDGE('',*,*,#1889,.T.);
#2739=ORIENTED_EDGE('',*,*,#1890,.T.);
#2740=ORIENTED_EDGE('',*,*,#1907,.T.);
#2741=ORIENTED_EDGE('',*,*,#1908,.T.);
#2742=ORIENTED_EDGE('',*,*,#1899,.T.);
#2743=ORIENTED_EDGE('',*,*,#1900,.T.);
#2744=ORIENTED_EDGE('',*,*,#1917,.T.);
#2745=ORIENTED_EDGE('',*,*,#1918,.T.);
#2746=ORIENTED_EDGE('',*,*,#1909,.T.);
#2747=ORIENTED_EDGE('',*,*,#1910,.T.);
#2748=ORIENTED_EDGE('',*,*,#1919,.T.);
#2749=ORIENTED_EDGE('',*,*,#1920,.T.);
#2750=ORIENTED_EDGE('',*,*,#1933,.T.);
#2751=ORIENTED_EDGE('',*,*,#1934,.T.);
#2752=ORIENTED_EDGE('',*,*,#1955,.T.);
#2753=ORIENTED_EDGE('',*,*,#1956,.T.);
#2754=ORIENTED_EDGE('',*,*,#1947,.T.);
#2755=ORIENTED_EDGE('',*,*,#1948,.T.);
#2756=ORIENTED_EDGE('',*,*,#1965,.T.);
#2757=ORIENTED_EDGE('',*,*,#1966,.T.);
#2758=ORIENTED_EDGE('',*,*,#1957,.T.);
#2759=ORIENTED_EDGE('',*,*,#1958,.T.);
#2760=ORIENTED_EDGE('',*,*,#1977,.F.);
#2761=ORIENTED_EDGE('',*,*,#1978,.F.);
#2762=ORIENTED_EDGE('',*,*,#1979,.T.);
#2763=ORIENTED_EDGE('',*,*,#1980,.F.);
#2764=ORIENTED_EDGE('',*,*,#1981,.F.);
#2765=ORIENTED_EDGE('',*,*,#1979,.F.);
#2766=ORIENTED_EDGE('',*,*,#1982,.F.);
#2767=ORIENTED_EDGE('',*,*,#1983,.F.);
#2768=ORIENTED_EDGE('',*,*,#1984,.F.);
#2769=ORIENTED_EDGE('',*,*,#1985,.T.);
#2770=ORIENTED_EDGE('',*,*,#1986,.F.);
#2771=ORIENTED_EDGE('',*,*,#1987,.F.);
#2772=ORIENTED_EDGE('',*,*,#1988,.F.);
#2773=ORIENTED_EDGE('',*,*,#1989,.F.);
#2774=ORIENTED_EDGE('',*,*,#1985,.F.);
#2775=ORIENTED_EDGE('',*,*,#1990,.F.);
#2776=ORIENTED_EDGE('',*,*,#1991,.F.);
#2777=ORIENTED_EDGE('',*,*,#1992,.F.);
#2778=ORIENTED_EDGE('',*,*,#1993,.T.);
#2779=ORIENTED_EDGE('',*,*,#1994,.F.);
#2780=ORIENTED_EDGE('',*,*,#1995,.F.);
#2781=ORIENTED_EDGE('',*,*,#1993,.F.);
#2782=ORIENTED_EDGE('',*,*,#1996,.F.);
#2783=ORIENTED_EDGE('',*,*,#1997,.F.);
#2784=ORIENTED_EDGE('',*,*,#1998,.T.);
#2785=ORIENTED_EDGE('',*,*,#1999,.F.);
#2786=ORIENTED_EDGE('',*,*,#2000,.F.);
#2787=ORIENTED_EDGE('',*,*,#1998,.F.);
#2788=ORIENTED_EDGE('',*,*,#2001,.T.);
#2789=ORIENTED_EDGE('',*,*,#2002,.T.);
#2790=ORIENTED_EDGE('',*,*,#1990,.T.);
#2791=ORIENTED_EDGE('',*,*,#1984,.T.);
#2792=ORIENTED_EDGE('',*,*,#2003,.T.);
#2793=ORIENTED_EDGE('',*,*,#2004,.F.);
#2794=ORIENTED_EDGE('',*,*,#2003,.F.);
#2795=ORIENTED_EDGE('',*,*,#1983,.T.);
#2796=ORIENTED_EDGE('',*,*,#1982,.T.);
#2797=ORIENTED_EDGE('',*,*,#2002,.F.);
#2798=ORIENTED_EDGE('',*,*,#1980,.T.);
#2799=ORIENTED_EDGE('',*,*,#1981,.T.);
#2800=ORIENTED_EDGE('',*,*,#1996,.T.);
#2801=ORIENTED_EDGE('',*,*,#1997,.T.);
#2802=ORIENTED_EDGE('',*,*,#1994,.T.);
#2803=ORIENTED_EDGE('',*,*,#1995,.T.);
#2804=ORIENTED_EDGE('',*,*,#2005,.F.);
#2805=ORIENTED_EDGE('',*,*,#2004,.T.);
#2806=ORIENTED_EDGE('',*,*,#2006,.F.);
#2807=ORIENTED_EDGE('',*,*,#2007,.T.);
#2808=ORIENTED_EDGE('',*,*,#1988,.T.);
#2809=ORIENTED_EDGE('',*,*,#1987,.T.);
#2810=ORIENTED_EDGE('',*,*,#2008,.T.);
#2811=ORIENTED_EDGE('',*,*,#2005,.T.);
#2812=ORIENTED_EDGE('',*,*,#2008,.F.);
#2813=ORIENTED_EDGE('',*,*,#1986,.T.);
#2814=ORIENTED_EDGE('',*,*,#1989,.T.);
#2815=ORIENTED_EDGE('',*,*,#2007,.F.);
#2816=ORIENTED_EDGE('',*,*,#1977,.T.);
#2817=ORIENTED_EDGE('',*,*,#1978,.T.);
#2818=ORIENTED_EDGE('',*,*,#1999,.T.);
#2819=ORIENTED_EDGE('',*,*,#2000,.T.);
#2820=ORIENTED_EDGE('',*,*,#1991,.T.);
#2821=ORIENTED_EDGE('',*,*,#1992,.T.);
#2822=ORIENTED_EDGE('',*,*,#2006,.T.);
#2823=ORIENTED_EDGE('',*,*,#2001,.F.);
#2824=ORIENTED_EDGE('',*,*,#2009,.F.);
#2825=ORIENTED_EDGE('',*,*,#2010,.F.);
#2826=ORIENTED_EDGE('',*,*,#2011,.T.);
#2827=ORIENTED_EDGE('',*,*,#2012,.F.);
#2828=ORIENTED_EDGE('',*,*,#2013,.F.);
#2829=ORIENTED_EDGE('',*,*,#2011,.F.);
#2830=ORIENTED_EDGE('',*,*,#2014,.F.);
#2831=ORIENTED_EDGE('',*,*,#2015,.F.);
#2832=ORIENTED_EDGE('',*,*,#2016,.T.);
#2833=ORIENTED_EDGE('',*,*,#2017,.F.);
#2834=ORIENTED_EDGE('',*,*,#2018,.F.);
#2835=ORIENTED_EDGE('',*,*,#2016,.F.);
#2836=ORIENTED_EDGE('',*,*,#2019,.F.);
#2837=ORIENTED_EDGE('',*,*,#2020,.T.);
#2838=ORIENTED_EDGE('',*,*,#2021,.F.);
#2839=ORIENTED_EDGE('',*,*,#2020,.F.);
#2840=ORIENTED_EDGE('',*,*,#2014,.T.);
#2841=ORIENTED_EDGE('',*,*,#2015,.T.);
#2842=ORIENTED_EDGE('',*,*,#2012,.T.);
#2843=ORIENTED_EDGE('',*,*,#2013,.T.);
#2844=ORIENTED_EDGE('',*,*,#2022,.F.);
#2845=ORIENTED_EDGE('',*,*,#2023,.F.);
#2846=ORIENTED_EDGE('',*,*,#2024,.F.);
#2847=ORIENTED_EDGE('',*,*,#2025,.F.);
#2848=ORIENTED_EDGE('',*,*,#2026,.F.);
#2849=ORIENTED_EDGE('',*,*,#2027,.F.);
#2850=ORIENTED_EDGE('',*,*,#2028,.T.);
#2851=ORIENTED_EDGE('',*,*,#2025,.T.);
#2852=ORIENTED_EDGE('',*,*,#2024,.T.);
#2853=ORIENTED_EDGE('',*,*,#2028,.F.);
#2854=ORIENTED_EDGE('',*,*,#2022,.T.);
#2855=ORIENTED_EDGE('',*,*,#2029,.T.);
#2856=ORIENTED_EDGE('',*,*,#2030,.F.);
#2857=ORIENTED_EDGE('',*,*,#2031,.F.);
#2858=ORIENTED_EDGE('',*,*,#2029,.F.);
#2859=ORIENTED_EDGE('',*,*,#2023,.T.);
#2860=ORIENTED_EDGE('',*,*,#2032,.F.);
#2861=ORIENTED_EDGE('',*,*,#2019,.T.);
#2862=ORIENTED_EDGE('',*,*,#2033,.F.);
#2863=ORIENTED_EDGE('',*,*,#2034,.T.);
#2864=ORIENTED_EDGE('',*,*,#2032,.T.);
#2865=ORIENTED_EDGE('',*,*,#2034,.F.);
#2866=ORIENTED_EDGE('',*,*,#2017,.T.);
#2867=ORIENTED_EDGE('',*,*,#2018,.T.);
#2868=ORIENTED_EDGE('',*,*,#2009,.T.);
#2869=ORIENTED_EDGE('',*,*,#2010,.T.);
#2870=ORIENTED_EDGE('',*,*,#2030,.T.);
#2871=ORIENTED_EDGE('',*,*,#2031,.T.);
#2872=ORIENTED_EDGE('',*,*,#2026,.T.);
#2873=ORIENTED_EDGE('',*,*,#2027,.T.);
#2874=ORIENTED_EDGE('',*,*,#2033,.T.);
#2875=ORIENTED_EDGE('',*,*,#2021,.T.);
#2876=ORIENTED_EDGE('',*,*,#2035,.F.);
#2877=ORIENTED_EDGE('',*,*,#2036,.T.);
#2878=ORIENTED_EDGE('',*,*,#2037,.F.);
#2879=ORIENTED_EDGE('',*,*,#2036,.F.);
#2880=ORIENTED_EDGE('',*,*,#2038,.F.);
#2881=ORIENTED_EDGE('',*,*,#2039,.F.);
#2882=ORIENTED_EDGE('',*,*,#2040,.F.);
#2883=ORIENTED_EDGE('',*,*,#2041,.F.);
#2884=ORIENTED_EDGE('',*,*,#2042,.F.);
#2885=ORIENTED_EDGE('',*,*,#2043,.F.);
#2886=ORIENTED_EDGE('',*,*,#2044,.T.);
#2887=ORIENTED_EDGE('',*,*,#2041,.T.);
#2888=ORIENTED_EDGE('',*,*,#2040,.T.);
#2889=ORIENTED_EDGE('',*,*,#2044,.F.);
#2890=ORIENTED_EDGE('',*,*,#2038,.T.);
#2891=ORIENTED_EDGE('',*,*,#2045,.T.);
#2892=ORIENTED_EDGE('',*,*,#2046,.F.);
#2893=ORIENTED_EDGE('',*,*,#2047,.F.);
#2894=ORIENTED_EDGE('',*,*,#2045,.F.);
#2895=ORIENTED_EDGE('',*,*,#2039,.T.);
#2896=ORIENTED_EDGE('',*,*,#2048,.F.);
#2897=ORIENTED_EDGE('',*,*,#2049,.T.);
#2898=ORIENTED_EDGE('',*,*,#2050,.T.);
#2899=ORIENTED_EDGE('',*,*,#2051,.F.);
#2900=ORIENTED_EDGE('',*,*,#2048,.T.);
#2901=ORIENTED_EDGE('',*,*,#2052,.F.);
#2902=ORIENTED_EDGE('',*,*,#2053,.F.);
#2903=ORIENTED_EDGE('',*,*,#2054,.T.);
#2904=ORIENTED_EDGE('',*,*,#2042,.T.);
#2905=ORIENTED_EDGE('',*,*,#2043,.T.);
#2906=ORIENTED_EDGE('',*,*,#2053,.T.);
#2907=ORIENTED_EDGE('',*,*,#2055,.F.);
#2908=ORIENTED_EDGE('',*,*,#2056,.F.);
#2909=ORIENTED_EDGE('',*,*,#2057,.T.);
#2910=ORIENTED_EDGE('',*,*,#2058,.F.);
#2911=ORIENTED_EDGE('',*,*,#2049,.F.);
#2912=ORIENTED_EDGE('',*,*,#2054,.F.);
#2913=ORIENTED_EDGE('',*,*,#2057,.F.);
#2914=ORIENTED_EDGE('',*,*,#2035,.T.);
#2915=ORIENTED_EDGE('',*,*,#2056,.T.);
#2916=ORIENTED_EDGE('',*,*,#2059,.F.);
#2917=ORIENTED_EDGE('',*,*,#2050,.F.);
#2918=ORIENTED_EDGE('',*,*,#2058,.T.);
#2919=ORIENTED_EDGE('',*,*,#2046,.T.);
#2920=ORIENTED_EDGE('',*,*,#2047,.T.);
#2921=ORIENTED_EDGE('',*,*,#2059,.T.);
#2922=ORIENTED_EDGE('',*,*,#2055,.T.);
#2923=ORIENTED_EDGE('',*,*,#2052,.T.);
#2924=ORIENTED_EDGE('',*,*,#2051,.T.);
#2925=ORIENTED_EDGE('',*,*,#2037,.T.);
#2926=ORIENTED_EDGE('',*,*,#2060,.T.);
#2927=ORIENTED_EDGE('',*,*,#2061,.T.);
#2928=ORIENTED_EDGE('',*,*,#2062,.T.);
#2929=ORIENTED_EDGE('',*,*,#2063,.T.);
#2930=ORIENTED_EDGE('',*,*,#2064,.T.);
#2931=ORIENTED_EDGE('',*,*,#2065,.T.);
#2932=ORIENTED_EDGE('',*,*,#2060,.F.);
#2933=ORIENTED_EDGE('',*,*,#2066,.T.);
#2934=ORIENTED_EDGE('',*,*,#2067,.F.);
#2935=ORIENTED_EDGE('',*,*,#2068,.T.);
#2936=ORIENTED_EDGE('',*,*,#2061,.F.);
#2937=ORIENTED_EDGE('',*,*,#2065,.F.);
#2938=ORIENTED_EDGE('',*,*,#2069,.T.);
#2939=ORIENTED_EDGE('',*,*,#2069,.F.);
#2940=ORIENTED_EDGE('',*,*,#2064,.F.);
#2941=ORIENTED_EDGE('',*,*,#2070,.F.);
#2942=ORIENTED_EDGE('',*,*,#2071,.T.);
#2943=ORIENTED_EDGE('',*,*,#2071,.F.);
#2944=ORIENTED_EDGE('',*,*,#2072,.T.);
#2945=ORIENTED_EDGE('',*,*,#2062,.F.);
#2946=ORIENTED_EDGE('',*,*,#2068,.F.);
#2947=ORIENTED_EDGE('',*,*,#2073,.F.);
#2948=ORIENTED_EDGE('',*,*,#2066,.F.);
#2949=ORIENTED_EDGE('',*,*,#2063,.F.);
#2950=ORIENTED_EDGE('',*,*,#2072,.F.);
#2951=ORIENTED_EDGE('',*,*,#2074,.F.);
#2952=ORIENTED_EDGE('',*,*,#2067,.T.);
#2953=ORIENTED_EDGE('',*,*,#2074,.T.);
#2954=ORIENTED_EDGE('',*,*,#2073,.T.);
#2955=ORIENTED_EDGE('',*,*,#2070,.T.);
#2956=ORIENTED_EDGE('',*,*,#2075,.T.);
#2957=ORIENTED_EDGE('',*,*,#2076,.T.);
#2958=ORIENTED_EDGE('',*,*,#2077,.T.);
#2959=ORIENTED_EDGE('',*,*,#2078,.T.);
#2960=ORIENTED_EDGE('',*,*,#2079,.F.);
#2961=ORIENTED_EDGE('',*,*,#2080,.F.);
#2962=ORIENTED_EDGE('',*,*,#2081,.F.);
#2963=ORIENTED_EDGE('',*,*,#2076,.F.);
#2964=ORIENTED_EDGE('',*,*,#2081,.T.);
#2965=ORIENTED_EDGE('',*,*,#2082,.F.);
#2966=ORIENTED_EDGE('',*,*,#2083,.F.);
#2967=ORIENTED_EDGE('',*,*,#2077,.F.);
#2968=ORIENTED_EDGE('',*,*,#2083,.T.);
#2969=ORIENTED_EDGE('',*,*,#2084,.F.);
#2970=ORIENTED_EDGE('',*,*,#2085,.F.);
#2971=ORIENTED_EDGE('',*,*,#2086,.T.);
#2972=ORIENTED_EDGE('',*,*,#2086,.F.);
#2973=ORIENTED_EDGE('',*,*,#2087,.F.);
#2974=ORIENTED_EDGE('',*,*,#2078,.F.);
#2975=ORIENTED_EDGE('',*,*,#2088,.T.);
#2976=ORIENTED_EDGE('',*,*,#2088,.F.);
#2977=ORIENTED_EDGE('',*,*,#2087,.T.);
#2978=ORIENTED_EDGE('',*,*,#2085,.T.);
#2979=ORIENTED_EDGE('',*,*,#2089,.F.);
#2980=ORIENTED_EDGE('',*,*,#2079,.T.);
#2981=ORIENTED_EDGE('',*,*,#2075,.F.);
#2982=ORIENTED_EDGE('',*,*,#2089,.T.);
#2983=ORIENTED_EDGE('',*,*,#2084,.T.);
#2984=ORIENTED_EDGE('',*,*,#2082,.T.);
#2985=ORIENTED_EDGE('',*,*,#2080,.T.);
#2986=ORIENTED_EDGE('',*,*,#2090,.T.);
#2987=ORIENTED_EDGE('',*,*,#2091,.T.);
#2988=ORIENTED_EDGE('',*,*,#2092,.T.);
#2989=ORIENTED_EDGE('',*,*,#2093,.T.);
#2990=ORIENTED_EDGE('',*,*,#2094,.T.);
#2991=ORIENTED_EDGE('',*,*,#2095,.T.);
#2992=ORIENTED_EDGE('',*,*,#2090,.F.);
#2993=ORIENTED_EDGE('',*,*,#2096,.T.);
#2994=ORIENTED_EDGE('',*,*,#2097,.F.);
#2995=ORIENTED_EDGE('',*,*,#2098,.T.);
#2996=ORIENTED_EDGE('',*,*,#2091,.F.);
#2997=ORIENTED_EDGE('',*,*,#2095,.F.);
#2998=ORIENTED_EDGE('',*,*,#2099,.T.);
#2999=ORIENTED_EDGE('',*,*,#2099,.F.);
#3000=ORIENTED_EDGE('',*,*,#2094,.F.);
#3001=ORIENTED_EDGE('',*,*,#2100,.F.);
#3002=ORIENTED_EDGE('',*,*,#2101,.T.);
#3003=ORIENTED_EDGE('',*,*,#2101,.F.);
#3004=ORIENTED_EDGE('',*,*,#2102,.T.);
#3005=ORIENTED_EDGE('',*,*,#2092,.F.);
#3006=ORIENTED_EDGE('',*,*,#2098,.F.);
#3007=ORIENTED_EDGE('',*,*,#2103,.F.);
#3008=ORIENTED_EDGE('',*,*,#2096,.F.);
#3009=ORIENTED_EDGE('',*,*,#2093,.F.);
#3010=ORIENTED_EDGE('',*,*,#2102,.F.);
#3011=ORIENTED_EDGE('',*,*,#2104,.F.);
#3012=ORIENTED_EDGE('',*,*,#2097,.T.);
#3013=ORIENTED_EDGE('',*,*,#2104,.T.);
#3014=ORIENTED_EDGE('',*,*,#2103,.T.);
#3015=ORIENTED_EDGE('',*,*,#2100,.T.);
#3016=ORIENTED_EDGE('',*,*,#2105,.F.);
#3017=ORIENTED_EDGE('',*,*,#2106,.T.);
#3018=ORIENTED_EDGE('',*,*,#2107,.F.);
#3019=ORIENTED_EDGE('',*,*,#2106,.F.);
#3020=ORIENTED_EDGE('',*,*,#2108,.F.);
#3021=ORIENTED_EDGE('',*,*,#2109,.F.);
#3022=ORIENTED_EDGE('',*,*,#2110,.F.);
#3023=ORIENTED_EDGE('',*,*,#2111,.F.);
#3024=ORIENTED_EDGE('',*,*,#2112,.F.);
#3025=ORIENTED_EDGE('',*,*,#2113,.F.);
#3026=ORIENTED_EDGE('',*,*,#2114,.T.);
#3027=ORIENTED_EDGE('',*,*,#2109,.T.);
#3028=ORIENTED_EDGE('',*,*,#2108,.T.);
#3029=ORIENTED_EDGE('',*,*,#2114,.F.);
#3030=ORIENTED_EDGE('',*,*,#2110,.T.);
#3031=ORIENTED_EDGE('',*,*,#2115,.T.);
#3032=ORIENTED_EDGE('',*,*,#2116,.F.);
#3033=ORIENTED_EDGE('',*,*,#2117,.F.);
#3034=ORIENTED_EDGE('',*,*,#2115,.F.);
#3035=ORIENTED_EDGE('',*,*,#2111,.T.);
#3036=ORIENTED_EDGE('',*,*,#2118,.T.);
#3037=ORIENTED_EDGE('',*,*,#2119,.F.);
#3038=ORIENTED_EDGE('',*,*,#2120,.F.);
#3039=ORIENTED_EDGE('',*,*,#2121,.T.);
#3040=ORIENTED_EDGE('',*,*,#2116,.T.);
#3041=ORIENTED_EDGE('',*,*,#2117,.T.);
#3042=ORIENTED_EDGE('',*,*,#2122,.T.);
#3043=ORIENTED_EDGE('',*,*,#2123,.F.);
#3044=ORIENTED_EDGE('',*,*,#2118,.F.);
#3045=ORIENTED_EDGE('',*,*,#2124,.T.);
#3046=ORIENTED_EDGE('',*,*,#2125,.F.);
#3047=ORIENTED_EDGE('',*,*,#2126,.T.);
#3048=ORIENTED_EDGE('',*,*,#2120,.T.);
#3049=ORIENTED_EDGE('',*,*,#2127,.F.);
#3050=ORIENTED_EDGE('',*,*,#2126,.F.);
#3051=ORIENTED_EDGE('',*,*,#2128,.F.);
#3052=ORIENTED_EDGE('',*,*,#2124,.F.);
#3053=ORIENTED_EDGE('',*,*,#2121,.F.);
#3054=ORIENTED_EDGE('',*,*,#2105,.T.);
#3055=ORIENTED_EDGE('',*,*,#2125,.T.);
#3056=ORIENTED_EDGE('',*,*,#2129,.F.);
#3057=ORIENTED_EDGE('',*,*,#2122,.F.);
#3058=ORIENTED_EDGE('',*,*,#2128,.T.);
#3059=ORIENTED_EDGE('',*,*,#2112,.T.);
#3060=ORIENTED_EDGE('',*,*,#2113,.T.);
#3061=ORIENTED_EDGE('',*,*,#2107,.T.);
#3062=ORIENTED_EDGE('',*,*,#2130,.T.);
#3063=ORIENTED_EDGE('',*,*,#2123,.T.);
#3064=ORIENTED_EDGE('',*,*,#2129,.T.);
#3065=ORIENTED_EDGE('',*,*,#2127,.T.);
#3066=ORIENTED_EDGE('',*,*,#2119,.T.);
#3067=ORIENTED_EDGE('',*,*,#2130,.F.);
#3068=ORIENTED_EDGE('',*,*,#2131,.T.);
#3069=ORIENTED_EDGE('',*,*,#2132,.T.);
#3070=ORIENTED_EDGE('',*,*,#2133,.T.);
#3071=ORIENTED_EDGE('',*,*,#2134,.T.);
#3072=ORIENTED_EDGE('',*,*,#2135,.T.);
#3073=ORIENTED_EDGE('',*,*,#2136,.T.);
#3074=ORIENTED_EDGE('',*,*,#2131,.F.);
#3075=ORIENTED_EDGE('',*,*,#2137,.T.);
#3076=ORIENTED_EDGE('',*,*,#2138,.F.);
#3077=ORIENTED_EDGE('',*,*,#2139,.T.);
#3078=ORIENTED_EDGE('',*,*,#2132,.F.);
#3079=ORIENTED_EDGE('',*,*,#2136,.F.);
#3080=ORIENTED_EDGE('',*,*,#2140,.T.);
#3081=ORIENTED_EDGE('',*,*,#2140,.F.);
#3082=ORIENTED_EDGE('',*,*,#2135,.F.);
#3083=ORIENTED_EDGE('',*,*,#2141,.F.);
#3084=ORIENTED_EDGE('',*,*,#2142,.T.);
#3085=ORIENTED_EDGE('',*,*,#2142,.F.);
#3086=ORIENTED_EDGE('',*,*,#2143,.T.);
#3087=ORIENTED_EDGE('',*,*,#2133,.F.);
#3088=ORIENTED_EDGE('',*,*,#2139,.F.);
#3089=ORIENTED_EDGE('',*,*,#2144,.F.);
#3090=ORIENTED_EDGE('',*,*,#2137,.F.);
#3091=ORIENTED_EDGE('',*,*,#2134,.F.);
#3092=ORIENTED_EDGE('',*,*,#2143,.F.);
#3093=ORIENTED_EDGE('',*,*,#2145,.F.);
#3094=ORIENTED_EDGE('',*,*,#2138,.T.);
#3095=ORIENTED_EDGE('',*,*,#2145,.T.);
#3096=ORIENTED_EDGE('',*,*,#2144,.T.);
#3097=ORIENTED_EDGE('',*,*,#2141,.T.);
#3098=ORIENTED_EDGE('',*,*,#2146,.F.);
#3099=ORIENTED_EDGE('',*,*,#2147,.F.);
#3100=ORIENTED_EDGE('',*,*,#2148,.T.);
#3101=ORIENTED_EDGE('',*,*,#2149,.F.);
#3102=ORIENTED_EDGE('',*,*,#2150,.F.);
#3103=ORIENTED_EDGE('',*,*,#2148,.F.);
#3104=ORIENTED_EDGE('',*,*,#2151,.F.);
#3105=ORIENTED_EDGE('',*,*,#2152,.F.);
#3106=ORIENTED_EDGE('',*,*,#2153,.F.);
#3107=ORIENTED_EDGE('',*,*,#2154,.T.);
#3108=ORIENTED_EDGE('',*,*,#2155,.F.);
#3109=ORIENTED_EDGE('',*,*,#2156,.F.);
#3110=ORIENTED_EDGE('',*,*,#2157,.F.);
#3111=ORIENTED_EDGE('',*,*,#2158,.F.);
#3112=ORIENTED_EDGE('',*,*,#2154,.F.);
#3113=ORIENTED_EDGE('',*,*,#2159,.F.);
#3114=ORIENTED_EDGE('',*,*,#2160,.F.);
#3115=ORIENTED_EDGE('',*,*,#2161,.F.);
#3116=ORIENTED_EDGE('',*,*,#2162,.T.);
#3117=ORIENTED_EDGE('',*,*,#2163,.F.);
#3118=ORIENTED_EDGE('',*,*,#2164,.F.);
#3119=ORIENTED_EDGE('',*,*,#2162,.F.);
#3120=ORIENTED_EDGE('',*,*,#2165,.F.);
#3121=ORIENTED_EDGE('',*,*,#2166,.F.);
#3122=ORIENTED_EDGE('',*,*,#2167,.T.);
#3123=ORIENTED_EDGE('',*,*,#2168,.F.);
#3124=ORIENTED_EDGE('',*,*,#2169,.F.);
#3125=ORIENTED_EDGE('',*,*,#2167,.F.);
#3126=ORIENTED_EDGE('',*,*,#2170,.F.);
#3127=ORIENTED_EDGE('',*,*,#2171,.F.);
#3128=ORIENTED_EDGE('',*,*,#2172,.T.);
#3129=ORIENTED_EDGE('',*,*,#2173,.F.);
#3130=ORIENTED_EDGE('',*,*,#2174,.F.);
#3131=ORIENTED_EDGE('',*,*,#2172,.F.);
#3132=ORIENTED_EDGE('',*,*,#2175,.F.);
#3133=ORIENTED_EDGE('',*,*,#2176,.F.);
#3134=ORIENTED_EDGE('',*,*,#2177,.T.);
#3135=ORIENTED_EDGE('',*,*,#2178,.F.);
#3136=ORIENTED_EDGE('',*,*,#2179,.F.);
#3137=ORIENTED_EDGE('',*,*,#2180,.F.);
#3138=ORIENTED_EDGE('',*,*,#2177,.F.);
#3139=ORIENTED_EDGE('',*,*,#2181,.F.);
#3140=ORIENTED_EDGE('',*,*,#2182,.F.);
#3141=ORIENTED_EDGE('',*,*,#2183,.F.);
#3142=ORIENTED_EDGE('',*,*,#2184,.T.);
#3143=ORIENTED_EDGE('',*,*,#2185,.F.);
#3144=ORIENTED_EDGE('',*,*,#2186,.F.);
#3145=ORIENTED_EDGE('',*,*,#2184,.F.);
#3146=ORIENTED_EDGE('',*,*,#2187,.F.);
#3147=ORIENTED_EDGE('',*,*,#2188,.F.);
#3148=ORIENTED_EDGE('',*,*,#2189,.T.);
#3149=ORIENTED_EDGE('',*,*,#2190,.F.);
#3150=ORIENTED_EDGE('',*,*,#2191,.F.);
#3151=ORIENTED_EDGE('',*,*,#2189,.F.);
#3152=ORIENTED_EDGE('',*,*,#2192,.F.);
#3153=ORIENTED_EDGE('',*,*,#2193,.T.);
#3154=ORIENTED_EDGE('',*,*,#2176,.T.);
#3155=ORIENTED_EDGE('',*,*,#2175,.T.);
#3156=ORIENTED_EDGE('',*,*,#2194,.T.);
#3157=ORIENTED_EDGE('',*,*,#2195,.T.);
#3158=ORIENTED_EDGE('',*,*,#2194,.F.);
#3159=ORIENTED_EDGE('',*,*,#2181,.T.);
#3160=ORIENTED_EDGE('',*,*,#2193,.F.);
#3161=ORIENTED_EDGE('',*,*,#2173,.T.);
#3162=ORIENTED_EDGE('',*,*,#2174,.T.);
#3163=ORIENTED_EDGE('',*,*,#2187,.T.);
#3164=ORIENTED_EDGE('',*,*,#2188,.T.);
#3165=ORIENTED_EDGE('',*,*,#2185,.T.);
#3166=ORIENTED_EDGE('',*,*,#2186,.T.);
#3167=ORIENTED_EDGE('',*,*,#2196,.T.);
#3168=ORIENTED_EDGE('',*,*,#2195,.F.);
#3169=ORIENTED_EDGE('',*,*,#2196,.F.);
#3170=ORIENTED_EDGE('',*,*,#2197,.T.);
#3171=ORIENTED_EDGE('',*,*,#2198,.T.);
#3172=ORIENTED_EDGE('',*,*,#2197,.F.);
#3173=ORIENTED_EDGE('',*,*,#2198,.F.);
#3174=ORIENTED_EDGE('',*,*,#2199,.T.);
#3175=ORIENTED_EDGE('',*,*,#2199,.F.);
#3176=ORIENTED_EDGE('',*,*,#2200,.T.);
#3177=ORIENTED_EDGE('',*,*,#2152,.T.);
#3178=ORIENTED_EDGE('',*,*,#2151,.T.);
#3179=ORIENTED_EDGE('',*,*,#2201,.T.);
#3180=ORIENTED_EDGE('',*,*,#2202,.F.);
#3181=ORIENTED_EDGE('',*,*,#2201,.F.);
#3182=ORIENTED_EDGE('',*,*,#2159,.T.);
#3183=ORIENTED_EDGE('',*,*,#2153,.T.);
#3184=ORIENTED_EDGE('',*,*,#2200,.F.);
#3185=ORIENTED_EDGE('',*,*,#2149,.T.);
#3186=ORIENTED_EDGE('',*,*,#2150,.T.);
#3187=ORIENTED_EDGE('',*,*,#2165,.T.);
#3188=ORIENTED_EDGE('',*,*,#2166,.T.);
#3189=ORIENTED_EDGE('',*,*,#2163,.T.);
#3190=ORIENTED_EDGE('',*,*,#2164,.T.);
#3191=ORIENTED_EDGE('',*,*,#2192,.T.);
#3192=ORIENTED_EDGE('',*,*,#2203,.F.);
#3193=ORIENTED_EDGE('',*,*,#2204,.T.);
#3194=ORIENTED_EDGE('',*,*,#2179,.T.);
#3195=ORIENTED_EDGE('',*,*,#2178,.T.);
#3196=ORIENTED_EDGE('',*,*,#2205,.T.);
#3197=ORIENTED_EDGE('',*,*,#2206,.T.);
#3198=ORIENTED_EDGE('',*,*,#2205,.F.);
#3199=ORIENTED_EDGE('',*,*,#2180,.T.);
#3200=ORIENTED_EDGE('',*,*,#2204,.F.);
#3201=ORIENTED_EDGE('',*,*,#2170,.T.);
#3202=ORIENTED_EDGE('',*,*,#2171,.T.);
#3203=ORIENTED_EDGE('',*,*,#2190,.T.);
#3204=ORIENTED_EDGE('',*,*,#2191,.T.);
#3205=ORIENTED_EDGE('',*,*,#2182,.T.);
#3206=ORIENTED_EDGE('',*,*,#2183,.T.);
#3207=ORIENTED_EDGE('',*,*,#2207,.F.);
#3208=ORIENTED_EDGE('',*,*,#2203,.T.);
#3209=ORIENTED_EDGE('',*,*,#2208,.F.);
#3210=ORIENTED_EDGE('',*,*,#2209,.T.);
#3211=ORIENTED_EDGE('',*,*,#2207,.T.);
#3212=ORIENTED_EDGE('',*,*,#2209,.F.);
#3213=ORIENTED_EDGE('',*,*,#2208,.T.);
#3214=ORIENTED_EDGE('',*,*,#2210,.F.);
#3215=ORIENTED_EDGE('',*,*,#2211,.F.);
#3216=ORIENTED_EDGE('',*,*,#2212,.T.);
#3217=ORIENTED_EDGE('',*,*,#2157,.T.);
#3218=ORIENTED_EDGE('',*,*,#2156,.T.);
#3219=ORIENTED_EDGE('',*,*,#2213,.T.);
#3220=ORIENTED_EDGE('',*,*,#2210,.T.);
#3221=ORIENTED_EDGE('',*,*,#2213,.F.);
#3222=ORIENTED_EDGE('',*,*,#2155,.T.);
#3223=ORIENTED_EDGE('',*,*,#2158,.T.);
#3224=ORIENTED_EDGE('',*,*,#2212,.F.);
#3225=ORIENTED_EDGE('',*,*,#2146,.T.);
#3226=ORIENTED_EDGE('',*,*,#2147,.T.);
#3227=ORIENTED_EDGE('',*,*,#2168,.T.);
#3228=ORIENTED_EDGE('',*,*,#2169,.T.);
#3229=ORIENTED_EDGE('',*,*,#2160,.T.);
#3230=ORIENTED_EDGE('',*,*,#2161,.T.);
#3231=ORIENTED_EDGE('',*,*,#2211,.T.);
#3232=ORIENTED_EDGE('',*,*,#2202,.T.);
#3233=ORIENTED_EDGE('',*,*,#2206,.F.);
#3234=CYLINDRICAL_SURFACE('',#3500,27.7500004172325);
#3235=CYLINDRICAL_SURFACE('',#3507,26.5000004172325);
#3236=CYLINDRICAL_SURFACE('',#3513,1.99999999999999);
#3237=CYLINDRICAL_SURFACE('',#3514,1.99999999999999);
#3238=CYLINDRICAL_SURFACE('',#3515,1.99999999999999);
#3239=CYLINDRICAL_SURFACE('',#3516,1.99999999999999);
#3240=CYLINDRICAL_SURFACE('',#3517,28.0000002086163);
#3241=CYLINDRICAL_SURFACE('',#3522,30.);
#3242=CYLINDRICAL_SURFACE('',#3525,2.00000000000003);
#3243=CYLINDRICAL_SURFACE('',#3526,2.00000000000003);
#3244=CYLINDRICAL_SURFACE('',#3527,2.00000000000003);
#3245=CYLINDRICAL_SURFACE('',#3528,2.00000000000003);
#3246=CYLINDRICAL_SURFACE('',#3529,1.99999999999999);
#3247=CYLINDRICAL_SURFACE('',#3530,1.99999999999999);
#3248=CYLINDRICAL_SURFACE('',#3531,1.99999999999999);
#3249=CYLINDRICAL_SURFACE('',#3532,1.99999999999999);
#3250=CYLINDRICAL_SURFACE('',#3536,30.);
#3251=CYLINDRICAL_SURFACE('',#3540,28.);
#3252=CYLINDRICAL_SURFACE('',#3541,2.00000000000003);
#3253=CYLINDRICAL_SURFACE('',#3542,2.00000000000003);
#3254=CYLINDRICAL_SURFACE('',#3543,2.00000000000003);
#3255=CYLINDRICAL_SURFACE('',#3544,2.00000000000003);
#3256=CYLINDRICAL_SURFACE('',#3545,2.00000000000003);
#3257=CYLINDRICAL_SURFACE('',#3546,2.00000000000003);
#3258=CYLINDRICAL_SURFACE('',#3547,2.00000000000003);
#3259=CYLINDRICAL_SURFACE('',#3548,2.00000000000003);
#3260=CYLINDRICAL_SURFACE('',#3552,25.);
#3261=CYLINDRICAL_SURFACE('',#3556,22.75);
#3262=CYLINDRICAL_SURFACE('',#3559,22.75);
#3263=CYLINDRICAL_SURFACE('',#3563,27.75);
#3264=CYLINDRICAL_SURFACE('',#3569,30.);
#3265=CYLINDRICAL_SURFACE('',#3575,27.75);
#3266=CYLINDRICAL_SURFACE('',#3578,2.00000000000003);
#3267=CYLINDRICAL_SURFACE('',#3579,2.00000000000003);
#3268=CYLINDRICAL_SURFACE('',#3580,2.00000000000003);
#3269=CYLINDRICAL_SURFACE('',#3581,2.00000000000003);
#3270=CYLINDRICAL_SURFACE('',#3582,2.00000000000003);
#3271=CYLINDRICAL_SURFACE('',#3583,2.00000000000003);
#3272=CYLINDRICAL_SURFACE('',#3584,2.00000000000003);
#3273=CYLINDRICAL_SURFACE('',#3585,2.00000000000003);
#3274=CYLINDRICAL_SURFACE('',#3586,2.00000000000003);
#3275=CYLINDRICAL_SURFACE('',#3587,2.00000000000003);
#3276=CYLINDRICAL_SURFACE('',#3588,2.00000000000003);
#3277=CYLINDRICAL_SURFACE('',#3589,2.00000000000003);
#3278=CYLINDRICAL_SURFACE('',#3590,2.00000000000003);
#3279=CYLINDRICAL_SURFACE('',#3591,2.00000000000003);
#3280=CYLINDRICAL_SURFACE('',#3592,2.00000000000003);
#3281=CYLINDRICAL_SURFACE('',#3593,2.00000000000003);
#3282=CYLINDRICAL_SURFACE('',#3597,28.);
#3283=CYLINDRICAL_SURFACE('',#3601,30.0000004470348);
#3284=CYLINDRICAL_SURFACE('',#3602,2.00000000000003);
#3285=CYLINDRICAL_SURFACE('',#3603,2.00000000000003);
#3286=CYLINDRICAL_SURFACE('',#3604,2.00000000000003);
#3287=CYLINDRICAL_SURFACE('',#3605,2.00000000000003);
#3288=CYLINDRICAL_SURFACE('',#3606,22.5);
#3289=CYLINDRICAL_SURFACE('',#3611,27.75);
#3290=CYLINDRICAL_SURFACE('',#3614,2.00000000000003);
#3291=CYLINDRICAL_SURFACE('',#3615,2.00000000000003);
#3292=CYLINDRICAL_SURFACE('',#3616,22.5);
#3293=CYLINDRICAL_SURFACE('',#3619,2.00000000000003);
#3294=CYLINDRICAL_SURFACE('',#3620,2.00000000000003);
#3295=CYLINDRICAL_SURFACE('',#3623,27.75);
#3296=CYLINDRICAL_SURFACE('',#3626,30.2500004470348);
#3297=CYLINDRICAL_SURFACE('',#3629,2.00000000000003);
#3298=CYLINDRICAL_SURFACE('',#3630,2.00000000000003);
#3299=CYLINDRICAL_SURFACE('',#3631,31.5000004470348);
#3300=CYLINDRICAL_SURFACE('',#3634,31.5000004470348);
#3301=CYLINDRICAL_SURFACE('',#3637,31.5000004470348);
#3302=CYLINDRICAL_SURFACE('',#3642,31.5000004470348);
#3303=CYLINDRICAL_SURFACE('',#3663,30.2500004470348);
#3304=CYLINDRICAL_SURFACE('',#3666,2.00000000000003);
#3305=CYLINDRICAL_SURFACE('',#3667,2.00000000000003);
#3306=CYLINDRICAL_SURFACE('',#3668,31.5000004470348);
#3307=CYLINDRICAL_SURFACE('',#3671,31.5000004470348);
#3308=CYLINDRICAL_SURFACE('',#3674,31.5000004470348);
#3309=CYLINDRICAL_SURFACE('',#3679,31.5000004470348);
#3310=CYLINDRICAL_SURFACE('',#3688,1.99999999999999);
#3311=CYLINDRICAL_SURFACE('',#3689,1.99999999999999);
#3312=CYLINDRICAL_SURFACE('',#3690,1.99999999999999);
#3313=CYLINDRICAL_SURFACE('',#3691,1.99999999999999);
#3314=CYLINDRICAL_SURFACE('',#3692,1.99999999999999);
#3315=CYLINDRICAL_SURFACE('',#3693,1.99999999999999);
#3316=CYLINDRICAL_SURFACE('',#3694,1.99999999999999);
#3317=CYLINDRICAL_SURFACE('',#3695,1.99999999999999);
#3318=CYLINDRICAL_SURFACE('',#3696,22.75);
#3319=CYLINDRICAL_SURFACE('',#3701,25.);
#3320=CYLINDRICAL_SURFACE('',#3705,22.75);
#3321=CYLINDRICAL_SURFACE('',#3708,27.75);
#3322=CYLINDRICAL_SURFACE('',#3713,30.);
#3323=CYLINDRICAL_SURFACE('',#3717,27.75);
#3324=ADVANCED_FACE('',(#479),#3234,.T.);
#3325=ADVANCED_FACE('',(#480,#309),#428,.F.);
#3326=ADVANCED_FACE('',(#481,#310),#429,.T.);
#3327=ADVANCED_FACE('',(#482),#3235,.F.);
#3328=ADVANCED_FACE('',(#483),#307,.T.);
#3329=ADVANCED_FACE('',(#484),#308,.F.);
#3330=ADVANCED_FACE('',(#485),#301,.T.);
#3331=ADVANCED_FACE('',(#486),#3236,.F.);
#3332=ADVANCED_FACE('',(#487),#3237,.F.);
#3333=ADVANCED_FACE('',(#488),#3238,.F.);
#3334=ADVANCED_FACE('',(#489),#3239,.F.);
#3335=ADVANCED_FACE('',(#490,#311,#312,#313),#3240,.F.);
#3336=ADVANCED_FACE('',(#491,#314),#430,.T.);
#3337=ADVANCED_FACE('',(#492,#315,#316,#317),#3241,.T.);
#3338=ADVANCED_FACE('',(#493,#318),#431,.T.);
#3339=ADVANCED_FACE('',(#494),#3242,.F.);
#3340=ADVANCED_FACE('',(#495),#3243,.F.);
#3341=ADVANCED_FACE('',(#496),#3244,.F.);
#3342=ADVANCED_FACE('',(#497),#3245,.F.);
#3343=ADVANCED_FACE('',(#498),#3246,.F.);
#3344=ADVANCED_FACE('',(#499),#3247,.F.);
#3345=ADVANCED_FACE('',(#500),#3248,.F.);
#3346=ADVANCED_FACE('',(#501),#3249,.F.);
#3347=ADVANCED_FACE('',(#502,#319),#432,.T.);
#3348=ADVANCED_FACE('',(#503,#320,#321,#322,#323,#324,#325),#3250,.T.);
#3349=ADVANCED_FACE('',(#504,#326),#433,.T.);
#3350=ADVANCED_FACE('',(#505,#327,#328,#329,#330,#331,#332),#3251,.F.);
#3351=ADVANCED_FACE('',(#506),#3252,.F.);
#3352=ADVANCED_FACE('',(#507),#3253,.F.);
#3353=ADVANCED_FACE('',(#508),#3254,.F.);
#3354=ADVANCED_FACE('',(#509),#3255,.F.);
#3355=ADVANCED_FACE('',(#510),#3256,.F.);
#3356=ADVANCED_FACE('',(#511),#3257,.F.);
#3357=ADVANCED_FACE('',(#512),#3258,.F.);
#3358=ADVANCED_FACE('',(#513),#3259,.F.);
#3359=ADVANCED_FACE('',(#514),#302,.F.);
#3360=ADVANCED_FACE('',(#515),#3260,.F.);
#3361=ADVANCED_FACE('',(#516),#434,.F.);
#3362=ADVANCED_FACE('',(#517,#333,#334,#335),#3261,.F.);
#3363=ADVANCED_FACE('',(#518),#303,.T.);
#3364=ADVANCED_FACE('',(#519,#336,#337,#338),#3262,.F.);
#3365=ADVANCED_FACE('',(#520),#435,.T.);
#3366=ADVANCED_FACE('',(#521,#339,#340,#341),#3263,.T.);
#3367=ADVANCED_FACE('',(#522),#304,.F.);
#3368=ADVANCED_FACE('',(#523,#342),#436,.T.);
#3369=ADVANCED_FACE('',(#524),#3264,.T.);
#3370=ADVANCED_FACE('',(#525,#343),#437,.T.);
#3371=ADVANCED_FACE('',(#526),#305,.T.);
#3372=ADVANCED_FACE('',(#527,#344,#345,#346),#3265,.T.);
#3373=ADVANCED_FACE('',(#528,#347),#438,.T.);
#3374=ADVANCED_FACE('',(#529),#3266,.F.);
#3375=ADVANCED_FACE('',(#530),#3267,.F.);
#3376=ADVANCED_FACE('',(#531),#3268,.F.);
#3377=ADVANCED_FACE('',(#532),#3269,.F.);
#3378=ADVANCED_FACE('',(#533),#3270,.F.);
#3379=ADVANCED_FACE('',(#534),#3271,.F.);
#3380=ADVANCED_FACE('',(#535),#3272,.F.);
#3381=ADVANCED_FACE('',(#536),#3273,.F.);
#3382=ADVANCED_FACE('',(#537),#3274,.F.);
#3383=ADVANCED_FACE('',(#538),#3275,.F.);
#3384=ADVANCED_FACE('',(#539),#3276,.F.);
#3385=ADVANCED_FACE('',(#540),#3277,.F.);
#3386=ADVANCED_FACE('',(#541),#3278,.F.);
#3387=ADVANCED_FACE('',(#542),#3279,.F.);
#3388=ADVANCED_FACE('',(#543),#3280,.F.);
#3389=ADVANCED_FACE('',(#544),#3281,.F.);
#3390=ADVANCED_FACE('',(#545,#348),#439,.T.);
#3391=ADVANCED_FACE('',(#546,#349,#350,#351,#352,#353,#354,#355,#356,#357,
#358,#359,#360,#361,#362),#3282,.F.);
#3392=ADVANCED_FACE('',(#547,#363),#440,.T.);
#3393=ADVANCED_FACE('',(#548,#364,#365,#366,#367,#368,#369,#370,#371,#372,
#373,#374,#375,#376,#377),#3283,.T.);
#3394=ADVANCED_FACE('',(#549),#3284,.F.);
#3395=ADVANCED_FACE('',(#550),#3285,.F.);
#3396=ADVANCED_FACE('',(#551),#3286,.F.);
#3397=ADVANCED_FACE('',(#552),#3287,.F.);
#3398=ADVANCED_FACE('',(#553,#378,#379,#380),#3288,.F.);
#3399=ADVANCED_FACE('',(#554,#381),#441,.T.);
#3400=ADVANCED_FACE('',(#555,#382,#383,#384),#3289,.T.);
#3401=ADVANCED_FACE('',(#556,#385),#442,.T.);
#3402=ADVANCED_FACE('',(#557),#3290,.F.);
#3403=ADVANCED_FACE('',(#558),#3291,.F.);
#3404=ADVANCED_FACE('',(#559,#386,#387,#388,#389),#3292,.F.);
#3405=ADVANCED_FACE('',(#560),#3293,.F.);
#3406=ADVANCED_FACE('',(#561),#3294,.F.);
#3407=ADVANCED_FACE('',(#562,#390),#443,.T.);
#3408=ADVANCED_FACE('',(#563,#391,#392,#393,#394),#3295,.T.);
#3409=ADVANCED_FACE('',(#564,#395),#444,.T.);
#3410=ADVANCED_FACE('',(#565,#396,#397),#3296,.F.);
#3411=ADVANCED_FACE('',(#566),#3297,.F.);
#3412=ADVANCED_FACE('',(#567),#3298,.F.);
#3413=ADVANCED_FACE('',(#568),#3299,.T.);
#3414=ADVANCED_FACE('',(#569,#398),#3300,.T.);
#3415=ADVANCED_FACE('',(#570),#3301,.T.);
#3416=ADVANCED_FACE('',(#571,#399),#445,.T.);
#3417=ADVANCED_FACE('',(#572,#400),#3302,.T.);
#3418=ADVANCED_FACE('',(#573,#401),#446,.T.);
#3419=ADVANCED_FACE('',(#574),#447,.T.);
#3420=ADVANCED_FACE('',(#575),#448,.T.);
#3421=ADVANCED_FACE('',(#576,#402),#449,.T.);
#3422=ADVANCED_FACE('',(#577),#450,.T.);
#3423=ADVANCED_FACE('',(#578),#451,.T.);
#3424=ADVANCED_FACE('',(#579),#452,.T.);
#3425=ADVANCED_FACE('',(#580),#453,.T.);
#3426=ADVANCED_FACE('',(#581),#454,.T.);
#3427=ADVANCED_FACE('',(#582),#455,.T.);
#3428=ADVANCED_FACE('',(#583,#403),#456,.T.);
#3429=ADVANCED_FACE('',(#584),#457,.T.);
#3430=ADVANCED_FACE('',(#585),#458,.T.);
#3431=ADVANCED_FACE('',(#586),#459,.T.);
#3432=ADVANCED_FACE('',(#587),#460,.T.);
#3433=ADVANCED_FACE('',(#588,#404),#461,.T.);
#3434=ADVANCED_FACE('',(#589),#462,.T.);
#3435=ADVANCED_FACE('',(#590),#463,.T.);
#3436=ADVANCED_FACE('',(#591),#464,.T.);
#3437=ADVANCED_FACE('',(#592,#405,#406),#3303,.F.);
#3438=ADVANCED_FACE('',(#593),#3304,.F.);
#3439=ADVANCED_FACE('',(#594),#3305,.F.);
#3440=ADVANCED_FACE('',(#595,#407),#3306,.T.);
#3441=ADVANCED_FACE('',(#596),#3307,.T.);
#3442=ADVANCED_FACE('',(#597),#3308,.T.);
#3443=ADVANCED_FACE('',(#598,#408),#465,.T.);
#3444=ADVANCED_FACE('',(#599,#409),#3309,.T.);
#3445=ADVANCED_FACE('',(#600),#306,.T.);
#3446=ADVANCED_FACE('',(#601),#466,.T.);
#3447=ADVANCED_FACE('',(#602),#467,.T.);
#3448=ADVANCED_FACE('',(#603,#410),#468,.T.);
#3449=ADVANCED_FACE('',(#604),#469,.T.);
#3450=ADVANCED_FACE('',(#605),#470,.T.);
#3451=ADVANCED_FACE('',(#606),#471,.T.);
#3452=ADVANCED_FACE('',(#607),#3310,.F.);
#3453=ADVANCED_FACE('',(#608),#3311,.F.);
#3454=ADVANCED_FACE('',(#609),#3312,.F.);
#3455=ADVANCED_FACE('',(#610),#3313,.F.);
#3456=ADVANCED_FACE('',(#611),#3314,.F.);
#3457=ADVANCED_FACE('',(#612),#3315,.F.);
#3458=ADVANCED_FACE('',(#613),#3316,.F.);
#3459=ADVANCED_FACE('',(#614),#3317,.F.);
#3460=ADVANCED_FACE('',(#615,#411,#412,#413),#3318,.F.);
#3461=ADVANCED_FACE('',(#616,#414),#472,.F.);
#3462=ADVANCED_FACE('',(#617),#3319,.F.);
#3463=ADVANCED_FACE('',(#618,#415),#473,.F.);
#3464=ADVANCED_FACE('',(#619,#416,#417,#418),#3320,.F.);
#3465=ADVANCED_FACE('',(#620),#474,.F.);
#3466=ADVANCED_FACE('',(#621,#419,#420,#421),#3321,.T.);
#3467=ADVANCED_FACE('',(#622,#422),#475,.T.);
#3468=ADVANCED_FACE('',(#623),#3322,.T.);
#3469=ADVANCED_FACE('',(#624,#423),#476,.T.);
#3470=ADVANCED_FACE('',(#625,#424,#425,#426),#3323,.T.);
#3471=ADVANCED_FACE('',(#626,#427),#477,.T.);
#3472=ADVANCED_FACE('',(#627),#478,.T.);
#3473=CLOSED_SHELL('',(#3324,#3325,#3326,#3327,#3328,#3329,#3330));
#3474=CLOSED_SHELL('',(#3331,#3332,#3333,#3334,#3335,#3336,#3337,#3338));
#3475=CLOSED_SHELL('',(#3339,#3340,#3341,#3342,#3343,#3344,#3345,#3346,
#3347,#3348,#3349,#3350));
#3476=CLOSED_SHELL('',(#3351,#3352,#3353,#3354,#3355,#3356,#3357,#3358,
#3359,#3360,#3361,#3362,#3363,#3364,#3365,#3366,#3367,#3368,#3369,#3370,
#3371,#3372,#3373));
#3477=CLOSED_SHELL('',(#3374,#3375,#3376,#3377,#3378,#3379,#3380,#3381,
#3382,#3383,#3384,#3385,#3386,#3387,#3388,#3389,#3390,#3391,#3392,#3393));
#3478=CLOSED_SHELL('',(#3394,#3395,#3396,#3397,#3398,#3399,#3400,#3401));
#3479=CLOSED_SHELL('',(#3402,#3403,#3404,#3405,#3406,#3407,#3408,#3409));
#3480=CLOSED_SHELL('',(#3410,#3411,#3412,#3413,#3414,#3415,#3416,#3417,
#3418));
#3481=CLOSED_SHELL('',(#3419,#3420,#3421,#3422,#3423,#3424));
#3482=CLOSED_SHELL('',(#3425,#3426,#3427,#3428,#3429,#3430));
#3483=CLOSED_SHELL('',(#3431,#3432,#3433,#3434,#3435,#3436));
#3484=CLOSED_SHELL('',(#3437,#3438,#3439,#3440,#3441,#3442,#3443,#3444,
#3445));
#3485=CLOSED_SHELL('',(#3446,#3447,#3448,#3449,#3450,#3451));
#3486=CLOSED_SHELL('',(#3452,#3453,#3454,#3455,#3456,#3457,#3458,#3459,
#3460,#3461,#3462,#3463,#3464,#3465,#3466,#3467,#3468,#3469,#3470,#3471,
#3472));
#3487=DERIVED_UNIT_ELEMENT(#3489,1.);
#3488=DERIVED_UNIT_ELEMENT(#9348,-3.);
#3489=(
MASS_UNIT()
NAMED_UNIT(*)
SI_UNIT(.KILO.,.GRAM.)
);
#3490=DERIVED_UNIT((#3487,#3488));
#3491=MEASURE_REPRESENTATION_ITEM('density measure',
POSITIVE_RATIO_MEASURE(7850.),#3490);
#3492=PROPERTY_DEFINITION_REPRESENTATION(#3497,#3494);
#3493=PROPERTY_DEFINITION_REPRESENTATION(#3498,#3495);
#3494=REPRESENTATION('material name',(#3496),#9345);
#3495=REPRESENTATION('density',(#3491),#9345);
#3496=DESCRIPTIVE_REPRESENTATION_ITEM('\X2\94A2\X0\','\X2\94A2\X0\');
#3497=PROPERTY_DEFINITION('material property','material name',#9355);
#3498=PROPERTY_DEFINITION('material property','density of part',#9355);
#3499=AXIS2_PLACEMENT_3D('',#4341,#3721,#3722);
#3500=AXIS2_PLACEMENT_3D('',#4342,#3723,#3724);
#3501=AXIS2_PLACEMENT_3D('',#4344,#3725,#3726);
#3502=AXIS2_PLACEMENT_3D('',#4347,#3728,#3729);
#3503=AXIS2_PLACEMENT_3D('',#4348,#3730,#3731);
#3504=AXIS2_PLACEMENT_3D('',#4350,#3732,#3733);
#3505=AXIS2_PLACEMENT_3D('',#4351,#3734,#3735);
#3506=AXIS2_PLACEMENT_3D('',#4353,#3736,#3737);
#3507=AXIS2_PLACEMENT_3D('',#4354,#3738,#3739);
#3508=AXIS2_PLACEMENT_3D('',#4357,#3741,#3742);
#3509=AXIS2_PLACEMENT_3D('',#4386,#3743,#3744);
#3510=AXIS2_PLACEMENT_3D('',#4415,#3745,#3746);
#3511=AXIS2_PLACEMENT_3D('',#4417,#3747,#3748);
#3512=AXIS2_PLACEMENT_3D('',#4418,#3749,#3750);
#3513=AXIS2_PLACEMENT_3D('',#4420,#3752,#3753);
#3514=AXIS2_PLACEMENT_3D('',#4498,#3755,#3756);
#3515=AXIS2_PLACEMENT_3D('',#4576,#3758,#3759);
#3516=AXIS2_PLACEMENT_3D('',#4654,#3761,#3762);
#3517=AXIS2_PLACEMENT_3D('',#4738,#3764,#3765);
#3518=AXIS2_PLACEMENT_3D('',#4740,#3766,#3767);
#3519=AXIS2_PLACEMENT_3D('',#4744,#3770,#3771);
#3520=AXIS2_PLACEMENT_3D('',#4745,#3772,#3773);
#3521=AXIS2_PLACEMENT_3D('',#4747,#3774,#3775);
#3522=AXIS2_PLACEMENT_3D('',#4748,#3776,#3777);
#3523=AXIS2_PLACEMENT_3D('',#4750,#3778,#3779);
#3524=AXIS2_PLACEMENT_3D('',#4753,#3782,#3783);
#3525=AXIS2_PLACEMENT_3D('',#4754,#3784,#3785);
#3526=AXIS2_PLACEMENT_3D('',#4832,#3787,#3788);
#3527=AXIS2_PLACEMENT_3D('',#4930,#3790,#3791);
#3528=AXIS2_PLACEMENT_3D('',#5008,#3793,#3794);
#3529=AXIS2_PLACEMENT_3D('',#5086,#3796,#3797);
#3530=AXIS2_PLACEMENT_3D('',#5164,#3799,#3800);
#3531=AXIS2_PLACEMENT_3D('',#5262,#3802,#3803);
#3532=AXIS2_PLACEMENT_3D('',#5340,#3805,#3806);
#3533=AXIS2_PLACEMENT_3D('',#5418,#3808,#3809);
#3534=AXIS2_PLACEMENT_3D('',#5420,#3810,#3811);
#3535=AXIS2_PLACEMENT_3D('',#5422,#3812,#3813);
#3536=AXIS2_PLACEMENT_3D('',#5423,#3814,#3815);
#3537=AXIS2_PLACEMENT_3D('',#5425,#3816,#3817);
#3538=AXIS2_PLACEMENT_3D('',#5429,#3821,#3822);
#3539=AXIS2_PLACEMENT_3D('',#5431,#3823,#3824);
#3540=AXIS2_PLACEMENT_3D('',#5432,#3825,#3826);
#3541=AXIS2_PLACEMENT_3D('',#5436,#3830,#3831);
#3542=AXIS2_PLACEMENT_3D('',#5514,#3833,#3834);
#3543=AXIS2_PLACEMENT_3D('',#5612,#3836,#3837);
#3544=AXIS2_PLACEMENT_3D('',#5690,#3839,#3840);
#3545=AXIS2_PLACEMENT_3D('',#5788,#3842,#3843);
#3546=AXIS2_PLACEMENT_3D('',#5866,#3845,#3846);
#3547=AXIS2_PLACEMENT_3D('',#5944,#3848,#3849);
#3548=AXIS2_PLACEMENT_3D('',#6022,#3851,#3852);
#3549=AXIS2_PLACEMENT_3D('',#6100,#3854,#3855);
#3550=AXIS2_PLACEMENT_3D('',#6102,#3856,#3857);
#3551=AXIS2_PLACEMENT_3D('',#6105,#3859,#3860);
#3552=AXIS2_PLACEMENT_3D('',#6106,#3861,#3862);
#3553=AXIS2_PLACEMENT_3D('',#6108,#3863,#3864);
#3554=AXIS2_PLACEMENT_3D('',#6110,#3866,#3867);
#3555=AXIS2_PLACEMENT_3D('',#6112,#3868,#3869);
#3556=AXIS2_PLACEMENT_3D('',#6113,#3870,#3871);
#3557=AXIS2_PLACEMENT_3D('',#6117,#3874,#3875);
#3558=AXIS2_PLACEMENT_3D('',#6118,#3876,#3877);
#3559=AXIS2_PLACEMENT_3D('',#6120,#3879,#3880);
#3560=AXIS2_PLACEMENT_3D('',#6124,#3883,#3884);
#3561=AXIS2_PLACEMENT_3D('',#6125,#3885,#3886);
#3562=AXIS2_PLACEMENT_3D('',#6127,#3887,#3888);
#3563=AXIS2_PLACEMENT_3D('',#6128,#3889,#3890);
#3564=AXIS2_PLACEMENT_3D('',#6130,#3891,#3892);
#3565=AXIS2_PLACEMENT_3D('',#6133,#3895,#3896);
#3566=AXIS2_PLACEMENT_3D('',#6136,#3898,#3899);
#3567=AXIS2_PLACEMENT_3D('',#6137,#3900,#3901);
#3568=AXIS2_PLACEMENT_3D('',#6139,#3902,#3903);
#3569=AXIS2_PLACEMENT_3D('',#6140,#3904,#3905);
#3570=AXIS2_PLACEMENT_3D('',#6142,#3906,#3907);
#3571=AXIS2_PLACEMENT_3D('',#6144,#3909,#3910);
#3572=AXIS2_PLACEMENT_3D('',#6146,#3911,#3912);
#3573=AXIS2_PLACEMENT_3D('',#6147,#3913,#3914);
#3574=AXIS2_PLACEMENT_3D('',#6149,#3915,#3916);
#3575=AXIS2_PLACEMENT_3D('',#6151,#3918,#3919);
#3576=AXIS2_PLACEMENT_3D('',#6153,#3920,#3921);
#3577=AXIS2_PLACEMENT_3D('',#6156,#3924,#3925);
#3578=AXIS2_PLACEMENT_3D('',#6157,#3926,#3927);
#3579=AXIS2_PLACEMENT_3D('',#6235,#3929,#3930);
#3580=AXIS2_PLACEMENT_3D('',#6313,#3932,#3933);
#3581=AXIS2_PLACEMENT_3D('',#6391,#3935,#3936);
#3582=AXIS2_PLACEMENT_3D('',#6469,#3938,#3939);
#3583=AXIS2_PLACEMENT_3D('',#6547,#3941,#3942);
#3584=AXIS2_PLACEMENT_3D('',#6625,#3944,#3945);
#3585=AXIS2_PLACEMENT_3D('',#6703,#3947,#3948);
#3586=AXIS2_PLACEMENT_3D('',#6781,#3950,#3951);
#3587=AXIS2_PLACEMENT_3D('',#6859,#3953,#3954);
#3588=AXIS2_PLACEMENT_3D('',#6957,#3956,#3957);
#3589=AXIS2_PLACEMENT_3D('',#7035,#3959,#3960);
#3590=AXIS2_PLACEMENT_3D('',#7133,#3962,#3963);
#3591=AXIS2_PLACEMENT_3D('',#7211,#3965,#3966);
#3592=AXIS2_PLACEMENT_3D('',#7289,#3968,#3969);
#3593=AXIS2_PLACEMENT_3D('',#7367,#3971,#3972);
#3594=AXIS2_PLACEMENT_3D('',#7445,#3974,#3975);
#3595=AXIS2_PLACEMENT_3D('',#7447,#3976,#3977);
#3596=AXIS2_PLACEMENT_3D('',#7449,#3978,#3979);
#3597=AXIS2_PLACEMENT_3D('',#7450,#3980,#3981);
#3598=AXIS2_PLACEMENT_3D('',#7455,#3985,#3986);
#3599=AXIS2_PLACEMENT_3D('',#7456,#3987,#3988);
#3600=AXIS2_PLACEMENT_3D('',#7458,#3989,#3990);
#3601=AXIS2_PLACEMENT_3D('',#7459,#3991,#3992);
#3602=AXIS2_PLACEMENT_3D('',#7463,#3996,#3997);
#3603=AXIS2_PLACEMENT_3D('',#7541,#3999,#4000);
#3604=AXIS2_PLACEMENT_3D('',#7639,#4002,#4003);
#3605=AXIS2_PLACEMENT_3D('',#7717,#4005,#4006);
#3606=AXIS2_PLACEMENT_3D('',#7795,#4008,#4009);
#3607=AXIS2_PLACEMENT_3D('',#7797,#4010,#4011);
#3608=AXIS2_PLACEMENT_3D('',#7801,#4014,#4015);
#3609=AXIS2_PLACEMENT_3D('',#7802,#4016,#4017);
#3610=AXIS2_PLACEMENT_3D('',#7804,#4018,#4019);
#3611=AXIS2_PLACEMENT_3D('',#7805,#4020,#4021);
#3612=AXIS2_PLACEMENT_3D('',#7807,#4022,#4023);
#3613=AXIS2_PLACEMENT_3D('',#7810,#4026,#4027);
#3614=AXIS2_PLACEMENT_3D('',#7811,#4028,#4029);
#3615=AXIS2_PLACEMENT_3D('',#7889,#4031,#4032);
#3616=AXIS2_PLACEMENT_3D('',#7967,#4034,#4035);
#3617=AXIS2_PLACEMENT_3D('',#7969,#4036,#4037);
#3618=AXIS2_PLACEMENT_3D('',#7972,#4039,#4040);
#3619=AXIS2_PLACEMENT_3D('',#8049,#4041,#4042);
#3620=AXIS2_PLACEMENT_3D('',#8089,#4044,#4045);
#3621=AXIS2_PLACEMENT_3D('',#8129,#4047,#4048);
#3622=AXIS2_PLACEMENT_3D('',#8131,#4049,#4050);
#3623=AXIS2_PLACEMENT_3D('',#8132,#4051,#4052);
#3624=AXIS2_PLACEMENT_3D('',#8134,#4053,#4054);
#3625=AXIS2_PLACEMENT_3D('',#8136,#4056,#4057);
#3626=AXIS2_PLACEMENT_3D('',#8137,#4058,#4059);
#3627=AXIS2_PLACEMENT_3D('',#8139,#4060,#4061);
#3628=AXIS2_PLACEMENT_3D('',#8142,#4063,#4064);
#3629=AXIS2_PLACEMENT_3D('',#8219,#4065,#4066);
#3630=AXIS2_PLACEMENT_3D('',#8259,#4068,#4069);
#3631=AXIS2_PLACEMENT_3D('',#8299,#4071,#4072);
#3632=AXIS2_PLACEMENT_3D('',#8304,#4074,#4075);
#3633=AXIS2_PLACEMENT_3D('',#8307,#4077,#4078);
#3634=AXIS2_PLACEMENT_3D('',#8308,#4079,#4080);
#3635=AXIS2_PLACEMENT_3D('',#8310,#4081,#4082);
#3636=AXIS2_PLACEMENT_3D('',#8313,#4084,#4085);
#3637=AXIS2_PLACEMENT_3D('',#8314,#4086,#4087);
#3638=AXIS2_PLACEMENT_3D('',#8316,#4088,#4089);
#3639=AXIS2_PLACEMENT_3D('',#8319,#4091,#4092);
#3640=AXIS2_PLACEMENT_3D('',#8320,#4093,#4094);
#3641=AXIS2_PLACEMENT_3D('',#8321,#4095,#4096);
#3642=AXIS2_PLACEMENT_3D('',#8322,#4097,#4098);
#3643=AXIS2_PLACEMENT_3D('',#8323,#4099,#4100);
#3644=AXIS2_PLACEMENT_3D('',#8324,#4101,#4102);
#3645=AXIS2_PLACEMENT_3D('',#8325,#4103,#4104);
#3646=AXIS2_PLACEMENT_3D('',#8334,#4109,#4110);
#3647=AXIS2_PLACEMENT_3D('',#8342,#4115,#4116);
#3648=AXIS2_PLACEMENT_3D('',#8351,#4121,#4122);
#3649=AXIS2_PLACEMENT_3D('',#8355,#4125,#4126);
#3650=AXIS2_PLACEMENT_3D('',#8357,#4128,#4129);
#3651=AXIS2_PLACEMENT_3D('',#8358,#4130,#4131);
#3652=AXIS2_PLACEMENT_3D('',#8367,#4136,#4137);
#3653=AXIS2_PLACEMENT_3D('',#8373,#4141,#4142);
#3654=AXIS2_PLACEMENT_3D('',#8377,#4145,#4146);
#3655=AXIS2_PLACEMENT_3D('',#8388,#4152,#4153);
#3656=AXIS2_PLACEMENT_3D('',#8390,#4155,#4156);
#3657=AXIS2_PLACEMENT_3D('',#8391,#4157,#4158);
#3658=AXIS2_PLACEMENT_3D('',#8400,#4163,#4164);
#3659=AXIS2_PLACEMENT_3D('',#8408,#4169,#4170);
#3660=AXIS2_PLACEMENT_3D('',#8417,#4175,#4176);
#3661=AXIS2_PLACEMENT_3D('',#8421,#4179,#4180);
#3662=AXIS2_PLACEMENT_3D('',#8423,#4182,#4183);
#3663=AXIS2_PLACEMENT_3D('',#8424,#4184,#4185);
#3664=AXIS2_PLACEMENT_3D('',#8426,#4186,#4187);
#3665=AXIS2_PLACEMENT_3D('',#8429,#4189,#4190);
#3666=AXIS2_PLACEMENT_3D('',#8506,#4191,#4192);
#3667=AXIS2_PLACEMENT_3D('',#8546,#4194,#4195);
#3668=AXIS2_PLACEMENT_3D('',#8586,#4197,#4198);
#3669=AXIS2_PLACEMENT_3D('',#8591,#4200,#4201);
#3670=AXIS2_PLACEMENT_3D('',#8594,#4203,#4204);
#3671=AXIS2_PLACEMENT_3D('',#8595,#4205,#4206);
#3672=AXIS2_PLACEMENT_3D('',#8599,#4208,#4209);
#3673=AXIS2_PLACEMENT_3D('',#8600,#4210,#4211);
#3674=AXIS2_PLACEMENT_3D('',#8601,#4212,#4213);
#3675=AXIS2_PLACEMENT_3D('',#8605,#4215,#4216);
#3676=AXIS2_PLACEMENT_3D('',#8606,#4217,#4218);
#3677=AXIS2_PLACEMENT_3D('',#8607,#4219,#4220);
#3678=AXIS2_PLACEMENT_3D('',#8608,#4221,#4222);
#3679=AXIS2_PLACEMENT_3D('',#8609,#4223,#4224);
#3680=AXIS2_PLACEMENT_3D('',#8610,#4225,#4226);
#3681=AXIS2_PLACEMENT_3D('',#8611,#4227,#4228);
#3682=AXIS2_PLACEMENT_3D('',#8613,#4230,#4231);
#3683=AXIS2_PLACEMENT_3D('',#8622,#4236,#4237);
#3684=AXIS2_PLACEMENT_3D('',#8630,#4242,#4243);
#3685=AXIS2_PLACEMENT_3D('',#8639,#4248,#4249);
#3686=AXIS2_PLACEMENT_3D('',#8643,#4252,#4253);
#3687=AXIS2_PLACEMENT_3D('',#8645,#4255,#4256);
#3688=AXIS2_PLACEMENT_3D('',#8646,#4257,#4258);
#3689=AXIS2_PLACEMENT_3D('',#8724,#4260,#4261);
#3690=AXIS2_PLACEMENT_3D('',#8822,#4263,#4264);
#3691=AXIS2_PLACEMENT_3D('',#8900,#4266,#4267);
#3692=AXIS2_PLACEMENT_3D('',#8978,#4269,#4270);
#3693=AXIS2_PLACEMENT_3D('',#9056,#4272,#4273);
#3694=AXIS2_PLACEMENT_3D('',#9140,#4275,#4276);
#3695=AXIS2_PLACEMENT_3D('',#9218,#4278,#4279);
#3696=AXIS2_PLACEMENT_3D('',#9296,#4281,#4282);
#3697=AXIS2_PLACEMENT_3D('',#9298,#4283,#4284);
#3698=AXIS2_PLACEMENT_3D('',#9302,#4287,#4288);
#3699=AXIS2_PLACEMENT_3D('',#9303,#4289,#4290);
#3700=AXIS2_PLACEMENT_3D('',#9305,#4291,#4292);
#3701=AXIS2_PLACEMENT_3D('',#9306,#4293,#4294);
#3702=AXIS2_PLACEMENT_3D('',#9309,#4296,#4297);
#3703=AXIS2_PLACEMENT_3D('',#9310,#4298,#4299);
#3704=AXIS2_PLACEMENT_3D('',#9312,#4300,#4301);
#3705=AXIS2_PLACEMENT_3D('',#9313,#4302,#4303);
#3706=AXIS2_PLACEMENT_3D('',#9317,#4306,#4307);
#3707=AXIS2_PLACEMENT_3D('',#9318,#4308,#4309);
#3708=AXIS2_PLACEMENT_3D('',#9319,#4310,#4311);
#3709=AXIS2_PLACEMENT_3D('',#9321,#4312,#4313);
#3710=AXIS2_PLACEMENT_3D('',#9325,#4316,#4317);
#3711=AXIS2_PLACEMENT_3D('',#9326,#4318,#4319);
#3712=AXIS2_PLACEMENT_3D('',#9328,#4320,#4321);
#3713=AXIS2_PLACEMENT_3D('',#9329,#4322,#4323);
#3714=AXIS2_PLACEMENT_3D('',#9331,#4324,#4325);
#3715=AXIS2_PLACEMENT_3D('',#9333,#4327,#4328);
#3716=AXIS2_PLACEMENT_3D('',#9335,#4329,#4330);
#3717=AXIS2_PLACEMENT_3D('',#9336,#4331,#4332);
#3718=AXIS2_PLACEMENT_3D('',#9338,#4333,#4334);
#3719=AXIS2_PLACEMENT_3D('',#9341,#4337,#4338);
#3720=AXIS2_PLACEMENT_3D('',#9342,#4339,#4340);
#3721=DIRECTION('axis',(0.,0.,1.));
#3722=DIRECTION('refdir',(1.,0.,0.));
#3723=DIRECTION('center_axis',(1.,0.,0.));
#3724=DIRECTION('ref_axis',(0.,0.,-1.));
#3725=DIRECTION('center_axis',(1.,0.,0.));
#3726=DIRECTION('ref_axis',(0.,0.,-1.));
#3727=DIRECTION('',(1.,0.,0.));
#3728=DIRECTION('center_axis',(1.,0.,0.));
#3729=DIRECTION('ref_axis',(0.,0.,-1.));
#3730=DIRECTION('center_axis',(-1.,0.,0.));
#3731=DIRECTION('ref_axis',(0.,0.,1.));
#3732=DIRECTION('center_axis',(1.,0.,0.));
#3733=DIRECTION('ref_axis',(0.,0.,-1.));
#3734=DIRECTION('center_axis',(1.,0.,0.));
#3735=DIRECTION('ref_axis',(0.,0.,-1.));
#3736=DIRECTION('center_axis',(1.,0.,0.));
#3737=DIRECTION('ref_axis',(0.,0.,-1.));
#3738=DIRECTION('center_axis',(1.,0.,0.));
#3739=DIRECTION('ref_axis',(0.,0.,-1.));
#3740=DIRECTION('',(-1.,0.,0.));
#3741=DIRECTION('center_axis',(1.,0.,0.));
#3742=DIRECTION('ref_axis',(0.,0.,-1.));
#3743=DIRECTION('center_axis',(0.,-1.,-1.22464679914735E-16));
#3744=DIRECTION('ref_axis',(0.,-1.22464679914735E-16,1.));
#3745=DIRECTION('center_axis',(1.,0.,0.));
#3746=DIRECTION('ref_axis',(0.,0.,-1.));
#3747=DIRECTION('center_axis',(0.,-1.,-1.22464679914735E-16));
#3748=DIRECTION('ref_axis',(0.,-1.22464679914735E-16,1.));
#3749=DIRECTION('center_axis',(-1.,0.,0.));
#3750=DIRECTION('ref_axis',(0.,0.,-1.));
#3751=DIRECTION('',(-0.0119118179238484,-1.22455991263689E-16,0.99992905178005));
#3752=DIRECTION('center_axis',(0.,1.,0.));
#3753=DIRECTION('ref_axis',(1.,0.,0.));
#3754=DIRECTION('',(0.,1.,0.));
#3755=DIRECTION('center_axis',(0.,1.,0.));
#3756=DIRECTION('ref_axis',(1.,0.,0.));
#3757=DIRECTION('',(0.,1.,0.));
#3758=DIRECTION('center_axis',(0.,2.22044604925031E-16,1.));
#3759=DIRECTION('ref_axis',(1.,0.,0.));
#3760=DIRECTION('',(0.,2.22044604925031E-16,1.));
#3761=DIRECTION('center_axis',(0.,2.22044604925031E-16,1.));
#3762=DIRECTION('ref_axis',(1.,0.,0.));
#3763=DIRECTION('',(0.,2.22044604925031E-16,1.));
#3764=DIRECTION('center_axis',(1.,0.,0.));
#3765=DIRECTION('ref_axis',(0.,0.,-1.));
#3766=DIRECTION('center_axis',(1.,0.,0.));
#3767=DIRECTION('ref_axis',(0.,0.,-1.));
#3768=DIRECTION('',(-1.,0.,0.));
#3769=DIRECTION('',(-1.,0.,0.));
#3770=DIRECTION('center_axis',(1.,0.,0.));
#3771=DIRECTION('ref_axis',(0.,0.,-1.));
#3772=DIRECTION('center_axis',(-1.,0.,0.));
#3773=DIRECTION('ref_axis',(0.,0.,1.));
#3774=DIRECTION('center_axis',(1.,0.,0.));
#3775=DIRECTION('ref_axis',(0.,0.,-1.));
#3776=DIRECTION('center_axis',(1.,0.,0.));
#3777=DIRECTION('ref_axis',(0.,0.,-1.));
#3778=DIRECTION('center_axis',(1.,0.,0.));
#3779=DIRECTION('ref_axis',(0.,0.,-1.));
#3780=DIRECTION('',(-1.,0.,0.));
#3781=DIRECTION('',(-1.,0.,0.));
#3782=DIRECTION('center_axis',(1.,0.,0.));
#3783=DIRECTION('ref_axis',(0.,0.,-1.));
#3784=DIRECTION('center_axis',(0.,2.22044604925031E-16,1.));
#3785=DIRECTION('ref_axis',(1.,0.,0.));
#3786=DIRECTION('',(0.,2.22044604925031E-16,1.));
#3787=DIRECTION('center_axis',(0.,2.22044604925031E-16,1.));
#3788=DIRECTION('ref_axis',(1.,0.,0.));
#3789=DIRECTION('',(0.,2.22044604925031E-16,1.));
#3790=DIRECTION('center_axis',(0.,1.,0.));
#3791=DIRECTION('ref_axis',(1.,0.,0.));
#3792=DIRECTION('',(0.,1.,0.));
#3793=DIRECTION('center_axis',(0.,1.,0.));
#3794=DIRECTION('ref_axis',(1.,0.,0.));
#3795=DIRECTION('',(0.,1.,0.));
#3796=DIRECTION('center_axis',(0.,2.22044604925031E-16,1.));
#3797=DIRECTION('ref_axis',(1.,0.,0.));
#3798=DIRECTION('',(0.,2.22044604925031E-16,1.));
#3799=DIRECTION('center_axis',(0.,2.22044604925031E-16,1.));
#3800=DIRECTION('ref_axis',(1.,0.,0.));
#3801=DIRECTION('',(0.,2.22044604925031E-16,1.));
#3802=DIRECTION('center_axis',(0.,1.,0.));
#3803=DIRECTION('ref_axis',(1.,0.,0.));
#3804=DIRECTION('',(0.,1.,0.));
#3805=DIRECTION('center_axis',(0.,1.,0.));
#3806=DIRECTION('ref_axis',(1.,0.,0.));
#3807=DIRECTION('',(0.,1.,0.));
#3808=DIRECTION('center_axis',(-1.,0.,0.));
#3809=DIRECTION('ref_axis',(0.,0.,1.));
#3810=DIRECTION('center_axis',(1.,0.,0.));
#3811=DIRECTION('ref_axis',(0.,0.,-1.));
#3812=DIRECTION('center_axis',(1.,0.,0.));
#3813=DIRECTION('ref_axis',(0.,0.,-1.));
#3814=DIRECTION('center_axis',(1.,0.,0.));
#3815=DIRECTION('ref_axis',(0.,0.,-1.));
#3816=DIRECTION('center_axis',(1.,0.,0.));
#3817=DIRECTION('ref_axis',(0.,0.,-1.));
#3818=DIRECTION('',(-1.,0.,0.));
#3819=DIRECTION('',(-1.,0.,0.));
#3820=DIRECTION('',(-1.,0.,0.));
#3821=DIRECTION('center_axis',(1.,0.,0.));
#3822=DIRECTION('ref_axis',(0.,0.,-1.));
#3823=DIRECTION('center_axis',(1.,0.,0.));
#3824=DIRECTION('ref_axis',(0.,0.,-1.));
#3825=DIRECTION('center_axis',(1.,0.,0.));
#3826=DIRECTION('ref_axis',(0.,0.,-1.));
#3827=DIRECTION('',(-1.,0.,0.));
#3828=DIRECTION('',(-1.,0.,0.));
#3829=DIRECTION('',(-1.,0.,0.));
#3830=DIRECTION('center_axis',(0.,2.22044604925031E-16,1.));
#3831=DIRECTION('ref_axis',(1.,0.,0.));
#3832=DIRECTION('',(0.,2.22044604925031E-16,1.));
#3833=DIRECTION('center_axis',(0.,2.22044604925031E-16,1.));
#3834=DIRECTION('ref_axis',(1.,0.,0.));
#3835=DIRECTION('',(0.,2.22044604925031E-16,1.));
#3836=DIRECTION('center_axis',(0.,2.22044604925031E-16,1.));
#3837=DIRECTION('ref_axis',(1.,0.,0.));
#3838=DIRECTION('',(0.,2.22044604925031E-16,1.));
#3839=DIRECTION('center_axis',(0.,2.22044604925031E-16,1.));
#3840=DIRECTION('ref_axis',(1.,0.,0.));
#3841=DIRECTION('',(0.,2.22044604925031E-16,1.));
#3842=DIRECTION('center_axis',(0.,1.,0.));
#3843=DIRECTION('ref_axis',(1.,0.,0.));
#3844=DIRECTION('',(0.,1.,0.));
#3845=DIRECTION('center_axis',(0.,1.,0.));
#3846=DIRECTION('ref_axis',(1.,0.,0.));
#3847=DIRECTION('',(0.,1.,0.));
#3848=DIRECTION('center_axis',(0.,1.,0.));
#3849=DIRECTION('ref_axis',(1.,0.,0.));
#3850=DIRECTION('',(0.,1.,0.));
#3851=DIRECTION('center_axis',(0.,1.,0.));
#3852=DIRECTION('ref_axis',(1.,0.,0.));
#3853=DIRECTION('',(0.,1.,0.));
#3854=DIRECTION('center_axis',(-1.,0.,0.));
#3855=DIRECTION('ref_axis',(0.,0.,-1.));
#3856=DIRECTION('center_axis',(-1.,0.,0.));
#3857=DIRECTION('ref_axis',(0.,0.,-1.));
#3858=DIRECTION('',(0.0948973043914554,1.21912005084305E-16,-0.995487067529878));
#3859=DIRECTION('center_axis',(1.,0.,0.));
#3860=DIRECTION('ref_axis',(0.,0.,-1.));
#3861=DIRECTION('center_axis',(1.,0.,0.));
#3862=DIRECTION('ref_axis',(0.,0.,-1.));
#3863=DIRECTION('center_axis',(-1.,0.,0.));
#3864=DIRECTION('ref_axis',(0.,0.,-1.));
#3865=DIRECTION('',(1.,0.,0.));
#3866=DIRECTION('center_axis',(-1.,0.,0.));
#3867=DIRECTION('ref_axis',(0.,0.,1.));
#3868=DIRECTION('center_axis',(-1.,0.,0.));
#3869=DIRECTION('ref_axis',(0.,0.,-1.));
#3870=DIRECTION('center_axis',(1.,0.,0.));
#3871=DIRECTION('ref_axis',(0.,0.,-1.));
#3872=DIRECTION('',(1.,0.,0.));
#3873=DIRECTION('',(1.,0.,0.));
#3874=DIRECTION('center_axis',(1.,0.,0.));
#3875=DIRECTION('ref_axis',(0.,0.,-1.));
#3876=DIRECTION('center_axis',(-1.,0.,0.));
#3877=DIRECTION('ref_axis',(0.,0.,-1.));
#3878=DIRECTION('',(0.0948958343584972,1.21912022245708E-16,-0.995487207663366));
#3879=DIRECTION('center_axis',(1.,0.,0.));
#3880=DIRECTION('ref_axis',(0.,0.,-1.));
#3881=DIRECTION('',(1.,0.,0.));
#3882=DIRECTION('',(1.,0.,0.));
#3883=DIRECTION('center_axis',(-1.,0.,0.));
#3884=DIRECTION('ref_axis',(0.,0.,-1.));
#3885=DIRECTION('center_axis',(-1.,0.,0.));
#3886=DIRECTION('ref_axis',(0.,0.,1.));
#3887=DIRECTION('center_axis',(1.,0.,0.));
#3888=DIRECTION('ref_axis',(0.,0.,-1.));
#3889=DIRECTION('center_axis',(1.,0.,0.));
#3890=DIRECTION('ref_axis',(0.,0.,-1.));
#3891=DIRECTION('center_axis',(1.,0.,0.));
#3892=DIRECTION('ref_axis',(0.,0.,-1.));
#3893=DIRECTION('',(-1.,0.,0.));
#3894=DIRECTION('',(-1.,0.,0.));
#3895=DIRECTION('center_axis',(-1.,0.,0.));
#3896=DIRECTION('ref_axis',(0.,0.,-1.));
#3897=DIRECTION('',(-0.0948958343584972,-1.21912022245708E-16,0.995487207663366));
#3898=DIRECTION('center_axis',(1.,0.,0.));
#3899=DIRECTION('ref_axis',(0.,0.,-1.));
#3900=DIRECTION('center_axis',(-1.,0.,0.));
#3901=DIRECTION('ref_axis',(0.,0.,1.));
#3902=DIRECTION('center_axis',(1.,0.,0.));
#3903=DIRECTION('ref_axis',(0.,0.,-1.));
#3904=DIRECTION('center_axis',(1.,0.,0.));
#3905=DIRECTION('ref_axis',(0.,0.,-1.));
#3906=DIRECTION('center_axis',(1.,0.,0.));
#3907=DIRECTION('ref_axis',(0.,0.,-1.));
#3908=DIRECTION('',(-1.,0.,0.));
#3909=DIRECTION('center_axis',(1.,0.,0.));
#3910=DIRECTION('ref_axis',(0.,0.,-1.));
#3911=DIRECTION('center_axis',(1.,0.,0.));
#3912=DIRECTION('ref_axis',(0.,0.,-1.));
#3913=DIRECTION('center_axis',(-1.,0.,0.));
#3914=DIRECTION('ref_axis',(0.,0.,-1.));
#3915=DIRECTION('center_axis',(1.,0.,0.));
#3916=DIRECTION('ref_axis',(0.,0.,-1.));
#3917=DIRECTION('',(-0.0948973043914554,-1.21912005084305E-16,0.995487067529878));
#3918=DIRECTION('center_axis',(1.,0.,0.));
#3919=DIRECTION('ref_axis',(0.,0.,-1.));
#3920=DIRECTION('center_axis',(1.,0.,0.));
#3921=DIRECTION('ref_axis',(0.,0.,-1.));
#3922=DIRECTION('',(-1.,0.,0.));
#3923=DIRECTION('',(-1.,0.,0.));
#3924=DIRECTION('center_axis',(1.,0.,0.));
#3925=DIRECTION('ref_axis',(0.,0.,-1.));
#3926=DIRECTION('center_axis',(0.,0.707106781186548,0.707106781186547));
#3927=DIRECTION('ref_axis',(1.,0.,0.));
#3928=DIRECTION('',(0.,0.707106781186548,0.707106781186547));
#3929=DIRECTION('center_axis',(0.,0.707106781186548,0.707106781186547));
#3930=DIRECTION('ref_axis',(1.,0.,0.));
#3931=DIRECTION('',(0.,0.707106781186548,0.707106781186547));
#3932=DIRECTION('center_axis',(0.,0.707106781186548,0.707106781186547));
#3933=DIRECTION('ref_axis',(1.,0.,0.));
#3934=DIRECTION('',(0.,0.707106781186548,0.707106781186547));
#3935=DIRECTION('center_axis',(0.,0.707106781186548,0.707106781186547));
#3936=DIRECTION('ref_axis',(1.,0.,0.));
#3937=DIRECTION('',(0.,0.707106781186548,0.707106781186547));
#3938=DIRECTION('center_axis',(0.,0.707106781186548,0.707106781186547));
#3939=DIRECTION('ref_axis',(1.,0.,0.));
#3940=DIRECTION('',(0.,0.707106781186548,0.707106781186547));
#3941=DIRECTION('center_axis',(0.,0.707106781186548,0.707106781186547));
#3942=DIRECTION('ref_axis',(1.,0.,0.));
#3943=DIRECTION('',(0.,0.707106781186548,0.707106781186547));
#3944=DIRECTION('center_axis',(0.,0.707106781186547,-0.707106781186548));
#3945=DIRECTION('ref_axis',(1.,0.,0.));
#3946=DIRECTION('',(0.,0.707106781186547,-0.707106781186548));
#3947=DIRECTION('center_axis',(0.,0.707106781186547,-0.707106781186548));
#3948=DIRECTION('ref_axis',(1.,0.,0.));
#3949=DIRECTION('',(0.,0.707106781186547,-0.707106781186548));
#3950=DIRECTION('center_axis',(0.,2.22044604925031E-16,1.));
#3951=DIRECTION('ref_axis',(1.,0.,0.));
#3952=DIRECTION('',(0.,2.22044604925031E-16,1.));
#3953=DIRECTION('center_axis',(0.,2.22044604925031E-16,1.));
#3954=DIRECTION('ref_axis',(1.,0.,0.));
#3955=DIRECTION('',(0.,2.22044604925031E-16,1.));
#3956=DIRECTION('center_axis',(0.,2.22044604925031E-16,1.));
#3957=DIRECTION('ref_axis',(1.,0.,0.));
#3958=DIRECTION('',(0.,2.22044604925031E-16,1.));
#3959=DIRECTION('center_axis',(0.,2.22044604925031E-16,1.));
#3960=DIRECTION('ref_axis',(1.,0.,0.));
#3961=DIRECTION('',(0.,2.22044604925031E-16,1.));
#3962=DIRECTION('center_axis',(0.,1.,0.));
#3963=DIRECTION('ref_axis',(1.,0.,0.));
#3964=DIRECTION('',(0.,1.,0.));
#3965=DIRECTION('center_axis',(0.,1.,0.));
#3966=DIRECTION('ref_axis',(1.,0.,0.));
#3967=DIRECTION('',(0.,1.,0.));
#3968=DIRECTION('center_axis',(0.,1.,0.));
#3969=DIRECTION('ref_axis',(1.,0.,0.));
#3970=DIRECTION('',(0.,1.,0.));
#3971=DIRECTION('center_axis',(0.,1.,0.));
#3972=DIRECTION('ref_axis',(1.,0.,0.));
#3973=DIRECTION('',(0.,1.,0.));
#3974=DIRECTION('center_axis',(1.,0.,0.));
#3975=DIRECTION('ref_axis',(0.,0.,-1.));
#3976=DIRECTION('center_axis',(1.,0.,0.));
#3977=DIRECTION('ref_axis',(0.,0.,-1.));
#3978=DIRECTION('center_axis',(1.,0.,0.));
#3979=DIRECTION('ref_axis',(0.,0.,-1.));
#3980=DIRECTION('center_axis',(1.,0.,0.));
#3981=DIRECTION('ref_axis',(0.,0.,-1.));
#3982=DIRECTION('',(-1.,0.,0.));
#3983=DIRECTION('',(-1.,0.,0.));
#3984=DIRECTION('',(-1.,0.,0.));
#3985=DIRECTION('center_axis',(1.,0.,0.));
#3986=DIRECTION('ref_axis',(0.,0.,-1.));
#3987=DIRECTION('center_axis',(-1.,0.,0.));
#3988=DIRECTION('ref_axis',(0.,0.,1.));
#3989=DIRECTION('center_axis',(1.,0.,0.));
#3990=DIRECTION('ref_axis',(0.,0.,-1.));
#3991=DIRECTION('center_axis',(1.,0.,0.));
#3992=DIRECTION('ref_axis',(0.,0.,-1.));
#3993=DIRECTION('',(-1.,0.,0.));
#3994=DIRECTION('',(-1.,0.,0.));
#3995=DIRECTION('',(-1.,0.,0.));
#3996=DIRECTION('center_axis',(0.,2.22044604925031E-16,1.));
#3997=DIRECTION('ref_axis',(1.,0.,0.));
#3998=DIRECTION('',(0.,2.22044604925031E-16,1.));
#3999=DIRECTION('center_axis',(0.,2.22044604925031E-16,1.));
#4000=DIRECTION('ref_axis',(1.,0.,0.));
#4001=DIRECTION('',(0.,2.22044604925031E-16,1.));
#4002=DIRECTION('center_axis',(0.,1.,0.));
#4003=DIRECTION('ref_axis',(1.,0.,0.));
#4004=DIRECTION('',(0.,1.,0.));
#4005=DIRECTION('center_axis',(0.,1.,0.));
#4006=DIRECTION('ref_axis',(1.,0.,0.));
#4007=DIRECTION('',(0.,1.,0.));
#4008=DIRECTION('center_axis',(1.,0.,0.));
#4009=DIRECTION('ref_axis',(0.,0.,-1.));
#4010=DIRECTION('center_axis',(1.,0.,0.));
#4011=DIRECTION('ref_axis',(0.,0.,-1.));
#4012=DIRECTION('',(-1.,0.,0.));
#4013=DIRECTION('',(-1.,0.,0.));
#4014=DIRECTION('center_axis',(1.,0.,0.));
#4015=DIRECTION('ref_axis',(0.,0.,-1.));
#4016=DIRECTION('center_axis',(-1.,0.,0.));
#4017=DIRECTION('ref_axis',(0.,0.,1.));
#4018=DIRECTION('center_axis',(1.,0.,0.));
#4019=DIRECTION('ref_axis',(0.,0.,-1.));
#4020=DIRECTION('center_axis',(1.,0.,0.));
#4021=DIRECTION('ref_axis',(0.,0.,-1.));
#4022=DIRECTION('center_axis',(1.,0.,0.));
#4023=DIRECTION('ref_axis',(0.,0.,-1.));
#4024=DIRECTION('',(-1.,0.,0.));
#4025=DIRECTION('',(-1.,0.,0.));
#4026=DIRECTION('center_axis',(1.,0.,0.));
#4027=DIRECTION('ref_axis',(0.,0.,-1.));
#4028=DIRECTION('center_axis',(0.,0.707106781186548,0.707106781186547));
#4029=DIRECTION('ref_axis',(1.,0.,0.));
#4030=DIRECTION('',(0.,0.707106781186548,0.707106781186547));
#4031=DIRECTION('center_axis',(0.,0.707106781186548,0.707106781186547));
#4032=DIRECTION('ref_axis',(1.,0.,0.));
#4033=DIRECTION('',(0.,0.707106781186548,0.707106781186547));
#4034=DIRECTION('center_axis',(1.,0.,0.));
#4035=DIRECTION('ref_axis',(0.,0.,-1.));
#4036=DIRECTION('center_axis',(1.,0.,0.));
#4037=DIRECTION('ref_axis',(0.,0.,-1.));
#4038=DIRECTION('',(1.,0.,0.));
#4039=DIRECTION('center_axis',(-1.,0.,0.));
#4040=DIRECTION('ref_axis',(0.,0.,-1.));
#4041=DIRECTION('center_axis',(0.,0.707106781186547,-0.707106781186548));
#4042=DIRECTION('ref_axis',(1.,0.,0.));
#4043=DIRECTION('',(0.,0.707106781186547,-0.707106781186548));
#4044=DIRECTION('center_axis',(0.,0.707106781186547,-0.707106781186548));
#4045=DIRECTION('ref_axis',(1.,0.,0.));
#4046=DIRECTION('',(0.,0.707106781186547,-0.707106781186548));
#4047=DIRECTION('center_axis',(-1.,0.,0.));
#4048=DIRECTION('ref_axis',(0.,0.,1.));
#4049=DIRECTION('center_axis',(1.,0.,0.));
#4050=DIRECTION('ref_axis',(0.,0.,-1.));
#4051=DIRECTION('center_axis',(1.,0.,0.));
#4052=DIRECTION('ref_axis',(0.,0.,-1.));
#4053=DIRECTION('center_axis',(1.,0.,0.));
#4054=DIRECTION('ref_axis',(0.,0.,-1.));
#4055=DIRECTION('',(-1.,0.,0.));
#4056=DIRECTION('center_axis',(1.,0.,0.));
#4057=DIRECTION('ref_axis',(0.,0.,-1.));
#4058=DIRECTION('center_axis',(1.,0.,0.));
#4059=DIRECTION('ref_axis',(0.,0.,-1.));
#4060=DIRECTION('center_axis',(1.,0.,0.));
#4061=DIRECTION('ref_axis',(0.,0.,-1.));
#4062=DIRECTION('',(1.,0.,0.));
#4063=DIRECTION('center_axis',(-1.,0.,0.));
#4064=DIRECTION('ref_axis',(0.,0.,-1.));
#4065=DIRECTION('center_axis',(0.,0.707106781186548,0.707106781186547));
#4066=DIRECTION('ref_axis',(1.,0.,0.));
#4067=DIRECTION('',(0.,0.707106781186548,0.707106781186547));
#4068=DIRECTION('center_axis',(0.,0.707106781186548,0.707106781186547));
#4069=DIRECTION('ref_axis',(1.,0.,0.));
#4070=DIRECTION('',(0.,0.707106781186548,0.707106781186547));
#4071=DIRECTION('center_axis',(1.,0.,0.));
#4072=DIRECTION('ref_axis',(0.,0.,-1.));
#4073=DIRECTION('',(1.,0.,0.));
#4074=DIRECTION('center_axis',(1.,0.,0.));
#4075=DIRECTION('ref_axis',(0.,0.,-1.));
#4076=DIRECTION('',(1.,0.,0.));
#4077=DIRECTION('center_axis',(1.,0.,0.));
#4078=DIRECTION('ref_axis',(0.,0.,-1.));
#4079=DIRECTION('center_axis',(1.,0.,0.));
#4080=DIRECTION('ref_axis',(0.,0.,-1.));
#4081=DIRECTION('center_axis',(1.,0.,0.));
#4082=DIRECTION('ref_axis',(0.,0.,-1.));
#4083=DIRECTION('',(1.,0.,0.));
#4084=DIRECTION('center_axis',(1.,0.,0.));
#4085=DIRECTION('ref_axis',(0.,0.,-1.));
#4086=DIRECTION('center_axis',(1.,0.,0.));
#4087=DIRECTION('ref_axis',(0.,0.,-1.));
#4088=DIRECTION('center_axis',(1.,0.,0.));
#4089=DIRECTION('ref_axis',(0.,0.,-1.));
#4090=DIRECTION('',(1.,0.,0.));
#4091=DIRECTION('center_axis',(1.,0.,0.));
#4092=DIRECTION('ref_axis',(0.,0.,-1.));
#4093=DIRECTION('center_axis',(-1.,0.,0.));
#4094=DIRECTION('ref_axis',(0.,0.,1.));
#4095=DIRECTION('center_axis',(1.,0.,0.));
#4096=DIRECTION('ref_axis',(0.,0.,-1.));
#4097=DIRECTION('center_axis',(1.,0.,0.));
#4098=DIRECTION('ref_axis',(0.,0.,-1.));
#4099=DIRECTION('center_axis',(1.,0.,0.));
#4100=DIRECTION('ref_axis',(0.,0.,-1.));
#4101=DIRECTION('center_axis',(1.,0.,0.));
#4102=DIRECTION('ref_axis',(0.,0.,-1.));
#4103=DIRECTION('center_axis',(0.,6.12323399573677E-17,-1.));
#4104=DIRECTION('ref_axis',(0.,1.,6.12323399573677E-17));
#4105=DIRECTION('',(-0.478852130680573,0.877895572914384,5.37556001677616E-17));
#4106=DIRECTION('',(1.,0.,0.));
#4107=DIRECTION('',(0.478852130680573,-0.877895572914384,-5.37556001677616E-17));
#4108=DIRECTION('',(-1.,0.,0.));
#4109=DIRECTION('center_axis',(-0.877895572914384,-0.478852130680573,-2.93212364551427E-17));
#4110=DIRECTION('ref_axis',(-0.478852130680573,0.877895572914384,5.37556001677616E-17));
#4111=DIRECTION('',(0.,6.12323399573677E-17,-1.));
#4112=DIRECTION('',(0.,6.12323399573677E-17,-1.));
#4113=DIRECTION('',(0.,-6.12323399573677E-17,1.));
#4114=DIRECTION('',(0.478852130680573,-0.877895572914384,-5.37556001677616E-17));
#4115=DIRECTION('center_axis',(0.,1.,6.12323399573677E-17));
#4116=DIRECTION('ref_axis',(1.,0.,0.));
#4117=DIRECTION('',(0.,6.12323399573677E-17,-1.));
#4118=DIRECTION('',(1.,0.,0.));
#4119=DIRECTION('',(-1.,0.,0.));
#4120=DIRECTION('',(1.,0.,0.));
#4121=DIRECTION('center_axis',(0.877895572914384,0.478852130680573,2.93212364551427E-17));
#4122=DIRECTION('ref_axis',(0.478852130680573,-0.877895572914384,-5.37556001677616E-17));
#4123=DIRECTION('',(0.,6.12323399573677E-17,-1.));
#4124=DIRECTION('',(-0.478852130680573,0.877895572914384,5.37556001677616E-17));
#4125=DIRECTION('center_axis',(0.,-1.,-6.12323399573677E-17));
#4126=DIRECTION('ref_axis',(-1.,0.,0.));
#4127=DIRECTION('',(1.,0.,0.));
#4128=DIRECTION('center_axis',(0.,-6.12323399573677E-17,1.));
#4129=DIRECTION('ref_axis',(0.,-1.,-6.12323399573677E-17));
#4130=DIRECTION('center_axis',(0.,-1.,0.));
#4131=DIRECTION('ref_axis',(0.,0.,-1.));
#4132=DIRECTION('',(0.478852130680573,0.,-0.877895572914384));
#4133=DIRECTION('',(1.,0.,0.));
#4134=DIRECTION('',(-0.478852130680573,0.,0.877895572914384));
#4135=DIRECTION('',(-1.,0.,0.));
#4136=DIRECTION('center_axis',(0.,0.,-1.));
#4137=DIRECTION('ref_axis',(-1.,0.,0.));
#4138=DIRECTION('',(0.,-1.,0.));
#4139=DIRECTION('',(-1.,0.,0.));
#4140=DIRECTION('',(0.,1.,0.));
#4141=DIRECTION('center_axis',(0.877895572914384,0.,0.478852130680573));
#4142=DIRECTION('ref_axis',(0.478852130680573,0.,-0.877895572914384));
#4143=DIRECTION('',(0.478852130680573,0.,-0.877895572914384));
#4144=DIRECTION('',(0.,1.,0.));
#4145=DIRECTION('center_axis',(0.,0.,1.));
#4146=DIRECTION('ref_axis',(1.,0.,0.));
#4147=DIRECTION('',(1.,0.,0.));
#4148=DIRECTION('',(0.,1.,0.));
#4149=DIRECTION('',(1.,0.,0.));
#4150=DIRECTION('',(0.,1.,0.));
#4151=DIRECTION('',(1.,0.,0.));
#4152=DIRECTION('center_axis',(-0.877895572914384,0.,-0.478852130680573));
#4153=DIRECTION('ref_axis',(-0.478852130680573,0.,0.877895572914384));
#4154=DIRECTION('',(-0.478852130680573,0.,0.877895572914384));
#4155=DIRECTION('center_axis',(0.,1.,0.));
#4156=DIRECTION('ref_axis',(0.,0.,1.));
#4157=DIRECTION('center_axis',(0.,-1.,-1.22464679914735E-16));
#4158=DIRECTION('ref_axis',(0.,1.22464679914735E-16,-1.));
#4159=DIRECTION('',(-0.478852130680573,1.07511200335523E-16,-0.877895572914384));
#4160=DIRECTION('',(1.,0.,0.));
#4161=DIRECTION('',(0.478852130680573,-1.07511200335523E-16,0.877895572914384));
#4162=DIRECTION('',(-1.,0.,0.));
#4163=DIRECTION('center_axis',(-0.877895572914384,-5.86424729102854E-17,
0.478852130680573));
#4164=DIRECTION('ref_axis',(-0.478852130680573,1.07511200335523E-16,-0.877895572914384));
#4165=DIRECTION('',(0.,-1.,-1.22464679914735E-16));
#4166=DIRECTION('',(0.,-1.,-1.22464679914735E-16));
#4167=DIRECTION('',(0.,1.,1.22464679914735E-16));
#4168=DIRECTION('',(0.478852130680573,-1.07511200335523E-16,0.877895572914384));
#4169=DIRECTION('center_axis',(0.,1.22464679914735E-16,-1.));
#4170=DIRECTION('ref_axis',(1.,0.,0.));
#4171=DIRECTION('',(0.,-1.,-1.22464679914735E-16));
#4172=DIRECTION('',(1.,0.,0.));
#4173=DIRECTION('',(-1.,0.,0.));
#4174=DIRECTION('',(1.,0.,0.));
#4175=DIRECTION('center_axis',(0.877895572914384,5.86424729102854E-17,-0.478852130680573));
#4176=DIRECTION('ref_axis',(0.478852130680573,-1.07511200335523E-16,0.877895572914384));
#4177=DIRECTION('',(0.,-1.,-1.22464679914735E-16));
#4178=DIRECTION('',(-0.478852130680573,1.07511200335523E-16,-0.877895572914384));
#4179=DIRECTION('center_axis',(0.,-1.22464679914735E-16,1.));
#4180=DIRECTION('ref_axis',(-1.,0.,0.));
#4181=DIRECTION('',(1.,0.,0.));
#4182=DIRECTION('center_axis',(0.,1.,1.22464679914735E-16));
#4183=DIRECTION('ref_axis',(0.,-1.22464679914735E-16,1.));
#4184=DIRECTION('center_axis',(1.,0.,0.));
#4185=DIRECTION('ref_axis',(0.,0.,-1.));
#4186=DIRECTION('center_axis',(1.,0.,0.));
#4187=DIRECTION('ref_axis',(0.,0.,-1.));
#4188=DIRECTION('',(1.,0.,0.));
#4189=DIRECTION('center_axis',(-1.,0.,0.));
#4190=DIRECTION('ref_axis',(0.,0.,-1.));
#4191=DIRECTION('center_axis',(0.,0.707106781186547,0.707106781186548));
#4192=DIRECTION('ref_axis',(1.,0.,0.));
#4193=DIRECTION('',(0.,0.707106781186547,0.707106781186548));
#4194=DIRECTION('center_axis',(0.,0.707106781186547,0.707106781186548));
#4195=DIRECTION('ref_axis',(1.,0.,0.));
#4196=DIRECTION('',(0.,0.707106781186547,0.707106781186548));
#4197=DIRECTION('center_axis',(1.,0.,0.));
#4198=DIRECTION('ref_axis',(0.,0.,-1.));
#4199=DIRECTION('',(1.,0.,0.));
#4200=DIRECTION('center_axis',(1.,0.,0.));
#4201=DIRECTION('ref_axis',(0.,0.,-1.));
#4202=DIRECTION('',(1.,0.,0.));
#4203=DIRECTION('center_axis',(1.,0.,0.));
#4204=DIRECTION('ref_axis',(0.,0.,-1.));
#4205=DIRECTION('center_axis',(1.,0.,0.));
#4206=DIRECTION('ref_axis',(0.,0.,-1.));
#4207=DIRECTION('',(1.,0.,0.));
#4208=DIRECTION('center_axis',(1.,0.,0.));
#4209=DIRECTION('ref_axis',(0.,0.,-1.));
#4210=DIRECTION('center_axis',(1.,0.,0.));
#4211=DIRECTION('ref_axis',(0.,0.,-1.));
#4212=DIRECTION('center_axis',(1.,0.,0.));
#4213=DIRECTION('ref_axis',(0.,0.,-1.));
#4214=DIRECTION('',(1.,0.,0.));
#4215=DIRECTION('center_axis',(1.,0.,0.));
#4216=DIRECTION('ref_axis',(0.,0.,-1.));
#4217=DIRECTION('center_axis',(1.,0.,0.));
#4218=DIRECTION('ref_axis',(0.,0.,-1.));
#4219=DIRECTION('center_axis',(-1.,0.,0.));
#4220=DIRECTION('ref_axis',(0.,0.,1.));
#4221=DIRECTION('center_axis',(1.,0.,0.));
#4222=DIRECTION('ref_axis',(0.,0.,-1.));
#4223=DIRECTION('center_axis',(1.,0.,0.));
#4224=DIRECTION('ref_axis',(0.,0.,-1.));
#4225=DIRECTION('center_axis',(1.,0.,0.));
#4226=DIRECTION('ref_axis',(0.,0.,-1.));
#4227=DIRECTION('center_axis',(-1.,0.,0.));
#4228=DIRECTION('ref_axis',(0.,0.,-1.));
#4229=DIRECTION('',(-0.0232223122298551,-1.22431654343446E-16,0.999730325745248));
#4230=DIRECTION('center_axis',(0.,-1.83697019872103E-16,1.));
#4231=DIRECTION('ref_axis',(0.,-1.,-1.83697019872103E-16));
#4232=DIRECTION('',(-0.478852130680573,-0.877895572914384,-1.61266800503285E-16));
#4233=DIRECTION('',(1.,0.,0.));
#4234=DIRECTION('',(0.478852130680573,0.877895572914384,1.61266800503285E-16));
#4235=DIRECTION('',(-1.,0.,0.));
#4236=DIRECTION('center_axis',(-0.877895572914384,0.478852130680573,8.79637093654281E-17));
#4237=DIRECTION('ref_axis',(-0.478852130680573,-0.877895572914384,-1.61266800503285E-16));
#4238=DIRECTION('',(0.,-1.83697019872103E-16,1.));
#4239=DIRECTION('',(0.,-1.83697019872103E-16,1.));
#4240=DIRECTION('',(0.,1.83697019872103E-16,-1.));
#4241=DIRECTION('',(0.478852130680573,0.877895572914384,1.61266800503285E-16));
#4242=DIRECTION('center_axis',(0.,-1.,-1.83697019872103E-16));
#4243=DIRECTION('ref_axis',(1.,0.,0.));
#4244=DIRECTION('',(0.,-1.83697019872103E-16,1.));
#4245=DIRECTION('',(1.,0.,0.));
#4246=DIRECTION('',(-1.,0.,0.));
#4247=DIRECTION('',(1.,0.,0.));
#4248=DIRECTION('center_axis',(0.877895572914384,-0.478852130680573,-8.79637093654281E-17));
#4249=DIRECTION('ref_axis',(0.478852130680573,0.877895572914384,1.61266800503285E-16));
#4250=DIRECTION('',(0.,-1.83697019872103E-16,1.));
#4251=DIRECTION('',(-0.478852130680573,-0.877895572914384,-1.61266800503285E-16));
#4252=DIRECTION('center_axis',(0.,1.,1.83697019872103E-16));
#4253=DIRECTION('ref_axis',(-1.,0.,0.));
#4254=DIRECTION('',(1.,0.,0.));
#4255=DIRECTION('center_axis',(0.,1.83697019872103E-16,-1.));
#4256=DIRECTION('ref_axis',(0.,1.,1.83697019872103E-16));
#4257=DIRECTION('center_axis',(0.,2.22044604925031E-16,1.));
#4258=DIRECTION('ref_axis',(1.,0.,0.));
#4259=DIRECTION('',(0.,2.22044604925031E-16,1.));
#4260=DIRECTION('center_axis',(0.,2.22044604925031E-16,1.));
#4261=DIRECTION('ref_axis',(1.,0.,0.));
#4262=DIRECTION('',(0.,2.22044604925031E-16,1.));
#4263=DIRECTION('center_axis',(0.,1.,0.));
#4264=DIRECTION('ref_axis',(1.,0.,0.));
#4265=DIRECTION('',(0.,1.,0.));
#4266=DIRECTION('center_axis',(0.,1.,0.));
#4267=DIRECTION('ref_axis',(1.,0.,0.));
#4268=DIRECTION('',(0.,1.,0.));
#4269=DIRECTION('center_axis',(0.,2.22044604925031E-16,1.));
#4270=DIRECTION('ref_axis',(1.,0.,0.));
#4271=DIRECTION('',(0.,2.22044604925031E-16,1.));
#4272=DIRECTION('center_axis',(0.,2.22044604925031E-16,1.));
#4273=DIRECTION('ref_axis',(1.,0.,0.));
#4274=DIRECTION('',(0.,2.22044604925031E-16,1.));
#4275=DIRECTION('center_axis',(0.,1.,0.));
#4276=DIRECTION('ref_axis',(1.,0.,0.));
#4277=DIRECTION('',(0.,1.,0.));
#4278=DIRECTION('center_axis',(0.,1.,0.));
#4279=DIRECTION('ref_axis',(1.,0.,0.));
#4280=DIRECTION('',(0.,1.,0.));
#4281=DIRECTION('center_axis',(1.,0.,0.));
#4282=DIRECTION('ref_axis',(0.,0.,-1.));
#4283=DIRECTION('center_axis',(1.,0.,0.));
#4284=DIRECTION('ref_axis',(0.,0.,-1.));
#4285=DIRECTION('',(1.,0.,0.));
#4286=DIRECTION('',(1.,0.,0.));
#4287=DIRECTION('center_axis',(1.,0.,0.));
#4288=DIRECTION('ref_axis',(0.,0.,-1.));
#4289=DIRECTION('center_axis',(-1.,0.,0.));
#4290=DIRECTION('ref_axis',(0.,0.,1.));
#4291=DIRECTION('center_axis',(-1.,0.,0.));
#4292=DIRECTION('ref_axis',(0.,0.,-1.));
#4293=DIRECTION('center_axis',(1.,0.,0.));
#4294=DIRECTION('ref_axis',(0.,0.,-1.));
#4295=DIRECTION('',(1.,0.,0.));
#4296=DIRECTION('center_axis',(-1.,0.,0.));
#4297=DIRECTION('ref_axis',(0.,0.,-1.));
#4298=DIRECTION('center_axis',(1.,0.,0.));
#4299=DIRECTION('ref_axis',(0.,0.,-1.));
#4300=DIRECTION('center_axis',(1.,0.,0.));
#4301=DIRECTION('ref_axis',(0.,0.,-1.));
#4302=DIRECTION('center_axis',(1.,0.,0.));
#4303=DIRECTION('ref_axis',(0.,0.,-1.));
#4304=DIRECTION('',(1.,0.,0.));
#4305=DIRECTION('',(1.,0.,0.));
#4306=DIRECTION('center_axis',(-1.,0.,0.));
#4307=DIRECTION('ref_axis',(0.,0.,-1.));
#4308=DIRECTION('center_axis',(-1.,0.,0.));
#4309=DIRECTION('ref_axis',(0.,0.,1.));
#4310=DIRECTION('center_axis',(1.,0.,0.));
#4311=DIRECTION('ref_axis',(0.,0.,-1.));
#4312=DIRECTION('center_axis',(1.,0.,0.));
#4313=DIRECTION('ref_axis',(0.,0.,-1.));
#4314=DIRECTION('',(-1.,0.,0.));
#4315=DIRECTION('',(-1.,0.,0.));
#4316=DIRECTION('center_axis',(1.,0.,0.));
#4317=DIRECTION('ref_axis',(0.,0.,-1.));
#4318=DIRECTION('center_axis',(-1.,0.,0.));
#4319=DIRECTION('ref_axis',(0.,0.,1.));
#4320=DIRECTION('center_axis',(1.,0.,0.));
#4321=DIRECTION('ref_axis',(0.,0.,-1.));
#4322=DIRECTION('center_axis',(1.,0.,0.));
#4323=DIRECTION('ref_axis',(0.,0.,-1.));
#4324=DIRECTION('center_axis',(1.,0.,0.));
#4325=DIRECTION('ref_axis',(0.,0.,-1.));
#4326=DIRECTION('',(-1.,0.,0.));
#4327=DIRECTION('center_axis',(1.,0.,0.));
#4328=DIRECTION('ref_axis',(0.,0.,-1.));
#4329=DIRECTION('center_axis',(1.,0.,0.));
#4330=DIRECTION('ref_axis',(0.,0.,-1.));
#4331=DIRECTION('center_axis',(1.,0.,0.));
#4332=DIRECTION('ref_axis',(0.,0.,-1.));
#4333=DIRECTION('center_axis',(1.,0.,0.));
#4334=DIRECTION('ref_axis',(0.,0.,-1.));
#4335=DIRECTION('',(-1.,0.,0.));
#4336=DIRECTION('',(-1.,0.,0.));
#4337=DIRECTION('center_axis',(1.,0.,0.));
#4338=DIRECTION('ref_axis',(0.,0.,-1.));
#4339=DIRECTION('center_axis',(-1.,0.,0.));
#4340=DIRECTION('ref_axis',(0.,0.,1.));
#4341=CARTESIAN_POINT('',(0.,0.,0.));
#4342=CARTESIAN_POINT('Origin',(10.,0.,0.));
#4343=CARTESIAN_POINT('',(0.,-3.39839491873015E-15,27.7500004172325));
#4344=CARTESIAN_POINT('Origin',(0.,0.,0.));
#4345=CARTESIAN_POINT('',(20.,-3.39839491873015E-15,27.7500004172325));
#4346=CARTESIAN_POINT('',(10.,-3.39839491873015E-15,27.7500004172325));
#4347=CARTESIAN_POINT('Origin',(20.,0.,0.));
#4348=CARTESIAN_POINT('Origin',(0.,0.,-28.0000004172325));
#4349=CARTESIAN_POINT('',(-9.04224611852911E-16,-3.42901108870884E-15,28.0000004172325));
#4350=CARTESIAN_POINT('Origin',(0.,0.,0.));
#4351=CARTESIAN_POINT('Origin',(20.,0.,-26.5000004172325));
#4352=CARTESIAN_POINT('',(20.,-3.24531406883673E-15,26.5000004172325));
#4353=CARTESIAN_POINT('Origin',(20.,0.,0.));
#4354=CARTESIAN_POINT('Origin',(9.27770672610357,0.,0.));
#4355=CARTESIAN_POINT('',(-1.44458654779286,-3.24531406883673E-15,26.5000004172325));
#4356=CARTESIAN_POINT('',(9.27770672610357,-3.24531406883673E-15,26.5000004172325));
#4357=CARTESIAN_POINT('Origin',(-1.44458654779286,0.,0.));
#4358=CARTESIAN_POINT('Ctrl Pts',(-125.,0.,0.));
#4359=CARTESIAN_POINT('Ctrl Pts',(-125.,0.,0.));
#4360=CARTESIAN_POINT('Ctrl Pts',(-125.,0.,0.));
#4361=CARTESIAN_POINT('Ctrl Pts',(-125.,0.,0.));
#4362=CARTESIAN_POINT('Ctrl Pts',(-125.,0.,0.));
#4363=CARTESIAN_POINT('Ctrl Pts',(-125.,0.,0.));
#4364=CARTESIAN_POINT('Ctrl Pts',(-125.,0.,0.));
#4365=CARTESIAN_POINT('Ctrl Pts',(-125.,0.,0.));
#4366=CARTESIAN_POINT('Ctrl Pts',(-125.,0.,0.));
#4367=CARTESIAN_POINT('Ctrl Pts',(-66.0641356606121,0.,26.5000004172325));
#4368=CARTESIAN_POINT('Ctrl Pts',(-66.0641356606121,-26.5000004172325,26.5000004172325));
#4369=CARTESIAN_POINT('Ctrl Pts',(-66.0641356606121,-26.5000004172325,0.));
#4370=CARTESIAN_POINT('Ctrl Pts',(-66.0641356606121,-26.5000004172325,-26.5000004172325));
#4371=CARTESIAN_POINT('Ctrl Pts',(-66.0641356606121,0.,-26.5000004172325));
#4372=CARTESIAN_POINT('Ctrl Pts',(-66.0641356606121,26.5000004172325,-26.5000004172325));
#4373=CARTESIAN_POINT('Ctrl Pts',(-66.0641356606121,26.5000004172325,0.));
#4374=CARTESIAN_POINT('Ctrl Pts',(-66.0641356606121,26.5000004172325,26.5000004172325));
#4375=CARTESIAN_POINT('Ctrl Pts',(-66.0641356606121,0.,26.5000004172325));
#4376=CARTESIAN_POINT('Ctrl Pts',(-1.44458654779286,0.,26.5000004172325));
#4377=CARTESIAN_POINT('Ctrl Pts',(-1.44458654779286,-26.5000004172325,26.5000004172325));
#4378=CARTESIAN_POINT('Ctrl Pts',(-1.44458654779286,-26.5000004172325,0.));
#4379=CARTESIAN_POINT('Ctrl Pts',(-1.44458654779286,-26.5000004172325,-26.5000004172325));
#4380=CARTESIAN_POINT('Ctrl Pts',(-1.44458654779286,0.,-26.5000004172325));
#4381=CARTESIAN_POINT('Ctrl Pts',(-1.44458654779286,26.5000004172325,-26.5000004172325));
#4382=CARTESIAN_POINT('Ctrl Pts',(-1.44458654779286,26.5000004172325,0.));
#4383=CARTESIAN_POINT('Ctrl Pts',(-1.44458654779286,26.5000004172325,26.5000004172325));
#4384=CARTESIAN_POINT('Ctrl Pts',(-1.44458654779286,0.,26.5000004172325));
#4385=CARTESIAN_POINT('',(-125.,0.,0.));
#4386=CARTESIAN_POINT('Origin',(-1.44458654779286,3.36516533418159E-14,
-274.786602677976));
#4387=CARTESIAN_POINT('Ctrl Pts',(-130.,0.,0.));
#4388=CARTESIAN_POINT('Ctrl Pts',(-130.,0.,0.));
#4389=CARTESIAN_POINT('Ctrl Pts',(-130.,0.,0.));
#4390=CARTESIAN_POINT('Ctrl Pts',(-130.,0.,0.));
#4391=CARTESIAN_POINT('Ctrl Pts',(-130.,0.,0.));
#4392=CARTESIAN_POINT('Ctrl Pts',(-130.,0.,0.));
#4393=CARTESIAN_POINT('Ctrl Pts',(-130.,0.,0.));
#4394=CARTESIAN_POINT('Ctrl Pts',(-130.,0.,0.));
#4395=CARTESIAN_POINT('Ctrl Pts',(-130.,0.,0.));
#4396=CARTESIAN_POINT('Ctrl Pts',(-68.4740856404935,0.,30.));
#4397=CARTESIAN_POINT('Ctrl Pts',(-68.4740856404935,-30.,30.));
#4398=CARTESIAN_POINT('Ctrl Pts',(-68.4740856404935,-30.,0.));
#4399=CARTESIAN_POINT('Ctrl Pts',(-68.4740856404935,-30.,-30.));
#4400=CARTESIAN_POINT('Ctrl Pts',(-68.4740856404935,0.,-30.));
#4401=CARTESIAN_POINT('Ctrl Pts',(-68.4740856404935,30.,-30.));
#4402=CARTESIAN_POINT('Ctrl Pts',(-68.4740856404935,30.,0.));
#4403=CARTESIAN_POINT('Ctrl Pts',(-68.4740856404935,30.,30.));
#4404=CARTESIAN_POINT('Ctrl Pts',(-68.4740856404935,0.,30.));
#4405=CARTESIAN_POINT('Ctrl Pts',(-0.0238253212418305,0.,30.));
#4406=CARTESIAN_POINT('Ctrl Pts',(-0.0238253212418305,-30.,30.));
#4407=CARTESIAN_POINT('Ctrl Pts',(-0.0238253212418305,-30.,0.));
#4408=CARTESIAN_POINT('Ctrl Pts',(-0.0238253212418305,-30.,-30.));
#4409=CARTESIAN_POINT('Ctrl Pts',(-0.0238253212418305,0.,-30.));
#4410=CARTESIAN_POINT('Ctrl Pts',(-0.0238253212418305,30.,-30.));
#4411=CARTESIAN_POINT('Ctrl Pts',(-0.0238253212418305,30.,0.));
#4412=CARTESIAN_POINT('Ctrl Pts',(-0.0238253212418305,30.,30.));
#4413=CARTESIAN_POINT('Ctrl Pts',(-0.0238253212418305,0.,30.));
#4414=CARTESIAN_POINT('',(-0.0238253212418305,-3.67394039744206E-15,30.));
#4415=CARTESIAN_POINT('Origin',(-0.0238253212418305,0.,0.));
#4416=CARTESIAN_POINT('',(-130.,0.,0.));
#4417=CARTESIAN_POINT('Origin',(-0.0238253212418305,3.26446055077335E-14,
-266.563433068718));
#4418=CARTESIAN_POINT('Origin',(-0.0119126606209163,0.,0.));
#4419=CARTESIAN_POINT('',(-0.0119126606209163,-3.55147574307545E-15,29.0000002086163));
#4420=CARTESIAN_POINT('Origin',(229.999996379811,0.,-0.00850904022022169));
#4421=CARTESIAN_POINT('',(229.999996379811,-29.9338264135596,1.99149095977978));
#4422=CARTESIAN_POINT('',(227.999996379811,-29.9999987932705,-0.00850904022022309));
#4423=CARTESIAN_POINT('Ctrl Pts',(229.999996379811,-29.9338264135596,1.99149095977978));
#4424=CARTESIAN_POINT('Ctrl Pts',(230.251200669528,-29.9338264135596,1.99149095977977));
#4425=CARTESIAN_POINT('Ctrl Pts',(230.519098349124,-29.9372997732917,1.94127251318366));
#4426=CARTESIAN_POINT('Ctrl Pts',(231.011835998102,-29.9498380014303,1.73714143191018));
#4427=CARTESIAN_POINT('Ctrl Pts',(231.236682262618,-29.9587209390642,1.58323285858212));
#4428=CARTESIAN_POINT('Ctrl Pts',(231.591741570642,-29.9753762126366,1.22817223682692));
#4429=CARTESIAN_POINT('Ctrl Pts',(231.745649106463,-29.9842303886203,1.00332643556534));
#4430=CARTESIAN_POINT('Ctrl Pts',(231.949778553754,-29.9966670423739,0.510590131674254));
#4431=CARTESIAN_POINT('Ctrl Pts',(231.999996379811,-30.0000700430022,0.242693422923852));
#4432=CARTESIAN_POINT('Ctrl Pts',(231.999996379811,-29.9999275424913,-0.259715196871202));
#4433=CARTESIAN_POINT('Ctrl Pts',(231.949777233333,-29.9963724773662,-0.52761361074513));
#4434=CARTESIAN_POINT('Ctrl Pts',(231.745645568069,-29.9836559157704,-1.02035084573523));
#4435=CARTESIAN_POINT('Ctrl Pts',(231.591737203914,-29.9746738862312,-1.24519600334772));
#4436=CARTESIAN_POINT('Ctrl Pts',(231.236678465044,-29.9578166142884,-1.60025341724257));
#4437=CARTESIAN_POINT('Ctrl Pts',(231.011833887832,-29.9488460218229,-1.75416055060221));
#4438=CARTESIAN_POINT('Ctrl Pts',(230.51909836005,-29.9361914061783,-1.95829042508719));
#4439=CARTESIAN_POINT('Ctrl Pts',(230.251201043778,-29.932689345185,-2.00850904022021));
#4440=CARTESIAN_POINT('Ctrl Pts',(229.748791715844,-29.932689345185,-2.00850904022021));
#4441=CARTESIAN_POINT('Ctrl Pts',(229.480894399572,-29.9361914061783,-1.95829042508719));
#4442=CARTESIAN_POINT('Ctrl Pts',(228.98815887179,-29.9488460218229,-1.75416055060221));
#4443=CARTESIAN_POINT('Ctrl Pts',(228.763314294578,-29.9578166142884,-1.60025341724257));
#4444=CARTESIAN_POINT('Ctrl Pts',(228.408255555708,-29.9746738862312,-1.24519600334772));
#4445=CARTESIAN_POINT('Ctrl Pts',(228.254347191553,-29.9836559157704,-1.02035084573523));
#4446=CARTESIAN_POINT('Ctrl Pts',(228.050215526289,-29.9963724773662,-0.52761361074513));
#4447=CARTESIAN_POINT('Ctrl Pts',(227.999996379811,-29.9999275424913,-0.259715196871199));
#4448=CARTESIAN_POINT('Ctrl Pts',(227.999996379811,-29.9999987932705,-0.00850904022021884));
#4449=CARTESIAN_POINT('Ctrl Pts',(227.999996379811,-29.9999987932705,-0.00850904022022467));
#4450=CARTESIAN_POINT('Ctrl Pts',(227.999996379811,-30.0000700430022,0.242693422923849));
#4451=CARTESIAN_POINT('Ctrl Pts',(228.050214205869,-29.9966670423739,0.51059013167428));
#4452=CARTESIAN_POINT('Ctrl Pts',(228.254343653159,-29.9842303886203,1.00332643556536));
#4453=CARTESIAN_POINT('Ctrl Pts',(228.40825118898,-29.9753762126366,1.22817223682692));
#4454=CARTESIAN_POINT('Ctrl Pts',(228.763310497004,-29.9587209390642,1.58323285858212));
#4455=CARTESIAN_POINT('Ctrl Pts',(228.98815676152,-29.9498380014303,1.73714143191018));
#4456=CARTESIAN_POINT('Ctrl Pts',(229.480894410499,-29.9372997732917,1.94127251318366));
#4457=CARTESIAN_POINT('Ctrl Pts',(229.748792090094,-29.9338264135596,1.99149095977977));
#4458=CARTESIAN_POINT('Ctrl Pts',(229.999996379811,-29.9338264135596,1.99149095977977));
#4459=CARTESIAN_POINT('',(227.999996379811,-27.9999989156919,-0.00850904022022361));
#4460=CARTESIAN_POINT('',(227.999996379811,0.,-0.00850904022022145));
#4461=CARTESIAN_POINT('',(229.999996379811,-27.9290883388561,1.99149095977977));
#4462=CARTESIAN_POINT('Ctrl Pts',(229.999996379811,-27.9290883388561,1.99149095977977));
#4463=CARTESIAN_POINT('Ctrl Pts',(229.748780236552,-27.9290883388561,1.99149095977977));
#4464=CARTESIAN_POINT('Ctrl Pts',(229.480877438722,-27.9328114151916,1.94126788824864));
#4465=CARTESIAN_POINT('Ctrl Pts',(228.988142922188,-27.9462491664349,1.73713329228527));
#4466=CARTESIAN_POINT('Ctrl Pts',(228.763303968928,-27.9557686441614,1.58322642776053));
#4467=CARTESIAN_POINT('Ctrl Pts',(228.408257152105,-27.9736158625196,1.22817810269613));
#4468=CARTESIAN_POINT('Ctrl Pts',(228.254351462943,-27.983103152279,1.00333967261558));
#4469=CARTESIAN_POINT('Ctrl Pts',(228.050218731852,-27.9964289393619,0.510606670884114));
#4470=CARTESIAN_POINT('Ctrl Pts',(227.999996379811,-28.0000752582013,0.242704977652097));
#4471=CARTESIAN_POINT('Ctrl Pts',(227.999996379811,-27.9999989156919,-0.00850904022022418));
#4472=CARTESIAN_POINT('Ctrl Pts',(227.999996379811,-27.9999989156919,-0.00850904022022383));
#4473=CARTESIAN_POINT('Ctrl Pts',(227.999996379811,-27.9999225718935,-0.25972729921027));
#4474=CARTESIAN_POINT('Ctrl Pts',(228.050220248134,-27.9961133087016,-0.527630950495616));
#4475=CARTESIAN_POINT('Ctrl Pts',(228.254355526075,-27.9824875598557,-1.0203650213309));
#4476=CARTESIAN_POINT('Ctrl Pts',(228.408262166319,-27.9728632401245,-1.24520271204698));
#4477=CARTESIAN_POINT('Ctrl Pts',(228.763308328894,-27.9547995096695,-1.60024735346842));
#4478=CARTESIAN_POINT('Ctrl Pts',(228.988145344391,-27.9451860618143,-1.7541525643655));
#4479=CARTESIAN_POINT('Ctrl Pts',(229.480877424819,-27.9316235134296,-1.95828577478091));
#4480=CARTESIAN_POINT('Ctrl Pts',(229.748779805552,-27.9278696487552,-2.00850904022021));
#4481=CARTESIAN_POINT('Ctrl Pts',(230.251212954071,-27.9278696487552,-2.00850904022021));
#4482=CARTESIAN_POINT('Ctrl Pts',(230.519115334804,-27.9316235134296,-1.9582857747809));
#4483=CARTESIAN_POINT('Ctrl Pts',(231.011847415232,-27.9451860618143,-1.75415256436547));
#4484=CARTESIAN_POINT('Ctrl Pts',(231.236684430728,-27.9547995096695,-1.60024735346842));
#4485=CARTESIAN_POINT('Ctrl Pts',(231.591730593303,-27.9728632401245,-1.24520271204698));
#4486=CARTESIAN_POINT('Ctrl Pts',(231.745637233548,-27.9824875598557,-1.0203650213309));
#4487=CARTESIAN_POINT('Ctrl Pts',(231.949772511489,-27.9961133087016,-0.527630950495616));
#4488=CARTESIAN_POINT('Ctrl Pts',(231.999996379811,-27.9999225718935,-0.259727299210268));
#4489=CARTESIAN_POINT('Ctrl Pts',(231.999996379811,-28.0000752582013,0.242704977652099));
#4490=CARTESIAN_POINT('Ctrl Pts',(231.94977402777,-27.9964289393619,0.510606670884114));
#4491=CARTESIAN_POINT('Ctrl Pts',(231.745641296679,-27.983103152279,1.00333967261558));
#4492=CARTESIAN_POINT('Ctrl Pts',(231.591735607517,-27.9736158625196,1.22817810269613));
#4493=CARTESIAN_POINT('Ctrl Pts',(231.236688790694,-27.9557686441614,1.58322642776053));
#4494=CARTESIAN_POINT('Ctrl Pts',(231.011849837434,-27.9462491664349,1.73713329228527));
#4495=CARTESIAN_POINT('Ctrl Pts',(230.5191153209,-27.9328114151916,1.94126788824864));
#4496=CARTESIAN_POINT('Ctrl Pts',(230.25121252307,-27.9290883388561,1.99149095977977));
#4497=CARTESIAN_POINT('Ctrl Pts',(229.999996379811,-27.9290883388561,1.99149095977977));
#4498=CARTESIAN_POINT('Origin',(229.999996379811,0.,-0.00850904022022169));
#4499=CARTESIAN_POINT('',(229.999996379811,27.9290883388561,1.99149095977977));
#4500=CARTESIAN_POINT('',(227.999996379811,27.9999989156919,-0.00850904022022243));
#4501=CARTESIAN_POINT('Ctrl Pts',(229.999996379811,27.9290883388561,1.99149095977977));
#4502=CARTESIAN_POINT('Ctrl Pts',(230.25121252307,27.9290883388561,1.99149095977977));
#4503=CARTESIAN_POINT('Ctrl Pts',(230.5191153209,27.9328114151916,1.94126788824864));
#4504=CARTESIAN_POINT('Ctrl Pts',(231.011849837434,27.9462491664349,1.73713329228527));
#4505=CARTESIAN_POINT('Ctrl Pts',(231.236688790694,27.9557686441614,1.58322642776053));
#4506=CARTESIAN_POINT('Ctrl Pts',(231.591735607517,27.9736158625196,1.22817810269613));
#4507=CARTESIAN_POINT('Ctrl Pts',(231.745641296679,27.983103152279,1.00333967261558));
#4508=CARTESIAN_POINT('Ctrl Pts',(231.94977402777,27.9964289393619,0.510606670884114));
#4509=CARTESIAN_POINT('Ctrl Pts',(231.999996379811,28.0000752582013,0.242704977652099));
#4510=CARTESIAN_POINT('Ctrl Pts',(231.999996379811,27.9999225718935,-0.259727299210268));
#4511=CARTESIAN_POINT('Ctrl Pts',(231.949772511489,27.9961133087016,-0.527630950495616));
#4512=CARTESIAN_POINT('Ctrl Pts',(231.745637233548,27.9824875598557,-1.0203650213309));
#4513=CARTESIAN_POINT('Ctrl Pts',(231.591730593303,27.9728632401245,-1.24520271204698));
#4514=CARTESIAN_POINT('Ctrl Pts',(231.236684430728,27.9547995096695,-1.60024735346842));
#4515=CARTESIAN_POINT('Ctrl Pts',(231.011847415232,27.9451860618143,-1.75415256436546));
#4516=CARTESIAN_POINT('Ctrl Pts',(230.519115334804,27.9316235134296,-1.95828577478089));
#4517=CARTESIAN_POINT('Ctrl Pts',(230.251212954071,27.9278696487552,-2.00850904022021));
#4518=CARTESIAN_POINT('Ctrl Pts',(229.748779805552,27.9278696487552,-2.00850904022021));
#4519=CARTESIAN_POINT('Ctrl Pts',(229.480877424819,27.9316235134296,-1.95828577478091));
#4520=CARTESIAN_POINT('Ctrl Pts',(228.988145344391,27.9451860618143,-1.7541525643655));
#4521=CARTESIAN_POINT('Ctrl Pts',(228.763308328894,27.9547995096695,-1.60024735346842));
#4522=CARTESIAN_POINT('Ctrl Pts',(228.408262166319,27.9728632401245,-1.24520271204698));
#4523=CARTESIAN_POINT('Ctrl Pts',(228.254355526075,27.9824875598557,-1.02036502133093));
#4524=CARTESIAN_POINT('Ctrl Pts',(228.050220248134,27.9961133087016,-0.527630950495655));
#4525=CARTESIAN_POINT('Ctrl Pts',(227.999996379811,27.9999225718935,-0.259727299210267));
#4526=CARTESIAN_POINT('Ctrl Pts',(227.999996379811,27.9999989156919,-0.00850904022022064));
#4527=CARTESIAN_POINT('Ctrl Pts',(227.999996379811,27.9999989156919,-0.00850904022022377));
#4528=CARTESIAN_POINT('Ctrl Pts',(227.999996379811,28.0000752582013,0.242704977652098));
#4529=CARTESIAN_POINT('Ctrl Pts',(228.050218731852,27.9964289393619,0.510606670884135));
#4530=CARTESIAN_POINT('Ctrl Pts',(228.254351462943,27.983103152279,1.0033396726156));
#4531=CARTESIAN_POINT('Ctrl Pts',(228.408257152105,27.9736158625196,1.22817810269613));
#4532=CARTESIAN_POINT('Ctrl Pts',(228.763303968928,27.9557686441614,1.58322642776053));
#4533=CARTESIAN_POINT('Ctrl Pts',(228.988142922188,27.9462491664349,1.73713329228527));
#4534=CARTESIAN_POINT('Ctrl Pts',(229.480877438722,27.9328114151916,1.94126788824864));
#4535=CARTESIAN_POINT('Ctrl Pts',(229.748780236552,27.9290883388561,1.99149095977977));
#4536=CARTESIAN_POINT('Ctrl Pts',(229.999996379811,27.9290883388561,1.99149095977977));
#4537=CARTESIAN_POINT('',(227.999996379811,29.9999987932705,-0.00850904022022103));
#4538=CARTESIAN_POINT('',(227.999996379811,0.,-0.00850904022022145));
#4539=CARTESIAN_POINT('',(229.999996379811,29.9338264135596,1.99149095977978));
#4540=CARTESIAN_POINT('Ctrl Pts',(229.999996379811,29.9338264135596,1.99149095977978));
#4541=CARTESIAN_POINT('Ctrl Pts',(229.748792090094,29.9338264135596,1.99149095977978));
#4542=CARTESIAN_POINT('Ctrl Pts',(229.480894410499,29.9372997732917,1.94127251318366));
#4543=CARTESIAN_POINT('Ctrl Pts',(228.98815676152,29.9498380014303,1.73714143191018));
#4544=CARTESIAN_POINT('Ctrl Pts',(228.763310497004,29.9587209390642,1.58323285858212));
#4545=CARTESIAN_POINT('Ctrl Pts',(228.40825118898,29.9753762126366,1.22817223682692));
#4546=CARTESIAN_POINT('Ctrl Pts',(228.254343653159,29.9842303886203,1.00332643556534));
#4547=CARTESIAN_POINT('Ctrl Pts',(228.050214205869,29.9966670423739,0.510590131674253));
#4548=CARTESIAN_POINT('Ctrl Pts',(227.999996379811,30.0000700430022,0.242693422923852));
#4549=CARTESIAN_POINT('Ctrl Pts',(227.999996379811,29.9999987932705,-0.00850904022022224));
#4550=CARTESIAN_POINT('Ctrl Pts',(227.999996379811,29.9999987932706,-0.0085090402202205));
#4551=CARTESIAN_POINT('Ctrl Pts',(227.999996379811,29.9999275424913,-0.2597151968712));
#4552=CARTESIAN_POINT('Ctrl Pts',(228.050215526289,29.9963724773662,-0.52761361074513));
#4553=CARTESIAN_POINT('Ctrl Pts',(228.254347191553,29.9836559157704,-1.02035084573523));
#4554=CARTESIAN_POINT('Ctrl Pts',(228.408255555708,29.9746738862312,-1.24519600334772));
#4555=CARTESIAN_POINT('Ctrl Pts',(228.763314294578,29.9578166142884,-1.60025341724257));
#4556=CARTESIAN_POINT('Ctrl Pts',(228.98815887179,29.9488460218229,-1.75416055060223));
#4557=CARTESIAN_POINT('Ctrl Pts',(229.480894399572,29.9361914061783,-1.95829042508719));
#4558=CARTESIAN_POINT('Ctrl Pts',(229.748791715844,29.932689345185,-2.00850904022021));
#4559=CARTESIAN_POINT('Ctrl Pts',(230.251201043778,29.932689345185,-2.00850904022021));
#4560=CARTESIAN_POINT('Ctrl Pts',(230.51909836005,29.9361914061783,-1.95829042508719));
#4561=CARTESIAN_POINT('Ctrl Pts',(231.011833887832,29.9488460218229,-1.75416055060221));
#4562=CARTESIAN_POINT('Ctrl Pts',(231.236678465044,29.9578166142884,-1.60025341724257));
#4563=CARTESIAN_POINT('Ctrl Pts',(231.591737203914,29.9746738862312,-1.24519600334772));
#4564=CARTESIAN_POINT('Ctrl Pts',(231.745645568069,29.9836559157704,-1.02035084573522));
#4565=CARTESIAN_POINT('Ctrl Pts',(231.949777233333,29.9963724773662,-0.527613610745116));
#4566=CARTESIAN_POINT('Ctrl Pts',(231.999996379811,29.9999275424913,-0.259715196871201));
#4567=CARTESIAN_POINT('Ctrl Pts',(231.999996379811,30.0000700430022,0.242693422923852));
#4568=CARTESIAN_POINT('Ctrl Pts',(231.949778553754,29.9966670423739,0.510590131674254));
#4569=CARTESIAN_POINT('Ctrl Pts',(231.745649106463,29.9842303886203,1.00332643556534));
#4570=CARTESIAN_POINT('Ctrl Pts',(231.591741570642,29.9753762126366,1.22817223682692));
#4571=CARTESIAN_POINT('Ctrl Pts',(231.236682262618,29.9587209390642,1.58323285858212));
#4572=CARTESIAN_POINT('Ctrl Pts',(231.011835998102,29.9498380014303,1.73714143191018));
#4573=CARTESIAN_POINT('Ctrl Pts',(230.519098349124,29.9372997732917,1.94127251318366));
#4574=CARTESIAN_POINT('Ctrl Pts',(230.251200669528,29.9338264135596,1.99149095977977));
#4575=CARTESIAN_POINT('Ctrl Pts',(229.999996379811,29.9338264135596,1.99149095977977));
#4576=CARTESIAN_POINT('Origin',(229.999996379811,0.,-0.00850904022022169));
#4577=CARTESIAN_POINT('',(229.999996379811,-2.,-29.9332590941915));
#4578=CARTESIAN_POINT('',(227.999996379811,-6.90437812110642E-15,-30.));
#4579=CARTESIAN_POINT('Ctrl Pts',(229.999996379811,-2.,-29.9332590941915));
#4580=CARTESIAN_POINT('Ctrl Pts',(230.25120085716,-2.,-29.9332590941915));
#4581=CARTESIAN_POINT('Ctrl Pts',(230.519098356373,-1.94978146899352,-29.9367468041196));
#4582=CARTESIAN_POINT('Ctrl Pts',(231.011834948839,-1.74565098822555,-29.949343224819));
#4583=CARTESIAN_POINT('Ctrl Pts',(231.236680372482,-1.5917431320753,-29.9582699891501));
#4584=CARTESIAN_POINT('Ctrl Pts',(231.591739393145,-1.23668411141214,-29.9750262603329));
#4585=CARTESIAN_POINT('Ctrl Pts',(231.745647340336,-1.01183863471816,-29.9839443619467));
#4586=CARTESIAN_POINT('Ctrl Pts',(231.949777893709,-0.519101869343865,-29.9965209678006));
#4587=CARTESIAN_POINT('Ctrl Pts',(231.999996379811,-0.251204309330151,-30.));
#4588=CARTESIAN_POINT('Ctrl Pts',(231.999996379811,0.251204309330137,-30.));
#4589=CARTESIAN_POINT('Ctrl Pts',(231.949777893709,0.519101869343852,-29.9965209678006));
#4590=CARTESIAN_POINT('Ctrl Pts',(231.745647340336,1.01183863471815,-29.9839443619467));
#4591=CARTESIAN_POINT('Ctrl Pts',(231.591739393145,1.23668411141213,-29.9750262603329));
#4592=CARTESIAN_POINT('Ctrl Pts',(231.236680372482,1.59174313207528,-29.9582699891501));
#4593=CARTESIAN_POINT('Ctrl Pts',(231.011834948839,1.74565098822553,-29.949343224819));
#4594=CARTESIAN_POINT('Ctrl Pts',(230.519098356373,1.94978146899351,-29.9367468041196));
#4595=CARTESIAN_POINT('Ctrl Pts',(230.25120085716,1.99999999999999,-29.9332590941915));
#4596=CARTESIAN_POINT('Ctrl Pts',(229.748791902462,1.99999999999999,-29.9332590941915));
#4597=CARTESIAN_POINT('Ctrl Pts',(229.480894403249,1.94978146899351,-29.9367468041196));
#4598=CARTESIAN_POINT('Ctrl Pts',(228.988157810783,1.74565098822553,-29.949343224819));
#4599=CARTESIAN_POINT('Ctrl Pts',(228.76331238714,1.59174313207528,-29.9582699891501));
#4600=CARTESIAN_POINT('Ctrl Pts',(228.408253366477,1.23668411141213,-29.9750262603329));
#4601=CARTESIAN_POINT('Ctrl Pts',(228.254345419286,1.01183863471815,-29.9839443619467));
#4602=CARTESIAN_POINT('Ctrl Pts',(228.050214865913,0.519101869343852,-29.9965209678006));
#4603=CARTESIAN_POINT('Ctrl Pts',(227.999996379811,0.251204309330137,-30.));
#4604=CARTESIAN_POINT('Ctrl Pts',(227.999996379811,-7.35522753814166E-15,
-30.));
#4605=CARTESIAN_POINT('Ctrl Pts',(227.999996379811,-5.27355936696949E-15,
-30.));
#4606=CARTESIAN_POINT('Ctrl Pts',(227.999996379811,-0.251204309330149,-30.));
#4607=CARTESIAN_POINT('Ctrl Pts',(228.050214865913,-0.519101869343865,-29.9965209678006));
#4608=CARTESIAN_POINT('Ctrl Pts',(228.254345419286,-1.01183863471816,-29.9839443619467));
#4609=CARTESIAN_POINT('Ctrl Pts',(228.408253366477,-1.23668411141214,-29.9750262603329));
#4610=CARTESIAN_POINT('Ctrl Pts',(228.76331238714,-1.5917431320753,-29.9582699891501));
#4611=CARTESIAN_POINT('Ctrl Pts',(228.988157810783,-1.74565098822555,-29.949343224819));
#4612=CARTESIAN_POINT('Ctrl Pts',(229.480894403249,-1.94978146899352,-29.9367468041196));
#4613=CARTESIAN_POINT('Ctrl Pts',(229.748791902462,-2.,-29.9332590941915));
#4614=CARTESIAN_POINT('Ctrl Pts',(229.999996379811,-2.,-29.9332590941915));
#4615=CARTESIAN_POINT('',(227.999996379811,-6.1271326836705E-15,-28.0000002086163));
#4616=CARTESIAN_POINT('',(227.999996379811,-2.4492935982947E-16,-0.00850904022022169));
#4617=CARTESIAN_POINT('',(229.999996379811,-2.,-27.9284802966884));
#4618=CARTESIAN_POINT('Ctrl Pts',(229.999996379811,-2.,-27.9284802966884));
#4619=CARTESIAN_POINT('Ctrl Pts',(229.748780020474,-2.,-27.9284802966884));
#4620=CARTESIAN_POINT('Ctrl Pts',(229.480877429723,-1.9497768313531,-27.9322187666576));
#4621=CARTESIAN_POINT('Ctrl Pts',(228.988144126547,-1.74564292484623,-27.9457189150029));
#4622=CARTESIAN_POINT('Ctrl Pts',(228.763306138976,-1.59173688391106,-27.9552853769089));
#4623=CARTESIAN_POINT('Ctrl Pts',(228.408259652469,-1.23669039740441,-27.973240849377));
#4624=CARTESIAN_POINT('Ctrl Pts',(228.254353490978,-1.01185234015247,-27.9827966527101));
#4625=CARTESIAN_POINT('Ctrl Pts',(228.0502194898,-0.519118808538034,-27.996272418434));
#4626=CARTESIAN_POINT('Ctrl Pts',(227.999996379811,-0.251216137773439,-28.0000002086163));
#4627=CARTESIAN_POINT('Ctrl Pts',(227.999996379811,-9.57567358739198E-15,
-28.0000002086163));
#4628=CARTESIAN_POINT('Ctrl Pts',(227.999996379811,-5.86336534880161E-15,
-28.0000002086163));
#4629=CARTESIAN_POINT('Ctrl Pts',(227.999996379811,0.251216137773423,-28.0000002086163));
#4630=CARTESIAN_POINT('Ctrl Pts',(228.0502194898,0.519118808538042,-27.996272418434));
#4631=CARTESIAN_POINT('Ctrl Pts',(228.254353490978,1.01185234015247,-27.9827966527101));
#4632=CARTESIAN_POINT('Ctrl Pts',(228.408259652469,1.2366903974044,-27.973240849377));
#4633=CARTESIAN_POINT('Ctrl Pts',(228.763306138976,1.59173688391105,-27.9552853769089));
#4634=CARTESIAN_POINT('Ctrl Pts',(228.988144126547,1.74564292484622,-27.9457189150029));
#4635=CARTESIAN_POINT('Ctrl Pts',(229.480877429723,1.94977683135309,-27.9322187666576));
#4636=CARTESIAN_POINT('Ctrl Pts',(229.748780020474,1.99999999999999,-27.9284802966884));
#4637=CARTESIAN_POINT('Ctrl Pts',(230.251212739148,1.99999999999999,-27.9284802966884));
#4638=CARTESIAN_POINT('Ctrl Pts',(230.519115329899,1.94977683135309,-27.9322187666576));
#4639=CARTESIAN_POINT('Ctrl Pts',(231.011848633075,1.74564292484622,-27.9457189150029));
#4640=CARTESIAN_POINT('Ctrl Pts',(231.236686620646,1.59173688391105,-27.9552853769089));
#4641=CARTESIAN_POINT('Ctrl Pts',(231.591733107153,1.2366903974044,-27.973240849377));
#4642=CARTESIAN_POINT('Ctrl Pts',(231.745639268645,1.01185234015244,-27.9827966527101));
#4643=CARTESIAN_POINT('Ctrl Pts',(231.949773269822,0.519118808538009,-27.996272418434));
#4644=CARTESIAN_POINT('Ctrl Pts',(231.999996379811,0.251216137773423,-28.0000002086163));
#4645=CARTESIAN_POINT('Ctrl Pts',(231.999996379811,-0.251216137773435,-28.0000002086163));
#4646=CARTESIAN_POINT('Ctrl Pts',(231.949773269822,-0.519118808538033,-27.996272418434));
#4647=CARTESIAN_POINT('Ctrl Pts',(231.745639268645,-1.01185234015247,-27.9827966527101));
#4648=CARTESIAN_POINT('Ctrl Pts',(231.591733107153,-1.23669039740441,-27.973240849377));
#4649=CARTESIAN_POINT('Ctrl Pts',(231.236686620646,-1.59173688391106,-27.9552853769089));
#4650=CARTESIAN_POINT('Ctrl Pts',(231.011848633075,-1.74564292484623,-27.9457189150029));
#4651=CARTESIAN_POINT('Ctrl Pts',(230.519115329899,-1.9497768313531,-27.9322187666576));
#4652=CARTESIAN_POINT('Ctrl Pts',(230.251212739148,-1.99999999999999,-27.9284802966884));
#4653=CARTESIAN_POINT('Ctrl Pts',(229.999996379811,-1.99999999999999,-27.9284802966884));
#4654=CARTESIAN_POINT('Origin',(229.999996379811,0.,-0.00850904022022169));
#4655=CARTESIAN_POINT('',(229.999996379811,-1.99999999999999,27.9284802966884));
#4656=CARTESIAN_POINT('',(231.999996379811,2.223316758887E-15,28.0000002086163));
#4657=CARTESIAN_POINT('Ctrl Pts',(229.999996379811,-1.99999999999999,27.9284802966884));
#4658=CARTESIAN_POINT('Ctrl Pts',(230.251212739148,-1.99999999999999,27.9284802966884));
#4659=CARTESIAN_POINT('Ctrl Pts',(230.519115329899,-1.94977683135309,27.9322187666576));
#4660=CARTESIAN_POINT('Ctrl Pts',(231.011848633075,-1.74564292484622,27.9457189150029));
#4661=CARTESIAN_POINT('Ctrl Pts',(231.236686620646,-1.59173688391105,27.9552853769089));
#4662=CARTESIAN_POINT('Ctrl Pts',(231.591733107153,-1.2366903974044,27.973240849377));
#4663=CARTESIAN_POINT('Ctrl Pts',(231.745639268645,-1.01185234015246,27.9827966527101));
#4664=CARTESIAN_POINT('Ctrl Pts',(231.949773269822,-0.519118808538021,27.996272418434));
#4665=CARTESIAN_POINT('Ctrl Pts',(231.999996379811,-0.251216137773421,28.0000002086163));
#4666=CARTESIAN_POINT('Ctrl Pts',(231.999996379811,8.39606162372775E-15,
28.0000002086163));
#4667=CARTESIAN_POINT('',(227.999996379811,5.58918971939897E-15,28.0000002086163));
#4668=CARTESIAN_POINT('Ctrl Pts',(227.999996379811,5.27355936696949E-15,
28.0000002086163));
#4669=CARTESIAN_POINT('Ctrl Pts',(227.999996379811,-0.251216137773424,28.0000002086163));
#4670=CARTESIAN_POINT('Ctrl Pts',(228.0502194898,-0.519118808538021,27.996272418434));
#4671=CARTESIAN_POINT('Ctrl Pts',(228.254353490978,-1.01185234015246,27.9827966527101));
#4672=CARTESIAN_POINT('Ctrl Pts',(228.408259652469,-1.2366903974044,27.973240849377));
#4673=CARTESIAN_POINT('Ctrl Pts',(228.763306138976,-1.59173688391105,27.9552853769089));
#4674=CARTESIAN_POINT('Ctrl Pts',(228.988144126547,-1.74564292484622,27.9457189150029));
#4675=CARTESIAN_POINT('Ctrl Pts',(229.480877429723,-1.94977683135309,27.9322187666576));
#4676=CARTESIAN_POINT('Ctrl Pts',(229.748780020474,-1.99999999999998,27.9284802966884));
#4677=CARTESIAN_POINT('Ctrl Pts',(229.999996379811,-1.99999999999998,27.9284802966884));
#4678=CARTESIAN_POINT('',(227.999996379811,6.41829817439546E-15,30.));
#4679=CARTESIAN_POINT('',(227.999996379811,-2.4492935982947E-16,-0.00850904022022169));
#4680=CARTESIAN_POINT('',(229.999996379811,-1.99999999999999,29.9332590941915));
#4681=CARTESIAN_POINT('Ctrl Pts',(229.999996379811,-1.99999999999999,29.9332590941915));
#4682=CARTESIAN_POINT('Ctrl Pts',(229.748791902462,-1.99999999999999,29.9332590941915));
#4683=CARTESIAN_POINT('Ctrl Pts',(229.480894403249,-1.94978146899351,29.9367468041196));
#4684=CARTESIAN_POINT('Ctrl Pts',(228.988157810783,-1.74565098822553,29.949343224819));
#4685=CARTESIAN_POINT('Ctrl Pts',(228.76331238714,-1.59174313207528,29.9582699891501));
#4686=CARTESIAN_POINT('Ctrl Pts',(228.408253366477,-1.23668411141213,29.9750262603329));
#4687=CARTESIAN_POINT('Ctrl Pts',(228.254345419286,-1.01183863471815,29.9839443619467));
#4688=CARTESIAN_POINT('Ctrl Pts',(228.050214865913,-0.519101869343852,29.9965209678006));
#4689=CARTESIAN_POINT('Ctrl Pts',(227.999996379811,-0.251204309330139,30.));
#4690=CARTESIAN_POINT('Ctrl Pts',(227.999996379811,4.57966997657877E-15,
30.));
#4691=CARTESIAN_POINT('',(231.999996379811,-1.71635661783295E-16,30.));
#4692=CARTESIAN_POINT('Ctrl Pts',(231.999996379811,3.40005801291454E-15,
30.));
#4693=CARTESIAN_POINT('Ctrl Pts',(231.999996379811,-0.251204309330141,30.));
#4694=CARTESIAN_POINT('Ctrl Pts',(231.949777893709,-0.519101869343852,29.9965209678006));
#4695=CARTESIAN_POINT('Ctrl Pts',(231.745647340336,-1.01183863471815,29.9839443619467));
#4696=CARTESIAN_POINT('Ctrl Pts',(231.591739393145,-1.23668411141213,29.9750262603329));
#4697=CARTESIAN_POINT('Ctrl Pts',(231.236680372482,-1.59174313207528,29.9582699891501));
#4698=CARTESIAN_POINT('Ctrl Pts',(231.011834948839,-1.74565098822553,29.949343224819));
#4699=CARTESIAN_POINT('Ctrl Pts',(230.519098356373,-1.94978146899351,29.9367468041196));
#4700=CARTESIAN_POINT('Ctrl Pts',(230.25120085716,-1.99999999999999,29.9332590941915));
#4701=CARTESIAN_POINT('Ctrl Pts',(229.999996379811,-1.99999999999999,29.9332590941915));
#4702=CARTESIAN_POINT('Ctrl Pts',(227.999996379811,7.42461647718073E-15,
30.));
#4703=CARTESIAN_POINT('Ctrl Pts',(227.999996379811,0.251204309330151,30.));
#4704=CARTESIAN_POINT('Ctrl Pts',(228.050214865913,0.519101869343864,29.9965209678006));
#4705=CARTESIAN_POINT('Ctrl Pts',(228.254345419286,1.01183863471816,29.9839443619467));
#4706=CARTESIAN_POINT('Ctrl Pts',(228.408253366477,1.23668411141214,29.9750262603329));
#4707=CARTESIAN_POINT('Ctrl Pts',(228.76331238714,1.5917431320753,29.9582699891501));
#4708=CARTESIAN_POINT('Ctrl Pts',(228.988157810783,1.74565098822555,29.949343224819));
#4709=CARTESIAN_POINT('Ctrl Pts',(229.480894403249,1.94978146899352,29.9367468041196));
#4710=CARTESIAN_POINT('Ctrl Pts',(229.748791902462,2.,29.9332590941915));
#4711=CARTESIAN_POINT('Ctrl Pts',(230.25120085716,2.,29.9332590941915));
#4712=CARTESIAN_POINT('Ctrl Pts',(230.519098356373,1.94978146899352,29.9367468041196));
#4713=CARTESIAN_POINT('Ctrl Pts',(231.011834948839,1.74565098822555,29.949343224819));
#4714=CARTESIAN_POINT('Ctrl Pts',(231.236680372482,1.5917431320753,29.9582699891501));
#4715=CARTESIAN_POINT('Ctrl Pts',(231.591739393145,1.23668411141214,29.9750262603329));
#4716=CARTESIAN_POINT('Ctrl Pts',(231.745647340336,1.01183863471814,29.9839443619467));
#4717=CARTESIAN_POINT('Ctrl Pts',(231.949777893709,0.519101869343838,29.9965209678006));
#4718=CARTESIAN_POINT('Ctrl Pts',(231.999996379811,0.251204309330153,30.));
#4719=CARTESIAN_POINT('Ctrl Pts',(231.999996379811,9.36750677027476E-15,
30.));
#4720=CARTESIAN_POINT('Ctrl Pts',(231.999996379811,7.8756445809347E-15,
28.0000002086163));
#4721=CARTESIAN_POINT('Ctrl Pts',(231.999996379811,0.251216137773437,28.0000002086163));
#4722=CARTESIAN_POINT('Ctrl Pts',(231.949773269822,0.519118808538034,27.996272418434));
#4723=CARTESIAN_POINT('Ctrl Pts',(231.745639268645,1.01185234015246,27.9827966527101));
#4724=CARTESIAN_POINT('Ctrl Pts',(231.591733107153,1.23669039740441,27.973240849377));
#4725=CARTESIAN_POINT('Ctrl Pts',(231.236686620646,1.59173688391106,27.9552853769089));
#4726=CARTESIAN_POINT('Ctrl Pts',(231.011848633075,1.7456429248462,27.9457189150029));
#4727=CARTESIAN_POINT('Ctrl Pts',(230.519115329899,1.94977683135309,27.9322187666576));
#4728=CARTESIAN_POINT('Ctrl Pts',(230.251212739148,2.,27.9284802966884));
#4729=CARTESIAN_POINT('Ctrl Pts',(229.748780020474,2.,27.9284802966884));
#4730=CARTESIAN_POINT('Ctrl Pts',(229.480877429723,1.9497768313531,27.9322187666576));
#4731=CARTESIAN_POINT('Ctrl Pts',(228.988144126547,1.74564292484623,27.9457189150029));
#4732=CARTESIAN_POINT('Ctrl Pts',(228.763306138976,1.59173688391106,27.9552853769089));
#4733=CARTESIAN_POINT('Ctrl Pts',(228.408259652469,1.23669039740441,27.973240849377));
#4734=CARTESIAN_POINT('Ctrl Pts',(228.254353490978,1.01185234015248,27.9827966527101));
#4735=CARTESIAN_POINT('Ctrl Pts',(228.0502194898,0.519118808538054,27.996272418434));
#4736=CARTESIAN_POINT('Ctrl Pts',(227.999996379811,0.251216137773437,28.0000002086163));
#4737=CARTESIAN_POINT('Ctrl Pts',(227.999996379811,7.70217223333702E-15,
28.0000002086163));
#4738=CARTESIAN_POINT('Origin',(119.988087339379,0.,0.));
#4739=CARTESIAN_POINT('',(239.976174678758,-3.42901106316071E-15,28.0000002086163));
#4740=CARTESIAN_POINT('Origin',(239.976174678758,0.,0.));
#4741=CARTESIAN_POINT('',(119.988087339379,-3.42901106316071E-15,28.0000002086163));
#4742=CARTESIAN_POINT('',(0.,-3.42901106316071E-15,28.0000002086163));
#4743=CARTESIAN_POINT('',(119.988087339379,-3.42901106316071E-15,28.0000002086163));
#4744=CARTESIAN_POINT('Origin',(0.,0.,0.));
#4745=CARTESIAN_POINT('Origin',(0.,0.,-30.));
#4746=CARTESIAN_POINT('',(0.,-3.67394039744206E-15,30.));
#4747=CARTESIAN_POINT('Origin',(0.,0.,0.));
#4748=CARTESIAN_POINT('Origin',(119.988087339379,0.,0.));
#4749=CARTESIAN_POINT('',(239.976174678758,-3.67394039744206E-15,30.));
#4750=CARTESIAN_POINT('Origin',(239.976174678758,0.,0.));
#4751=CARTESIAN_POINT('',(119.988087339379,-3.67394039744206E-15,30.));
#4752=CARTESIAN_POINT('',(119.988087339379,-3.67394039744206E-15,30.));
#4753=CARTESIAN_POINT('Origin',(239.976174678758,0.,-28.));
#4754=CARTESIAN_POINT('Origin',(404.976174678758,0.00850904022022169,-0.00850904022022169));
#4755=CARTESIAN_POINT('',(404.976174678758,-1.99149095977982,-29.9338264135595));
#4756=CARTESIAN_POINT('',(402.976174678758,0.00850904022021154,-29.9999987932705));
#4757=CARTESIAN_POINT('Ctrl Pts',(404.976174678758,-1.99149095977982,-29.9338264135595));
#4758=CARTESIAN_POINT('Ctrl Pts',(405.227378968475,-1.99149095977982,-29.9338264135595));
#4759=CARTESIAN_POINT('Ctrl Pts',(405.495276648071,-1.94127251318373,-29.9372997732917));
#4760=CARTESIAN_POINT('Ctrl Pts',(405.98801429705,-1.73714143191026,-29.9498380014303));
#4761=CARTESIAN_POINT('Ctrl Pts',(406.212860561565,-1.58323285858215,-29.9587209390642));
#4762=CARTESIAN_POINT('Ctrl Pts',(406.567919869589,-1.22817223682695,-29.9753762126366));
#4763=CARTESIAN_POINT('Ctrl Pts',(406.72182740541,-1.00332643556537,-29.9842303886203));
#4764=CARTESIAN_POINT('Ctrl Pts',(406.9259568527,-0.510590131674279,-29.9966670423739));
#4765=CARTESIAN_POINT('Ctrl Pts',(406.976174678758,-0.242693422923865,-30.0000700430022));
#4766=CARTESIAN_POINT('Ctrl Pts',(406.976174678758,0.259715196871199,-29.9999275424913));
#4767=CARTESIAN_POINT('Ctrl Pts',(406.92595553228,0.527613610745106,-29.9963724773662));
#4768=CARTESIAN_POINT('Ctrl Pts',(406.721823867016,1.02035084573524,-29.9836559157704));
#4769=CARTESIAN_POINT('Ctrl Pts',(406.567915502862,1.24519600334773,-29.9746738862312));
#4770=CARTESIAN_POINT('Ctrl Pts',(406.212856763991,1.60025341724259,-29.9578166142884));
#4771=CARTESIAN_POINT('Ctrl Pts',(405.988012186779,1.75416055060223,-29.9488460218229));
#4772=CARTESIAN_POINT('Ctrl Pts',(405.495276658997,1.9582904250872,-29.9361914061783));
#4773=CARTESIAN_POINT('Ctrl Pts',(405.227379342725,2.00850904022024,-29.932689345185));
#4774=CARTESIAN_POINT('Ctrl Pts',(404.724970014791,2.00850904022024,-29.932689345185));
#4775=CARTESIAN_POINT('Ctrl Pts',(404.457072698519,1.9582904250872,-29.9361914061783));
#4776=CARTESIAN_POINT('Ctrl Pts',(403.964337170737,1.75416055060223,-29.9488460218229));
#4777=CARTESIAN_POINT('Ctrl Pts',(403.739492593525,1.60025341724259,-29.9578166142884));
#4778=CARTESIAN_POINT('Ctrl Pts',(403.384433854655,1.24519600334773,-29.9746738862312));
#4779=CARTESIAN_POINT('Ctrl Pts',(403.2305254905,1.02035084573524,-29.9836559157704));
#4780=CARTESIAN_POINT('Ctrl Pts',(403.026393825236,0.527613610745106,-29.9963724773662));
#4781=CARTESIAN_POINT('Ctrl Pts',(402.976174678758,0.259715196871202,-29.9999275424913));
#4782=CARTESIAN_POINT('Ctrl Pts',(402.976174678758,0.00850904022021842,
-29.9999987932705));
#4783=CARTESIAN_POINT('Ctrl Pts',(402.976174678758,0.00850904022020836,
-29.9999987932705));
#4784=CARTESIAN_POINT('Ctrl Pts',(402.976174678758,-0.242693422923872,-30.0000700430022));
#4785=CARTESIAN_POINT('Ctrl Pts',(403.026392504816,-0.510590131674279,-29.9966670423739));
#4786=CARTESIAN_POINT('Ctrl Pts',(403.230521952106,-1.00332643556537,-29.9842303886203));
#4787=CARTESIAN_POINT('Ctrl Pts',(403.384429487927,-1.22817223682695,-29.9753762126366));
#4788=CARTESIAN_POINT('Ctrl Pts',(403.739488795951,-1.58323285858215,-29.9587209390642));
#4789=CARTESIAN_POINT('Ctrl Pts',(403.964335060467,-1.73714143191026,-29.9498380014303));
#4790=CARTESIAN_POINT('Ctrl Pts',(404.457072709446,-1.94127251318373,-29.9372997732917));
#4791=CARTESIAN_POINT('Ctrl Pts',(404.724970389041,-1.99149095977981,-29.9338264135595));
#4792=CARTESIAN_POINT('Ctrl Pts',(404.976174678758,-1.99149095977981,-29.9338264135595));
#4793=CARTESIAN_POINT('',(402.976174678758,0.00850904022021131,-27.9999987070756));
#4794=CARTESIAN_POINT('',(402.976174678758,0.00850904022022145,-0.00850904022022169));
#4795=CARTESIAN_POINT('',(404.976174678758,-1.99149095977981,-27.9290881297101));
#4796=CARTESIAN_POINT('Ctrl Pts',(404.976174678758,-1.99149095977981,-27.9290881297101));
#4797=CARTESIAN_POINT('Ctrl Pts',(404.724958535498,-1.99149095977981,-27.9290881297101));
#4798=CARTESIAN_POINT('Ctrl Pts',(404.457055737667,-1.94126788824816,-27.9328112060736));
#4799=CARTESIAN_POINT('Ctrl Pts',(403.964321221133,-1.73713329228436,-27.9462489574175));
#4800=CARTESIAN_POINT('Ctrl Pts',(403.739482267875,-1.58322642775983,-27.9557684352151));
#4801=CARTESIAN_POINT('Ctrl Pts',(403.384435451053,-1.22817810269684,-27.9736156537066));
#4802=CARTESIAN_POINT('Ctrl Pts',(403.230529761891,-1.0033396726171,-27.9831029435367));
#4803=CARTESIAN_POINT('Ctrl Pts',(403.0263970308,-0.510606670886015,-27.996428730719));
#4804=CARTESIAN_POINT('Ctrl Pts',(402.976174678758,-0.242704977653443,-28.0000750495856));
#4805=CARTESIAN_POINT('Ctrl Pts',(402.976174678758,0.00850904022021565,
-27.9999987070756));
#4806=CARTESIAN_POINT('Ctrl Pts',(402.976174678758,0.00850904022020718,
-27.9999987070756));
#4807=CARTESIAN_POINT('Ctrl Pts',(402.976174678758,0.259727299211656,-27.9999223632767));
#4808=CARTESIAN_POINT('Ctrl Pts',(403.026398547081,0.527630950497679,-27.9961131000564));
#4809=CARTESIAN_POINT('Ctrl Pts',(403.230533825023,1.02036502133263,-27.9824873511088));
#4810=CARTESIAN_POINT('Ctrl Pts',(403.384440465267,1.24520271204777,-27.9728630313059));
#4811=CARTESIAN_POINT('Ctrl Pts',(403.73948662784,1.60024735346775,-27.954799300716));
#4812=CARTESIAN_POINT('Ctrl Pts',(403.964323643336,1.75415256436459,-27.9451858527889));
#4813=CARTESIAN_POINT('Ctrl Pts',(404.457055723764,1.9582857747804,-27.9316233043027));
#4814=CARTESIAN_POINT('Ctrl Pts',(404.724958104497,2.00850904022024,-27.9278694396002));
#4815=CARTESIAN_POINT('Ctrl Pts',(405.227391253019,2.00850904022024,-27.9278694396002));
#4816=CARTESIAN_POINT('Ctrl Pts',(405.495293633753,1.95828577478038,-27.9316233043027));
#4817=CARTESIAN_POINT('Ctrl Pts',(405.98802571418,1.75415256436456,-27.9451858527889));
#4818=CARTESIAN_POINT('Ctrl Pts',(406.212862729676,1.60024735346775,-27.954799300716));
#4819=CARTESIAN_POINT('Ctrl Pts',(406.56790889225,1.24520271204777,-27.9728630313059));
#4820=CARTESIAN_POINT('Ctrl Pts',(406.721815532494,1.02036502133258,-27.9824873511088));
#4821=CARTESIAN_POINT('Ctrl Pts',(406.925950810435,0.527630950497628,-27.9961131000564));
#4822=CARTESIAN_POINT('Ctrl Pts',(406.976174678758,0.259727299211665,-27.9999223632767));
#4823=CARTESIAN_POINT('Ctrl Pts',(406.976174678758,-0.242704977653443,-28.0000750495856));
#4824=CARTESIAN_POINT('Ctrl Pts',(406.925952326717,-0.510606670886015,-27.996428730719));
#4825=CARTESIAN_POINT('Ctrl Pts',(406.721819595625,-1.0033396726171,-27.9831029435367));
#4826=CARTESIAN_POINT('Ctrl Pts',(406.567913906464,-1.22817810269683,-27.9736156537066));
#4827=CARTESIAN_POINT('Ctrl Pts',(406.212867089642,-1.58322642775983,-27.9557684352151));
#4828=CARTESIAN_POINT('Ctrl Pts',(405.988028136383,-1.73713329228436,-27.9462489574175));
#4829=CARTESIAN_POINT('Ctrl Pts',(405.495293619849,-1.94126788824816,-27.9328112060736));
#4830=CARTESIAN_POINT('Ctrl Pts',(405.227390822018,-1.99149095977981,-27.9290881297101));
#4831=CARTESIAN_POINT('Ctrl Pts',(404.976174678758,-1.99149095977981,-27.9290881297101));
#4832=CARTESIAN_POINT('Origin',(404.976174678758,0.00850904022022169,-0.00850904022022169));
#4833=CARTESIAN_POINT('',(404.976174678758,-1.9914909597798,27.9290881297101));
#4834=CARTESIAN_POINT('',(406.976156577715,-2.29601859806836E-9,28.));
#4835=CARTESIAN_POINT('Ctrl Pts',(404.976174678758,-1.9914909597798,27.9290881297101));
#4836=CARTESIAN_POINT('Ctrl Pts',(405.227390822018,-1.9914909597798,27.9290881297101));
#4837=CARTESIAN_POINT('Ctrl Pts',(405.495293619849,-1.94126788824815,27.9328112060736));
#4838=CARTESIAN_POINT('Ctrl Pts',(405.988028136383,-1.73713329228435,27.9462489574175));
#4839=CARTESIAN_POINT('Ctrl Pts',(406.212867089642,-1.58322642775982,27.9557684352151));
#4840=CARTESIAN_POINT('Ctrl Pts',(406.567913906464,-1.22817810269682,27.9736156537066));
#4841=CARTESIAN_POINT('Ctrl Pts',(406.721819595625,-1.00333967261709,27.9831029435367));
#4842=CARTESIAN_POINT('Ctrl Pts',(406.924800795997,-0.513386221158162,27.9963535587795));
#4843=CARTESIAN_POINT('Ctrl Pts',(406.975098266163,-0.248747542735715,27.9999999999592));
#4844=CARTESIAN_POINT('Ctrl Pts',(406.976156577715,-4.5920362651275E-9,
28.));
#4845=CARTESIAN_POINT('',(402.976192779801,-2.29602019401396E-9,28.));
#4846=CARTESIAN_POINT('Ctrl Pts',(402.976192779801,-4.59203564062705E-9,
28.));
#4847=CARTESIAN_POINT('Ctrl Pts',(402.977251091354,-0.248747542735715,27.9999999999592));
#4848=CARTESIAN_POINT('Ctrl Pts',(403.02754856152,-0.513386221158162,27.9963535587795));
#4849=CARTESIAN_POINT('Ctrl Pts',(403.230529761891,-1.00333967261709,27.9831029435367));
#4850=CARTESIAN_POINT('Ctrl Pts',(403.384435451053,-1.22817810269682,27.9736156537066));
#4851=CARTESIAN_POINT('Ctrl Pts',(403.739482267875,-1.58322642775982,27.9557684352151));
#4852=CARTESIAN_POINT('Ctrl Pts',(403.964321221133,-1.73713329228435,27.9462489574175));
#4853=CARTESIAN_POINT('Ctrl Pts',(404.457055737667,-1.94126788824815,27.9328112060736));
#4854=CARTESIAN_POINT('Ctrl Pts',(404.724958535498,-1.9914909597798,27.9290881297101));
#4855=CARTESIAN_POINT('Ctrl Pts',(404.976174678758,-1.9914909597798,27.9290881297101));
#4856=CARTESIAN_POINT('',(402.976174678758,0.00850904022022742,27.9999987070756));
#4857=CARTESIAN_POINT('Ctrl Pts',(402.976174678758,0.00850904022022767,
27.9999987070756));
#4858=CARTESIAN_POINT('Ctrl Pts',(402.976174678758,0.00567479940705827,
27.9999995683852));
#4859=CARTESIAN_POINT('Ctrl Pts',(402.976180703496,0.00283843271202147,
28.0000000000005));
#4860=CARTESIAN_POINT('Ctrl Pts',(402.976192779801,-4.59203701942728E-9,
28.));
#4861=CARTESIAN_POINT('',(402.976174678758,0.008509040220225,29.9999987932705));
#4862=CARTESIAN_POINT('',(402.976174678758,0.00850904022022145,-0.00850904022022169));
#4863=CARTESIAN_POINT('',(402.976192779801,-2.29608915030617E-9,30.));
#4864=CARTESIAN_POINT('Ctrl Pts',(402.976192779801,-4.5921770218331E-9,
30.));
#4865=CARTESIAN_POINT('Ctrl Pts',(402.976180703492,0.00283843373728716,
30.0000000000004));
#4866=CARTESIAN_POINT('Ctrl Pts',(402.976174678758,0.00567480043468478,
29.9999995971593));
#4867=CARTESIAN_POINT('Ctrl Pts',(402.976174678758,0.00850904022022862,
29.9999987932705));
#4868=CARTESIAN_POINT('',(404.976174678758,-1.9914909597798,29.9338264135595));
#4869=CARTESIAN_POINT('Ctrl Pts',(404.976174678758,-1.9914909597798,29.9338264135595));
#4870=CARTESIAN_POINT('Ctrl Pts',(404.724970389041,-1.9914909597798,29.9338264135595));
#4871=CARTESIAN_POINT('Ctrl Pts',(404.457072709446,-1.94127251318372,29.9372997732917));
#4872=CARTESIAN_POINT('Ctrl Pts',(403.964335060467,-1.73714143191025,29.9498380014303));
#4873=CARTESIAN_POINT('Ctrl Pts',(403.739488795951,-1.58323285858214,29.9587209390642));
#4874=CARTESIAN_POINT('Ctrl Pts',(403.384429487927,-1.22817223682694,29.9753762126366));
#4875=CARTESIAN_POINT('Ctrl Pts',(403.230521952106,-1.00332643556535,29.9842303886203));
#4876=CARTESIAN_POINT('Ctrl Pts',(403.027544069561,-0.513369827420061,29.9965968829128));
#4877=CARTESIAN_POINT('Ctrl Pts',(402.977251042891,-0.248736151970261,29.9999999999619));
#4878=CARTESIAN_POINT('Ctrl Pts',(402.976192779801,-4.59218094106539E-9,
30.));
#4879=CARTESIAN_POINT('',(406.976156577715,-2.2960899135845E-9,30.));
#4880=CARTESIAN_POINT('Ctrl Pts',(406.976156577715,-4.59217927573086E-9,
30.));
#4881=CARTESIAN_POINT('Ctrl Pts',(406.975098314625,-0.248736151970258,29.9999999999619));
#4882=CARTESIAN_POINT('Ctrl Pts',(406.924805287955,-0.513369827420043,29.9965968829128));
#4883=CARTESIAN_POINT('Ctrl Pts',(406.72182740541,-1.00332643556534,29.9842303886202));
#4884=CARTESIAN_POINT('Ctrl Pts',(406.567919869589,-1.22817223682694,29.9753762126366));
#4885=CARTESIAN_POINT('Ctrl Pts',(406.212860561565,-1.58323285858214,29.9587209390642));
#4886=CARTESIAN_POINT('Ctrl Pts',(405.98801429705,-1.73714143191025,29.9498380014303));
#4887=CARTESIAN_POINT('Ctrl Pts',(405.495276648071,-1.94127251318372,29.9372997732917));
#4888=CARTESIAN_POINT('Ctrl Pts',(405.227378968475,-1.9914909597798,29.9338264135595));
#4889=CARTESIAN_POINT('Ctrl Pts',(404.976174678758,-1.9914909597798,29.9338264135595));
#4890=CARTESIAN_POINT('Ctrl Pts',(402.976174678758,0.00850904022022418,
29.9999987932705));
#4891=CARTESIAN_POINT('Ctrl Pts',(402.976174678758,0.259715196871208,29.9999275424913));
#4892=CARTESIAN_POINT('Ctrl Pts',(403.026393825236,0.527613610745119,29.9963724773662));
#4893=CARTESIAN_POINT('Ctrl Pts',(403.2305254905,1.02035084573525,29.9836559157704));
#4894=CARTESIAN_POINT('Ctrl Pts',(403.384433854655,1.24519600334775,29.9746738862312));
#4895=CARTESIAN_POINT('Ctrl Pts',(403.739492593525,1.6002534172426,29.9578166142884));
#4896=CARTESIAN_POINT('Ctrl Pts',(403.964337170738,1.75416055060232,29.9488460218229));
#4897=CARTESIAN_POINT('Ctrl Pts',(404.457072698519,1.95829042508725,29.9361914061783));
#4898=CARTESIAN_POINT('Ctrl Pts',(404.724970014791,2.00850904022026,29.932689345185));
#4899=CARTESIAN_POINT('Ctrl Pts',(405.227379342725,2.00850904022026,29.932689345185));
#4900=CARTESIAN_POINT('Ctrl Pts',(405.495276658997,1.95829042508722,29.9361914061783));
#4901=CARTESIAN_POINT('Ctrl Pts',(405.988012186779,1.75416055060225,29.9488460218229));
#4902=CARTESIAN_POINT('Ctrl Pts',(406.212856763991,1.6002534172426,29.9578166142884));
#4903=CARTESIAN_POINT('Ctrl Pts',(406.567915502862,1.24519600334775,29.9746738862312));
#4904=CARTESIAN_POINT('Ctrl Pts',(406.721823867016,1.02035084573521,29.9836559157704));
#4905=CARTESIAN_POINT('Ctrl Pts',(406.92595553228,0.527613610745079,29.9963724773662));
#4906=CARTESIAN_POINT('Ctrl Pts',(406.976174678758,0.259715196871212,29.9999275424913));
#4907=CARTESIAN_POINT('Ctrl Pts',(406.976174678758,0.0056748004346845,29.9999995971593));
#4908=CARTESIAN_POINT('Ctrl Pts',(406.976168654024,0.00283843373728686,
30.0000000000004));
#4909=CARTESIAN_POINT('Ctrl Pts',(406.976156577715,-4.5921773066721E-9,
30.));
#4910=CARTESIAN_POINT('Ctrl Pts',(406.976156577715,-4.59203715962174E-9,
28.));
#4911=CARTESIAN_POINT('Ctrl Pts',(406.97616865402,0.00283843271202152,28.0000000000005));
#4912=CARTESIAN_POINT('Ctrl Pts',(406.976174678758,0.00567479940705882,
27.9999995683852));
#4913=CARTESIAN_POINT('Ctrl Pts',(406.976174678758,0.259727299211677,27.9999223632767));
#4914=CARTESIAN_POINT('Ctrl Pts',(406.925950810435,0.52763095049764,27.9961131000564));
#4915=CARTESIAN_POINT('Ctrl Pts',(406.721815532494,1.02036502133259,27.9824873511088));
#4916=CARTESIAN_POINT('Ctrl Pts',(406.56790889225,1.24520271204778,27.9728630313059));
#4917=CARTESIAN_POINT('Ctrl Pts',(406.212862729676,1.60024735346776,27.954799300716));
#4918=CARTESIAN_POINT('Ctrl Pts',(405.98802571418,1.75415256436457,27.945185852789));
#4919=CARTESIAN_POINT('Ctrl Pts',(405.495293633753,1.95828577478039,27.9316233043027));
#4920=CARTESIAN_POINT('Ctrl Pts',(405.227391253019,2.00850904022026,27.9278694396002));
#4921=CARTESIAN_POINT('Ctrl Pts',(404.724958104497,2.00850904022026,27.9278694396002));
#4922=CARTESIAN_POINT('Ctrl Pts',(404.457055723764,1.95828577478041,27.9316233043027));
#4923=CARTESIAN_POINT('Ctrl Pts',(403.964323643336,1.75415256436461,27.9451858527889));
#4924=CARTESIAN_POINT('Ctrl Pts',(403.73948662784,1.60024735346776,27.954799300716));
#4925=CARTESIAN_POINT('Ctrl Pts',(403.384440465267,1.24520271204778,27.9728630313059));
#4926=CARTESIAN_POINT('Ctrl Pts',(403.230533825023,1.02036502133259,27.9824873511088));
#4927=CARTESIAN_POINT('Ctrl Pts',(403.026398547081,0.527630950497639,27.9961131000564));
#4928=CARTESIAN_POINT('Ctrl Pts',(402.976174678758,0.259727299211674,27.9999223632767));
#4929=CARTESIAN_POINT('Ctrl Pts',(402.976174678758,0.00850904022022501,
27.9999987070756));
#4930=CARTESIAN_POINT('Origin',(404.976174678758,0.,0.));
#4931=CARTESIAN_POINT('',(404.976174678758,-29.9332590941915,2.00000000000003));
#4932=CARTESIAN_POINT('',(402.976174678758,-30.,2.44929359829474E-16));
#4933=CARTESIAN_POINT('Ctrl Pts',(404.976174678758,-29.9332590941915,2.00000000000003));
#4934=CARTESIAN_POINT('Ctrl Pts',(405.227379156107,-29.9332590941915,2.00000000000003));
#4935=CARTESIAN_POINT('Ctrl Pts',(405.49527665532,-29.9367468041196,1.94978146899356));
#4936=CARTESIAN_POINT('Ctrl Pts',(405.988013247786,-29.949343224819,1.74565098822557));
#4937=CARTESIAN_POINT('Ctrl Pts',(406.212858671429,-29.9582699891501,1.59174313207532));
#4938=CARTESIAN_POINT('Ctrl Pts',(406.567917692092,-29.9750262603329,1.23668411141216));
#4939=CARTESIAN_POINT('Ctrl Pts',(406.721825639284,-29.9839443619467,1.01183863471817));
#4940=CARTESIAN_POINT('Ctrl Pts',(406.925956192656,-29.9965209678006,0.51910186934387));
#4941=CARTESIAN_POINT('Ctrl Pts',(406.976174678758,-30.,0.251204309330151));
#4942=CARTESIAN_POINT('Ctrl Pts',(406.976174678758,-30.,-0.25120430933015));
#4943=CARTESIAN_POINT('Ctrl Pts',(406.925956192656,-29.9965209678006,-0.51910186934387));
#4944=CARTESIAN_POINT('Ctrl Pts',(406.721825639284,-29.9839443619467,-1.01183863471817));
#4945=CARTESIAN_POINT('Ctrl Pts',(406.567917692092,-29.9750262603329,-1.23668411141216));
#4946=CARTESIAN_POINT('Ctrl Pts',(406.212858671429,-29.9582699891501,-1.59174313207532));
#4947=CARTESIAN_POINT('Ctrl Pts',(405.988013247786,-29.949343224819,-1.74565098822557));
#4948=CARTESIAN_POINT('Ctrl Pts',(405.49527665532,-29.9367468041196,-1.94978146899356));
#4949=CARTESIAN_POINT('Ctrl Pts',(405.227379156107,-29.9332590941915,-2.00000000000003));
#4950=CARTESIAN_POINT('Ctrl Pts',(404.724970201409,-29.9332590941915,-2.00000000000003));
#4951=CARTESIAN_POINT('Ctrl Pts',(404.457072702196,-29.9367468041196,-1.94978146899356));
#4952=CARTESIAN_POINT('Ctrl Pts',(403.96433610973,-29.949343224819,-1.74565098822557));
#4953=CARTESIAN_POINT('Ctrl Pts',(403.739490686087,-29.9582699891501,-1.59174313207532));
#4954=CARTESIAN_POINT('Ctrl Pts',(403.384431665424,-29.9750262603329,-1.23668411141216));
#4955=CARTESIAN_POINT('Ctrl Pts',(403.230523718233,-29.9839443619467,-1.01183863471817));
#4956=CARTESIAN_POINT('Ctrl Pts',(403.02639316486,-29.9965209678006,-0.51910186934387));
#4957=CARTESIAN_POINT('Ctrl Pts',(402.976174678758,-30.,-0.251204309330153));
#4958=CARTESIAN_POINT('Ctrl Pts',(402.976174678758,-30.,-2.70616862252382E-15));
#4959=CARTESIAN_POINT('Ctrl Pts',(402.976174678758,-30.,2.35922392732846E-15));
#4960=CARTESIAN_POINT('Ctrl Pts',(402.976174678758,-30.,0.251204309330153));
#4961=CARTESIAN_POINT('Ctrl Pts',(403.02639316486,-29.9965209678006,0.51910186934387));
#4962=CARTESIAN_POINT('Ctrl Pts',(403.230523718233,-29.9839443619467,1.01183863471817));
#4963=CARTESIAN_POINT('Ctrl Pts',(403.384431665424,-29.9750262603329,1.23668411141216));
#4964=CARTESIAN_POINT('Ctrl Pts',(403.739490686087,-29.9582699891501,1.59174313207531));
#4965=CARTESIAN_POINT('Ctrl Pts',(403.96433610973,-29.949343224819,1.74565098822557));
#4966=CARTESIAN_POINT('Ctrl Pts',(404.457072702196,-29.9367468041196,1.94978146899356));
#4967=CARTESIAN_POINT('Ctrl Pts',(404.724970201409,-29.9332590941915,2.00000000000003));
#4968=CARTESIAN_POINT('Ctrl Pts',(404.976174678758,-29.9332590941915,2.00000000000003));
#4969=CARTESIAN_POINT('',(402.976174678758,-28.,-2.0285924302965E-15));
#4970=CARTESIAN_POINT('',(402.976174678758,0.,2.44929359829474E-16));
#4971=CARTESIAN_POINT('',(404.976174678758,-27.9284800875379,2.00000000000003));
#4972=CARTESIAN_POINT('Ctrl Pts',(404.976174678758,-27.9284800875379,2.00000000000003));
#4973=CARTESIAN_POINT('Ctrl Pts',(404.724958319419,-27.9284800875379,2.00000000000003));
#4974=CARTESIAN_POINT('Ctrl Pts',(404.457055728668,-27.9322185575352,1.94977683135258));
#4975=CARTESIAN_POINT('Ctrl Pts',(403.964322425493,-27.9457187059815,1.7456429248453));
#4976=CARTESIAN_POINT('Ctrl Pts',(403.739484437922,-27.955285167959,1.59173688391035));
#4977=CARTESIAN_POINT('Ctrl Pts',(403.384437951417,-27.9732406405612,1.23669039740516));
#4978=CARTESIAN_POINT('Ctrl Pts',(403.230531789926,-27.9827964439655,1.0118523401541));
#4979=CARTESIAN_POINT('Ctrl Pts',(403.026397788747,-27.99627220979,0.519118808540026));
#4980=CARTESIAN_POINT('Ctrl Pts',(402.976174678758,-28.,0.25121613777481));
#4981=CARTESIAN_POINT('Ctrl Pts',(402.976174678758,-28.,6.73072708679001E-15));
#4982=CARTESIAN_POINT('Ctrl Pts',(402.976174678758,-28.,-4.30211422042248E-15));
#4983=CARTESIAN_POINT('Ctrl Pts',(402.976174678758,-28.,-0.251216137774808));
#4984=CARTESIAN_POINT('Ctrl Pts',(403.026397788747,-27.99627220979,-0.519118808540025));
#4985=CARTESIAN_POINT('Ctrl Pts',(403.230531789926,-27.9827964439655,-1.0118523401541));
#4986=CARTESIAN_POINT('Ctrl Pts',(403.384437951417,-27.9732406405612,-1.23669039740516));
#4987=CARTESIAN_POINT('Ctrl Pts',(403.739484437922,-27.955285167959,-1.59173688391035));
#4988=CARTESIAN_POINT('Ctrl Pts',(403.964322425493,-27.9457187059815,-1.7456429248453));
#4989=CARTESIAN_POINT('Ctrl Pts',(404.457055728668,-27.9322185575352,-1.94977683135258));
#4990=CARTESIAN_POINT('Ctrl Pts',(404.724958319419,-27.9284800875379,-2.00000000000003));
#4991=CARTESIAN_POINT('Ctrl Pts',(405.227391038097,-27.9284800875379,-2.00000000000003));
#4992=CARTESIAN_POINT('Ctrl Pts',(405.495293628848,-27.9322185575352,-1.94977683135258));
#4993=CARTESIAN_POINT('Ctrl Pts',(405.988026932023,-27.9457187059815,-1.7456429248453));
#4994=CARTESIAN_POINT('Ctrl Pts',(406.212864919594,-27.955285167959,-1.59173688391035));
#4995=CARTESIAN_POINT('Ctrl Pts',(406.567911406099,-27.9732406405612,-1.23669039740516));
#4996=CARTESIAN_POINT('Ctrl Pts',(406.721817567591,-27.9827964439655,-1.01185234015402));
#4997=CARTESIAN_POINT('Ctrl Pts',(406.925951568769,-27.99627220979,-0.519118808539941));
#4998=CARTESIAN_POINT('Ctrl Pts',(406.976174678758,-28.,-0.251216137774804));
#4999=CARTESIAN_POINT('Ctrl Pts',(406.976174678758,-28.,0.251216137774803));
#5000=CARTESIAN_POINT('Ctrl Pts',(406.925951568769,-27.99627220979,0.519118808539965));
#5001=CARTESIAN_POINT('Ctrl Pts',(406.721817567591,-27.9827964439655,1.01185234015402));
#5002=CARTESIAN_POINT('Ctrl Pts',(406.567911406099,-27.9732406405612,1.23669039740516));
#5003=CARTESIAN_POINT('Ctrl Pts',(406.212864919594,-27.955285167959,1.59173688391035));
#5004=CARTESIAN_POINT('Ctrl Pts',(405.988026932023,-27.9457187059815,1.7456429248453));
#5005=CARTESIAN_POINT('Ctrl Pts',(405.495293628848,-27.9322185575352,1.94977683135258));
#5006=CARTESIAN_POINT('Ctrl Pts',(405.227391038097,-27.9284800875379,2.00000000000003));
#5007=CARTESIAN_POINT('Ctrl Pts',(404.976174678758,-27.9284800875379,2.00000000000003));
#5008=CARTESIAN_POINT('Origin',(404.976174678758,0.,0.));
#5009=CARTESIAN_POINT('',(404.976174678758,27.9284800875379,2.00000000000002));
#5010=CARTESIAN_POINT('',(402.976174678758,28.,2.20413285108691E-15));
#5011=CARTESIAN_POINT('Ctrl Pts',(404.976174678758,27.9284800875379,2.00000000000002));
#5012=CARTESIAN_POINT('Ctrl Pts',(405.227391038097,27.9284800875379,2.00000000000002));
#5013=CARTESIAN_POINT('Ctrl Pts',(405.495293628848,27.9322185575352,1.94977683135258));
#5014=CARTESIAN_POINT('Ctrl Pts',(405.988026932023,27.9457187059815,1.7456429248453));
#5015=CARTESIAN_POINT('Ctrl Pts',(406.212864919594,27.955285167959,1.59173688391035));
#5016=CARTESIAN_POINT('Ctrl Pts',(406.567911406099,27.9732406405612,1.23669039740516));
#5017=CARTESIAN_POINT('Ctrl Pts',(406.721817567591,27.9827964439655,1.0118523401541));
#5018=CARTESIAN_POINT('Ctrl Pts',(406.925951568769,27.99627220979,0.519118808540025));
#5019=CARTESIAN_POINT('Ctrl Pts',(406.976174678758,28.,0.251216137774803));
#5020=CARTESIAN_POINT('Ctrl Pts',(406.976174678758,28.,-0.251216137774804));
#5021=CARTESIAN_POINT('Ctrl Pts',(406.925951568769,27.99627220979,-0.519118808540026));
#5022=CARTESIAN_POINT('Ctrl Pts',(406.721817567591,27.9827964439655,-1.0118523401541));
#5023=CARTESIAN_POINT('Ctrl Pts',(406.567911406099,27.9732406405612,-1.23669039740516));
#5024=CARTESIAN_POINT('Ctrl Pts',(406.212864919594,27.955285167959,-1.59173688391035));
#5025=CARTESIAN_POINT('Ctrl Pts',(405.988026932023,27.9457187059815,-1.7456429248453));
#5026=CARTESIAN_POINT('Ctrl Pts',(405.495293628848,27.9322185575352,-1.94977683135258));
#5027=CARTESIAN_POINT('Ctrl Pts',(405.227391038097,27.9284800875379,-2.00000000000003));
#5028=CARTESIAN_POINT('Ctrl Pts',(404.724958319419,27.9284800875379,-2.00000000000003));
#5029=CARTESIAN_POINT('Ctrl Pts',(404.457055728668,27.9322185575352,-1.94977683135258));
#5030=CARTESIAN_POINT('Ctrl Pts',(403.964322425493,27.9457187059815,-1.7456429248453));
#5031=CARTESIAN_POINT('Ctrl Pts',(403.739484437922,27.955285167959,-1.59173688391035));
#5032=CARTESIAN_POINT('Ctrl Pts',(403.384437951417,27.9732406405612,-1.23669039740516));
#5033=CARTESIAN_POINT('Ctrl Pts',(403.230531789926,27.9827964439655,-1.0118523401541));
#5034=CARTESIAN_POINT('Ctrl Pts',(403.026397788747,27.99627220979,-0.519118808540025));
#5035=CARTESIAN_POINT('Ctrl Pts',(402.976174678758,28.,-0.251216137774809));
#5036=CARTESIAN_POINT('Ctrl Pts',(402.976174678758,28.,-5.759281940243E-15));
#5037=CARTESIAN_POINT('Ctrl Pts',(402.976174678758,28.,5.20417042793042E-15));
#5038=CARTESIAN_POINT('Ctrl Pts',(402.976174678758,28.,0.251216137774808));
#5039=CARTESIAN_POINT('Ctrl Pts',(403.026397788747,27.99627220979,0.519118808540025));
#5040=CARTESIAN_POINT('Ctrl Pts',(403.230531789926,27.9827964439655,1.0118523401541));
#5041=CARTESIAN_POINT('Ctrl Pts',(403.384437951417,27.9732406405612,1.23669039740516));
#5042=CARTESIAN_POINT('Ctrl Pts',(403.739484437922,27.955285167959,1.59173688391035));
#5043=CARTESIAN_POINT('Ctrl Pts',(403.964322425493,27.9457187059815,1.7456429248453));
#5044=CARTESIAN_POINT('Ctrl Pts',(404.457055728668,27.9322185575352,1.94977683135258));
#5045=CARTESIAN_POINT('Ctrl Pts',(404.724958319419,27.9284800875379,2.00000000000002));
#5046=CARTESIAN_POINT('Ctrl Pts',(404.976174678758,27.9284800875379,2.00000000000002));
#5047=CARTESIAN_POINT('',(402.976174678758,30.,2.44929359829474E-16));
#5048=CARTESIAN_POINT('',(402.976174678758,0.,2.44929359829474E-16));
#5049=CARTESIAN_POINT('',(404.976174678758,29.9332590941915,2.00000000000002));
#5050=CARTESIAN_POINT('Ctrl Pts',(404.976174678758,29.9332590941915,2.00000000000002));
#5051=CARTESIAN_POINT('Ctrl Pts',(404.724970201409,29.9332590941915,2.00000000000002));
#5052=CARTESIAN_POINT('Ctrl Pts',(404.457072702196,29.9367468041196,1.94978146899356));
#5053=CARTESIAN_POINT('Ctrl Pts',(403.96433610973,29.949343224819,1.74565098822557));
#5054=CARTESIAN_POINT('Ctrl Pts',(403.739490686087,29.9582699891501,1.59174313207531));
#5055=CARTESIAN_POINT('Ctrl Pts',(403.384431665424,29.9750262603329,1.23668411141216));
#5056=CARTESIAN_POINT('Ctrl Pts',(403.230523718233,29.9839443619467,1.01183863471817));
#5057=CARTESIAN_POINT('Ctrl Pts',(403.02639316486,29.9965209678006,0.51910186934387));
#5058=CARTESIAN_POINT('Ctrl Pts',(402.976174678758,30.,0.251204309330151));
#5059=CARTESIAN_POINT('Ctrl Pts',(402.976174678758,30.,7.63278329429795E-16));
#5060=CARTESIAN_POINT('Ctrl Pts',(402.976174678758,30.,1.2490009027033E-15));
#5061=CARTESIAN_POINT('Ctrl Pts',(402.976174678758,30.,-0.251204309330149));
#5062=CARTESIAN_POINT('Ctrl Pts',(403.02639316486,29.9965209678006,-0.519101869343893));
#5063=CARTESIAN_POINT('Ctrl Pts',(403.230523718233,29.9839443619467,-1.0118386347182));
#5064=CARTESIAN_POINT('Ctrl Pts',(403.384431665424,29.9750262603329,-1.23668411141216));
#5065=CARTESIAN_POINT('Ctrl Pts',(403.739490686087,29.9582699891501,-1.59174313207532));
#5066=CARTESIAN_POINT('Ctrl Pts',(403.96433610973,29.949343224819,-1.74565098822557));
#5067=CARTESIAN_POINT('Ctrl Pts',(404.457072702196,29.9367468041196,-1.94978146899356));
#5068=CARTESIAN_POINT('Ctrl Pts',(404.724970201409,29.9332590941915,-2.00000000000003));
#5069=CARTESIAN_POINT('Ctrl Pts',(405.227379156107,29.9332590941915,-2.00000000000003));
#5070=CARTESIAN_POINT('Ctrl Pts',(405.49527665532,29.9367468041196,-1.94978146899356));
#5071=CARTESIAN_POINT('Ctrl Pts',(405.988013247786,29.949343224819,-1.74565098822557));
#5072=CARTESIAN_POINT('Ctrl Pts',(406.212858671429,29.9582699891501,-1.59174313207532));
#5073=CARTESIAN_POINT('Ctrl Pts',(406.567917692092,29.9750262603329,-1.23668411141216));
#5074=CARTESIAN_POINT('Ctrl Pts',(406.721825639284,29.9839443619467,-1.01183863471817));
#5075=CARTESIAN_POINT('Ctrl Pts',(406.925956192656,29.9965209678006,-0.51910186934387));
#5076=CARTESIAN_POINT('Ctrl Pts',(406.976174678758,30.,-0.25120430933015));
#5077=CARTESIAN_POINT('Ctrl Pts',(406.976174678758,30.,0.25120430933015));
#5078=CARTESIAN_POINT('Ctrl Pts',(406.925956192656,29.9965209678006,0.51910186934387));
#5079=CARTESIAN_POINT('Ctrl Pts',(406.721825639284,29.9839443619467,1.01183863471817));
#5080=CARTESIAN_POINT('Ctrl Pts',(406.567917692092,29.9750262603329,1.23668411141216));
#5081=CARTESIAN_POINT('Ctrl Pts',(406.212858671429,29.9582699891501,1.59174313207532));
#5082=CARTESIAN_POINT('Ctrl Pts',(405.988013247786,29.949343224819,1.74565098822557));
#5083=CARTESIAN_POINT('Ctrl Pts',(405.49527665532,29.9367468041196,1.94978146899356));
#5084=CARTESIAN_POINT('Ctrl Pts',(405.227379156107,29.9332590941915,2.00000000000002));
#5085=CARTESIAN_POINT('Ctrl Pts',(404.976174678758,29.9332590941915,2.00000000000003));
#5086=CARTESIAN_POINT('Origin',(274.976174678758,0.00850904022022169,-0.00850904022022169));
#5087=CARTESIAN_POINT('',(274.976174678758,-1.99149095977978,-29.9338264135596));
#5088=CARTESIAN_POINT('',(272.976174678758,0.00850904022021546,-29.9999987932705));
#5089=CARTESIAN_POINT('Ctrl Pts',(274.976174678758,-1.99149095977978,-29.9338264135596));
#5090=CARTESIAN_POINT('Ctrl Pts',(275.227378968475,-1.99149095977977,-29.9338264135596));
#5091=CARTESIAN_POINT('Ctrl Pts',(275.495276648071,-1.94127251318367,-29.9372997732917));
#5092=CARTESIAN_POINT('Ctrl Pts',(275.98801429705,-1.73714143191019,-29.9498380014303));
#5093=CARTESIAN_POINT('Ctrl Pts',(276.212860561565,-1.58323285858213,-29.9587209390642));
#5094=CARTESIAN_POINT('Ctrl Pts',(276.567919869589,-1.22817223682693,-29.9753762126366));
#5095=CARTESIAN_POINT('Ctrl Pts',(276.72182740541,-1.00332643556534,-29.9842303886203));
#5096=CARTESIAN_POINT('Ctrl Pts',(276.925956852701,-0.51059013167426,-29.9966670423739));
#5097=CARTESIAN_POINT('Ctrl Pts',(276.976174678758,-0.242693422923859,-30.0000700430022));
#5098=CARTESIAN_POINT('Ctrl Pts',(276.976174678758,0.259715196871195,-29.9999275424913));
#5099=CARTESIAN_POINT('Ctrl Pts',(276.92595553228,0.527613610745123,-29.9963724773662));
#5100=CARTESIAN_POINT('Ctrl Pts',(276.721823867016,1.02035084573522,-29.9836559157704));
#5101=CARTESIAN_POINT('Ctrl Pts',(276.567915502862,1.24519600334771,-29.9746738862312));
#5102=CARTESIAN_POINT('Ctrl Pts',(276.212856763991,1.60025341724256,-29.9578166142884));
#5103=CARTESIAN_POINT('Ctrl Pts',(275.988012186779,1.7541605506022,-29.9488460218229));
#5104=CARTESIAN_POINT('Ctrl Pts',(275.495276658997,1.95829042508718,-29.9361914061783));
#5105=CARTESIAN_POINT('Ctrl Pts',(275.227379342725,2.00850904022021,-29.932689345185));
#5106=CARTESIAN_POINT('Ctrl Pts',(274.724970014791,2.00850904022021,-29.932689345185));
#5107=CARTESIAN_POINT('Ctrl Pts',(274.457072698519,1.95829042508718,-29.9361914061783));
#5108=CARTESIAN_POINT('Ctrl Pts',(273.964337170738,1.7541605506022,-29.9488460218229));
#5109=CARTESIAN_POINT('Ctrl Pts',(273.739492593525,1.60025341724256,-29.9578166142884));
#5110=CARTESIAN_POINT('Ctrl Pts',(273.384433854655,1.24519600334771,-29.9746738862312));
#5111=CARTESIAN_POINT('Ctrl Pts',(273.2305254905,1.02035084573522,-29.9836559157704));
#5112=CARTESIAN_POINT('Ctrl Pts',(273.026393825236,0.527613610745123,-29.9963724773662));
#5113=CARTESIAN_POINT('Ctrl Pts',(272.976174678758,0.259715196871195,-29.9999275424913));
#5114=CARTESIAN_POINT('Ctrl Pts',(272.976174678758,0.00850904022021509,
-29.9999987932705));
#5115=CARTESIAN_POINT('Ctrl Pts',(272.976174678758,0.00850904022021606,
-29.9999987932705));
#5116=CARTESIAN_POINT('Ctrl Pts',(272.976174678758,-0.242693422923858,-30.0000700430022));
#5117=CARTESIAN_POINT('Ctrl Pts',(273.026392504816,-0.510590131674286,-29.9966670423739));
#5118=CARTESIAN_POINT('Ctrl Pts',(273.230521952106,-1.00332643556537,-29.9842303886203));
#5119=CARTESIAN_POINT('Ctrl Pts',(273.384429487927,-1.22817223682693,-29.9753762126366));
#5120=CARTESIAN_POINT('Ctrl Pts',(273.739488795951,-1.58323285858213,-29.9587209390642));
#5121=CARTESIAN_POINT('Ctrl Pts',(273.964335060467,-1.73714143191019,-29.9498380014303));
#5122=CARTESIAN_POINT('Ctrl Pts',(274.457072709446,-1.94127251318367,-29.9372997732917));
#5123=CARTESIAN_POINT('Ctrl Pts',(274.724970389041,-1.99149095977978,-29.9338264135596));
#5124=CARTESIAN_POINT('Ctrl Pts',(274.976174678758,-1.99149095977978,-29.9338264135596));
#5125=CARTESIAN_POINT('',(272.976174678758,0.00850904022021627,-27.9999987070756));
#5126=CARTESIAN_POINT('',(272.976174678758,0.00850904022022145,-0.00850904022022169));
#5127=CARTESIAN_POINT('',(274.976174678758,-1.99149095977978,-27.9290881297101));
#5128=CARTESIAN_POINT('Ctrl Pts',(274.976174678758,-1.99149095977978,-27.9290881297101));
#5129=CARTESIAN_POINT('Ctrl Pts',(274.724958535498,-1.99149095977978,-27.9290881297101));
#5130=CARTESIAN_POINT('Ctrl Pts',(274.457055737667,-1.94126788824812,-27.9328112060736));
#5131=CARTESIAN_POINT('Ctrl Pts',(273.964321221133,-1.73713329228437,-27.9462489574174));
#5132=CARTESIAN_POINT('Ctrl Pts',(273.739482267875,-1.58322642775979,-27.9557684352151));
#5133=CARTESIAN_POINT('Ctrl Pts',(273.384435451053,-1.22817810269681,-27.9736156537066));
#5134=CARTESIAN_POINT('Ctrl Pts',(273.230529761891,-1.0033396726171,-27.9831029435367));
#5135=CARTESIAN_POINT('Ctrl Pts',(273.0263970308,-0.510606670886016,-27.996428730719));
#5136=CARTESIAN_POINT('Ctrl Pts',(272.976174678758,-0.242704977653443,-28.0000750495856));
#5137=CARTESIAN_POINT('Ctrl Pts',(272.976174678758,0.00850904022021523,
-27.9999987070756));
#5138=CARTESIAN_POINT('Ctrl Pts',(272.976174678758,0.00850904022021749,
-27.9999987070756));
#5139=CARTESIAN_POINT('Ctrl Pts',(272.976174678758,0.259727299211665,-27.9999223632767));
#5140=CARTESIAN_POINT('Ctrl Pts',(273.026398547081,0.527630950497633,-27.9961131000564));
#5141=CARTESIAN_POINT('Ctrl Pts',(273.230533825023,1.02036502133255,-27.9824873511088));
#5142=CARTESIAN_POINT('Ctrl Pts',(273.384440465267,1.24520271204775,-27.9728630313059));
#5143=CARTESIAN_POINT('Ctrl Pts',(273.73948662784,1.60024735346771,-27.954799300716));
#5144=CARTESIAN_POINT('Ctrl Pts',(273.964323643336,1.7541525643646,-27.945185852789));
#5145=CARTESIAN_POINT('Ctrl Pts',(274.457055723764,1.95828577478039,-27.9316233043027));
#5146=CARTESIAN_POINT('Ctrl Pts',(274.724958104497,2.00850904022021,-27.9278694396002));
#5147=CARTESIAN_POINT('Ctrl Pts',(275.227391253019,2.00850904022021,-27.9278694396002));
#5148=CARTESIAN_POINT('Ctrl Pts',(275.495293633753,1.95828577478035,-27.9316233043027));
#5149=CARTESIAN_POINT('Ctrl Pts',(275.98802571418,1.75415256436455,-27.945185852789));
#5150=CARTESIAN_POINT('Ctrl Pts',(276.212862729676,1.60024735346771,-27.954799300716));
#5151=CARTESIAN_POINT('Ctrl Pts',(276.56790889225,1.24520271204775,-27.9728630313059));
#5152=CARTESIAN_POINT('Ctrl Pts',(276.721815532494,1.02036502133254,-27.9824873511088));
#5153=CARTESIAN_POINT('Ctrl Pts',(276.925950810435,0.527630950497622,-27.9961131000564));
#5154=CARTESIAN_POINT('Ctrl Pts',(276.976174678758,0.259727299211664,-27.9999223632767));
#5155=CARTESIAN_POINT('Ctrl Pts',(276.976174678758,-0.242704977653442,-28.0000750495856));
#5156=CARTESIAN_POINT('Ctrl Pts',(276.925952326717,-0.510606670886015,-27.996428730719));
#5157=CARTESIAN_POINT('Ctrl Pts',(276.721819595625,-1.0033396726171,-27.9831029435367));
#5158=CARTESIAN_POINT('Ctrl Pts',(276.567913906464,-1.22817810269681,-27.9736156537066));
#5159=CARTESIAN_POINT('Ctrl Pts',(276.212867089642,-1.58322642775979,-27.9557684352151));
#5160=CARTESIAN_POINT('Ctrl Pts',(275.988028136383,-1.73713329228437,-27.9462489574174));
#5161=CARTESIAN_POINT('Ctrl Pts',(275.495293619849,-1.94126788824812,-27.9328112060736));
#5162=CARTESIAN_POINT('Ctrl Pts',(275.227390822018,-1.99149095977978,-27.9290881297101));
#5163=CARTESIAN_POINT('Ctrl Pts',(274.976174678758,-1.99149095977978,-27.9290881297101));
#5164=CARTESIAN_POINT('Origin',(274.976174678758,0.00850904022022169,-0.00850904022022169));
#5165=CARTESIAN_POINT('',(274.976174678758,-1.99149095977977,27.9290881297101));
#5166=CARTESIAN_POINT('',(276.976156577715,-2.29601877154071E-9,28.));
#5167=CARTESIAN_POINT('Ctrl Pts',(274.976174678758,-1.99149095977977,27.9290881297101));
#5168=CARTESIAN_POINT('Ctrl Pts',(275.227390822018,-1.99149095977977,27.9290881297101));
#5169=CARTESIAN_POINT('Ctrl Pts',(275.495293619849,-1.94126788824811,27.9328112060736));
#5170=CARTESIAN_POINT('Ctrl Pts',(275.988028136383,-1.73713329228435,27.9462489574174));
#5171=CARTESIAN_POINT('Ctrl Pts',(276.212867089642,-1.58322642775978,27.9557684352151));
#5172=CARTESIAN_POINT('Ctrl Pts',(276.567913906464,-1.2281781026968,27.9736156537066));
#5173=CARTESIAN_POINT('Ctrl Pts',(276.721819595625,-1.00333967261709,27.9831029435367));
#5174=CARTESIAN_POINT('Ctrl Pts',(276.924800795997,-0.513386221158162,27.9963535587795));
#5175=CARTESIAN_POINT('Ctrl Pts',(276.975098266163,-0.248747542735716,27.9999999999592));
#5176=CARTESIAN_POINT('Ctrl Pts',(276.976156577715,-4.59203772229522E-9,
28.));
#5177=CARTESIAN_POINT('',(272.976192779801,-2.29602008993055E-9,28.));
#5178=CARTESIAN_POINT('Ctrl Pts',(272.976192779801,-4.5920407060196E-9,
28.));
#5179=CARTESIAN_POINT('Ctrl Pts',(272.977251091354,-0.248747542735719,27.9999999999592));
#5180=CARTESIAN_POINT('Ctrl Pts',(273.02754856152,-0.513386221158163,27.9963535587795));
#5181=CARTESIAN_POINT('Ctrl Pts',(273.230529761891,-1.00333967261709,27.9831029435367));
#5182=CARTESIAN_POINT('Ctrl Pts',(273.384435451053,-1.2281781026968,27.9736156537066));
#5183=CARTESIAN_POINT('Ctrl Pts',(273.739482267875,-1.58322642775978,27.9557684352151));
#5184=CARTESIAN_POINT('Ctrl Pts',(273.964321221133,-1.73713329228432,27.9462489574175));
#5185=CARTESIAN_POINT('Ctrl Pts',(274.457055737667,-1.9412678882481,27.9328112060736));
#5186=CARTESIAN_POINT('Ctrl Pts',(274.724958535498,-1.99149095977977,27.9290881297101));
#5187=CARTESIAN_POINT('Ctrl Pts',(274.976174678758,-1.99149095977976,27.9290881297101));
#5188=CARTESIAN_POINT('',(272.976174678758,0.00850904022022787,27.9999987070756));
#5189=CARTESIAN_POINT('Ctrl Pts',(272.976174678758,0.00850904022022768,
27.9999987070756));
#5190=CARTESIAN_POINT('Ctrl Pts',(272.976174678758,0.00567479940705829,
27.9999995683852));
#5191=CARTESIAN_POINT('Ctrl Pts',(272.976180703497,0.0028384327120218,28.0000000000005));
#5192=CARTESIAN_POINT('Ctrl Pts',(272.976192779801,-4.59203652205286E-9,
28.));
#5193=CARTESIAN_POINT('',(272.976174678758,0.00850904022022785,29.9999987932705));
#5194=CARTESIAN_POINT('',(272.976174678758,0.00850904022022145,-0.00850904022022169));
#5195=CARTESIAN_POINT('',(272.976192779801,-2.29609091972411E-9,30.));
#5196=CARTESIAN_POINT('Ctrl Pts',(272.976192779801,-4.59217676578159E-9,
30.));
#5197=CARTESIAN_POINT('Ctrl Pts',(272.976180703492,0.00283843373728752,
30.0000000000004));
#5198=CARTESIAN_POINT('Ctrl Pts',(272.976174678758,0.005674800434685,29.9999995971593));
#5199=CARTESIAN_POINT('Ctrl Pts',(272.976174678758,0.00850904022022864,
29.9999987932705));
#5200=CARTESIAN_POINT('',(274.976174678758,-1.99149095977976,29.9338264135596));
#5201=CARTESIAN_POINT('Ctrl Pts',(274.976174678758,-1.99149095977976,29.9338264135596));
#5202=CARTESIAN_POINT('Ctrl Pts',(274.724970389041,-1.99149095977976,29.9338264135596));
#5203=CARTESIAN_POINT('Ctrl Pts',(274.457072709446,-1.94127251318365,29.9372997732917));
#5204=CARTESIAN_POINT('Ctrl Pts',(273.964335060467,-1.73714143191018,29.9498380014303));
#5205=CARTESIAN_POINT('Ctrl Pts',(273.739488795951,-1.58323285858211,29.9587209390642));
#5206=CARTESIAN_POINT('Ctrl Pts',(273.384429487927,-1.22817223682692,29.9753762126366));
#5207=CARTESIAN_POINT('Ctrl Pts',(273.230521952106,-1.00332643556533,29.9842303886203));
#5208=CARTESIAN_POINT('Ctrl Pts',(273.027544069561,-0.513369827420042,29.9965968829128));
#5209=CARTESIAN_POINT('Ctrl Pts',(272.977251042891,-0.248736151970253,29.9999999999619));
#5210=CARTESIAN_POINT('Ctrl Pts',(272.976192779801,-4.59217941450873E-9,
30.));
#5211=CARTESIAN_POINT('',(276.976156577715,-2.29609008705685E-9,30.));
#5212=CARTESIAN_POINT('Ctrl Pts',(276.976156577715,-4.59217830428571E-9,
30.));
#5213=CARTESIAN_POINT('Ctrl Pts',(276.975098314625,-0.248736151970251,29.9999999999619));
#5214=CARTESIAN_POINT('Ctrl Pts',(276.924805287955,-0.513369827420043,29.9965968829128));
#5215=CARTESIAN_POINT('Ctrl Pts',(276.72182740541,-1.00332643556533,29.9842303886203));
#5216=CARTESIAN_POINT('Ctrl Pts',(276.567919869589,-1.22817223682692,29.9753762126366));
#5217=CARTESIAN_POINT('Ctrl Pts',(276.212860561565,-1.58323285858211,29.9587209390642));
#5218=CARTESIAN_POINT('Ctrl Pts',(275.98801429705,-1.73714143191018,29.9498380014303));
#5219=CARTESIAN_POINT('Ctrl Pts',(275.495276648071,-1.94127251318365,29.9372997732917));
#5220=CARTESIAN_POINT('Ctrl Pts',(275.227378968475,-1.99149095977976,29.9338264135596));
#5221=CARTESIAN_POINT('Ctrl Pts',(274.976174678758,-1.99149095977976,29.9338264135596));
#5222=CARTESIAN_POINT('Ctrl Pts',(272.976174678758,0.00850904022022723,
29.9999987932705));
#5223=CARTESIAN_POINT('Ctrl Pts',(272.976174678758,0.259715196871207,29.9999275424913));
#5224=CARTESIAN_POINT('Ctrl Pts',(273.026393825236,0.527613610745137,29.9963724773662));
#5225=CARTESIAN_POINT('Ctrl Pts',(273.2305254905,1.02035084573523,29.9836559157704));
#5226=CARTESIAN_POINT('Ctrl Pts',(273.384433854655,1.24519600334772,29.9746738862312));
#5227=CARTESIAN_POINT('Ctrl Pts',(273.739492593525,1.60025341724257,29.9578166142884));
#5228=CARTESIAN_POINT('Ctrl Pts',(273.964337170738,1.75416055060222,29.9488460218229));
#5229=CARTESIAN_POINT('Ctrl Pts',(274.457072698519,1.95829042508719,29.9361914061783));
#5230=CARTESIAN_POINT('Ctrl Pts',(274.724970014791,2.00850904022022,29.932689345185));
#5231=CARTESIAN_POINT('Ctrl Pts',(275.227379342725,2.00850904022022,29.932689345185));
#5232=CARTESIAN_POINT('Ctrl Pts',(275.495276658997,1.95829042508719,29.9361914061783));
#5233=CARTESIAN_POINT('Ctrl Pts',(275.988012186779,1.75416055060222,29.9488460218229));
#5234=CARTESIAN_POINT('Ctrl Pts',(276.212856763991,1.60025341724257,29.9578166142884));
#5235=CARTESIAN_POINT('Ctrl Pts',(276.567915502862,1.24519600334772,29.9746738862312));
#5236=CARTESIAN_POINT('Ctrl Pts',(276.721823867016,1.02035084573523,29.9836559157704));
#5237=CARTESIAN_POINT('Ctrl Pts',(276.92595553228,0.527613610745136,29.9963724773662));
#5238=CARTESIAN_POINT('Ctrl Pts',(276.976174678758,0.259715196871208,29.9999275424913));
#5239=CARTESIAN_POINT('Ctrl Pts',(276.976174678758,0.00567480043468465,
29.9999995971593));
#5240=CARTESIAN_POINT('Ctrl Pts',(276.976168654024,0.00283843373728717,
30.0000000000004));
#5241=CARTESIAN_POINT('Ctrl Pts',(276.976156577715,-4.5921773130126E-9,
30.));
#5242=CARTESIAN_POINT('Ctrl Pts',(276.976156577715,-4.59203647391296E-9,
28.));
#5243=CARTESIAN_POINT('Ctrl Pts',(276.97616865402,0.00283843271202202,28.0000000000005));
#5244=CARTESIAN_POINT('Ctrl Pts',(276.976174678758,0.00567479940705898,
27.9999995683852));
#5245=CARTESIAN_POINT('Ctrl Pts',(276.976174678758,0.259727299211676,27.9999223632767));
#5246=CARTESIAN_POINT('Ctrl Pts',(276.925950810435,0.527630950497646,27.9961131000564));
#5247=CARTESIAN_POINT('Ctrl Pts',(276.721815532494,1.02036502133256,27.9824873511088));
#5248=CARTESIAN_POINT('Ctrl Pts',(276.56790889225,1.24520271204776,27.9728630313059));
#5249=CARTESIAN_POINT('Ctrl Pts',(276.212862729676,1.60024735346772,27.954799300716));
#5250=CARTESIAN_POINT('Ctrl Pts',(275.98802571418,1.75415256436453,27.945185852789));
#5251=CARTESIAN_POINT('Ctrl Pts',(275.495293633753,1.95828577478037,27.9316233043027));
#5252=CARTESIAN_POINT('Ctrl Pts',(275.227391253019,2.00850904022022,27.9278694396002));
#5253=CARTESIAN_POINT('Ctrl Pts',(274.724958104497,2.00850904022022,27.9278694396002));
#5254=CARTESIAN_POINT('Ctrl Pts',(274.457055723764,1.95828577478038,27.9316233043027));
#5255=CARTESIAN_POINT('Ctrl Pts',(273.964323643336,1.75415256436461,27.945185852789));
#5256=CARTESIAN_POINT('Ctrl Pts',(273.73948662784,1.60024735346772,27.954799300716));
#5257=CARTESIAN_POINT('Ctrl Pts',(273.384440465267,1.24520271204776,27.9728630313059));
#5258=CARTESIAN_POINT('Ctrl Pts',(273.230533825023,1.02036502133256,27.9824873511088));
#5259=CARTESIAN_POINT('Ctrl Pts',(273.026398547081,0.527630950497645,27.9961131000564));
#5260=CARTESIAN_POINT('Ctrl Pts',(272.976174678758,0.259727299211675,27.9999223632767));
#5261=CARTESIAN_POINT('Ctrl Pts',(272.976174678758,0.00850904022022768,
27.9999987070756));
#5262=CARTESIAN_POINT('Origin',(274.976174678758,0.,0.));
#5263=CARTESIAN_POINT('',(274.976174678758,-29.9332590941915,1.99999999999999));
#5264=CARTESIAN_POINT('',(272.976174678758,-30.,2.4492935982947E-16));
#5265=CARTESIAN_POINT('Ctrl Pts',(274.976174678758,-29.9332590941915,1.99999999999999));
#5266=CARTESIAN_POINT('Ctrl Pts',(275.227379156107,-29.9332590941915,1.99999999999999));
#5267=CARTESIAN_POINT('Ctrl Pts',(275.49527665532,-29.9367468041196,1.94978146899351));
#5268=CARTESIAN_POINT('Ctrl Pts',(275.988013247786,-29.949343224819,1.74565098822554));
#5269=CARTESIAN_POINT('Ctrl Pts',(276.212858671429,-29.9582699891501,1.59174313207529));
#5270=CARTESIAN_POINT('Ctrl Pts',(276.567917692092,-29.9750262603329,1.23668411141214));
#5271=CARTESIAN_POINT('Ctrl Pts',(276.721825639284,-29.9839443619467,1.01183863471816));
#5272=CARTESIAN_POINT('Ctrl Pts',(276.925956192656,-29.9965209678006,0.519101869343858));
#5273=CARTESIAN_POINT('Ctrl Pts',(276.976174678758,-30.,0.251204309330144));
#5274=CARTESIAN_POINT('Ctrl Pts',(276.976174678758,-30.,-0.251204309330144));
#5275=CARTESIAN_POINT('Ctrl Pts',(276.925956192656,-29.9965209678006,-0.519101869343858));
#5276=CARTESIAN_POINT('Ctrl Pts',(276.721825639284,-29.9839443619467,-1.01183863471816));
#5277=CARTESIAN_POINT('Ctrl Pts',(276.567917692092,-29.9750262603329,-1.23668411141214));
#5278=CARTESIAN_POINT('Ctrl Pts',(276.212858671429,-29.9582699891501,-1.59174313207529));
#5279=CARTESIAN_POINT('Ctrl Pts',(275.988013247786,-29.949343224819,-1.74565098822554));
#5280=CARTESIAN_POINT('Ctrl Pts',(275.49527665532,-29.9367468041196,-1.94978146899351));
#5281=CARTESIAN_POINT('Ctrl Pts',(275.227379156107,-29.9332590941915,-1.99999999999999));
#5282=CARTESIAN_POINT('Ctrl Pts',(274.724970201409,-29.9332590941915,-1.99999999999999));
#5283=CARTESIAN_POINT('Ctrl Pts',(274.457072702196,-29.9367468041196,-1.94978146899351));
#5284=CARTESIAN_POINT('Ctrl Pts',(273.96433610973,-29.949343224819,-1.74565098822554));
#5285=CARTESIAN_POINT('Ctrl Pts',(273.739490686087,-29.9582699891501,-1.59174313207529));
#5286=CARTESIAN_POINT('Ctrl Pts',(273.384431665424,-29.9750262603329,-1.23668411141214));
#5287=CARTESIAN_POINT('Ctrl Pts',(273.230523718233,-29.9839443619467,-1.01183863471815));
#5288=CARTESIAN_POINT('Ctrl Pts',(273.02639316486,-29.9965209678006,-0.519101869343857));
#5289=CARTESIAN_POINT('Ctrl Pts',(272.976174678758,-30.,-0.251204309330143));
#5290=CARTESIAN_POINT('Ctrl Pts',(272.976174678758,-30.,2.77555756156289E-16));
#5291=CARTESIAN_POINT('Ctrl Pts',(272.976174678758,-30.,-8.32667268468867E-16));
#5292=CARTESIAN_POINT('Ctrl Pts',(272.976174678758,-30.,0.251204309330143));
#5293=CARTESIAN_POINT('Ctrl Pts',(273.02639316486,-29.9965209678006,0.519101869343856));
#5294=CARTESIAN_POINT('Ctrl Pts',(273.230523718233,-29.9839443619467,1.01183863471815));
#5295=CARTESIAN_POINT('Ctrl Pts',(273.384431665424,-29.9750262603329,1.23668411141214));
#5296=CARTESIAN_POINT('Ctrl Pts',(273.739490686087,-29.9582699891501,1.59174313207529));
#5297=CARTESIAN_POINT('Ctrl Pts',(273.96433610973,-29.949343224819,1.74565098822548));
#5298=CARTESIAN_POINT('Ctrl Pts',(274.457072702196,-29.9367468041196,1.94978146899349));
#5299=CARTESIAN_POINT('Ctrl Pts',(274.724970201409,-29.9332590941915,1.99999999999999));
#5300=CARTESIAN_POINT('Ctrl Pts',(274.976174678758,-29.9332590941915,1.99999999999999));
#5301=CARTESIAN_POINT('',(272.976174678758,-28.,-1.55091076241554E-16));
#5302=CARTESIAN_POINT('',(272.976174678758,0.,2.4492935982947E-16));
#5303=CARTESIAN_POINT('',(274.976174678758,-27.9284800875379,2.));
#5304=CARTESIAN_POINT('Ctrl Pts',(274.976174678758,-27.9284800875379,2.));
#5305=CARTESIAN_POINT('Ctrl Pts',(274.724958319419,-27.9284800875379,1.99999999999999));
#5306=CARTESIAN_POINT('Ctrl Pts',(274.457055728668,-27.9322185575352,1.94977683135257));
#5307=CARTESIAN_POINT('Ctrl Pts',(273.964322425493,-27.9457187059815,1.74564292484531));
#5308=CARTESIAN_POINT('Ctrl Pts',(273.739484437922,-27.955285167959,1.59173688391033));
#5309=CARTESIAN_POINT('Ctrl Pts',(273.384437951417,-27.9732406405612,1.23669039740513));
#5310=CARTESIAN_POINT('Ctrl Pts',(273.230531789926,-27.9827964439655,1.01185234015404));
#5311=CARTESIAN_POINT('Ctrl Pts',(273.026397788747,-27.99627220979,0.519118808539998));
#5312=CARTESIAN_POINT('Ctrl Pts',(272.976174678758,-28.,0.251216137774797));
#5313=CARTESIAN_POINT('Ctrl Pts',(272.976174678758,-28.,0.));
#5314=CARTESIAN_POINT('Ctrl Pts',(272.976174678758,-28.,-5.55111512312578E-16));
#5315=CARTESIAN_POINT('Ctrl Pts',(272.976174678758,-28.,-0.251216137774798));
#5316=CARTESIAN_POINT('Ctrl Pts',(273.026397788747,-27.99627220979,-0.519118808539998));
#5317=CARTESIAN_POINT('Ctrl Pts',(273.230531789926,-27.9827964439655,-1.01185234015404));
#5318=CARTESIAN_POINT('Ctrl Pts',(273.384437951417,-27.9732406405612,-1.23669039740513));
#5319=CARTESIAN_POINT('Ctrl Pts',(273.739484437922,-27.955285167959,-1.59173688391033));
#5320=CARTESIAN_POINT('Ctrl Pts',(273.964322425493,-27.9457187059815,-1.74564292484531));
#5321=CARTESIAN_POINT('Ctrl Pts',(274.457055728668,-27.9322185575352,-1.94977683135257));
#5322=CARTESIAN_POINT('Ctrl Pts',(274.724958319419,-27.9284800875379,-1.99999999999999));
#5323=CARTESIAN_POINT('Ctrl Pts',(275.227391038097,-27.9284800875379,-1.99999999999999));
#5324=CARTESIAN_POINT('Ctrl Pts',(275.495293628848,-27.9322185575352,-1.94977683135257));
#5325=CARTESIAN_POINT('Ctrl Pts',(275.988026932023,-27.9457187059815,-1.74564292484531));
#5326=CARTESIAN_POINT('Ctrl Pts',(276.212864919594,-27.955285167959,-1.59173688391033));
#5327=CARTESIAN_POINT('Ctrl Pts',(276.567911406099,-27.9732406405612,-1.23669039740513));
#5328=CARTESIAN_POINT('Ctrl Pts',(276.721817567591,-27.9827964439655,-1.01185234015404));
#5329=CARTESIAN_POINT('Ctrl Pts',(276.925951568769,-27.99627220979,-0.519118808539998));
#5330=CARTESIAN_POINT('Ctrl Pts',(276.976174678758,-28.,-0.251216137774797));
#5331=CARTESIAN_POINT('Ctrl Pts',(276.976174678758,-28.,0.251216137774796));
#5332=CARTESIAN_POINT('Ctrl Pts',(276.925951568769,-27.99627220979,0.519118808539998));
#5333=CARTESIAN_POINT('Ctrl Pts',(276.721817567591,-27.9827964439655,1.01185234015404));
#5334=CARTESIAN_POINT('Ctrl Pts',(276.567911406099,-27.9732406405612,1.23669039740513));
#5335=CARTESIAN_POINT('Ctrl Pts',(276.212864919594,-27.955285167959,1.59173688391033));
#5336=CARTESIAN_POINT('Ctrl Pts',(275.988026932023,-27.9457187059815,1.74564292484531));
#5337=CARTESIAN_POINT('Ctrl Pts',(275.495293628848,-27.9322185575352,1.94977683135257));
#5338=CARTESIAN_POINT('Ctrl Pts',(275.227391038097,-27.9284800875379,1.99999999999999));
#5339=CARTESIAN_POINT('Ctrl Pts',(274.976174678758,-27.9284800875379,1.99999999999999));
#5340=CARTESIAN_POINT('Origin',(274.976174678758,0.,0.));
#5341=CARTESIAN_POINT('',(274.976174678758,27.9284800875379,1.99999999999999));
#5342=CARTESIAN_POINT('',(272.976174678758,28.,1.09390982646175E-15));
#5343=CARTESIAN_POINT('Ctrl Pts',(274.976174678758,27.9284800875379,1.99999999999999));
#5344=CARTESIAN_POINT('Ctrl Pts',(275.227391038097,27.9284800875379,1.99999999999999));
#5345=CARTESIAN_POINT('Ctrl Pts',(275.495293628848,27.9322185575352,1.94977683135257));
#5346=CARTESIAN_POINT('Ctrl Pts',(275.988026932023,27.9457187059815,1.74564292484531));
#5347=CARTESIAN_POINT('Ctrl Pts',(276.212864919594,27.955285167959,1.59173688391033));
#5348=CARTESIAN_POINT('Ctrl Pts',(276.567911406099,27.9732406405612,1.23669039740513));
#5349=CARTESIAN_POINT('Ctrl Pts',(276.721817567591,27.9827964439655,1.01185234015404));
#5350=CARTESIAN_POINT('Ctrl Pts',(276.925951568769,27.99627220979,0.519118808539998));
#5351=CARTESIAN_POINT('Ctrl Pts',(276.976174678758,28.,0.251216137774796));
#5352=CARTESIAN_POINT('Ctrl Pts',(276.976174678758,28.,-0.251216137774797));
#5353=CARTESIAN_POINT('Ctrl Pts',(276.925951568769,27.99627220979,-0.519118808539998));
#5354=CARTESIAN_POINT('Ctrl Pts',(276.721817567591,27.9827964439655,-1.01185234015404));
#5355=CARTESIAN_POINT('Ctrl Pts',(276.567911406099,27.9732406405612,-1.23669039740513));
#5356=CARTESIAN_POINT('Ctrl Pts',(276.212864919594,27.955285167959,-1.59173688391033));
#5357=CARTESIAN_POINT('Ctrl Pts',(275.988026932023,27.9457187059815,-1.74564292484531));
#5358=CARTESIAN_POINT('Ctrl Pts',(275.495293628848,27.9322185575352,-1.94977683135257));
#5359=CARTESIAN_POINT('Ctrl Pts',(275.227391038097,27.9284800875379,-1.99999999999999));
#5360=CARTESIAN_POINT('Ctrl Pts',(274.724958319419,27.9284800875379,-1.99999999999999));
#5361=CARTESIAN_POINT('Ctrl Pts',(274.457055728668,27.9322185575352,-1.94977683135257));
#5362=CARTESIAN_POINT('Ctrl Pts',(273.964322425493,27.9457187059815,-1.74564292484531));
#5363=CARTESIAN_POINT('Ctrl Pts',(273.739484437922,27.955285167959,-1.59173688391033));
#5364=CARTESIAN_POINT('Ctrl Pts',(273.384437951417,27.9732406405612,-1.23669039740513));
#5365=CARTESIAN_POINT('Ctrl Pts',(273.230531789926,27.9827964439655,-1.01185234015407));
#5366=CARTESIAN_POINT('Ctrl Pts',(273.026397788747,27.99627220979,-0.519118808540025));
#5367=CARTESIAN_POINT('Ctrl Pts',(272.976174678758,28.,-0.251216137774798));
#5368=CARTESIAN_POINT('Ctrl Pts',(272.976174678758,28.,-1.04083408558608E-15));
#5369=CARTESIAN_POINT('Ctrl Pts',(272.976174678758,28.,2.22044604925031E-15));
#5370=CARTESIAN_POINT('Ctrl Pts',(272.976174678758,28.,0.251216137774799));
#5371=CARTESIAN_POINT('Ctrl Pts',(273.026397788747,27.99627220979,0.519118808539998));
#5372=CARTESIAN_POINT('Ctrl Pts',(273.230531789926,27.9827964439655,1.01185234015404));
#5373=CARTESIAN_POINT('Ctrl Pts',(273.384437951417,27.9732406405612,1.23669039740513));
#5374=CARTESIAN_POINT('Ctrl Pts',(273.739484437922,27.955285167959,1.59173688391033));
#5375=CARTESIAN_POINT('Ctrl Pts',(273.964322425493,27.9457187059815,1.74564292484531));
#5376=CARTESIAN_POINT('Ctrl Pts',(274.457055728668,27.9322185575352,1.94977683135257));
#5377=CARTESIAN_POINT('Ctrl Pts',(274.724958319419,27.9284800875379,2.));
#5378=CARTESIAN_POINT('Ctrl Pts',(274.976174678758,27.9284800875379,2.));
#5379=CARTESIAN_POINT('',(272.976174678758,30.,2.4492935982947E-16));
#5380=CARTESIAN_POINT('',(272.976174678758,0.,2.4492935982947E-16));
#5381=CARTESIAN_POINT('',(274.976174678758,29.9332590941915,1.99999999999999));
#5382=CARTESIAN_POINT('Ctrl Pts',(274.976174678758,29.9332590941915,1.99999999999999));
#5383=CARTESIAN_POINT('Ctrl Pts',(274.724970201409,29.9332590941915,1.99999999999999));
#5384=CARTESIAN_POINT('Ctrl Pts',(274.457072702196,29.9367468041196,1.94978146899351));
#5385=CARTESIAN_POINT('Ctrl Pts',(273.96433610973,29.949343224819,1.74565098822554));
#5386=CARTESIAN_POINT('Ctrl Pts',(273.739490686087,29.9582699891501,1.59174313207529));
#5387=CARTESIAN_POINT('Ctrl Pts',(273.384431665424,29.9750262603329,1.23668411141214));
#5388=CARTESIAN_POINT('Ctrl Pts',(273.230523718233,29.9839443619467,1.01183863471816));
#5389=CARTESIAN_POINT('Ctrl Pts',(273.02639316486,29.9965209678006,0.519101869343858));
#5390=CARTESIAN_POINT('Ctrl Pts',(272.976174678758,30.,0.251204309330146));
#5391=CARTESIAN_POINT('Ctrl Pts',(272.976174678758,30.,1.87350135405495E-15));
#5392=CARTESIAN_POINT('Ctrl Pts',(272.976174678758,30.,-3.19189119579733E-15));
#5393=CARTESIAN_POINT('Ctrl Pts',(272.976174678758,30.,-0.251204309330147));
#5394=CARTESIAN_POINT('Ctrl Pts',(273.02639316486,29.9965209678006,-0.519101869343858));
#5395=CARTESIAN_POINT('Ctrl Pts',(273.230523718233,29.9839443619467,-1.01183863471816));
#5396=CARTESIAN_POINT('Ctrl Pts',(273.384431665424,29.9750262603329,-1.23668411141214));
#5397=CARTESIAN_POINT('Ctrl Pts',(273.739490686087,29.9582699891501,-1.59174313207529));
#5398=CARTESIAN_POINT('Ctrl Pts',(273.96433610973,29.949343224819,-1.74565098822554));
#5399=CARTESIAN_POINT('Ctrl Pts',(274.457072702196,29.9367468041196,-1.94978146899351));
#5400=CARTESIAN_POINT('Ctrl Pts',(274.724970201409,29.9332590941915,-1.99999999999999));
#5401=CARTESIAN_POINT('Ctrl Pts',(275.227379156107,29.9332590941915,-1.99999999999999));
#5402=CARTESIAN_POINT('Ctrl Pts',(275.49527665532,29.9367468041196,-1.94978146899351));
#5403=CARTESIAN_POINT('Ctrl Pts',(275.988013247786,29.949343224819,-1.74565098822554));
#5404=CARTESIAN_POINT('Ctrl Pts',(276.212858671429,29.9582699891501,-1.59174313207529));
#5405=CARTESIAN_POINT('Ctrl Pts',(276.567917692092,29.9750262603329,-1.23668411141214));
#5406=CARTESIAN_POINT('Ctrl Pts',(276.721825639284,29.9839443619467,-1.01183863471813));
#5407=CARTESIAN_POINT('Ctrl Pts',(276.925956192656,29.9965209678006,-0.519101869343831));
#5408=CARTESIAN_POINT('Ctrl Pts',(276.976174678758,30.,-0.251204309330144));
#5409=CARTESIAN_POINT('Ctrl Pts',(276.976174678758,30.,0.251204309330144));
#5410=CARTESIAN_POINT('Ctrl Pts',(276.925956192656,29.9965209678006,0.519101869343831));
#5411=CARTESIAN_POINT('Ctrl Pts',(276.721825639284,29.9839443619467,1.01183863471813));
#5412=CARTESIAN_POINT('Ctrl Pts',(276.567917692092,29.9750262603329,1.23668411141214));
#5413=CARTESIAN_POINT('Ctrl Pts',(276.212858671429,29.9582699891501,1.59174313207529));
#5414=CARTESIAN_POINT('Ctrl Pts',(275.988013247786,29.949343224819,1.74565098822556));
#5415=CARTESIAN_POINT('Ctrl Pts',(275.49527665532,29.9367468041196,1.94978146899352));
#5416=CARTESIAN_POINT('Ctrl Pts',(275.227379156107,29.9332590941915,1.99999999999999));
#5417=CARTESIAN_POINT('Ctrl Pts',(274.976174678758,29.9332590941915,2.));
#5418=CARTESIAN_POINT('Origin',(264.976174678758,0.,-30.));
#5419=CARTESIAN_POINT('',(264.976174678758,-3.67394039744206E-15,30.));
#5420=CARTESIAN_POINT('Origin',(264.976174678758,0.,0.));
#5421=CARTESIAN_POINT('',(264.976174678758,-3.42901103761259E-15,28.));
#5422=CARTESIAN_POINT('Origin',(264.976174678758,0.,0.));
#5423=CARTESIAN_POINT('Origin',(339.976174678758,0.,0.));
#5424=CARTESIAN_POINT('',(414.976174678758,-3.67394039744206E-15,30.));
#5425=CARTESIAN_POINT('Origin',(414.976174678758,0.,0.));
#5426=CARTESIAN_POINT('',(339.976174678758,-3.67394039744206E-15,30.));
#5427=CARTESIAN_POINT('',(339.976174678758,-3.67394039744206E-15,30.));
#5428=CARTESIAN_POINT('',(339.976174678758,-3.67394039744206E-15,30.));
#5429=CARTESIAN_POINT('Origin',(414.976174678758,0.,-28.));
#5430=CARTESIAN_POINT('',(414.976174678758,-3.42901103761259E-15,28.));
#5431=CARTESIAN_POINT('Origin',(414.976174678758,0.,0.));
#5432=CARTESIAN_POINT('Origin',(339.976174678758,0.,0.));
#5433=CARTESIAN_POINT('',(339.976174678758,-3.42901103761259E-15,28.));
#5434=CARTESIAN_POINT('',(339.976174678758,-3.42901103761259E-15,28.));
#5435=CARTESIAN_POINT('',(339.976174678758,-3.42901103761259E-15,28.));
#5436=CARTESIAN_POINT('Origin',(404.976174678758,0.00850904022022169,-0.00850904022022169));
#5437=CARTESIAN_POINT('',(404.976174678758,-1.99149095977982,-27.6784476399439));
#5438=CARTESIAN_POINT('',(402.976174678758,0.00850904022021705,-27.7499986954276));
#5439=CARTESIAN_POINT('Ctrl Pts',(404.976174678758,-1.99149095977982,-27.6784476399439));
#5440=CARTESIAN_POINT('Ctrl Pts',(405.227392487434,-1.99149095977981,-27.6784476399439));
#5441=CARTESIAN_POINT('Ctrl Pts',(405.495296003963,-1.94126723851687,-27.6822044871462));
#5442=CARTESIAN_POINT('Ctrl Pts',(405.988030080079,-1.73713214904782,-27.6957638571834));
#5443=CARTESIAN_POINT('Ctrl Pts',(406.212868006308,-1.58322552475215,-27.7053693858357));
#5444=CARTESIAN_POINT('Ctrl Pts',(406.56791306873,-1.22817892677192,-27.7233777135707));
#5445=CARTESIAN_POINT('Ctrl Pts',(406.721818498628,-1.0033415319595,-27.7329505698096));
#5446=CARTESIAN_POINT('Ctrl Pts',(406.925951691028,-0.510608993869942,-27.7463965226476));
#5447=CARTESIAN_POINT('Ctrl Pts',(406.976174678758,-0.242706600516027,-27.7500757262057));
#5448=CARTESIAN_POINT('Ctrl Pts',(406.976174678758,0.259728998995558,-27.7499216633255));
#5449=CARTESIAN_POINT('Ctrl Pts',(406.925950147233,0.527633385933717,-27.7460780448802));
#5450=CARTESIAN_POINT('Ctrl Pts',(406.721814361786,1.02036701251137,-27.7323294193434));
#5451=CARTESIAN_POINT('Ctrl Pts',(406.567907963564,1.24520365450852,-27.7226182923884));
#5452=CARTESIAN_POINT('Ctrl Pts',(406.212863567358,1.60024650201034,-27.7043914899079));
#5453=CARTESIAN_POINT('Ctrl Pts',(405.98802761408,1.75415144266273,-27.6946911368587));
#5454=CARTESIAN_POINT('Ctrl Pts',(405.495296018312,1.95828512147732,-27.6810058317325));
#5455=CARTESIAN_POINT('Ctrl Pts',(405.227392926433,2.00850904022024,-27.6772179135721));
#5456=CARTESIAN_POINT('Ctrl Pts',(404.724956431084,2.00850904022024,-27.6772179135721));
#5457=CARTESIAN_POINT('Ctrl Pts',(404.457053339204,1.95828512147732,-27.6810058317325));
#5458=CARTESIAN_POINT('Ctrl Pts',(403.964321743436,1.75415144266273,-27.6946911368587));
#5459=CARTESIAN_POINT('Ctrl Pts',(403.739485790158,1.60024650201034,-27.7043914899079));
#5460=CARTESIAN_POINT('Ctrl Pts',(403.384441393952,1.24520365450852,-27.7226182923884));
#5461=CARTESIAN_POINT('Ctrl Pts',(403.23053499573,1.02036701251137,-27.7323294193434));
#5462=CARTESIAN_POINT('Ctrl Pts',(403.026399210283,0.527633385933717,-27.7460780448802));
#5463=CARTESIAN_POINT('Ctrl Pts',(402.976174678758,0.259728998995553,-27.7499216633255));
#5464=CARTESIAN_POINT('Ctrl Pts',(402.976174678758,0.00850904022021121,
-27.7499986954276));
#5465=CARTESIAN_POINT('Ctrl Pts',(402.976174678758,0.00850904022021898,
-27.7499986954276));
#5466=CARTESIAN_POINT('Ctrl Pts',(402.976174678758,-0.242706600516023,-27.7500757262057));
#5467=CARTESIAN_POINT('Ctrl Pts',(403.026397666488,-0.510608993869942,-27.7463965226476));
#5468=CARTESIAN_POINT('Ctrl Pts',(403.230530858888,-1.0033415319595,-27.7329505698096));
#5469=CARTESIAN_POINT('Ctrl Pts',(403.384436288786,-1.22817892677192,-27.7233777135707));
#5470=CARTESIAN_POINT('Ctrl Pts',(403.739481351209,-1.58322552475215,-27.7053693858357));
#5471=CARTESIAN_POINT('Ctrl Pts',(403.964319277437,-1.73713214904782,-27.6957638571834));
#5472=CARTESIAN_POINT('Ctrl Pts',(404.457053353554,-1.94126723851687,-27.6822044871462));
#5473=CARTESIAN_POINT('Ctrl Pts',(404.724956870082,-1.99149095977981,-27.6784476399439));
#5474=CARTESIAN_POINT('Ctrl Pts',(404.976174678758,-1.99149095977981,-27.6784476399439));
#5475=CARTESIAN_POINT('',(402.976174678758,0.00850904022021571,-22.7499984087084));
#5476=CARTESIAN_POINT('',(402.976174678758,0.00850904022022145,-0.00850904022022169));
#5477=CARTESIAN_POINT('',(404.976174678758,-1.99149095977981,-22.6626667397532));
#5478=CARTESIAN_POINT('Ctrl Pts',(404.976174678758,-1.99149095977981,-22.6626667397532));
#5479=CARTESIAN_POINT('Ctrl Pts',(404.724911080909,-1.99149095977981,-22.6626667397532));
#5480=CARTESIAN_POINT('Ctrl Pts',(404.456987844146,-1.94124938142293,-22.6672569704703));
#5481=CARTESIAN_POINT('Ctrl Pts',(403.964265906827,-1.73710075302738,-22.6838151258803));
#5482=CARTESIAN_POINT('Ctrl Pts',(403.739456198886,-1.58320074738313,-22.6955414711507));
#5483=CARTESIAN_POINT('Ctrl Pts',(403.384459313601,-1.2282015766263,-22.7175185113318));
#5484=CARTESIAN_POINT('Ctrl Pts',(403.230560993488,-1.00339260903108,-22.7291984847302));
#5485=CARTESIAN_POINT('Ctrl Pts',(403.026415123958,-0.510672788520046,-22.7456033946836));
#5486=CARTESIAN_POINT('Ctrl Pts',(402.976174678758,-0.24275116478161,-22.7500923859981));
#5487=CARTESIAN_POINT('Ctrl Pts',(402.976174678758,0.00850904022021232,
-22.7499984087084));
#5488=CARTESIAN_POINT('Ctrl Pts',(402.976174678758,0.00850904022021821,
-22.7499984087084));
#5489=CARTESIAN_POINT('Ctrl Pts',(402.976174678758,0.259775676440083,-22.7499044290133));
#5490=CARTESIAN_POINT('Ctrl Pts',(403.026417423797,0.527700270109692,-22.7452148016722));
#5491=CARTESIAN_POINT('Ctrl Pts',(403.230567155558,1.0204217115482,-22.7284404102184));
#5492=CARTESIAN_POINT('Ctrl Pts',(403.384466917514,1.2452295562417,-22.7165915679052));
#5493=CARTESIAN_POINT('Ctrl Pts',(403.739462806407,1.60022314007793,-22.6943476312901));
#5494=CARTESIAN_POINT('Ctrl Pts',(403.964269574141,1.75412063716111,-22.6825053631328));
#5495=CARTESIAN_POINT('Ctrl Pts',(404.456987814832,1.95826716549461,-22.6657931363996));
#5496=CARTESIAN_POINT('Ctrl Pts',(404.724910419662,2.00850904022025,-22.6611648296232));
#5497=CARTESIAN_POINT('Ctrl Pts',(405.227438937855,2.00850904022025,-22.6611648296233));
#5498=CARTESIAN_POINT('Ctrl Pts',(405.495361542684,1.95826716549463,-22.6657931363996));
#5499=CARTESIAN_POINT('Ctrl Pts',(405.988079783375,1.75412063716113,-22.6825053631328));
#5500=CARTESIAN_POINT('Ctrl Pts',(406.212886551109,1.60022314007793,-22.6943476312901));
#5501=CARTESIAN_POINT('Ctrl Pts',(406.567882440002,1.2452295562417,-22.7165915679052));
#5502=CARTESIAN_POINT('Ctrl Pts',(406.721782201958,1.02042171154816,-22.7284404102184));
#5503=CARTESIAN_POINT('Ctrl Pts',(406.925931933719,0.52770027010965,-22.7452148016722));
#5504=CARTESIAN_POINT('Ctrl Pts',(406.976174678758,0.259775676440082,-22.7499044290133));
#5505=CARTESIAN_POINT('Ctrl Pts',(406.976174678758,-0.242751164781605,-22.7500923859981));
#5506=CARTESIAN_POINT('Ctrl Pts',(406.925934233558,-0.510672788520045,-22.7456033946836));
#5507=CARTESIAN_POINT('Ctrl Pts',(406.721788364028,-1.00339260903108,-22.7291984847302));
#5508=CARTESIAN_POINT('Ctrl Pts',(406.567890043915,-1.2282015766263,-22.7175185113318));
#5509=CARTESIAN_POINT('Ctrl Pts',(406.21289315863,-1.58320074738313,-22.6955414711507));
#5510=CARTESIAN_POINT('Ctrl Pts',(405.988083450689,-1.73710075302738,-22.6838151258803));
#5511=CARTESIAN_POINT('Ctrl Pts',(405.49536151337,-1.94124938142293,-22.6672569704703));
#5512=CARTESIAN_POINT('Ctrl Pts',(405.227438276607,-1.99149095977981,-22.6626667397532));
#5513=CARTESIAN_POINT('Ctrl Pts',(404.976174678758,-1.99149095977981,-22.6626667397532));
#5514=CARTESIAN_POINT('Origin',(404.976174678758,0.00850904022022169,-0.00850904022022169));
#5515=CARTESIAN_POINT('',(404.976174678758,-1.9914909597798,22.6626667397532));
#5516=CARTESIAN_POINT('',(406.976156577715,-2.29573732078441E-9,22.75));
#5517=CARTESIAN_POINT('Ctrl Pts',(404.976174678758,-1.9914909597798,22.6626667397532));
#5518=CARTESIAN_POINT('Ctrl Pts',(405.227438276607,-1.9914909597798,22.6626667397532));
#5519=CARTESIAN_POINT('Ctrl Pts',(405.49536151337,-1.94124938142292,22.6672569704703));
#5520=CARTESIAN_POINT('Ctrl Pts',(405.988083450689,-1.73710075302737,22.6838151258803));
#5521=CARTESIAN_POINT('Ctrl Pts',(406.21289315863,-1.58320074738312,22.6955414711507));
#5522=CARTESIAN_POINT('Ctrl Pts',(406.567890043915,-1.22820157662629,22.7175185113318));
#5523=CARTESIAN_POINT('Ctrl Pts',(406.721788364028,-1.00339260903107,22.7291984847302));
#5524=CARTESIAN_POINT('Ctrl Pts',(406.924782838745,-0.513451757532263,22.7455108700184));
#5525=CARTESIAN_POINT('Ctrl Pts',(406.975098072444,-0.248793074747169,22.7499999999498));
#5526=CARTESIAN_POINT('Ctrl Pts',(406.976156577715,-4.59147126569137E-9,
22.75));
#5527=CARTESIAN_POINT('',(402.976192779801,-2.29574089431477E-9,22.75));
#5528=CARTESIAN_POINT('Ctrl Pts',(402.976192779801,-4.59147213305311E-9,
22.75));
#5529=CARTESIAN_POINT('Ctrl Pts',(402.977251285072,-0.248793074747172,22.7499999999498));
#5530=CARTESIAN_POINT('Ctrl Pts',(403.027566518771,-0.513451757532304,22.7455108700184));
#5531=CARTESIAN_POINT('Ctrl Pts',(403.230560993488,-1.00339260903111,22.7291984847302));
#5532=CARTESIAN_POINT('Ctrl Pts',(403.384459313601,-1.22820157662629,22.7175185113318));
#5533=CARTESIAN_POINT('Ctrl Pts',(403.739456198886,-1.58320074738312,22.6955414711507));
#5534=CARTESIAN_POINT('Ctrl Pts',(403.964265906827,-1.73710075302737,22.6838151258803));
#5535=CARTESIAN_POINT('Ctrl Pts',(404.456987844146,-1.94124938142292,22.6672569704703));
#5536=CARTESIAN_POINT('Ctrl Pts',(404.724911080909,-1.99149095977979,22.6626667397532));
#5537=CARTESIAN_POINT('Ctrl Pts',(404.976174678758,-1.9914909597798,22.6626667397532));
#5538=CARTESIAN_POINT('',(402.976174678758,0.00850904022022496,22.7499984087084));
#5539=CARTESIAN_POINT('Ctrl Pts',(402.976174678758,0.00850904022022644,
22.7499984087084));
#5540=CARTESIAN_POINT('Ctrl Pts',(402.976174678758,0.00567479530196033,
22.7499994687834));
#5541=CARTESIAN_POINT('Ctrl Pts',(402.976180703514,0.00283842861635563,
22.7500000000006));
#5542=CARTESIAN_POINT('Ctrl Pts',(402.976192779801,-4.591475769314E-9,22.75));
#5543=CARTESIAN_POINT('',(402.976174678758,0.00850904022022774,27.7499986954276));
#5544=CARTESIAN_POINT('',(402.976174678758,0.00850904022022145,-0.00850904022022169));
#5545=CARTESIAN_POINT('',(402.976192779801,-2.29601403778477E-9,27.75));
#5546=CARTESIAN_POINT('Ctrl Pts',(402.976192779801,-4.59201680879048E-9,
27.75));
#5547=CARTESIAN_POINT('Ctrl Pts',(402.976180703497,0.0028384325680439,27.7500000000005));
#5548=CARTESIAN_POINT('Ctrl Pts',(402.976174678758,0.00567479926274921,
27.7499995644969));
#5549=CARTESIAN_POINT('Ctrl Pts',(402.976174678758,0.00850904022022814,
27.7499986954276));
#5550=CARTESIAN_POINT('',(404.976174678758,-1.99149095977981,27.6784476399439));
#5551=CARTESIAN_POINT('Ctrl Pts',(404.976174678758,-1.99149095977981,27.6784476399439));
#5552=CARTESIAN_POINT('Ctrl Pts',(404.724956870082,-1.99149095977981,27.6784476399439));
#5553=CARTESIAN_POINT('Ctrl Pts',(404.457053353554,-1.94126723851686,27.6822044871462));
#5554=CARTESIAN_POINT('Ctrl Pts',(403.964319277437,-1.7371321490478,27.6957638571834));
#5555=CARTESIAN_POINT('Ctrl Pts',(403.739481351209,-1.58322552475214,27.7053693858357));
#5556=CARTESIAN_POINT('Ctrl Pts',(403.384436288786,-1.22817892677191,27.7233777135707));
#5557=CARTESIAN_POINT('Ctrl Pts',(403.230530858888,-1.00334153195949,27.7329505698097));
#5558=CARTESIAN_POINT('Ctrl Pts',(403.02754919243,-0.513388523712187,27.7463206733292));
#5559=CARTESIAN_POINT('Ctrl Pts',(402.97725109816,-0.248749142571844,27.7499999999588));
#5560=CARTESIAN_POINT('Ctrl Pts',(402.976192779801,-4.59201811991994E-9,
27.75));
#5561=CARTESIAN_POINT('',(406.976156577715,-2.29601539086908E-9,27.75));
#5562=CARTESIAN_POINT('Ctrl Pts',(406.976156577715,-4.59201579539048E-9,
27.75));
#5563=CARTESIAN_POINT('Ctrl Pts',(406.975098259356,-0.24874914257184,27.7499999999588));
#5564=CARTESIAN_POINT('Ctrl Pts',(406.924800165086,-0.513388523712161,27.7463206733292));
#5565=CARTESIAN_POINT('Ctrl Pts',(406.721818498628,-1.00334153195949,27.7329505698097));
#5566=CARTESIAN_POINT('Ctrl Pts',(406.56791306873,-1.22817892677191,27.7233777135707));
#5567=CARTESIAN_POINT('Ctrl Pts',(406.212868006308,-1.58322552475214,27.7053693858357));
#5568=CARTESIAN_POINT('Ctrl Pts',(405.988030080079,-1.7371321490478,27.6957638571834));
#5569=CARTESIAN_POINT('Ctrl Pts',(405.495296003963,-1.94126723851686,27.6822044871462));
#5570=CARTESIAN_POINT('Ctrl Pts',(405.227392487434,-1.9914909597798,27.6784476399439));
#5571=CARTESIAN_POINT('Ctrl Pts',(404.976174678758,-1.9914909597798,27.6784476399439));
#5572=CARTESIAN_POINT('Ctrl Pts',(402.976174678758,0.00850904022022786,
27.7499986954276));
#5573=CARTESIAN_POINT('Ctrl Pts',(402.976174678758,0.25972899899557,27.7499216633255));
#5574=CARTESIAN_POINT('Ctrl Pts',(403.026399210283,0.52763338593373,27.7460780448802));
#5575=CARTESIAN_POINT('Ctrl Pts',(403.23053499573,1.02036701251138,27.7323294193434));
#5576=CARTESIAN_POINT('Ctrl Pts',(403.384441393952,1.24520365450853,27.7226182923884));
#5577=CARTESIAN_POINT('Ctrl Pts',(403.739485790158,1.60024650201035,27.7043914899079));
#5578=CARTESIAN_POINT('Ctrl Pts',(403.964321743436,1.75415144266279,27.6946911368587));
#5579=CARTESIAN_POINT('Ctrl Pts',(404.457053339204,1.95828512147737,27.6810058317325));
#5580=CARTESIAN_POINT('Ctrl Pts',(404.724956431084,2.00850904022026,27.6772179135721));
#5581=CARTESIAN_POINT('Ctrl Pts',(405.227392926433,2.00850904022026,27.6772179135721));
#5582=CARTESIAN_POINT('Ctrl Pts',(405.495296018312,1.95828512147736,27.6810058317325));
#5583=CARTESIAN_POINT('Ctrl Pts',(405.98802761408,1.75415144266271,27.6946911368587));
#5584=CARTESIAN_POINT('Ctrl Pts',(406.212863567358,1.60024650201036,27.7043914899079));
#5585=CARTESIAN_POINT('Ctrl Pts',(406.567907963564,1.24520365450853,27.7226182923884));
#5586=CARTESIAN_POINT('Ctrl Pts',(406.721814361786,1.02036701251138,27.7323294193434));
#5587=CARTESIAN_POINT('Ctrl Pts',(406.925950147233,0.52763338593373,27.7460780448802));
#5588=CARTESIAN_POINT('Ctrl Pts',(406.976174678758,0.25972899899557,27.7499216633255));
#5589=CARTESIAN_POINT('Ctrl Pts',(406.976174678758,0.00567479926274893,
27.7499995644969));
#5590=CARTESIAN_POINT('Ctrl Pts',(406.976168654019,0.00283843256804327,
27.7500000000005));
#5591=CARTESIAN_POINT('Ctrl Pts',(406.976156577715,-4.59201773588682E-9,
27.75));
#5592=CARTESIAN_POINT('Ctrl Pts',(406.976156577715,-4.59147552395589E-9,
22.75));
#5593=CARTESIAN_POINT('Ctrl Pts',(406.976168654002,0.00283842861635636,
22.7500000000006));
#5594=CARTESIAN_POINT('Ctrl Pts',(406.976174678758,0.00567479530196098,
22.7499994687834));
#5595=CARTESIAN_POINT('Ctrl Pts',(406.976174678758,0.259775676440092,22.7499044290133));
#5596=CARTESIAN_POINT('Ctrl Pts',(406.925931933719,0.527700270109703,22.7452148016722));
#5597=CARTESIAN_POINT('Ctrl Pts',(406.721782201958,1.02042171154821,22.7284404102184));
#5598=CARTESIAN_POINT('Ctrl Pts',(406.567882440002,1.24522955624171,22.7165915679052));
#5599=CARTESIAN_POINT('Ctrl Pts',(406.212886551109,1.60022314007794,22.6943476312901));
#5600=CARTESIAN_POINT('Ctrl Pts',(405.988079783375,1.75412063716114,22.6825053631328));
#5601=CARTESIAN_POINT('Ctrl Pts',(405.495361542684,1.95826716549464,22.6657931363996));
#5602=CARTESIAN_POINT('Ctrl Pts',(405.227438937855,2.00850904022026,22.6611648296233));
#5603=CARTESIAN_POINT('Ctrl Pts',(404.724910419662,2.00850904022026,22.6611648296232));
#5604=CARTESIAN_POINT('Ctrl Pts',(404.456987814833,1.95826716549468,22.6657931363996));
#5605=CARTESIAN_POINT('Ctrl Pts',(403.964269574142,1.75412063716124,22.6825053631328));
#5606=CARTESIAN_POINT('Ctrl Pts',(403.739462806407,1.60022314007794,22.6943476312901));
#5607=CARTESIAN_POINT('Ctrl Pts',(403.384466917515,1.24522955624171,22.7165915679052));
#5608=CARTESIAN_POINT('Ctrl Pts',(403.230567155558,1.02042171154821,22.7284404102184));
#5609=CARTESIAN_POINT('Ctrl Pts',(403.026417423797,0.527700270109703,22.7452148016722));
#5610=CARTESIAN_POINT('Ctrl Pts',(402.976174678758,0.259775676440093,22.7499044290133));
#5611=CARTESIAN_POINT('Ctrl Pts',(402.976174678758,0.00850904022022821,
22.7499984087084));
#5612=CARTESIAN_POINT('Origin',(449.976174678758,0.00850904022022169,-0.00850904022022169));
#5613=CARTESIAN_POINT('',(449.976174678758,-1.99149095977982,-27.6784476399439));
#5614=CARTESIAN_POINT('',(447.976174678758,0.00850904022021217,-27.7499986954276));
#5615=CARTESIAN_POINT('Ctrl Pts',(449.976174678758,-1.99149095977982,-27.6784476399439));
#5616=CARTESIAN_POINT('Ctrl Pts',(450.227392487434,-1.99149095977982,-27.6784476399439));
#5617=CARTESIAN_POINT('Ctrl Pts',(450.495296003963,-1.94126723851687,-27.6822044871462));
#5618=CARTESIAN_POINT('Ctrl Pts',(450.988030080079,-1.73713214904782,-27.6957638571834));
#5619=CARTESIAN_POINT('Ctrl Pts',(451.212868006308,-1.58322552475215,-27.7053693858357));
#5620=CARTESIAN_POINT('Ctrl Pts',(451.56791306873,-1.22817892677192,-27.7233777135707));
#5621=CARTESIAN_POINT('Ctrl Pts',(451.721818498628,-1.0033415319595,-27.7329505698096));
#5622=CARTESIAN_POINT('Ctrl Pts',(451.925951691028,-0.510608993869942,-27.7463965226476));
#5623=CARTESIAN_POINT('Ctrl Pts',(451.976174678758,-0.242706600516027,-27.7500757262057));
#5624=CARTESIAN_POINT('Ctrl Pts',(451.976174678758,0.259728998995558,-27.7499216633255));
#5625=CARTESIAN_POINT('Ctrl Pts',(451.925950147233,0.527633385933717,-27.7460780448802));
#5626=CARTESIAN_POINT('Ctrl Pts',(451.721814361786,1.02036701251137,-27.7323294193434));
#5627=CARTESIAN_POINT('Ctrl Pts',(451.567907963564,1.24520365450852,-27.7226182923884));
#5628=CARTESIAN_POINT('Ctrl Pts',(451.212863567358,1.60024650201034,-27.7043914899079));
#5629=CARTESIAN_POINT('Ctrl Pts',(450.98802761408,1.75415144266273,-27.6946911368587));
#5630=CARTESIAN_POINT('Ctrl Pts',(450.495296018312,1.95828512147732,-27.6810058317325));
#5631=CARTESIAN_POINT('Ctrl Pts',(450.227392926433,2.00850904022024,-27.6772179135721));
#5632=CARTESIAN_POINT('Ctrl Pts',(449.724956431084,2.00850904022024,-27.6772179135721));
#5633=CARTESIAN_POINT('Ctrl Pts',(449.457053339204,1.95828512147732,-27.6810058317325));
#5634=CARTESIAN_POINT('Ctrl Pts',(448.964321743436,1.75415144266273,-27.6946911368587));
#5635=CARTESIAN_POINT('Ctrl Pts',(448.739485790158,1.60024650201034,-27.7043914899079));
#5636=CARTESIAN_POINT('Ctrl Pts',(448.384441393952,1.24520365450852,-27.7226182923884));
#5637=CARTESIAN_POINT('Ctrl Pts',(448.23053499573,1.02036701251137,-27.7323294193434));
#5638=CARTESIAN_POINT('Ctrl Pts',(448.026399210283,0.527633385933717,-27.7460780448802));
#5639=CARTESIAN_POINT('Ctrl Pts',(447.976174678758,0.259728998995562,-27.7499216633255));
#5640=CARTESIAN_POINT('Ctrl Pts',(447.976174678758,0.00850904022022002,
-27.7499986954276));
#5641=CARTESIAN_POINT('Ctrl Pts',(447.976174678758,0.00850904022020975,
-27.7499986954276));
#5642=CARTESIAN_POINT('Ctrl Pts',(447.976174678758,-0.242706600516033,-27.7500757262057));
#5643=CARTESIAN_POINT('Ctrl Pts',(448.026397666488,-0.510608993869942,-27.7463965226476));
#5644=CARTESIAN_POINT('Ctrl Pts',(448.230530858888,-1.0033415319595,-27.7329505698096));
#5645=CARTESIAN_POINT('Ctrl Pts',(448.384436288786,-1.22817892677192,-27.7233777135707));
#5646=CARTESIAN_POINT('Ctrl Pts',(448.739481351209,-1.58322552475215,-27.7053693858357));
#5647=CARTESIAN_POINT('Ctrl Pts',(448.964319277437,-1.73713214904782,-27.6957638571834));
#5648=CARTESIAN_POINT('Ctrl Pts',(449.457053353554,-1.94126723851687,-27.6822044871462));
#5649=CARTESIAN_POINT('Ctrl Pts',(449.724956870082,-1.99149095977981,-27.6784476399439));
#5650=CARTESIAN_POINT('Ctrl Pts',(449.976174678758,-1.99149095977982,-27.6784476399439));
#5651=CARTESIAN_POINT('',(447.976174678758,0.00850904022021675,-22.7499984087084));
#5652=CARTESIAN_POINT('',(447.976174678758,0.00850904022022145,-0.00850904022022169));
#5653=CARTESIAN_POINT('',(449.976174678758,-1.99149095977981,-22.6626667397532));
#5654=CARTESIAN_POINT('Ctrl Pts',(449.976174678758,-1.99149095977981,-22.6626667397532));
#5655=CARTESIAN_POINT('Ctrl Pts',(449.724911080909,-1.99149095977981,-22.6626667397532));
#5656=CARTESIAN_POINT('Ctrl Pts',(449.456987844146,-1.94124938142293,-22.6672569704703));
#5657=CARTESIAN_POINT('Ctrl Pts',(448.964265906827,-1.73710075302738,-22.6838151258803));
#5658=CARTESIAN_POINT('Ctrl Pts',(448.739456198886,-1.58320074738313,-22.6955414711507));
#5659=CARTESIAN_POINT('Ctrl Pts',(448.384459313601,-1.2282015766263,-22.7175185113318));
#5660=CARTESIAN_POINT('Ctrl Pts',(448.230560993488,-1.00339260903108,-22.7291984847302));
#5661=CARTESIAN_POINT('Ctrl Pts',(448.026415123958,-0.510672788520046,-22.7456033946836));
#5662=CARTESIAN_POINT('Ctrl Pts',(447.976174678758,-0.242751164781606,-22.7500923859981));
#5663=CARTESIAN_POINT('Ctrl Pts',(447.976174678758,0.00850904022021683,
-22.7499984087084));
#5664=CARTESIAN_POINT('Ctrl Pts',(447.976174678758,0.00850904022021794,
-22.7499984087084));
#5665=CARTESIAN_POINT('Ctrl Pts',(447.976174678758,0.259775676440083,-22.7499044290133));
#5666=CARTESIAN_POINT('Ctrl Pts',(448.026417423797,0.527700270109692,-22.7452148016722));
#5667=CARTESIAN_POINT('Ctrl Pts',(448.230567155558,1.0204217115482,-22.7284404102184));
#5668=CARTESIAN_POINT('Ctrl Pts',(448.384466917514,1.2452295562417,-22.7165915679052));
#5669=CARTESIAN_POINT('Ctrl Pts',(448.739462806407,1.60022314007793,-22.6943476312901));
#5670=CARTESIAN_POINT('Ctrl Pts',(448.964269574141,1.75412063716111,-22.6825053631328));
#5671=CARTESIAN_POINT('Ctrl Pts',(449.456987814832,1.95826716549461,-22.6657931363996));
#5672=CARTESIAN_POINT('Ctrl Pts',(449.724910419662,2.00850904022025,-22.6611648296232));
#5673=CARTESIAN_POINT('Ctrl Pts',(450.227438937855,2.00850904022025,-22.6611648296233));
#5674=CARTESIAN_POINT('Ctrl Pts',(450.495361542684,1.95826716549463,-22.6657931363996));
#5675=CARTESIAN_POINT('Ctrl Pts',(450.988079783375,1.75412063716113,-22.6825053631328));
#5676=CARTESIAN_POINT('Ctrl Pts',(451.212886551109,1.60022314007793,-22.6943476312901));
#5677=CARTESIAN_POINT('Ctrl Pts',(451.567882440002,1.2452295562417,-22.7165915679052));
#5678=CARTESIAN_POINT('Ctrl Pts',(451.721782201958,1.02042171154816,-22.7284404102184));
#5679=CARTESIAN_POINT('Ctrl Pts',(451.925931933719,0.52770027010965,-22.7452148016722));
#5680=CARTESIAN_POINT('Ctrl Pts',(451.976174678758,0.259775676440082,-22.7499044290133));
#5681=CARTESIAN_POINT('Ctrl Pts',(451.976174678758,-0.242751164781605,-22.7500923859981));
#5682=CARTESIAN_POINT('Ctrl Pts',(451.925934233558,-0.510672788520045,-22.7456033946836));
#5683=CARTESIAN_POINT('Ctrl Pts',(451.721788364028,-1.00339260903108,-22.7291984847302));
#5684=CARTESIAN_POINT('Ctrl Pts',(451.567890043915,-1.2282015766263,-22.7175185113318));
#5685=CARTESIAN_POINT('Ctrl Pts',(451.21289315863,-1.58320074738313,-22.6955414711507));
#5686=CARTESIAN_POINT('Ctrl Pts',(450.988083450689,-1.73710075302738,-22.6838151258803));
#5687=CARTESIAN_POINT('Ctrl Pts',(450.49536151337,-1.94124938142293,-22.6672569704703));
#5688=CARTESIAN_POINT('Ctrl Pts',(450.227438276607,-1.9914909597798,-22.6626667397532));
#5689=CARTESIAN_POINT('Ctrl Pts',(449.976174678758,-1.99149095977981,-22.6626667397532));
#5690=CARTESIAN_POINT('Origin',(449.976174678758,0.00850904022022169,-0.00850904022022169));
#5691=CARTESIAN_POINT('',(449.976174678758,-1.99149095977981,22.6626667397532));
#5692=CARTESIAN_POINT('',(451.976156577715,-2.29573884734107E-9,22.75));
#5693=CARTESIAN_POINT('Ctrl Pts',(449.976174678758,-1.99149095977981,22.6626667397532));
#5694=CARTESIAN_POINT('Ctrl Pts',(450.227438276607,-1.9914909597798,22.6626667397532));
#5695=CARTESIAN_POINT('Ctrl Pts',(450.49536151337,-1.94124938142292,22.6672569704703));
#5696=CARTESIAN_POINT('Ctrl Pts',(450.988083450689,-1.73710075302737,22.6838151258803));
#5697=CARTESIAN_POINT('Ctrl Pts',(451.21289315863,-1.58320074738312,22.6955414711507));
#5698=CARTESIAN_POINT('Ctrl Pts',(451.567890043915,-1.22820157662629,22.7175185113318));
#5699=CARTESIAN_POINT('Ctrl Pts',(451.721788364028,-1.00339260903107,22.7291984847302));
#5700=CARTESIAN_POINT('Ctrl Pts',(451.924782838745,-0.513451757532263,22.7455108700184));
#5701=CARTESIAN_POINT('Ctrl Pts',(451.975098072444,-0.24879307474717,22.7499999999498));
#5702=CARTESIAN_POINT('Ctrl Pts',(451.976156577715,-4.59147105752455E-9,
22.75));
#5703=CARTESIAN_POINT('',(447.976192779801,-2.29574079023136E-9,22.75));
#5704=CARTESIAN_POINT('Ctrl Pts',(447.976192779801,-4.59147768416823E-9,
22.75));
#5705=CARTESIAN_POINT('Ctrl Pts',(447.977251285072,-0.248793074747178,22.7499999999498));
#5706=CARTESIAN_POINT('Ctrl Pts',(448.027566518771,-0.513451757532304,22.7455108700184));
#5707=CARTESIAN_POINT('Ctrl Pts',(448.230560993488,-1.00339260903111,22.7291984847302));
#5708=CARTESIAN_POINT('Ctrl Pts',(448.384459313601,-1.22820157662629,22.7175185113318));
#5709=CARTESIAN_POINT('Ctrl Pts',(448.739456198886,-1.58320074738312,22.6955414711507));
#5710=CARTESIAN_POINT('Ctrl Pts',(448.964265906827,-1.73710075302737,22.6838151258803));
#5711=CARTESIAN_POINT('Ctrl Pts',(449.456987844146,-1.94124938142292,22.6672569704703));
#5712=CARTESIAN_POINT('Ctrl Pts',(449.724911080909,-1.9914909597798,22.6626667397532));
#5713=CARTESIAN_POINT('Ctrl Pts',(449.976174678758,-1.9914909597798,22.6626667397532));
#5714=CARTESIAN_POINT('',(447.976174678758,0.00850904022022486,22.7499984087084));
#5715=CARTESIAN_POINT('Ctrl Pts',(447.976174678758,0.00850904022022644,
22.7499984087084));
#5716=CARTESIAN_POINT('Ctrl Pts',(447.976174678758,0.00567479530196033,
22.7499994687834));
#5717=CARTESIAN_POINT('Ctrl Pts',(447.976180703514,0.00283842861635627,
22.7500000000006));
#5718=CARTESIAN_POINT('Ctrl Pts',(447.976192779801,-4.59147544951134E-9,
22.75));
#5719=CARTESIAN_POINT('',(447.976174678758,0.0085090402202267,27.7499986954276));
#5720=CARTESIAN_POINT('',(447.976174678758,0.00850904022022145,-0.00850904022022169));
#5721=CARTESIAN_POINT('',(447.976192779801,-2.29601334389538E-9,27.75));
#5722=CARTESIAN_POINT('Ctrl Pts',(447.976192779801,-4.59201712890339E-9,
27.75));
#5723=CARTESIAN_POINT('Ctrl Pts',(447.976180703497,0.00283843256804358,
27.7500000000005));
#5724=CARTESIAN_POINT('Ctrl Pts',(447.976174678758,0.00567479926274921,
27.7499995644969));
#5725=CARTESIAN_POINT('Ctrl Pts',(447.976174678758,0.00850904022022814,
27.7499986954276));
#5726=CARTESIAN_POINT('',(449.976174678758,-1.9914909597798,27.6784476399439));
#5727=CARTESIAN_POINT('Ctrl Pts',(449.976174678758,-1.9914909597798,27.6784476399439));
#5728=CARTESIAN_POINT('Ctrl Pts',(449.724956870082,-1.9914909597798,27.6784476399439));
#5729=CARTESIAN_POINT('Ctrl Pts',(449.457053353554,-1.94126723851686,27.6822044871462));
#5730=CARTESIAN_POINT('Ctrl Pts',(448.964319277437,-1.7371321490478,27.6957638571834));
#5731=CARTESIAN_POINT('Ctrl Pts',(448.739481351209,-1.58322552475214,27.7053693858357));
#5732=CARTESIAN_POINT('Ctrl Pts',(448.384436288786,-1.22817892677191,27.7233777135707));
#5733=CARTESIAN_POINT('Ctrl Pts',(448.230530858888,-1.00334153195949,27.7329505698097));
#5734=CARTESIAN_POINT('Ctrl Pts',(448.02754919243,-0.513388523712187,27.7463206733292));
#5735=CARTESIAN_POINT('Ctrl Pts',(447.97725109816,-0.248749142571843,27.7499999999588));
#5736=CARTESIAN_POINT('Ctrl Pts',(447.976192779801,-4.59201704439138E-9,
27.75));
#5737=CARTESIAN_POINT('',(451.976156577715,-2.29601261531152E-9,27.75));
#5738=CARTESIAN_POINT('Ctrl Pts',(451.976156577715,-4.59201926483743E-9,
27.75));
#5739=CARTESIAN_POINT('Ctrl Pts',(451.975098259356,-0.248749142571845,27.7499999999588));
#5740=CARTESIAN_POINT('Ctrl Pts',(451.924800165086,-0.513388523712161,27.7463206733292));
#5741=CARTESIAN_POINT('Ctrl Pts',(451.721818498628,-1.00334153195949,27.7329505698097));
#5742=CARTESIAN_POINT('Ctrl Pts',(451.56791306873,-1.22817892677191,27.7233777135707));
#5743=CARTESIAN_POINT('Ctrl Pts',(451.212868006308,-1.58322552475214,27.7053693858357));
#5744=CARTESIAN_POINT('Ctrl Pts',(450.988030080079,-1.7371321490478,27.6957638571834));
#5745=CARTESIAN_POINT('Ctrl Pts',(450.495296003963,-1.94126723851686,27.6822044871462));
#5746=CARTESIAN_POINT('Ctrl Pts',(450.227392487434,-1.9914909597798,27.6784476399439));
#5747=CARTESIAN_POINT('Ctrl Pts',(449.976174678758,-1.9914909597798,27.6784476399439));
#5748=CARTESIAN_POINT('Ctrl Pts',(447.976174678758,0.00850904022022578,
27.7499986954276));
#5749=CARTESIAN_POINT('Ctrl Pts',(447.976174678758,0.259728998995568,27.7499216633255));
#5750=CARTESIAN_POINT('Ctrl Pts',(448.026399210283,0.52763338593373,27.7460780448802));
#5751=CARTESIAN_POINT('Ctrl Pts',(448.23053499573,1.02036701251138,27.7323294193434));
#5752=CARTESIAN_POINT('Ctrl Pts',(448.384441393952,1.24520365450853,27.7226182923884));
#5753=CARTESIAN_POINT('Ctrl Pts',(448.739485790158,1.60024650201035,27.7043914899079));
#5754=CARTESIAN_POINT('Ctrl Pts',(448.964321743436,1.75415144266279,27.6946911368587));
#5755=CARTESIAN_POINT('Ctrl Pts',(449.457053339204,1.95828512147737,27.6810058317325));
#5756=CARTESIAN_POINT('Ctrl Pts',(449.724956431084,2.00850904022026,27.6772179135721));
#5757=CARTESIAN_POINT('Ctrl Pts',(450.227392926433,2.00850904022026,27.6772179135721));
#5758=CARTESIAN_POINT('Ctrl Pts',(450.495296018312,1.95828512147736,27.6810058317325));
#5759=CARTESIAN_POINT('Ctrl Pts',(450.98802761408,1.75415144266271,27.6946911368587));
#5760=CARTESIAN_POINT('Ctrl Pts',(451.212863567358,1.60024650201036,27.7043914899079));
#5761=CARTESIAN_POINT('Ctrl Pts',(451.567907963564,1.24520365450853,27.7226182923884));
#5762=CARTESIAN_POINT('Ctrl Pts',(451.721814361786,1.02036701251138,27.7323294193434));
#5763=CARTESIAN_POINT('Ctrl Pts',(451.925950147233,0.52763338593373,27.7460780448802));
#5764=CARTESIAN_POINT('Ctrl Pts',(451.976174678758,0.25972899899557,27.7499216633255));
#5765=CARTESIAN_POINT('Ctrl Pts',(451.976174678758,0.00567479926274931,
27.7499995644969));
#5766=CARTESIAN_POINT('Ctrl Pts',(451.976168654019,0.00283843256804403,
27.7500000000005));
#5767=CARTESIAN_POINT('Ctrl Pts',(451.976156577715,-4.59201629149968E-9,
27.75));
#5768=CARTESIAN_POINT('Ctrl Pts',(451.976156577715,-4.59147552395589E-9,
22.75));
#5769=CARTESIAN_POINT('Ctrl Pts',(451.976168654002,0.00283842861635604,
22.7500000000006));
#5770=CARTESIAN_POINT('Ctrl Pts',(451.976174678758,0.00567479530196098,
22.7499994687834));
#5771=CARTESIAN_POINT('Ctrl Pts',(451.976174678758,0.259775676440092,22.7499044290133));
#5772=CARTESIAN_POINT('Ctrl Pts',(451.925931933719,0.527700270109703,22.7452148016722));
#5773=CARTESIAN_POINT('Ctrl Pts',(451.721782201958,1.02042171154821,22.7284404102184));
#5774=CARTESIAN_POINT('Ctrl Pts',(451.567882440002,1.24522955624171,22.7165915679052));
#5775=CARTESIAN_POINT('Ctrl Pts',(451.212886551109,1.60022314007794,22.6943476312901));
#5776=CARTESIAN_POINT('Ctrl Pts',(450.988079783375,1.75412063716114,22.6825053631328));
#5777=CARTESIAN_POINT('Ctrl Pts',(450.495361542684,1.95826716549464,22.6657931363996));
#5778=CARTESIAN_POINT('Ctrl Pts',(450.227438937855,2.00850904022026,22.6611648296233));
#5779=CARTESIAN_POINT('Ctrl Pts',(449.724910419662,2.00850904022026,22.6611648296232));
#5780=CARTESIAN_POINT('Ctrl Pts',(449.456987814833,1.95826716549468,22.6657931363996));
#5781=CARTESIAN_POINT('Ctrl Pts',(448.964269574142,1.75412063716124,22.6825053631328));
#5782=CARTESIAN_POINT('Ctrl Pts',(448.739462806407,1.60022314007794,22.6943476312901));
#5783=CARTESIAN_POINT('Ctrl Pts',(448.384466917515,1.24522955624171,22.7165915679052));
#5784=CARTESIAN_POINT('Ctrl Pts',(448.230567155558,1.02042171154821,22.7284404102184));
#5785=CARTESIAN_POINT('Ctrl Pts',(448.026417423797,0.527700270109703,22.7452148016722));
#5786=CARTESIAN_POINT('Ctrl Pts',(447.976174678758,0.2597756764401,22.7499044290133));
#5787=CARTESIAN_POINT('Ctrl Pts',(447.976174678758,0.00850904022023487,
22.7499984087084));
#5788=CARTESIAN_POINT('Origin',(404.976174678758,0.,0.));
#5789=CARTESIAN_POINT('',(404.976174678758,-27.6778340915614,2.00000000000003));
#5790=CARTESIAN_POINT('',(402.976174678758,-27.75,2.44929359829474E-16));
#5791=CARTESIAN_POINT('Ctrl Pts',(404.976174678758,-27.6778340915614,2.00000000000003));
#5792=CARTESIAN_POINT('Ctrl Pts',(405.227392707521,-27.6778340915614,2.00000000000003));
#5793=CARTESIAN_POINT('Ctrl Pts',(405.495296013221,-27.6816064736923,1.94977617983271));
#5794=CARTESIAN_POINT('Ctrl Pts',(405.988028853943,-27.6952288097648,1.74564179231312));
#5795=CARTESIAN_POINT('Ctrl Pts',(406.212865796948,-27.7048817497065,1.5917360065561));
#5796=CARTESIAN_POINT('Ctrl Pts',(406.567910523013,-27.7229993128227,1.23669128049148));
#5797=CARTESIAN_POINT('Ctrl Pts',(406.721816433803,-27.7326413029688,1.01185426528966));
#5798=CARTESIAN_POINT('Ctrl Pts',(406.925950919328,-27.7462385898545,0.519121187709643));
#5799=CARTESIAN_POINT('Ctrl Pts',(406.976174678758,-27.75,0.251217799085215));
#5800=CARTESIAN_POINT('Ctrl Pts',(406.976174678758,-27.75,-0.251217799085215));
#5801=CARTESIAN_POINT('Ctrl Pts',(406.925950919328,-27.7462385898545,-0.519121187709643));
#5802=CARTESIAN_POINT('Ctrl Pts',(406.721816433803,-27.7326413029688,-1.01185426528966));
#5803=CARTESIAN_POINT('Ctrl Pts',(406.567910523013,-27.7229993128227,-1.23669128049148));
#5804=CARTESIAN_POINT('Ctrl Pts',(406.212865796948,-27.7048817497065,-1.5917360065561));
#5805=CARTESIAN_POINT('Ctrl Pts',(405.988028853943,-27.6952288097649,-1.74564179231312));
#5806=CARTESIAN_POINT('Ctrl Pts',(405.495296013221,-27.6816064736923,-1.94977617983271));
#5807=CARTESIAN_POINT('Ctrl Pts',(405.227392707521,-27.6778340915614,-2.00000000000003));
#5808=CARTESIAN_POINT('Ctrl Pts',(404.724956649995,-27.6778340915614,-2.00000000000003));
#5809=CARTESIAN_POINT('Ctrl Pts',(404.457053344295,-27.6816064736923,-1.94977617983272));
#5810=CARTESIAN_POINT('Ctrl Pts',(403.964320503573,-27.6952288097648,-1.7456417923132));
#5811=CARTESIAN_POINT('Ctrl Pts',(403.739483560568,-27.7048817497065,-1.5917360065561));
#5812=CARTESIAN_POINT('Ctrl Pts',(403.384438834503,-27.7229993128227,-1.23669128049148));
#5813=CARTESIAN_POINT('Ctrl Pts',(403.230532923713,-27.7326413029688,-1.01185426528968));
#5814=CARTESIAN_POINT('Ctrl Pts',(403.026398438189,-27.7462385898545,-0.51912118770967));
#5815=CARTESIAN_POINT('Ctrl Pts',(402.976174678758,-27.75,-0.251217799085218));
#5816=CARTESIAN_POINT('Ctrl Pts',(402.976174678758,-27.75,-2.28983498828939E-15));
#5817=CARTESIAN_POINT('Ctrl Pts',(402.976174678758,-27.75,2.08166817117217E-15));
#5818=CARTESIAN_POINT('Ctrl Pts',(402.976174678758,-27.75,0.251217799085217));
#5819=CARTESIAN_POINT('Ctrl Pts',(403.026398438189,-27.7462385898545,0.519121187709643));
#5820=CARTESIAN_POINT('Ctrl Pts',(403.230532923713,-27.7326413029688,1.01185426528966));
#5821=CARTESIAN_POINT('Ctrl Pts',(403.384438834503,-27.7229993128227,1.23669128049148));
#5822=CARTESIAN_POINT('Ctrl Pts',(403.739483560568,-27.7048817497065,1.5917360065561));
#5823=CARTESIAN_POINT('Ctrl Pts',(403.964320503573,-27.6952288097648,1.74564179231312));
#5824=CARTESIAN_POINT('Ctrl Pts',(404.457053344295,-27.6816064736923,1.94977617983271));
#5825=CARTESIAN_POINT('Ctrl Pts',(404.724956649995,-27.6778340915614,2.00000000000003));
#5826=CARTESIAN_POINT('Ctrl Pts',(404.976174678758,-27.6778340915614,2.00000000000003));
#5827=CARTESIAN_POINT('',(402.976174678758,-22.75,2.26548088473345E-16));
#5828=CARTESIAN_POINT('',(402.976174678758,0.,2.44929359829474E-16));
#5829=CARTESIAN_POINT('',(404.976174678758,-22.6619173946072,2.00000000000003));
#5830=CARTESIAN_POINT('Ctrl Pts',(404.976174678758,-22.6619173946072,2.00000000000003));
#5831=CARTESIAN_POINT('Ctrl Pts',(404.724910749433,-22.6619173946072,2.00000000000003));
#5832=CARTESIAN_POINT('Ctrl Pts',(404.456987826411,-22.6665266623467,1.94975827322146));
#5833=CARTESIAN_POINT('Ctrl Pts',(403.964267730268,-22.6831618506626,1.7456106898235));
#5834=CARTESIAN_POINT('Ctrl Pts',(403.739459487572,-22.6949461557187,1.59171193355965));
#5835=CARTESIAN_POINT('Ctrl Pts',(403.384463105297,-22.7170566404912,1.23671555128494));
#5836=CARTESIAN_POINT('Ctrl Pts',(403.230564069132,-22.7288210457092,1.0119071498913));
#5837=CARTESIAN_POINT('Ctrl Pts',(403.026416273568,-22.7454106922285,0.51918652599514));
#5838=CARTESIAN_POINT('Ctrl Pts',(402.976174678758,-22.75,0.251263419575529));
#5839=CARTESIAN_POINT('Ctrl Pts',(402.976174678758,-22.75,2.4980018054066E-15));
#5840=CARTESIAN_POINT('Ctrl Pts',(402.976174678758,-22.75,3.46944695195361E-16));
#5841=CARTESIAN_POINT('Ctrl Pts',(402.976174678758,-22.75,-0.251263419575526));
#5842=CARTESIAN_POINT('Ctrl Pts',(403.026416273568,-22.7454106922285,-0.519186525995139));
#5843=CARTESIAN_POINT('Ctrl Pts',(403.230564069132,-22.7288210457092,-1.01190714989129));
#5844=CARTESIAN_POINT('Ctrl Pts',(403.384463105297,-22.7170566404912,-1.23671555128494));
#5845=CARTESIAN_POINT('Ctrl Pts',(403.739459487572,-22.6949461557187,-1.59171193355965));
#5846=CARTESIAN_POINT('Ctrl Pts',(403.964267730268,-22.6831618506626,-1.74561068982354));
#5847=CARTESIAN_POINT('Ctrl Pts',(404.456987826411,-22.6665266623467,-1.94975827322148));
#5848=CARTESIAN_POINT('Ctrl Pts',(404.724910749433,-22.6619173946072,-2.00000000000003));
#5849=CARTESIAN_POINT('Ctrl Pts',(405.227438608083,-22.6619173946072,-2.00000000000003));
#5850=CARTESIAN_POINT('Ctrl Pts',(405.495361531106,-22.6665266623467,-1.94975827322145));
#5851=CARTESIAN_POINT('Ctrl Pts',(405.988081627249,-22.6831618506626,-1.74561068982349));
#5852=CARTESIAN_POINT('Ctrl Pts',(406.212889869945,-22.6949461557187,-1.59171193355965));
#5853=CARTESIAN_POINT('Ctrl Pts',(406.567886252219,-22.7170566404912,-1.23671555128494));
#5854=CARTESIAN_POINT('Ctrl Pts',(406.721785288384,-22.7288210457092,-1.01190714989125));
#5855=CARTESIAN_POINT('Ctrl Pts',(406.925933083948,-22.7454106922285,-0.519186525995085));
#5856=CARTESIAN_POINT('Ctrl Pts',(406.976174678758,-22.75,-0.251263419575527));
#5857=CARTESIAN_POINT('Ctrl Pts',(406.976174678758,-22.75,0.251263419575526));
#5858=CARTESIAN_POINT('Ctrl Pts',(406.925933083948,-22.7454106922285,0.519186525995139));
#5859=CARTESIAN_POINT('Ctrl Pts',(406.721785288384,-22.7288210457092,1.01190714989129));
#5860=CARTESIAN_POINT('Ctrl Pts',(406.567886252219,-22.7170566404912,1.23671555128494));
#5861=CARTESIAN_POINT('Ctrl Pts',(406.212889869945,-22.6949461557187,1.59171193355965));
#5862=CARTESIAN_POINT('Ctrl Pts',(405.988081627249,-22.6831618506626,1.7456106898235));
#5863=CARTESIAN_POINT('Ctrl Pts',(405.495361531106,-22.6665266623467,1.94975827322146));
#5864=CARTESIAN_POINT('Ctrl Pts',(405.227438608083,-22.6619173946072,2.00000000000002));
#5865=CARTESIAN_POINT('Ctrl Pts',(404.976174678758,-22.6619173946072,2.00000000000002));
#5866=CARTESIAN_POINT('Origin',(404.976174678758,0.,0.));
#5867=CARTESIAN_POINT('',(404.976174678758,22.6619173946072,2.00000000000003));
#5868=CARTESIAN_POINT('',(402.976174678758,22.75,-2.68778735116769E-15));
#5869=CARTESIAN_POINT('Ctrl Pts',(404.976174678758,22.6619173946072,2.00000000000003));
#5870=CARTESIAN_POINT('Ctrl Pts',(405.227438608083,22.6619173946072,2.00000000000003));
#5871=CARTESIAN_POINT('Ctrl Pts',(405.495361531106,22.6665266623467,1.94975827322146));
#5872=CARTESIAN_POINT('Ctrl Pts',(405.988081627249,22.6831618506626,1.7456106898235));
#5873=CARTESIAN_POINT('Ctrl Pts',(406.212889869945,22.6949461557187,1.59171193355965));
#5874=CARTESIAN_POINT('Ctrl Pts',(406.567886252219,22.7170566404912,1.23671555128494));
#5875=CARTESIAN_POINT('Ctrl Pts',(406.721785288384,22.7288210457092,1.01190714989129));
#5876=CARTESIAN_POINT('Ctrl Pts',(406.925933083948,22.7454106922285,0.519186525995139));
#5877=CARTESIAN_POINT('Ctrl Pts',(406.976174678758,22.75,0.251263419575526));
#5878=CARTESIAN_POINT('Ctrl Pts',(406.976174678758,22.75,-0.251263419575527));
#5879=CARTESIAN_POINT('Ctrl Pts',(406.925933083948,22.7454106922285,-0.51918652599514));
#5880=CARTESIAN_POINT('Ctrl Pts',(406.721785288384,22.7288210457092,-1.0119071498913));
#5881=CARTESIAN_POINT('Ctrl Pts',(406.567886252219,22.7170566404912,-1.23671555128494));
#5882=CARTESIAN_POINT('Ctrl Pts',(406.212889869945,22.6949461557187,-1.59171193355965));
#5883=CARTESIAN_POINT('Ctrl Pts',(405.988081627249,22.6831618506626,-1.74561068982349));
#5884=CARTESIAN_POINT('Ctrl Pts',(405.495361531106,22.6665266623467,-1.94975827322145));
#5885=CARTESIAN_POINT('Ctrl Pts',(405.227438608083,22.6619173946072,-2.00000000000003));
#5886=CARTESIAN_POINT('Ctrl Pts',(404.724910749433,22.6619173946072,-2.00000000000003));
#5887=CARTESIAN_POINT('Ctrl Pts',(404.456987826411,22.6665266623467,-1.94975827322148));
#5888=CARTESIAN_POINT('Ctrl Pts',(403.964267730268,22.6831618506626,-1.74561068982354));
#5889=CARTESIAN_POINT('Ctrl Pts',(403.739459487572,22.6949461557187,-1.59171193355965));
#5890=CARTESIAN_POINT('Ctrl Pts',(403.384463105297,22.7170566404912,-1.23671555128494));
#5891=CARTESIAN_POINT('Ctrl Pts',(403.230564069132,22.7288210457092,-1.0119071498913));
#5892=CARTESIAN_POINT('Ctrl Pts',(403.026416273568,22.7454106922285,-0.519186525995165));
#5893=CARTESIAN_POINT('Ctrl Pts',(402.976174678758,22.75,-0.251263419575529));
#5894=CARTESIAN_POINT('Ctrl Pts',(402.976174678758,22.75,-1.73472347597681E-15));
#5895=CARTESIAN_POINT('Ctrl Pts',(402.976174678758,22.75,-5.62050406216485E-15));
#5896=CARTESIAN_POINT('Ctrl Pts',(402.976174678758,22.75,0.251263419575521));
#5897=CARTESIAN_POINT('Ctrl Pts',(403.026416273568,22.7454106922285,0.51918652599514));
#5898=CARTESIAN_POINT('Ctrl Pts',(403.230564069132,22.7288210457092,1.0119071498913));
#5899=CARTESIAN_POINT('Ctrl Pts',(403.384463105297,22.7170566404912,1.23671555128494));
#5900=CARTESIAN_POINT('Ctrl Pts',(403.739459487572,22.6949461557187,1.59171193355965));
#5901=CARTESIAN_POINT('Ctrl Pts',(403.964267730268,22.6831618506626,1.7456106898235));
#5902=CARTESIAN_POINT('Ctrl Pts',(404.456987826411,22.6665266623467,1.94975827322146));
#5903=CARTESIAN_POINT('Ctrl Pts',(404.724910749433,22.6619173946072,2.00000000000003));
#5904=CARTESIAN_POINT('Ctrl Pts',(404.976174678758,22.6619173946072,2.00000000000003));
#5905=CARTESIAN_POINT('',(402.976174678758,27.75,2.44929359829474E-16));
#5906=CARTESIAN_POINT('',(402.976174678758,0.,2.44929359829474E-16));
#5907=CARTESIAN_POINT('',(404.976174678758,27.6778340915614,2.00000000000003));
#5908=CARTESIAN_POINT('Ctrl Pts',(404.976174678758,27.6778340915614,2.00000000000003));
#5909=CARTESIAN_POINT('Ctrl Pts',(404.724956649995,27.6778340915614,2.00000000000003));
#5910=CARTESIAN_POINT('Ctrl Pts',(404.457053344295,27.6816064736923,1.94977617983271));
#5911=CARTESIAN_POINT('Ctrl Pts',(403.964320503573,27.6952288097648,1.74564179231312));
#5912=CARTESIAN_POINT('Ctrl Pts',(403.739483560568,27.7048817497065,1.5917360065561));
#5913=CARTESIAN_POINT('Ctrl Pts',(403.384438834503,27.7229993128227,1.23669128049148));
#5914=CARTESIAN_POINT('Ctrl Pts',(403.230532923713,27.7326413029688,1.01185426528966));
#5915=CARTESIAN_POINT('Ctrl Pts',(403.026398438189,27.7462385898545,0.519121187709643));
#5916=CARTESIAN_POINT('Ctrl Pts',(402.976174678758,27.75,0.251217799085217));
#5917=CARTESIAN_POINT('Ctrl Pts',(402.976174678758,27.75,1.11022302462516E-15));
#5918=CARTESIAN_POINT('Ctrl Pts',(402.976174678758,27.75,-1.38777878078145E-15));
#5919=CARTESIAN_POINT('Ctrl Pts',(402.976174678758,27.75,-0.251217799085217));
#5920=CARTESIAN_POINT('Ctrl Pts',(403.026398438189,27.7462385898545,-0.519121187709695));
#5921=CARTESIAN_POINT('Ctrl Pts',(403.230532923713,27.7326413029688,-1.01185426528971));
#5922=CARTESIAN_POINT('Ctrl Pts',(403.384438834503,27.7229993128227,-1.23669128049148));
#5923=CARTESIAN_POINT('Ctrl Pts',(403.739483560568,27.7048817497065,-1.5917360065561));
#5924=CARTESIAN_POINT('Ctrl Pts',(403.964320503573,27.6952288097648,-1.7456417923132));
#5925=CARTESIAN_POINT('Ctrl Pts',(404.457053344295,27.6816064736923,-1.94977617983272));
#5926=CARTESIAN_POINT('Ctrl Pts',(404.724956649995,27.6778340915614,-2.00000000000003));
#5927=CARTESIAN_POINT('Ctrl Pts',(405.227392707521,27.6778340915614,-2.00000000000003));
#5928=CARTESIAN_POINT('Ctrl Pts',(405.495296013221,27.6816064736923,-1.94977617983271));
#5929=CARTESIAN_POINT('Ctrl Pts',(405.988028853943,27.6952288097649,-1.74564179231312));
#5930=CARTESIAN_POINT('Ctrl Pts',(406.212865796948,27.7048817497065,-1.5917360065561));
#5931=CARTESIAN_POINT('Ctrl Pts',(406.567910523013,27.7229993128227,-1.23669128049148));
#5932=CARTESIAN_POINT('Ctrl Pts',(406.721816433803,27.7326413029688,-1.01185426528966));
#5933=CARTESIAN_POINT('Ctrl Pts',(406.925950919328,27.7462385898545,-0.519121187709643));
#5934=CARTESIAN_POINT('Ctrl Pts',(406.976174678758,27.75,-0.251217799085215));
#5935=CARTESIAN_POINT('Ctrl Pts',(406.976174678758,27.75,0.251217799085215));
#5936=CARTESIAN_POINT('Ctrl Pts',(406.925950919328,27.7462385898545,0.519121187709643));
#5937=CARTESIAN_POINT('Ctrl Pts',(406.721816433803,27.7326413029688,1.01185426528966));
#5938=CARTESIAN_POINT('Ctrl Pts',(406.567910523013,27.7229993128227,1.23669128049148));
#5939=CARTESIAN_POINT('Ctrl Pts',(406.212865796948,27.7048817497065,1.5917360065561));
#5940=CARTESIAN_POINT('Ctrl Pts',(405.988028853943,27.6952288097648,1.74564179231312));
#5941=CARTESIAN_POINT('Ctrl Pts',(405.495296013221,27.6816064736923,1.94977617983271));
#5942=CARTESIAN_POINT('Ctrl Pts',(405.227392707521,27.6778340915614,2.00000000000003));
#5943=CARTESIAN_POINT('Ctrl Pts',(404.976174678758,27.6778340915614,2.00000000000003));
#5944=CARTESIAN_POINT('Origin',(449.976174678758,0.,0.));
#5945=CARTESIAN_POINT('',(449.976174678758,-27.6778340915614,2.00000000000003));
#5946=CARTESIAN_POINT('',(447.976174678758,-27.75,2.44929359829474E-16));
#5947=CARTESIAN_POINT('Ctrl Pts',(449.976174678758,-27.6778340915614,2.00000000000003));
#5948=CARTESIAN_POINT('Ctrl Pts',(450.227392707521,-27.6778340915614,2.00000000000003));
#5949=CARTESIAN_POINT('Ctrl Pts',(450.495296013221,-27.6816064736923,1.94977617983271));
#5950=CARTESIAN_POINT('Ctrl Pts',(450.988028853943,-27.6952288097648,1.74564179231312));
#5951=CARTESIAN_POINT('Ctrl Pts',(451.212865796948,-27.7048817497065,1.5917360065561));
#5952=CARTESIAN_POINT('Ctrl Pts',(451.567910523013,-27.7229993128227,1.23669128049148));
#5953=CARTESIAN_POINT('Ctrl Pts',(451.721816433803,-27.7326413029688,1.01185426528966));
#5954=CARTESIAN_POINT('Ctrl Pts',(451.925950919328,-27.7462385898545,0.519121187709643));
#5955=CARTESIAN_POINT('Ctrl Pts',(451.976174678758,-27.75,0.251217799085215));
#5956=CARTESIAN_POINT('Ctrl Pts',(451.976174678758,-27.75,-0.251217799085215));
#5957=CARTESIAN_POINT('Ctrl Pts',(451.925950919328,-27.7462385898545,-0.519121187709643));
#5958=CARTESIAN_POINT('Ctrl Pts',(451.721816433803,-27.7326413029688,-1.01185426528966));
#5959=CARTESIAN_POINT('Ctrl Pts',(451.567910523013,-27.7229993128227,-1.23669128049148));
#5960=CARTESIAN_POINT('Ctrl Pts',(451.212865796948,-27.7048817497065,-1.5917360065561));
#5961=CARTESIAN_POINT('Ctrl Pts',(450.988028853943,-27.6952288097649,-1.74564179231312));
#5962=CARTESIAN_POINT('Ctrl Pts',(450.495296013221,-27.6816064736923,-1.94977617983271));
#5963=CARTESIAN_POINT('Ctrl Pts',(450.227392707521,-27.6778340915614,-2.00000000000003));
#5964=CARTESIAN_POINT('Ctrl Pts',(449.724956649995,-27.6778340915614,-2.00000000000003));
#5965=CARTESIAN_POINT('Ctrl Pts',(449.457053344295,-27.6816064736923,-1.94977617983272));
#5966=CARTESIAN_POINT('Ctrl Pts',(448.964320503573,-27.6952288097648,-1.7456417923132));
#5967=CARTESIAN_POINT('Ctrl Pts',(448.739483560568,-27.7048817497065,-1.5917360065561));
#5968=CARTESIAN_POINT('Ctrl Pts',(448.384438834503,-27.7229993128227,-1.23669128049148));
#5969=CARTESIAN_POINT('Ctrl Pts',(448.230532923713,-27.7326413029688,-1.01185426528968));
#5970=CARTESIAN_POINT('Ctrl Pts',(448.026398438189,-27.7462385898545,-0.51912118770967));
#5971=CARTESIAN_POINT('Ctrl Pts',(447.976174678758,-27.75,-0.251217799085221));
#5972=CARTESIAN_POINT('Ctrl Pts',(447.976174678758,-27.75,-5.68989300120393E-15));
#5973=CARTESIAN_POINT('Ctrl Pts',(447.976174678758,-27.75,-2.35922392732846E-15));
#5974=CARTESIAN_POINT('Ctrl Pts',(447.976174678758,-27.75,0.251217799085213));
#5975=CARTESIAN_POINT('Ctrl Pts',(448.026398438189,-27.7462385898545,0.519121187709643));
#5976=CARTESIAN_POINT('Ctrl Pts',(448.230532923713,-27.7326413029688,1.01185426528966));
#5977=CARTESIAN_POINT('Ctrl Pts',(448.384438834503,-27.7229993128227,1.23669128049148));
#5978=CARTESIAN_POINT('Ctrl Pts',(448.739483560568,-27.7048817497065,1.5917360065561));
#5979=CARTESIAN_POINT('Ctrl Pts',(448.964320503573,-27.6952288097648,1.74564179231312));
#5980=CARTESIAN_POINT('Ctrl Pts',(449.457053344295,-27.6816064736923,1.94977617983271));
#5981=CARTESIAN_POINT('Ctrl Pts',(449.724956649995,-27.6778340915614,2.00000000000003));
#5982=CARTESIAN_POINT('Ctrl Pts',(449.976174678758,-27.6778340915614,2.00000000000003));
#5983=CARTESIAN_POINT('',(447.976174678758,-22.75,1.82249368637201E-15));
#5984=CARTESIAN_POINT('',(447.976174678758,0.,2.44929359829474E-16));
#5985=CARTESIAN_POINT('',(449.976174678758,-22.6619173946072,2.00000000000003));
#5986=CARTESIAN_POINT('Ctrl Pts',(449.976174678758,-22.6619173946072,2.00000000000003));
#5987=CARTESIAN_POINT('Ctrl Pts',(449.724910749433,-22.6619173946072,2.00000000000003));
#5988=CARTESIAN_POINT('Ctrl Pts',(449.456987826411,-22.6665266623467,1.94975827322146));
#5989=CARTESIAN_POINT('Ctrl Pts',(448.964267730268,-22.6831618506626,1.7456106898235));
#5990=CARTESIAN_POINT('Ctrl Pts',(448.739459487572,-22.6949461557187,1.59171193355965));
#5991=CARTESIAN_POINT('Ctrl Pts',(448.384463105297,-22.7170566404912,1.23671555128494));
#5992=CARTESIAN_POINT('Ctrl Pts',(448.230564069132,-22.7288210457092,1.0119071498913));
#5993=CARTESIAN_POINT('Ctrl Pts',(448.026416273568,-22.7454106922285,0.51918652599514));
#5994=CARTESIAN_POINT('Ctrl Pts',(447.976174678758,-22.75,0.251263419575527));
#5995=CARTESIAN_POINT('Ctrl Pts',(447.976174678758,-22.75,4.85722573273506E-16));
#5996=CARTESIAN_POINT('Ctrl Pts',(447.976174678758,-22.75,3.46944695195361E-15));
#5997=CARTESIAN_POINT('Ctrl Pts',(447.976174678758,-22.75,-0.251263419575523));
#5998=CARTESIAN_POINT('Ctrl Pts',(448.026416273568,-22.7454106922285,-0.519186525995139));
#5999=CARTESIAN_POINT('Ctrl Pts',(448.230564069132,-22.7288210457092,-1.01190714989129));
#6000=CARTESIAN_POINT('Ctrl Pts',(448.384463105297,-22.7170566404912,-1.23671555128494));
#6001=CARTESIAN_POINT('Ctrl Pts',(448.739459487572,-22.6949461557187,-1.59171193355965));
#6002=CARTESIAN_POINT('Ctrl Pts',(448.964267730268,-22.6831618506626,-1.74561068982354));
#6003=CARTESIAN_POINT('Ctrl Pts',(449.456987826411,-22.6665266623467,-1.94975827322148));
#6004=CARTESIAN_POINT('Ctrl Pts',(449.724910749433,-22.6619173946072,-2.00000000000003));
#6005=CARTESIAN_POINT('Ctrl Pts',(450.227438608083,-22.6619173946072,-2.00000000000003));
#6006=CARTESIAN_POINT('Ctrl Pts',(450.495361531106,-22.6665266623467,-1.94975827322145));
#6007=CARTESIAN_POINT('Ctrl Pts',(450.988081627249,-22.6831618506626,-1.74561068982349));
#6008=CARTESIAN_POINT('Ctrl Pts',(451.212889869945,-22.6949461557187,-1.59171193355965));
#6009=CARTESIAN_POINT('Ctrl Pts',(451.567886252219,-22.7170566404912,-1.23671555128494));
#6010=CARTESIAN_POINT('Ctrl Pts',(451.721785288384,-22.7288210457092,-1.01190714989125));
#6011=CARTESIAN_POINT('Ctrl Pts',(451.925933083948,-22.7454106922285,-0.519186525995085));
#6012=CARTESIAN_POINT('Ctrl Pts',(451.976174678758,-22.75,-0.251263419575527));
#6013=CARTESIAN_POINT('Ctrl Pts',(451.976174678758,-22.75,0.251263419575526));
#6014=CARTESIAN_POINT('Ctrl Pts',(451.925933083948,-22.7454106922285,0.519186525995139));
#6015=CARTESIAN_POINT('Ctrl Pts',(451.721785288384,-22.7288210457092,1.01190714989129));
#6016=CARTESIAN_POINT('Ctrl Pts',(451.567886252219,-22.7170566404912,1.23671555128494));
#6017=CARTESIAN_POINT('Ctrl Pts',(451.212889869945,-22.6949461557187,1.59171193355965));
#6018=CARTESIAN_POINT('Ctrl Pts',(450.988081627249,-22.6831618506626,1.74561068982354));
#6019=CARTESIAN_POINT('Ctrl Pts',(450.495361531106,-22.6665266623467,1.94975827322148));
#6020=CARTESIAN_POINT('Ctrl Pts',(450.227438608083,-22.6619173946072,2.00000000000003));
#6021=CARTESIAN_POINT('Ctrl Pts',(449.976174678758,-22.6619173946072,2.00000000000003));
#6022=CARTESIAN_POINT('Origin',(449.976174678758,0.,0.));
#6023=CARTESIAN_POINT('',(449.976174678758,22.6619173946072,2.00000000000003));
#6024=CARTESIAN_POINT('',(447.976174678758,22.75,-4.14495507098821E-15));
#6025=CARTESIAN_POINT('Ctrl Pts',(449.976174678758,22.6619173946072,2.00000000000003));
#6026=CARTESIAN_POINT('Ctrl Pts',(450.227438608083,22.6619173946072,2.00000000000003));
#6027=CARTESIAN_POINT('Ctrl Pts',(450.495361531106,22.6665266623467,1.94975827322146));
#6028=CARTESIAN_POINT('Ctrl Pts',(450.988081627249,22.6831618506626,1.7456106898235));
#6029=CARTESIAN_POINT('Ctrl Pts',(451.212889869945,22.6949461557187,1.59171193355965));
#6030=CARTESIAN_POINT('Ctrl Pts',(451.567886252219,22.7170566404912,1.23671555128494));
#6031=CARTESIAN_POINT('Ctrl Pts',(451.721785288384,22.7288210457092,1.01190714989129));
#6032=CARTESIAN_POINT('Ctrl Pts',(451.925933083948,22.7454106922285,0.519186525995139));
#6033=CARTESIAN_POINT('Ctrl Pts',(451.976174678758,22.75,0.251263419575526));
#6034=CARTESIAN_POINT('Ctrl Pts',(451.976174678758,22.75,-0.251263419575527));
#6035=CARTESIAN_POINT('Ctrl Pts',(451.925933083948,22.7454106922285,-0.51918652599514));
#6036=CARTESIAN_POINT('Ctrl Pts',(451.721785288384,22.7288210457092,-1.0119071498913));
#6037=CARTESIAN_POINT('Ctrl Pts',(451.567886252219,22.7170566404912,-1.23671555128494));
#6038=CARTESIAN_POINT('Ctrl Pts',(451.212889869945,22.6949461557187,-1.59171193355965));
#6039=CARTESIAN_POINT('Ctrl Pts',(450.988081627249,22.6831618506626,-1.74561068982349));
#6040=CARTESIAN_POINT('Ctrl Pts',(450.495361531106,22.6665266623467,-1.94975827322145));
#6041=CARTESIAN_POINT('Ctrl Pts',(450.227438608083,22.6619173946072,-2.00000000000003));
#6042=CARTESIAN_POINT('Ctrl Pts',(449.724910749433,22.6619173946072,-2.00000000000003));
#6043=CARTESIAN_POINT('Ctrl Pts',(449.456987826411,22.6665266623467,-1.94975827322148));
#6044=CARTESIAN_POINT('Ctrl Pts',(448.964267730268,22.6831618506626,-1.74561068982354));
#6045=CARTESIAN_POINT('Ctrl Pts',(448.739459487572,22.6949461557187,-1.59171193355965));
#6046=CARTESIAN_POINT('Ctrl Pts',(448.384463105297,22.7170566404912,-1.23671555128494));
#6047=CARTESIAN_POINT('Ctrl Pts',(448.230564069132,22.7288210457092,-1.0119071498913));
#6048=CARTESIAN_POINT('Ctrl Pts',(448.026416273568,22.7454106922285,-0.519186525995165));
#6049=CARTESIAN_POINT('Ctrl Pts',(447.976174678758,22.75,-0.25126341957553));
#6050=CARTESIAN_POINT('Ctrl Pts',(447.976174678758,22.75,-2.35922392732846E-15));
#6051=CARTESIAN_POINT('Ctrl Pts',(447.976174678758,22.75,-8.46545056276682E-15));
#6052=CARTESIAN_POINT('Ctrl Pts',(447.976174678758,22.75,0.251263419575518));
#6053=CARTESIAN_POINT('Ctrl Pts',(448.026416273568,22.7454106922285,0.51918652599514));
#6054=CARTESIAN_POINT('Ctrl Pts',(448.230564069132,22.7288210457092,1.0119071498913));
#6055=CARTESIAN_POINT('Ctrl Pts',(448.384463105297,22.7170566404912,1.23671555128494));
#6056=CARTESIAN_POINT('Ctrl Pts',(448.739459487572,22.6949461557187,1.59171193355965));
#6057=CARTESIAN_POINT('Ctrl Pts',(448.964267730268,22.6831618506626,1.74561068982349));
#6058=CARTESIAN_POINT('Ctrl Pts',(449.456987826411,22.6665266623467,1.94975827322145));
#6059=CARTESIAN_POINT('Ctrl Pts',(449.724910749433,22.6619173946072,2.00000000000003));
#6060=CARTESIAN_POINT('Ctrl Pts',(449.976174678758,22.6619173946072,2.00000000000003));
#6061=CARTESIAN_POINT('',(447.976174678758,27.75,2.44929359829474E-16));
#6062=CARTESIAN_POINT('',(447.976174678758,0.,2.44929359829474E-16));
#6063=CARTESIAN_POINT('',(449.976174678758,27.6778340915614,2.00000000000003));
#6064=CARTESIAN_POINT('Ctrl Pts',(449.976174678758,27.6778340915614,2.00000000000003));
#6065=CARTESIAN_POINT('Ctrl Pts',(449.724956649995,27.6778340915614,2.00000000000003));
#6066=CARTESIAN_POINT('Ctrl Pts',(449.457053344295,27.6816064736923,1.94977617983271));
#6067=CARTESIAN_POINT('Ctrl Pts',(448.964320503573,27.6952288097648,1.74564179231312));
#6068=CARTESIAN_POINT('Ctrl Pts',(448.739483560568,27.7048817497065,1.5917360065561));
#6069=CARTESIAN_POINT('Ctrl Pts',(448.384438834503,27.7229993128227,1.23669128049148));
#6070=CARTESIAN_POINT('Ctrl Pts',(448.230532923713,27.7326413029688,1.01185426528966));
#6071=CARTESIAN_POINT('Ctrl Pts',(448.026398438189,27.7462385898545,0.519121187709643));
#6072=CARTESIAN_POINT('Ctrl Pts',(447.976174678758,27.75,0.251217799085217));
#6073=CARTESIAN_POINT('Ctrl Pts',(447.976174678758,27.75,1.59594559789866E-15));
#6074=CARTESIAN_POINT('Ctrl Pts',(447.976174678758,27.75,-4.16333634234434E-16));
#6075=CARTESIAN_POINT('Ctrl Pts',(447.976174678758,27.75,-0.251217799085216));
#6076=CARTESIAN_POINT('Ctrl Pts',(448.026398438189,27.7462385898545,-0.519121187709695));
#6077=CARTESIAN_POINT('Ctrl Pts',(448.230532923713,27.7326413029688,-1.01185426528971));
#6078=CARTESIAN_POINT('Ctrl Pts',(448.384438834503,27.7229993128227,-1.23669128049148));
#6079=CARTESIAN_POINT('Ctrl Pts',(448.739483560568,27.7048817497065,-1.5917360065561));
#6080=CARTESIAN_POINT('Ctrl Pts',(448.964320503573,27.6952288097648,-1.7456417923132));
#6081=CARTESIAN_POINT('Ctrl Pts',(449.457053344295,27.6816064736923,-1.94977617983272));
#6082=CARTESIAN_POINT('Ctrl Pts',(449.724956649995,27.6778340915614,-2.00000000000003));
#6083=CARTESIAN_POINT('Ctrl Pts',(450.227392707521,27.6778340915614,-2.00000000000003));
#6084=CARTESIAN_POINT('Ctrl Pts',(450.495296013221,27.6816064736923,-1.94977617983271));
#6085=CARTESIAN_POINT('Ctrl Pts',(450.988028853943,27.6952288097649,-1.74564179231312));
#6086=CARTESIAN_POINT('Ctrl Pts',(451.212865796948,27.7048817497065,-1.5917360065561));
#6087=CARTESIAN_POINT('Ctrl Pts',(451.567910523013,27.7229993128227,-1.23669128049148));
#6088=CARTESIAN_POINT('Ctrl Pts',(451.721816433803,27.7326413029688,-1.01185426528966));
#6089=CARTESIAN_POINT('Ctrl Pts',(451.925950919328,27.7462385898545,-0.519121187709643));
#6090=CARTESIAN_POINT('Ctrl Pts',(451.976174678758,27.75,-0.251217799085215));
#6091=CARTESIAN_POINT('Ctrl Pts',(451.976174678758,27.75,0.251217799085215));
#6092=CARTESIAN_POINT('Ctrl Pts',(451.925950919328,27.7462385898545,0.519121187709643));
#6093=CARTESIAN_POINT('Ctrl Pts',(451.721816433803,27.7326413029688,1.01185426528966));
#6094=CARTESIAN_POINT('Ctrl Pts',(451.567910523013,27.7229993128227,1.23669128049148));
#6095=CARTESIAN_POINT('Ctrl Pts',(451.212865796948,27.7048817497065,1.5917360065561));
#6096=CARTESIAN_POINT('Ctrl Pts',(450.988028853943,27.6952288097648,1.74564179231312));
#6097=CARTESIAN_POINT('Ctrl Pts',(450.495296013221,27.6816064736923,1.94977617983271));
#6098=CARTESIAN_POINT('Ctrl Pts',(450.227392707521,27.6778340915614,2.00000000000003));
#6099=CARTESIAN_POINT('Ctrl Pts',(449.976174678758,27.6778340915614,2.00000000000003));
#6100=CARTESIAN_POINT('Origin',(435.010655279985,0.,0.));
#6101=CARTESIAN_POINT('',(435.239490254996,3.06161699786838E-15,25.));
#6102=CARTESIAN_POINT('Origin',(435.239490254996,0.,0.));
#6103=CARTESIAN_POINT('',(435.453977154771,-2.78607146806023E-15,22.75));
#6104=CARTESIAN_POINT('',(435.010655279985,-3.35559511258789E-15,27.4005134780427));
#6105=CARTESIAN_POINT('Origin',(435.453977154771,0.,0.));
#6106=CARTESIAN_POINT('Origin',(427.476174678758,0.,0.));
#6107=CARTESIAN_POINT('',(420.284818991205,3.06161699786838E-15,25.));
#6108=CARTESIAN_POINT('Origin',(420.284818991205,0.,0.));
#6109=CARTESIAN_POINT('',(427.476174678758,-3.06161699786838E-15,25.));
#6110=CARTESIAN_POINT('Origin',(399.976174678758,0.,-27.75));
#6111=CARTESIAN_POINT('',(399.976174678758,2.78607146806023E-15,22.75));
#6112=CARTESIAN_POINT('Origin',(399.976174678758,0.,0.));
#6113=CARTESIAN_POINT('Origin',(404.98809043137,0.,0.));
#6114=CARTESIAN_POINT('',(404.98809043137,-2.78607146806023E-15,22.75));
#6115=CARTESIAN_POINT('',(420.499302538219,-2.78607146806023E-15,22.75));
#6116=CARTESIAN_POINT('',(404.98809043137,-2.78607146806023E-15,22.75));
#6117=CARTESIAN_POINT('Origin',(420.499302538219,0.,0.));
#6118=CARTESIAN_POINT('Origin',(419.965526469687,0.,0.));
#6119=CARTESIAN_POINT('',(419.965526469687,-3.47180989252302E-15,28.3494791717925));
#6120=CARTESIAN_POINT('Origin',(449.988090617634,0.,0.));
#6121=CARTESIAN_POINT('',(449.988090617634,-2.78607146806023E-15,22.75));
#6122=CARTESIAN_POINT('',(459.976174678758,2.78607146806023E-15,22.75));
#6123=CARTESIAN_POINT('',(449.988090617634,-2.78607146806023E-15,22.75));
#6124=CARTESIAN_POINT('Origin',(459.976174678758,0.,0.));
#6125=CARTESIAN_POINT('Origin',(394.976174678758,0.,-27.75));
#6126=CARTESIAN_POINT('',(394.976174678758,-3.39839486763391E-15,27.75));
#6127=CARTESIAN_POINT('Origin',(394.976174678758,0.,0.));
#6128=CARTESIAN_POINT('Origin',(404.98809043137,0.,0.));
#6129=CARTESIAN_POINT('',(415.000006183982,-3.39839486763391E-15,27.75));
#6130=CARTESIAN_POINT('Origin',(415.000006183982,0.,0.));
#6131=CARTESIAN_POINT('',(404.98809043137,-3.39839486763391E-15,27.75));
#6132=CARTESIAN_POINT('',(404.98809043137,-3.39839486763391E-15,27.75));
#6133=CARTESIAN_POINT('Origin',(414.98809043137,0.,0.));
#6134=CARTESIAN_POINT('',(414.976174678758,-3.42901103761259E-15,28.));
#6135=CARTESIAN_POINT('',(414.98809043137,-3.41370295262325E-15,27.875));
#6136=CARTESIAN_POINT('Origin',(414.976174678758,0.,0.));
#6137=CARTESIAN_POINT('Origin',(414.976174678758,0.,-30.));
#6138=CARTESIAN_POINT('',(414.976174678758,-3.67394039744206E-15,30.));
#6139=CARTESIAN_POINT('Origin',(414.976174678758,0.,0.));
#6140=CARTESIAN_POINT('Origin',(427.476174678758,0.,0.));
#6141=CARTESIAN_POINT('',(439.976174678758,-3.67394039744206E-15,30.));
#6142=CARTESIAN_POINT('Origin',(439.976174678758,0.,0.));
#6143=CARTESIAN_POINT('',(427.476174678758,-3.67394039744206E-15,30.));
#6144=CARTESIAN_POINT('Origin',(439.976174678758,0.,-28.));
#6145=CARTESIAN_POINT('',(439.976174678758,-3.42901103761259E-15,28.));
#6146=CARTESIAN_POINT('Origin',(439.976174678758,0.,0.));
#6147=CARTESIAN_POINT('Origin',(439.988090617634,0.,0.));
#6148=CARTESIAN_POINT('',(440.000006556511,-3.39839486763391E-15,27.75));
#6149=CARTESIAN_POINT('Origin',(440.000006556511,0.,0.));
#6150=CARTESIAN_POINT('',(439.988090617634,-3.41370295262325E-15,27.875));
#6151=CARTESIAN_POINT('Origin',(449.988090617634,0.,0.));
#6152=CARTESIAN_POINT('',(459.976174678758,-3.39839486763391E-15,27.75));
#6153=CARTESIAN_POINT('Origin',(459.976174678758,0.,0.));
#6154=CARTESIAN_POINT('',(449.988090617634,-3.39839486763391E-15,27.75));
#6155=CARTESIAN_POINT('',(449.988090617634,-3.39839486763391E-15,27.75));
#6156=CARTESIAN_POINT('Origin',(459.976174678758,0.,0.));
#6157=CARTESIAN_POINT('Origin',(603.0000089854,0.00850904022022169,-0.00850904022022169));
#6158=CARTESIAN_POINT('',(603.0000089854,-22.5722821436638,-19.760873099358));
#6159=CARTESIAN_POINT('',(601.0000089854,-21.2046930049044,-21.2217110853448));
#6160=CARTESIAN_POINT('Ctrl Pts',(603.0000089854,-22.5722821436638,-19.760873099358));
#6161=CARTESIAN_POINT('Ctrl Pts',(603.251213197098,-22.5722821436637,-19.760873099358));
#6162=CARTESIAN_POINT('Ctrl Pts',(603.51911095066,-22.5392241976055,-19.7988347119919));
#6163=CARTESIAN_POINT('Ctrl Pts',(604.011849034868,-22.4037303733934,-19.9520261807925));
#6164=CARTESIAN_POINT('Ctrl Pts',(604.236695646058,-22.3011687177143,-20.0671245346683));
#6165=CARTESIAN_POINT('Ctrl Pts',(604.591755074745,-22.0618499524076,-20.3299382516629));
#6166=CARTESIAN_POINT('Ctrl Pts',(604.745662441809,-21.9091019902884,-20.4951704635324));
#6167=CARTESIAN_POINT('Ctrl Pts',(604.949791432646,-21.569437993751,-20.8523405636703));
#6168=CARTESIAN_POINT('Ctrl Pts',(605.0000089854,-21.3823906790588,-21.0441559102237));
#6169=CARTESIAN_POINT('Ctrl Pts',(605.0000089854,-21.0269916357614,-21.3992699524916));
#6170=CARTESIAN_POINT('Ctrl Pts',(604.949789565289,-20.8350225195829,-21.5861669078059));
#6171=CARTESIAN_POINT('Ctrl Pts',(604.745657437764,-20.4775715804944,-21.9255519275909));
#6172=CARTESIAN_POINT('Ctrl Pts',(604.591748899259,-20.3122121587136,-22.0781713925004));
#6173=CARTESIAN_POINT('Ctrl Pts',(604.236690275478,-20.0491996512054,-22.3172849515726));
#6174=CARTESIAN_POINT('Ctrl Pts',(604.011846050494,-19.934015082466,-22.4197575124509));
#6175=CARTESIAN_POINT('Ctrl Pts',(603.519110966112,-19.7807084329465,-22.5551337423671));
#6176=CARTESIAN_POINT('Ctrl Pts',(603.251213726367,-19.7427179505139,-22.5881631557005));
#6177=CARTESIAN_POINT('Ctrl Pts',(602.748804244433,-19.7427179505139,-22.5881631557005));
#6178=CARTESIAN_POINT('Ctrl Pts',(602.480907004688,-19.7807084329465,-22.5551337423671));
#6179=CARTESIAN_POINT('Ctrl Pts',(601.988171920306,-19.934015082466,-22.4197575124509));
#6180=CARTESIAN_POINT('Ctrl Pts',(601.763327695322,-20.0491996512054,-22.3172849515726));
#6181=CARTESIAN_POINT('Ctrl Pts',(601.408269071542,-20.3122121587136,-22.0781713925004));
#6182=CARTESIAN_POINT('Ctrl Pts',(601.254360533037,-20.4775715804944,-21.9255519275909));
#6183=CARTESIAN_POINT('Ctrl Pts',(601.050228405511,-20.8350225195829,-21.5861669078059));
#6184=CARTESIAN_POINT('Ctrl Pts',(601.0000089854,-21.0269916357614,-21.3992699524916));
#6185=CARTESIAN_POINT('Ctrl Pts',(601.0000089854,-21.2046930049044,-21.2217110853448));
#6186=CARTESIAN_POINT('Ctrl Pts',(601.0000089854,-21.2046930049044,-21.2217110853448));
#6187=CARTESIAN_POINT('Ctrl Pts',(601.0000089854,-21.3823906790588,-21.0441559102237));
#6188=CARTESIAN_POINT('Ctrl Pts',(601.050226538154,-21.569437993751,-20.8523405636702));
#6189=CARTESIAN_POINT('Ctrl Pts',(601.254355528991,-21.9091019902885,-20.4951704635324));
#6190=CARTESIAN_POINT('Ctrl Pts',(601.408262896055,-22.0618499524076,-20.3299382516629));
#6191=CARTESIAN_POINT('Ctrl Pts',(601.763322324742,-22.3011687177143,-20.0671245346683));
#6192=CARTESIAN_POINT('Ctrl Pts',(601.988168935932,-22.4037303733933,-19.9520261807925));
#6193=CARTESIAN_POINT('Ctrl Pts',(602.48090702014,-22.5392241976055,-19.7988347119919));
#6194=CARTESIAN_POINT('Ctrl Pts',(602.748804773702,-22.5722821436637,-19.760873099358));
#6195=CARTESIAN_POINT('Ctrl Pts',(603.0000089854,-22.5722821436637,-19.760873099358));
#6196=CARTESIAN_POINT('',(601.0000089854,-19.7904790045318,-19.8074970849723));
#6197=CARTESIAN_POINT('',(601.0000089854,0.00850904022022152,-0.00850904022022152));
#6198=CARTESIAN_POINT('',(603.0000089854,-21.1547296828133,-18.3433206385075));
#6199=CARTESIAN_POINT('Ctrl Pts',(603.0000089854,-21.1547296828133,-18.3433206385075));
#6200=CARTESIAN_POINT('Ctrl Pts',(602.748792931982,-21.1547296828133,-18.3433206385075));
#6201=CARTESIAN_POINT('Ctrl Pts',(602.480890049235,-21.1218447409466,-18.3814617885219));
#6202=CARTESIAN_POINT('Ctrl Pts',(601.988155032862,-20.9869832333201,-18.535290596183));
#6203=CARTESIAN_POINT('Ctrl Pts',(601.763315681473,-20.884871932177,-18.6508369499696));
#6204=CARTESIAN_POINT('Ctrl Pts',(601.408268725959,-20.6464024998512,-18.9144827485444));
#6205=CARTESIAN_POINT('Ctrl Pts',(601.254363230562,-20.4941060711617,-19.0801560980209));
#6206=CARTESIAN_POINT('Ctrl Pts',(601.050231023602,-20.155070205262,-19.4379496192678));
#6207=CARTESIAN_POINT('Ctrl Pts',(601.0000089854,-19.9681898617138,-19.6299389122839));
#6208=CARTESIAN_POINT('Ctrl Pts',(601.0000089854,-19.7904790045318,-19.8074970849723));
#6209=CARTESIAN_POINT('Ctrl Pts',(601.0000089854,-19.7904790045318,-19.8074970849723));
#6210=CARTESIAN_POINT('Ctrl Pts',(601.0000089854,-19.6127639044089,-19.9850594969561));
#6211=CARTESIAN_POINT('Ctrl Pts',(601.050233167949,-19.420609708977,-20.1717788541959));
#6212=CARTESIAN_POINT('Ctrl Pts',(601.254368976698,-19.0625151568442,-20.5105158274173));
#6213=CARTESIAN_POINT('Ctrl Pts',(601.408275817129,-18.8967055167512,-20.662674486761));
#6214=CARTESIAN_POINT('Ctrl Pts',(601.763321847396,-18.6328468897131,-20.9009237233369));
#6215=CARTESIAN_POINT('Ctrl Pts',(601.988158458375,-18.5172082194226,-21.0029394007203));
#6216=CARTESIAN_POINT('Ctrl Pts',(602.480890029573,-18.3632560001633,-21.1376747256525));
#6217=CARTESIAN_POINT('Ctrl Pts',(602.748792322454,-18.3250838679003,-21.170529073087));
#6218=CARTESIAN_POINT('Ctrl Pts',(603.251225648346,-18.3250838679003,-21.170529073087));
#6219=CARTESIAN_POINT('Ctrl Pts',(603.519127941227,-18.3632560001633,-21.1376747256525));
#6220=CARTESIAN_POINT('Ctrl Pts',(604.011859512426,-18.5172082194226,-21.0029394007203));
#6221=CARTESIAN_POINT('Ctrl Pts',(604.236696123404,-18.6328468897131,-20.9009237233369));
#6222=CARTESIAN_POINT('Ctrl Pts',(604.591742153671,-18.8967055167512,-20.662674486761));
#6223=CARTESIAN_POINT('Ctrl Pts',(604.745648994102,-19.0625151568442,-20.5105158274173));
#6224=CARTESIAN_POINT('Ctrl Pts',(604.949784802852,-19.4206097089771,-20.1717788541958));
#6225=CARTESIAN_POINT('Ctrl Pts',(605.0000089854,-19.6127639044089,-19.9850594969561));
#6226=CARTESIAN_POINT('Ctrl Pts',(605.0000089854,-19.9681898617138,-19.6299389122839));
#6227=CARTESIAN_POINT('Ctrl Pts',(604.949786947198,-20.155070205262,-19.4379496192678));
#6228=CARTESIAN_POINT('Ctrl Pts',(604.745654740238,-20.4941060711617,-19.0801560980209));
#6229=CARTESIAN_POINT('Ctrl Pts',(604.591749244841,-20.6464024998512,-18.9144827485444));
#6230=CARTESIAN_POINT('Ctrl Pts',(604.236702289327,-20.884871932177,-18.6508369499696));
#6231=CARTESIAN_POINT('Ctrl Pts',(604.011862937938,-20.9869832333202,-18.535290596183));
#6232=CARTESIAN_POINT('Ctrl Pts',(603.519127921565,-21.1218447409466,-18.3814617885218));
#6233=CARTESIAN_POINT('Ctrl Pts',(603.251225038819,-21.1547296828133,-18.3433206385075));
#6234=CARTESIAN_POINT('Ctrl Pts',(603.0000089854,-21.1547296828133,-18.3433206385075));
#6235=CARTESIAN_POINT('Origin',(603.0000089854,0.00850904022022169,-0.00850904022022169));
#6236=CARTESIAN_POINT('',(603.0000089854,18.3433206385075,21.1547296828133));
#6237=CARTESIAN_POINT('',(601.0000089854,19.8074970849723,19.7904790045318));
#6238=CARTESIAN_POINT('Ctrl Pts',(603.0000089854,18.3433206385075,21.1547296828133));
#6239=CARTESIAN_POINT('Ctrl Pts',(603.251225038819,18.3433206385075,21.1547296828133));
#6240=CARTESIAN_POINT('Ctrl Pts',(603.519127921565,18.3814617885219,21.1218447409466));
#6241=CARTESIAN_POINT('Ctrl Pts',(604.011862937938,18.535290596183,20.9869832333201));
#6242=CARTESIAN_POINT('Ctrl Pts',(604.236702289327,18.6508369499696,20.884871932177));
#6243=CARTESIAN_POINT('Ctrl Pts',(604.591749244841,18.9144827485445,20.6464024998512));
#6244=CARTESIAN_POINT('Ctrl Pts',(604.745654740238,19.080156098021,20.4941060711616));
#6245=CARTESIAN_POINT('Ctrl Pts',(604.949786947198,19.4379496192678,20.155070205262));
#6246=CARTESIAN_POINT('Ctrl Pts',(605.0000089854,19.6299389122839,19.9681898617138));
#6247=CARTESIAN_POINT('Ctrl Pts',(605.0000089854,19.9850594969561,19.6127639044089));
#6248=CARTESIAN_POINT('Ctrl Pts',(604.949784802852,20.1717788541958,19.420609708977));
#6249=CARTESIAN_POINT('Ctrl Pts',(604.745648994102,20.5105158274173,19.0625151568442));
#6250=CARTESIAN_POINT('Ctrl Pts',(604.591742153671,20.662674486761,18.8967055167512));
#6251=CARTESIAN_POINT('Ctrl Pts',(604.236696123404,20.9009237233369,18.632846889713));
#6252=CARTESIAN_POINT('Ctrl Pts',(604.011859512426,21.0029394007203,18.5172082194226));
#6253=CARTESIAN_POINT('Ctrl Pts',(603.519127941227,21.1376747256525,18.3632560001632));
#6254=CARTESIAN_POINT('Ctrl Pts',(603.251225648346,21.170529073087,18.3250838679003));
#6255=CARTESIAN_POINT('Ctrl Pts',(602.748792322454,21.170529073087,18.3250838679003));
#6256=CARTESIAN_POINT('Ctrl Pts',(602.480890029573,21.1376747256525,18.3632560001632));
#6257=CARTESIAN_POINT('Ctrl Pts',(601.988158458375,21.0029394007204,18.5172082194225));
#6258=CARTESIAN_POINT('Ctrl Pts',(601.763321847396,20.9009237233369,18.632846889713));
#6259=CARTESIAN_POINT('Ctrl Pts',(601.408275817129,20.662674486761,18.8967055167512));
#6260=CARTESIAN_POINT('Ctrl Pts',(601.254368976698,20.5105158274173,19.0625151568442));
#6261=CARTESIAN_POINT('Ctrl Pts',(601.050233167949,20.1717788541958,19.420609708977));
#6262=CARTESIAN_POINT('Ctrl Pts',(601.0000089854,19.9850594969561,19.6127639044089));
#6263=CARTESIAN_POINT('Ctrl Pts',(601.0000089854,19.8074970849723,19.7904790045318));
#6264=CARTESIAN_POINT('Ctrl Pts',(601.0000089854,19.8074970849723,19.7904790045318));
#6265=CARTESIAN_POINT('Ctrl Pts',(601.0000089854,19.6299389122839,19.9681898617138));
#6266=CARTESIAN_POINT('Ctrl Pts',(601.050231023602,19.4379496192678,20.155070205262));
#6267=CARTESIAN_POINT('Ctrl Pts',(601.254363230562,19.080156098021,20.4941060711616));
#6268=CARTESIAN_POINT('Ctrl Pts',(601.408268725959,18.9144827485445,20.6464024998512));
#6269=CARTESIAN_POINT('Ctrl Pts',(601.763315681473,18.6508369499696,20.884871932177));
#6270=CARTESIAN_POINT('Ctrl Pts',(601.988155032862,18.535290596183,20.9869832333201));
#6271=CARTESIAN_POINT('Ctrl Pts',(602.480890049235,18.3814617885219,21.1218447409466));
#6272=CARTESIAN_POINT('Ctrl Pts',(602.748792931982,18.3433206385075,21.1547296828133));
#6273=CARTESIAN_POINT('Ctrl Pts',(603.0000089854,18.3433206385075,21.1547296828133));
#6274=CARTESIAN_POINT('',(601.0000089854,21.2217110853449,21.2046930049044));
#6275=CARTESIAN_POINT('',(601.0000089854,0.00850904022022152,-0.00850904022022152));
#6276=CARTESIAN_POINT('',(603.0000089854,19.760873099358,22.5722821436637));
#6277=CARTESIAN_POINT('Ctrl Pts',(603.0000089854,19.760873099358,22.5722821436637));
#6278=CARTESIAN_POINT('Ctrl Pts',(602.748804773702,19.760873099358,22.5722821436637));
#6279=CARTESIAN_POINT('Ctrl Pts',(602.48090702014,19.7988347119919,22.5392241976055));
#6280=CARTESIAN_POINT('Ctrl Pts',(601.988168935932,19.9520261807925,22.4037303733934));
#6281=CARTESIAN_POINT('Ctrl Pts',(601.763322324742,20.0671245346683,22.3011687177143));
#6282=CARTESIAN_POINT('Ctrl Pts',(601.408262896055,20.3299382516629,22.0618499524076));
#6283=CARTESIAN_POINT('Ctrl Pts',(601.254355528991,20.4951704635324,21.9091019902884));
#6284=CARTESIAN_POINT('Ctrl Pts',(601.050226538154,20.8523405636703,21.569437993751));
#6285=CARTESIAN_POINT('Ctrl Pts',(601.0000089854,21.0441559102237,21.3823906790588));
#6286=CARTESIAN_POINT('Ctrl Pts',(601.0000089854,21.2217110853449,21.2046930049044));
#6287=CARTESIAN_POINT('Ctrl Pts',(601.0000089854,21.2217110853449,21.2046930049044));
#6288=CARTESIAN_POINT('Ctrl Pts',(601.0000089854,21.3992699524916,21.0269916357613));
#6289=CARTESIAN_POINT('Ctrl Pts',(601.050228405511,21.586166907806,20.8350225195828));
#6290=CARTESIAN_POINT('Ctrl Pts',(601.254360533036,21.9255519275909,20.4775715804944));
#6291=CARTESIAN_POINT('Ctrl Pts',(601.408269071542,22.0781713925004,20.3122121587136));
#6292=CARTESIAN_POINT('Ctrl Pts',(601.763327695322,22.3172849515726,20.0491996512054));
#6293=CARTESIAN_POINT('Ctrl Pts',(601.988171920306,22.419757512451,19.9340150824659));
#6294=CARTESIAN_POINT('Ctrl Pts',(602.480907004688,22.5551337423671,19.7807084329464));
#6295=CARTESIAN_POINT('Ctrl Pts',(602.748804244433,22.5881631557006,19.7427179505139));
#6296=CARTESIAN_POINT('Ctrl Pts',(603.251213726367,22.5881631557006,19.7427179505139));
#6297=CARTESIAN_POINT('Ctrl Pts',(603.519110966112,22.5551337423671,19.7807084329465));
#6298=CARTESIAN_POINT('Ctrl Pts',(604.011846050494,22.4197575124509,19.934015082466));
#6299=CARTESIAN_POINT('Ctrl Pts',(604.236690275478,22.3172849515726,20.0491996512054));
#6300=CARTESIAN_POINT('Ctrl Pts',(604.591748899259,22.0781713925004,20.3122121587136));
#6301=CARTESIAN_POINT('Ctrl Pts',(604.745657437764,21.9255519275909,20.4775715804944));
#6302=CARTESIAN_POINT('Ctrl Pts',(604.949789565289,21.5861669078059,20.8350225195829));
#6303=CARTESIAN_POINT('Ctrl Pts',(605.0000089854,21.3992699524916,21.0269916357613));
#6304=CARTESIAN_POINT('Ctrl Pts',(605.0000089854,21.0441559102237,21.3823906790588));
#6305=CARTESIAN_POINT('Ctrl Pts',(604.949791432646,20.8523405636703,21.5694379937509));
#6306=CARTESIAN_POINT('Ctrl Pts',(604.745662441809,20.4951704635325,21.9091019902884));
#6307=CARTESIAN_POINT('Ctrl Pts',(604.591755074745,20.3299382516629,22.0618499524076));
#6308=CARTESIAN_POINT('Ctrl Pts',(604.236695646058,20.0671245346683,22.3011687177143));
#6309=CARTESIAN_POINT('Ctrl Pts',(604.011849034868,19.9520261807925,22.4037303733934));
#6310=CARTESIAN_POINT('Ctrl Pts',(603.51911095066,19.7988347119918,22.5392241976055));
#6311=CARTESIAN_POINT('Ctrl Pts',(603.251213197098,19.760873099358,22.5722821436637));
#6312=CARTESIAN_POINT('Ctrl Pts',(603.0000089854,19.760873099358,22.5722821436637));
#6313=CARTESIAN_POINT('Origin',(630.000009909272,0.,0.));
#6314=CARTESIAN_POINT('',(630.000009909272,-22.580224367696,-19.7517972429498));
#6315=CARTESIAN_POINT('',(628.000009909272,-21.2132037516978,-21.2132037516978));
#6316=CARTESIAN_POINT('Ctrl Pts',(630.000009909272,-22.580224367696,-19.7517972429498));
#6317=CARTESIAN_POINT('Ctrl Pts',(630.251214386619,-22.580224367696,-19.7517972429498));
#6318=CARTESIAN_POINT('Ctrl Pts',(630.519111885831,-22.5471806871847,-19.789773290069));
#6319=CARTESIAN_POINT('Ctrl Pts',(631.011848478298,-22.4117456543493,-19.9430223516284));
#6320=CARTESIAN_POINT('Ctrl Pts',(631.236693901942,-22.3092285410856,-20.0581638158886));
#6321=CARTESIAN_POINT('Ctrl Pts',(631.591752922608,-22.0700123726553,-20.3210769299267));
#6322=CARTESIAN_POINT('Ctrl Pts',(631.745660869799,-21.9173286613972,-20.4863727412495));
#6323=CARTESIAN_POINT('Ctrl Pts',(631.949791423171,-21.5778041564116,-20.8436832525371));
#6324=CARTESIAN_POINT('Ctrl Pts',(632.000009909272,-21.3908320222867,-21.0355754811088));
#6325=CARTESIAN_POINT('Ctrl Pts',(632.000009909272,-21.0355754811089,-21.3908320222867));
#6326=CARTESIAN_POINT('Ctrl Pts',(631.949791423171,-20.8436832525371,-21.5778041564116));
#6327=CARTESIAN_POINT('Ctrl Pts',(631.745660869799,-20.4863727412496,-21.9173286613971));
#6328=CARTESIAN_POINT('Ctrl Pts',(631.591752922608,-20.3210769299267,-22.0700123726553));
#6329=CARTESIAN_POINT('Ctrl Pts',(631.236693901942,-20.0581638158886,-22.3092285410855));
#6330=CARTESIAN_POINT('Ctrl Pts',(631.011848478298,-19.9430223516284,-22.4117456543492));
#6331=CARTESIAN_POINT('Ctrl Pts',(630.519111885831,-19.789773290069,-22.5471806871847));
#6332=CARTESIAN_POINT('Ctrl Pts',(630.251214386619,-19.7517972429498,-22.580224367696));
#6333=CARTESIAN_POINT('Ctrl Pts',(629.748805431926,-19.7517972429498,-22.580224367696));
#6334=CARTESIAN_POINT('Ctrl Pts',(629.480907932714,-19.789773290069,-22.5471806871847));
#6335=CARTESIAN_POINT('Ctrl Pts',(628.988171340247,-19.9430223516284,-22.4117456543493));
#6336=CARTESIAN_POINT('Ctrl Pts',(628.763325916603,-20.0581638158886,-22.3092285410855));
#6337=CARTESIAN_POINT('Ctrl Pts',(628.408266895937,-20.3210769299267,-22.0700123726553));
#6338=CARTESIAN_POINT('Ctrl Pts',(628.254358948745,-20.4863727412495,-21.9173286613972));
#6339=CARTESIAN_POINT('Ctrl Pts',(628.050228395373,-20.8436832525371,-21.5778041564116));
#6340=CARTESIAN_POINT('Ctrl Pts',(628.000009909272,-21.0355754811088,-21.3908320222867));
#6341=CARTESIAN_POINT('Ctrl Pts',(628.000009909272,-21.2132037516978,-21.2132037516978));
#6342=CARTESIAN_POINT('Ctrl Pts',(628.000009909272,-21.2132037516978,-21.2132037516978));
#6343=CARTESIAN_POINT('Ctrl Pts',(628.000009909272,-21.3908320222867,-21.0355754811088));
#6344=CARTESIAN_POINT('Ctrl Pts',(628.050228395373,-21.5778041564116,-20.8436832525371));
#6345=CARTESIAN_POINT('Ctrl Pts',(628.254358948745,-21.9173286613972,-20.4863727412495));
#6346=CARTESIAN_POINT('Ctrl Pts',(628.408266895937,-22.0700123726553,-20.3210769299267));
#6347=CARTESIAN_POINT('Ctrl Pts',(628.763325916603,-22.3092285410856,-20.0581638158886));
#6348=CARTESIAN_POINT('Ctrl Pts',(628.988171340246,-22.4117456543492,-19.9430223516284));
#6349=CARTESIAN_POINT('Ctrl Pts',(629.480907932714,-22.5471806871847,-19.789773290069));
#6350=CARTESIAN_POINT('Ctrl Pts',(629.748805431925,-22.580224367696,-19.7517972429498));
#6351=CARTESIAN_POINT('Ctrl Pts',(630.000009909272,-22.580224367696,-19.7517972429498));
#6352=CARTESIAN_POINT('',(628.000009909272,-19.7989898732233,-19.7989898732233));
#6353=CARTESIAN_POINT('',(628.000009909272,-1.73191211247101E-16,1.73191211247101E-16));
#6354=CARTESIAN_POINT('',(630.000009909272,-21.1626312205046,-18.3342040957584));
#6355=CARTESIAN_POINT('Ctrl Pts',(630.000009909272,-21.1626312205046,-18.3342040957584));
#6356=CARTESIAN_POINT('Ctrl Pts',(629.748793549933,-21.1626312205046,-18.3342040957584));
#6357=CARTESIAN_POINT('Ctrl Pts',(629.480890959182,-21.1297615748677,-18.372360736368));
#6358=CARTESIAN_POINT('Ctrl Pts',(628.988157656007,-20.9949631518197,-18.5262512524428));
#6359=CARTESIAN_POINT('Ctrl Pts',(628.763319668436,-20.8928996567453,-18.6418437677898));
#6360=CARTESIAN_POINT('Ctrl Pts',(628.408273181931,-20.6545403149374,-18.9055959824705));
#6361=CARTESIAN_POINT('Ctrl Pts',(628.25436702044,-20.5023127733733,-19.0713374708084));
#6362=CARTESIAN_POINT('Ctrl Pts',(628.050233019261,-20.1634263572471,-19.4292814977268));
#6363=CARTESIAN_POINT('Ctrl Pts',(628.000009909272,-19.9766265077874,-19.6213532386593));
#6364=CARTESIAN_POINT('Ctrl Pts',(628.000009909272,-19.7989898732233,-19.7989898732233));
#6365=CARTESIAN_POINT('Ctrl Pts',(628.000009909272,-19.7989898732233,-19.7989898732233));
#6366=CARTESIAN_POINT('Ctrl Pts',(628.000009909272,-19.6213532386593,-19.9766265077874));
#6367=CARTESIAN_POINT('Ctrl Pts',(628.050233019261,-19.4292814977268,-20.1634263572471));
#6368=CARTESIAN_POINT('Ctrl Pts',(628.25436702044,-19.0713374708084,-20.5023127733732));
#6369=CARTESIAN_POINT('Ctrl Pts',(628.408273181931,-18.9055959824705,-20.6545403149374));
#6370=CARTESIAN_POINT('Ctrl Pts',(628.763319668436,-18.6418437677898,-20.8928996567453));
#6371=CARTESIAN_POINT('Ctrl Pts',(628.988157656007,-18.5262512524428,-20.9949631518197));
#6372=CARTESIAN_POINT('Ctrl Pts',(629.480890959182,-18.372360736368,-21.1297615748677));
#6373=CARTESIAN_POINT('Ctrl Pts',(629.748793549933,-18.3342040957584,-21.1626312205046));
#6374=CARTESIAN_POINT('Ctrl Pts',(630.251226268611,-18.3342040957584,-21.1626312205046));
#6375=CARTESIAN_POINT('Ctrl Pts',(630.519128859362,-18.372360736368,-21.1297615748677));
#6376=CARTESIAN_POINT('Ctrl Pts',(631.011862162537,-18.5262512524428,-20.9949631518197));
#6377=CARTESIAN_POINT('Ctrl Pts',(631.236700150108,-18.6418437677898,-20.8928996567453));
#6378=CARTESIAN_POINT('Ctrl Pts',(631.591746636613,-18.9055959824705,-20.6545403149374));
#6379=CARTESIAN_POINT('Ctrl Pts',(631.745652798105,-19.0713374708084,-20.5023127733732));
#6380=CARTESIAN_POINT('Ctrl Pts',(631.949786799283,-19.4292814977268,-20.1634263572471));
#6381=CARTESIAN_POINT('Ctrl Pts',(632.000009909272,-19.6213532386593,-19.9766265077874));
#6382=CARTESIAN_POINT('Ctrl Pts',(632.000009909272,-19.9766265077874,-19.6213532386593));
#6383=CARTESIAN_POINT('Ctrl Pts',(631.949786799283,-20.163426357247,-19.4292814977269));
#6384=CARTESIAN_POINT('Ctrl Pts',(631.745652798105,-20.5023127733732,-19.0713374708084));
#6385=CARTESIAN_POINT('Ctrl Pts',(631.591746636613,-20.6545403149374,-18.9055959824705));
#6386=CARTESIAN_POINT('Ctrl Pts',(631.236700150108,-20.8928996567453,-18.6418437677898));
#6387=CARTESIAN_POINT('Ctrl Pts',(631.011862162537,-20.9949631518197,-18.5262512524428));
#6388=CARTESIAN_POINT('Ctrl Pts',(630.519128859362,-21.1297615748677,-18.372360736368));
#6389=CARTESIAN_POINT('Ctrl Pts',(630.251226268611,-21.1626312205046,-18.3342040957584));
#6390=CARTESIAN_POINT('Ctrl Pts',(630.000009909272,-21.1626312205046,-18.3342040957584));
#6391=CARTESIAN_POINT('Origin',(630.000009909272,0.,0.));
#6392=CARTESIAN_POINT('',(630.000009909272,18.3342040957584,21.1626312205046));
#6393=CARTESIAN_POINT('',(628.000009909272,19.7989898732233,19.7989898732233));
#6394=CARTESIAN_POINT('Ctrl Pts',(630.000009909272,18.3342040957584,21.1626312205046));
#6395=CARTESIAN_POINT('Ctrl Pts',(630.251226268611,18.3342040957584,21.1626312205046));
#6396=CARTESIAN_POINT('Ctrl Pts',(630.519128859362,18.372360736368,21.1297615748677));
#6397=CARTESIAN_POINT('Ctrl Pts',(631.011862162537,18.5262512524428,20.9949631518197));
#6398=CARTESIAN_POINT('Ctrl Pts',(631.236700150108,18.6418437677898,20.8928996567453));
#6399=CARTESIAN_POINT('Ctrl Pts',(631.591746636613,18.9055959824705,20.6545403149374));
#6400=CARTESIAN_POINT('Ctrl Pts',(631.745652798105,19.0713374708084,20.5023127733732));
#6401=CARTESIAN_POINT('Ctrl Pts',(631.949786799283,19.4292814977268,20.1634263572471));
#6402=CARTESIAN_POINT('Ctrl Pts',(632.000009909272,19.6213532386593,19.9766265077874));
#6403=CARTESIAN_POINT('Ctrl Pts',(632.000009909272,19.9766265077874,19.6213532386593));
#6404=CARTESIAN_POINT('Ctrl Pts',(631.949786799283,20.1634263572471,19.4292814977268));
#6405=CARTESIAN_POINT('Ctrl Pts',(631.745652798105,20.5023127733733,19.0713374708084));
#6406=CARTESIAN_POINT('Ctrl Pts',(631.591746636613,20.6545403149374,18.9055959824705));
#6407=CARTESIAN_POINT('Ctrl Pts',(631.236700150108,20.8928996567453,18.6418437677898));
#6408=CARTESIAN_POINT('Ctrl Pts',(631.011862162538,20.9949631518197,18.5262512524428));
#6409=CARTESIAN_POINT('Ctrl Pts',(630.519128859362,21.1297615748677,18.372360736368));
#6410=CARTESIAN_POINT('Ctrl Pts',(630.251226268611,21.1626312205046,18.3342040957584));
#6411=CARTESIAN_POINT('Ctrl Pts',(629.748793549933,21.1626312205046,18.3342040957584));
#6412=CARTESIAN_POINT('Ctrl Pts',(629.480890959182,21.1297615748677,18.372360736368));
#6413=CARTESIAN_POINT('Ctrl Pts',(628.988157656007,20.9949631518197,18.5262512524428));
#6414=CARTESIAN_POINT('Ctrl Pts',(628.763319668436,20.8928996567453,18.6418437677898));
#6415=CARTESIAN_POINT('Ctrl Pts',(628.408273181931,20.6545403149374,18.9055959824705));
#6416=CARTESIAN_POINT('Ctrl Pts',(628.25436702044,20.5023127733733,19.0713374708084));
#6417=CARTESIAN_POINT('Ctrl Pts',(628.050233019261,20.1634263572471,19.4292814977268));
#6418=CARTESIAN_POINT('Ctrl Pts',(628.000009909272,19.9766265077874,19.6213532386593));
#6419=CARTESIAN_POINT('Ctrl Pts',(628.000009909272,19.7989898732233,19.7989898732233));
#6420=CARTESIAN_POINT('Ctrl Pts',(628.000009909272,19.7989898732233,19.7989898732233));
#6421=CARTESIAN_POINT('Ctrl Pts',(628.000009909272,19.6213532386593,19.9766265077874));
#6422=CARTESIAN_POINT('Ctrl Pts',(628.050233019261,19.4292814977268,20.1634263572471));
#6423=CARTESIAN_POINT('Ctrl Pts',(628.25436702044,19.0713374708084,20.5023127733732));
#6424=CARTESIAN_POINT('Ctrl Pts',(628.408273181931,18.9055959824705,20.6545403149374));
#6425=CARTESIAN_POINT('Ctrl Pts',(628.763319668436,18.6418437677898,20.8928996567453));
#6426=CARTESIAN_POINT('Ctrl Pts',(628.988157656007,18.5262512524428,20.9949631518197));
#6427=CARTESIAN_POINT('Ctrl Pts',(629.480890959182,18.372360736368,21.1297615748677));
#6428=CARTESIAN_POINT('Ctrl Pts',(629.748793549933,18.3342040957584,21.1626312205046));
#6429=CARTESIAN_POINT('Ctrl Pts',(630.000009909272,18.3342040957584,21.1626312205046));
#6430=CARTESIAN_POINT('',(628.000009909272,21.2132037516978,21.2132037516978));
#6431=CARTESIAN_POINT('',(628.000009909272,-1.73191211247101E-16,1.73191211247101E-16));
#6432=CARTESIAN_POINT('',(630.000009909272,19.7517972429498,22.580224367696));
#6433=CARTESIAN_POINT('Ctrl Pts',(630.000009909272,19.7517972429498,22.580224367696));
#6434=CARTESIAN_POINT('Ctrl Pts',(629.748805431925,19.7517972429498,22.580224367696));
#6435=CARTESIAN_POINT('Ctrl Pts',(629.480907932714,19.789773290069,22.5471806871847));
#6436=CARTESIAN_POINT('Ctrl Pts',(628.988171340247,19.9430223516284,22.4117456543492));
#6437=CARTESIAN_POINT('Ctrl Pts',(628.763325916603,20.0581638158886,22.3092285410855));
#6438=CARTESIAN_POINT('Ctrl Pts',(628.408266895937,20.3210769299267,22.0700123726553));
#6439=CARTESIAN_POINT('Ctrl Pts',(628.254358948745,20.4863727412496,21.9173286613971));
#6440=CARTESIAN_POINT('Ctrl Pts',(628.050228395373,20.8436832525371,21.5778041564116));
#6441=CARTESIAN_POINT('Ctrl Pts',(628.000009909272,21.0355754811088,21.3908320222867));
#6442=CARTESIAN_POINT('Ctrl Pts',(628.000009909272,21.2132037516978,21.2132037516978));
#6443=CARTESIAN_POINT('Ctrl Pts',(628.000009909272,21.2132037516978,21.2132037516978));
#6444=CARTESIAN_POINT('Ctrl Pts',(628.000009909272,21.3908320222867,21.0355754811088));
#6445=CARTESIAN_POINT('Ctrl Pts',(628.050228395373,21.5778041564116,20.8436832525371));
#6446=CARTESIAN_POINT('Ctrl Pts',(628.254358948745,21.9173286613972,20.4863727412495));
#6447=CARTESIAN_POINT('Ctrl Pts',(628.408266895937,22.0700123726553,20.3210769299267));
#6448=CARTESIAN_POINT('Ctrl Pts',(628.763325916603,22.3092285410856,20.0581638158886));
#6449=CARTESIAN_POINT('Ctrl Pts',(628.988171340247,22.4117456543492,19.9430223516284));
#6450=CARTESIAN_POINT('Ctrl Pts',(629.480907932714,22.5471806871847,19.789773290069));
#6451=CARTESIAN_POINT('Ctrl Pts',(629.748805431925,22.580224367696,19.7517972429498));
#6452=CARTESIAN_POINT('Ctrl Pts',(630.251214386619,22.580224367696,19.7517972429498));
#6453=CARTESIAN_POINT('Ctrl Pts',(630.519111885831,22.5471806871847,19.789773290069));
#6454=CARTESIAN_POINT('Ctrl Pts',(631.011848478298,22.4117456543492,19.9430223516284));
#6455=CARTESIAN_POINT('Ctrl Pts',(631.236693901942,22.3092285410856,20.0581638158886));
#6456=CARTESIAN_POINT('Ctrl Pts',(631.591752922608,22.0700123726553,20.3210769299267));
#6457=CARTESIAN_POINT('Ctrl Pts',(631.745660869799,21.9173286613972,20.4863727412495));
#6458=CARTESIAN_POINT('Ctrl Pts',(631.949791423171,21.5778041564116,20.8436832525371));
#6459=CARTESIAN_POINT('Ctrl Pts',(632.000009909272,21.3908320222867,21.0355754811088));
#6460=CARTESIAN_POINT('Ctrl Pts',(632.000009909272,21.0355754811089,21.3908320222867));
#6461=CARTESIAN_POINT('Ctrl Pts',(631.949791423171,20.8436832525371,21.5778041564116));
#6462=CARTESIAN_POINT('Ctrl Pts',(631.745660869799,20.4863727412496,21.9173286613971));
#6463=CARTESIAN_POINT('Ctrl Pts',(631.591752922608,20.3210769299267,22.0700123726553));
#6464=CARTESIAN_POINT('Ctrl Pts',(631.236693901942,20.0581638158886,22.3092285410855));
#6465=CARTESIAN_POINT('Ctrl Pts',(631.011848478298,19.9430223516284,22.4117456543492));
#6466=CARTESIAN_POINT('Ctrl Pts',(630.519111885831,19.789773290069,22.5471806871847));
#6467=CARTESIAN_POINT('Ctrl Pts',(630.251214386619,19.7517972429498,22.580224367696));
#6468=CARTESIAN_POINT('Ctrl Pts',(630.000009909272,19.7517972429498,22.580224367696));
#6469=CARTESIAN_POINT('Origin',(655.000009760261,0.00850904022022169,-0.00850904022022169));
#6470=CARTESIAN_POINT('',(655.000009760261,-22.5722821436637,-19.760873099358));
#6471=CARTESIAN_POINT('',(653.000009760261,-21.2046930049044,-21.2217110853448));
#6472=CARTESIAN_POINT('Ctrl Pts',(655.000009760261,-22.5722821436637,-19.760873099358));
#6473=CARTESIAN_POINT('Ctrl Pts',(655.251213971959,-22.5722821436637,-19.760873099358));
#6474=CARTESIAN_POINT('Ctrl Pts',(655.51911172552,-22.5392241976055,-19.7988347119918));
#6475=CARTESIAN_POINT('Ctrl Pts',(656.011849809728,-22.4037303733934,-19.9520261807925));
#6476=CARTESIAN_POINT('Ctrl Pts',(656.236696420919,-22.3011687177143,-20.0671245346683));
#6477=CARTESIAN_POINT('Ctrl Pts',(656.591755849605,-22.0618499524076,-20.3299382516629));
#6478=CARTESIAN_POINT('Ctrl Pts',(656.74566321667,-21.9091019902884,-20.4951704635324));
#6479=CARTESIAN_POINT('Ctrl Pts',(656.949792207506,-21.5694379937509,-20.8523405636703));
#6480=CARTESIAN_POINT('Ctrl Pts',(657.000009760261,-21.3823906790588,-21.0441559102237));
#6481=CARTESIAN_POINT('Ctrl Pts',(657.000009760261,-21.0269916357614,-21.3992699524916));
#6482=CARTESIAN_POINT('Ctrl Pts',(656.94979034015,-20.8350225195829,-21.5861669078059));
#6483=CARTESIAN_POINT('Ctrl Pts',(656.745658212624,-20.4775715804944,-21.9255519275909));
#6484=CARTESIAN_POINT('Ctrl Pts',(656.591749674119,-20.3122121587136,-22.0781713925004));
#6485=CARTESIAN_POINT('Ctrl Pts',(656.236691050338,-20.0491996512054,-22.3172849515726));
#6486=CARTESIAN_POINT('Ctrl Pts',(656.011846825355,-19.934015082466,-22.4197575124509));
#6487=CARTESIAN_POINT('Ctrl Pts',(655.519111740973,-19.7807084329465,-22.5551337423671));
#6488=CARTESIAN_POINT('Ctrl Pts',(655.251214501227,-19.7427179505139,-22.5881631557005));
#6489=CARTESIAN_POINT('Ctrl Pts',(654.748805019294,-19.7427179505139,-22.5881631557005));
#6490=CARTESIAN_POINT('Ctrl Pts',(654.480907779549,-19.7807084329465,-22.5551337423671));
#6491=CARTESIAN_POINT('Ctrl Pts',(653.988172695166,-19.934015082466,-22.4197575124509));
#6492=CARTESIAN_POINT('Ctrl Pts',(653.763328470183,-20.0491996512054,-22.3172849515726));
#6493=CARTESIAN_POINT('Ctrl Pts',(653.408269846402,-20.3122121587136,-22.0781713925004));
#6494=CARTESIAN_POINT('Ctrl Pts',(653.254361307897,-20.4775715804944,-21.9255519275909));
#6495=CARTESIAN_POINT('Ctrl Pts',(653.050229180371,-20.8350225195829,-21.5861669078059));
#6496=CARTESIAN_POINT('Ctrl Pts',(653.000009760261,-21.0269916357614,-21.3992699524916));
#6497=CARTESIAN_POINT('Ctrl Pts',(653.000009760261,-21.2046930049044,-21.2217110853448));
#6498=CARTESIAN_POINT('Ctrl Pts',(653.000009760261,-21.2046930049044,-21.2217110853448));
#6499=CARTESIAN_POINT('Ctrl Pts',(653.000009760261,-21.3823906790588,-21.0441559102237));
#6500=CARTESIAN_POINT('Ctrl Pts',(653.050227313015,-21.5694379937509,-20.8523405636703));
#6501=CARTESIAN_POINT('Ctrl Pts',(653.254356303851,-21.9091019902884,-20.4951704635324));
#6502=CARTESIAN_POINT('Ctrl Pts',(653.408263670916,-22.0618499524076,-20.3299382516629));
#6503=CARTESIAN_POINT('Ctrl Pts',(653.763323099603,-22.3011687177143,-20.0671245346683));
#6504=CARTESIAN_POINT('Ctrl Pts',(653.988169710793,-22.4037303733934,-19.9520261807925));
#6505=CARTESIAN_POINT('Ctrl Pts',(654.480907795001,-22.5392241976055,-19.7988347119918));
#6506=CARTESIAN_POINT('Ctrl Pts',(654.748805548562,-22.5722821436638,-19.7608730993579));
#6507=CARTESIAN_POINT('Ctrl Pts',(655.000009760261,-22.5722821436638,-19.760873099358));
#6508=CARTESIAN_POINT('',(653.000009760261,-19.7904790045318,-19.8074970849723));
#6509=CARTESIAN_POINT('',(653.000009760261,0.00850904022022152,-0.00850904022022152));
#6510=CARTESIAN_POINT('',(655.000009760261,-21.1547296828133,-18.3433206385075));
#6511=CARTESIAN_POINT('Ctrl Pts',(655.000009760261,-21.1547296828133,-18.3433206385075));
#6512=CARTESIAN_POINT('Ctrl Pts',(654.748793706842,-21.1547296828133,-18.3433206385075));
#6513=CARTESIAN_POINT('Ctrl Pts',(654.480890824095,-21.1218447409466,-18.3814617885219));
#6514=CARTESIAN_POINT('Ctrl Pts',(653.988155807722,-20.9869832333201,-18.535290596183));
#6515=CARTESIAN_POINT('Ctrl Pts',(653.763316456333,-20.884871932177,-18.6508369499696));
#6516=CARTESIAN_POINT('Ctrl Pts',(653.40826950082,-20.6464024998512,-18.9144827485444));
#6517=CARTESIAN_POINT('Ctrl Pts',(653.254364005423,-20.4941060711617,-19.0801560980209));
#6518=CARTESIAN_POINT('Ctrl Pts',(653.050231798463,-20.1550702052621,-19.4379496192678));
#6519=CARTESIAN_POINT('Ctrl Pts',(653.000009760261,-19.9681898617138,-19.6299389122839));
#6520=CARTESIAN_POINT('Ctrl Pts',(653.000009760261,-19.7904790045318,-19.8074970849723));
#6521=CARTESIAN_POINT('Ctrl Pts',(653.000009760261,-19.7904790045318,-19.8074970849723));
#6522=CARTESIAN_POINT('Ctrl Pts',(653.000009760261,-19.6127639044089,-19.9850594969561));
#6523=CARTESIAN_POINT('Ctrl Pts',(653.050233942809,-19.4206097089771,-20.1717788541958));
#6524=CARTESIAN_POINT('Ctrl Pts',(653.254369751559,-19.0625151568442,-20.5105158274173));
#6525=CARTESIAN_POINT('Ctrl Pts',(653.40827659199,-18.8967055167512,-20.662674486761));
#6526=CARTESIAN_POINT('Ctrl Pts',(653.763322622256,-18.6328468897131,-20.9009237233369));
#6527=CARTESIAN_POINT('Ctrl Pts',(653.988159233235,-18.5172082194226,-21.0029394007203));
#6528=CARTESIAN_POINT('Ctrl Pts',(654.480890804434,-18.3632560001633,-21.1376747256525));
#6529=CARTESIAN_POINT('Ctrl Pts',(654.748793097315,-18.3250838679003,-21.170529073087));
#6530=CARTESIAN_POINT('Ctrl Pts',(655.251226423206,-18.3250838679003,-21.170529073087));
#6531=CARTESIAN_POINT('Ctrl Pts',(655.519128716087,-18.3632560001633,-21.1376747256525));
#6532=CARTESIAN_POINT('Ctrl Pts',(656.011860287286,-18.5172082194226,-21.0029394007203));
#6533=CARTESIAN_POINT('Ctrl Pts',(656.236696898265,-18.6328468897131,-20.9009237233369));
#6534=CARTESIAN_POINT('Ctrl Pts',(656.591742928531,-18.8967055167512,-20.662674486761));
#6535=CARTESIAN_POINT('Ctrl Pts',(656.745649768962,-19.0625151568442,-20.5105158274173));
#6536=CARTESIAN_POINT('Ctrl Pts',(656.949785577712,-19.4206097089771,-20.1717788541958));
#6537=CARTESIAN_POINT('Ctrl Pts',(657.000009760261,-19.6127639044089,-19.9850594969561));
#6538=CARTESIAN_POINT('Ctrl Pts',(657.000009760261,-19.9681898617138,-19.6299389122839));
#6539=CARTESIAN_POINT('Ctrl Pts',(656.949787722058,-20.1550702052621,-19.4379496192678));
#6540=CARTESIAN_POINT('Ctrl Pts',(656.745655515098,-20.4941060711617,-19.0801560980209));
#6541=CARTESIAN_POINT('Ctrl Pts',(656.591750019701,-20.6464024998512,-18.9144827485444));
#6542=CARTESIAN_POINT('Ctrl Pts',(656.236703064188,-20.884871932177,-18.6508369499696));
#6543=CARTESIAN_POINT('Ctrl Pts',(656.011863712799,-20.9869832333201,-18.535290596183));
#6544=CARTESIAN_POINT('Ctrl Pts',(655.519128696426,-21.1218447409466,-18.3814617885219));
#6545=CARTESIAN_POINT('Ctrl Pts',(655.251225813679,-21.1547296828133,-18.3433206385075));
#6546=CARTESIAN_POINT('Ctrl Pts',(655.000009760261,-21.1547296828133,-18.3433206385075));
#6547=CARTESIAN_POINT('Origin',(655.000009760261,0.00850904022022169,-0.00850904022022169));
#6548=CARTESIAN_POINT('',(655.000009760261,18.3433206385075,21.1547296828133));
#6549=CARTESIAN_POINT('',(653.000009760261,19.8074970849723,19.7904790045318));
#6550=CARTESIAN_POINT('Ctrl Pts',(655.000009760261,18.3433206385075,21.1547296828133));
#6551=CARTESIAN_POINT('Ctrl Pts',(655.251225813679,18.3433206385075,21.1547296828133));
#6552=CARTESIAN_POINT('Ctrl Pts',(655.519128696426,18.3814617885219,21.1218447409466));
#6553=CARTESIAN_POINT('Ctrl Pts',(656.011863712799,18.535290596183,20.9869832333201));
#6554=CARTESIAN_POINT('Ctrl Pts',(656.236703064188,18.6508369499696,20.884871932177));
#6555=CARTESIAN_POINT('Ctrl Pts',(656.591750019701,18.9144827485445,20.6464024998512));
#6556=CARTESIAN_POINT('Ctrl Pts',(656.745655515098,19.0801560980209,20.4941060711617));
#6557=CARTESIAN_POINT('Ctrl Pts',(656.949787722058,19.4379496192678,20.1550702052621));
#6558=CARTESIAN_POINT('Ctrl Pts',(657.000009760261,19.6299389122839,19.9681898617138));
#6559=CARTESIAN_POINT('Ctrl Pts',(657.000009760261,19.9850594969561,19.6127639044089));
#6560=CARTESIAN_POINT('Ctrl Pts',(656.949785577712,20.1717788541958,19.420609708977));
#6561=CARTESIAN_POINT('Ctrl Pts',(656.745649768962,20.5105158274174,19.0625151568442));
#6562=CARTESIAN_POINT('Ctrl Pts',(656.591742928531,20.662674486761,18.8967055167512));
#6563=CARTESIAN_POINT('Ctrl Pts',(656.236696898265,20.9009237233369,18.632846889713));
#6564=CARTESIAN_POINT('Ctrl Pts',(656.011860287286,21.0029394007203,18.5172082194226));
#6565=CARTESIAN_POINT('Ctrl Pts',(655.519128716087,21.1376747256525,18.3632560001632));
#6566=CARTESIAN_POINT('Ctrl Pts',(655.251226423206,21.170529073087,18.3250838679003));
#6567=CARTESIAN_POINT('Ctrl Pts',(654.748793097315,21.170529073087,18.3250838679003));
#6568=CARTESIAN_POINT('Ctrl Pts',(654.480890804434,21.1376747256525,18.3632560001632));
#6569=CARTESIAN_POINT('Ctrl Pts',(653.988159233235,21.0029394007203,18.5172082194226));
#6570=CARTESIAN_POINT('Ctrl Pts',(653.763322622256,20.9009237233369,18.632846889713));
#6571=CARTESIAN_POINT('Ctrl Pts',(653.40827659199,20.662674486761,18.8967055167512));
#6572=CARTESIAN_POINT('Ctrl Pts',(653.254369751559,20.5105158274174,19.0625151568442));
#6573=CARTESIAN_POINT('Ctrl Pts',(653.050233942809,20.1717788541958,19.420609708977));
#6574=CARTESIAN_POINT('Ctrl Pts',(653.000009760261,19.9850594969561,19.6127639044089));
#6575=CARTESIAN_POINT('Ctrl Pts',(653.000009760261,19.8074970849723,19.7904790045318));
#6576=CARTESIAN_POINT('Ctrl Pts',(653.000009760261,19.8074970849723,19.7904790045318));
#6577=CARTESIAN_POINT('Ctrl Pts',(653.000009760261,19.6299389122839,19.9681898617138));
#6578=CARTESIAN_POINT('Ctrl Pts',(653.050231798463,19.4379496192678,20.1550702052621));
#6579=CARTESIAN_POINT('Ctrl Pts',(653.254364005423,19.0801560980209,20.4941060711617));
#6580=CARTESIAN_POINT('Ctrl Pts',(653.40826950082,18.9144827485445,20.6464024998512));
#6581=CARTESIAN_POINT('Ctrl Pts',(653.763316456333,18.6508369499696,20.884871932177));
#6582=CARTESIAN_POINT('Ctrl Pts',(653.988155807722,18.535290596183,20.9869832333201));
#6583=CARTESIAN_POINT('Ctrl Pts',(654.480890824095,18.3814617885219,21.1218447409466));
#6584=CARTESIAN_POINT('Ctrl Pts',(654.748793706842,18.3433206385075,21.1547296828133));
#6585=CARTESIAN_POINT('Ctrl Pts',(655.00000976026,18.3433206385075,21.1547296828133));
#6586=CARTESIAN_POINT('',(653.000009760261,21.2217110853449,21.2046930049044));
#6587=CARTESIAN_POINT('',(653.000009760261,0.00850904022022152,-0.00850904022022152));
#6588=CARTESIAN_POINT('',(655.000009760261,19.760873099358,22.5722821436637));
#6589=CARTESIAN_POINT('Ctrl Pts',(655.000009760261,19.760873099358,22.5722821436637));
#6590=CARTESIAN_POINT('Ctrl Pts',(654.748805548562,19.760873099358,22.5722821436637));
#6591=CARTESIAN_POINT('Ctrl Pts',(654.480907795001,19.7988347119918,22.5392241976055));
#6592=CARTESIAN_POINT('Ctrl Pts',(653.988169710793,19.9520261807925,22.4037303733934));
#6593=CARTESIAN_POINT('Ctrl Pts',(653.763323099603,20.0671245346683,22.3011687177143));
#6594=CARTESIAN_POINT('Ctrl Pts',(653.408263670916,20.3299382516629,22.0618499524076));
#6595=CARTESIAN_POINT('Ctrl Pts',(653.254356303851,20.4951704635324,21.9091019902884));
#6596=CARTESIAN_POINT('Ctrl Pts',(653.050227313015,20.8523405636703,21.5694379937509));
#6597=CARTESIAN_POINT('Ctrl Pts',(653.000009760261,21.0441559102237,21.3823906790588));
#6598=CARTESIAN_POINT('Ctrl Pts',(653.000009760261,21.2217110853449,21.2046930049044));
#6599=CARTESIAN_POINT('Ctrl Pts',(653.000009760261,21.2217110853448,21.2046930049044));
#6600=CARTESIAN_POINT('Ctrl Pts',(653.000009760261,21.3992699524916,21.0269916357614));
#6601=CARTESIAN_POINT('Ctrl Pts',(653.050229180371,21.5861669078059,20.8350225195828));
#6602=CARTESIAN_POINT('Ctrl Pts',(653.254361307897,21.9255519275909,20.4775715804944));
#6603=CARTESIAN_POINT('Ctrl Pts',(653.408269846402,22.0781713925004,20.3122121587136));
#6604=CARTESIAN_POINT('Ctrl Pts',(653.763328470183,22.3172849515726,20.0491996512054));
#6605=CARTESIAN_POINT('Ctrl Pts',(653.988172695166,22.4197575124509,19.934015082466));
#6606=CARTESIAN_POINT('Ctrl Pts',(654.480907779549,22.5551337423671,19.7807084329465));
#6607=CARTESIAN_POINT('Ctrl Pts',(654.748805019294,22.5881631557006,19.7427179505139));
#6608=CARTESIAN_POINT('Ctrl Pts',(655.251214501227,22.5881631557006,19.7427179505139));
#6609=CARTESIAN_POINT('Ctrl Pts',(655.519111740973,22.5551337423671,19.7807084329465));
#6610=CARTESIAN_POINT('Ctrl Pts',(656.011846825355,22.4197575124509,19.934015082466));
#6611=CARTESIAN_POINT('Ctrl Pts',(656.236691050338,22.3172849515726,20.0491996512054));
#6612=CARTESIAN_POINT('Ctrl Pts',(656.591749674119,22.0781713925004,20.3122121587136));
#6613=CARTESIAN_POINT('Ctrl Pts',(656.745658212624,21.9255519275909,20.4775715804944));
#6614=CARTESIAN_POINT('Ctrl Pts',(656.94979034015,21.5861669078059,20.8350225195828));
#6615=CARTESIAN_POINT('Ctrl Pts',(657.000009760261,21.3992699524916,21.0269916357613));
#6616=CARTESIAN_POINT('Ctrl Pts',(657.000009760261,21.0441559102237,21.3823906790588));
#6617=CARTESIAN_POINT('Ctrl Pts',(656.949792207506,20.8523405636703,21.5694379937509));
#6618=CARTESIAN_POINT('Ctrl Pts',(656.74566321667,20.4951704635324,21.9091019902884));
#6619=CARTESIAN_POINT('Ctrl Pts',(656.591755849605,20.3299382516629,22.0618499524076));
#6620=CARTESIAN_POINT('Ctrl Pts',(656.236696420919,20.0671245346683,22.3011687177143));
#6621=CARTESIAN_POINT('Ctrl Pts',(656.011849809728,19.9520261807925,22.4037303733934));
#6622=CARTESIAN_POINT('Ctrl Pts',(655.51911172552,19.7988347119918,22.5392241976055));
#6623=CARTESIAN_POINT('Ctrl Pts',(655.251213971959,19.760873099358,22.5722821436637));
#6624=CARTESIAN_POINT('Ctrl Pts',(655.000009760261,19.760873099358,22.5722821436637));
#6625=CARTESIAN_POINT('Origin',(655.000009760261,0.,0.));
#6626=CARTESIAN_POINT('',(655.000009760261,-19.7517972429498,22.580224367696));
#6627=CARTESIAN_POINT('',(653.000009760261,-21.2132037516978,21.2132037516978));
#6628=CARTESIAN_POINT('Ctrl Pts',(655.000009760261,-19.7517972429498,22.580224367696));
#6629=CARTESIAN_POINT('Ctrl Pts',(655.251214237607,-19.7517972429498,22.580224367696));
#6630=CARTESIAN_POINT('Ctrl Pts',(655.519111736819,-19.789773290069,22.5471806871847));
#6631=CARTESIAN_POINT('Ctrl Pts',(656.011848329286,-19.9430223516283,22.4117456543493));
#6632=CARTESIAN_POINT('Ctrl Pts',(656.23669375293,-20.0581638158886,22.3092285410856));
#6633=CARTESIAN_POINT('Ctrl Pts',(656.591752773596,-20.3210769299267,22.0700123726553));
#6634=CARTESIAN_POINT('Ctrl Pts',(656.745660720788,-20.4863727412496,21.9173286613971));
#6635=CARTESIAN_POINT('Ctrl Pts',(656.94979127416,-20.8436832525371,21.5778041564116));
#6636=CARTESIAN_POINT('Ctrl Pts',(657.000009760261,-21.0355754811088,21.3908320222867));
#6637=CARTESIAN_POINT('Ctrl Pts',(657.000009760261,-21.3908320222867,21.0355754811088));
#6638=CARTESIAN_POINT('Ctrl Pts',(656.94979127416,-21.5778041564116,20.8436832525371));
#6639=CARTESIAN_POINT('Ctrl Pts',(656.745660720788,-21.9173286613971,20.4863727412496));
#6640=CARTESIAN_POINT('Ctrl Pts',(656.591752773596,-22.0700123726553,20.3210769299267));
#6641=CARTESIAN_POINT('Ctrl Pts',(656.23669375293,-22.3092285410856,20.0581638158886));
#6642=CARTESIAN_POINT('Ctrl Pts',(656.011848329286,-22.4117456543493,19.9430223516283));
#6643=CARTESIAN_POINT('Ctrl Pts',(655.519111736819,-22.5471806871847,19.789773290069));
#6644=CARTESIAN_POINT('Ctrl Pts',(655.251214237607,-22.580224367696,19.7517972429498));
#6645=CARTESIAN_POINT('Ctrl Pts',(654.748805282914,-22.580224367696,19.7517972429498));
#6646=CARTESIAN_POINT('Ctrl Pts',(654.480907783702,-22.5471806871847,19.789773290069));
#6647=CARTESIAN_POINT('Ctrl Pts',(653.988171191235,-22.4117456543493,19.9430223516283));
#6648=CARTESIAN_POINT('Ctrl Pts',(653.763325767591,-22.3092285410856,20.0581638158886));
#6649=CARTESIAN_POINT('Ctrl Pts',(653.408266746925,-22.0700123726553,20.3210769299267));
#6650=CARTESIAN_POINT('Ctrl Pts',(653.254358799733,-21.9173286613971,20.4863727412496));
#6651=CARTESIAN_POINT('Ctrl Pts',(653.050228246361,-21.5778041564116,20.8436832525371));
#6652=CARTESIAN_POINT('Ctrl Pts',(653.000009760261,-21.3908320222867,21.0355754811088));
#6653=CARTESIAN_POINT('Ctrl Pts',(653.000009760261,-21.2132037516978,21.2132037516978));
#6654=CARTESIAN_POINT('Ctrl Pts',(653.000009760261,-21.2132037516978,21.2132037516978));
#6655=CARTESIAN_POINT('Ctrl Pts',(653.000009760261,-21.0355754811088,21.3908320222867));
#6656=CARTESIAN_POINT('Ctrl Pts',(653.050228246361,-20.8436832525371,21.5778041564116));
#6657=CARTESIAN_POINT('Ctrl Pts',(653.254358799733,-20.4863727412496,21.9173286613971));
#6658=CARTESIAN_POINT('Ctrl Pts',(653.408266746925,-20.3210769299267,22.0700123726553));
#6659=CARTESIAN_POINT('Ctrl Pts',(653.763325767591,-20.0581638158886,22.3092285410856));
#6660=CARTESIAN_POINT('Ctrl Pts',(653.988171191235,-19.9430223516283,22.4117456543493));
#6661=CARTESIAN_POINT('Ctrl Pts',(654.480907783702,-19.789773290069,22.5471806871847));
#6662=CARTESIAN_POINT('Ctrl Pts',(654.748805282914,-19.7517972429498,22.580224367696));
#6663=CARTESIAN_POINT('Ctrl Pts',(655.000009760261,-19.7517972429498,22.580224367696));
#6664=CARTESIAN_POINT('',(653.000009760261,-19.7989898732233,19.7989898732233));
#6665=CARTESIAN_POINT('',(653.000009760261,1.73191211247101E-16,1.73191211247101E-16));
#6666=CARTESIAN_POINT('',(655.000009760261,-18.3342040957584,21.1626312205046));
#6667=CARTESIAN_POINT('Ctrl Pts',(655.000009760261,-18.3342040957584,21.1626312205046));
#6668=CARTESIAN_POINT('Ctrl Pts',(654.748793400922,-18.3342040957584,21.1626312205046));
#6669=CARTESIAN_POINT('Ctrl Pts',(654.480890810171,-18.372360736368,21.1297615748677));
#6670=CARTESIAN_POINT('Ctrl Pts',(653.988157506995,-18.5262512524429,20.9949631518197));
#6671=CARTESIAN_POINT('Ctrl Pts',(653.763319519425,-18.6418437677898,20.8928996567453));
#6672=CARTESIAN_POINT('Ctrl Pts',(653.408273032919,-18.9055959824705,20.6545403149374));
#6673=CARTESIAN_POINT('Ctrl Pts',(653.254366871428,-19.0713374708084,20.5023127733732));
#6674=CARTESIAN_POINT('Ctrl Pts',(653.05023287025,-19.4292814977269,20.1634263572471));
#6675=CARTESIAN_POINT('Ctrl Pts',(653.000009760261,-19.6213532386593,19.9766265077874));
#6676=CARTESIAN_POINT('Ctrl Pts',(653.000009760261,-19.7989898732233,19.7989898732233));
#6677=CARTESIAN_POINT('Ctrl Pts',(653.000009760261,-19.7989898732233,19.7989898732233));
#6678=CARTESIAN_POINT('Ctrl Pts',(653.000009760261,-19.9766265077874,19.6213532386593));
#6679=CARTESIAN_POINT('Ctrl Pts',(653.05023287025,-20.1634263572471,19.4292814977269));
#6680=CARTESIAN_POINT('Ctrl Pts',(653.254366871428,-20.5023127733732,19.0713374708084));
#6681=CARTESIAN_POINT('Ctrl Pts',(653.408273032919,-20.6545403149374,18.9055959824705));
#6682=CARTESIAN_POINT('Ctrl Pts',(653.763319519425,-20.8928996567453,18.6418437677898));
#6683=CARTESIAN_POINT('Ctrl Pts',(653.988157506995,-20.9949631518197,18.5262512524429));
#6684=CARTESIAN_POINT('Ctrl Pts',(654.480890810171,-21.1297615748677,18.372360736368));
#6685=CARTESIAN_POINT('Ctrl Pts',(654.748793400922,-21.1626312205046,18.3342040957584));
#6686=CARTESIAN_POINT('Ctrl Pts',(655.251226119599,-21.1626312205046,18.3342040957584));
#6687=CARTESIAN_POINT('Ctrl Pts',(655.519128710351,-21.1297615748677,18.372360736368));
#6688=CARTESIAN_POINT('Ctrl Pts',(656.011862013526,-20.9949631518197,18.5262512524429));
#6689=CARTESIAN_POINT('Ctrl Pts',(656.236700001097,-20.8928996567453,18.6418437677898));
#6690=CARTESIAN_POINT('Ctrl Pts',(656.591746487602,-20.6545403149374,18.9055959824705));
#6691=CARTESIAN_POINT('Ctrl Pts',(656.745652649093,-20.5023127733732,19.0713374708084));
#6692=CARTESIAN_POINT('Ctrl Pts',(656.949786650271,-20.1634263572471,19.4292814977269));
#6693=CARTESIAN_POINT('Ctrl Pts',(657.000009760261,-19.9766265077874,19.6213532386593));
#6694=CARTESIAN_POINT('Ctrl Pts',(657.000009760261,-19.6213532386593,19.9766265077874));
#6695=CARTESIAN_POINT('Ctrl Pts',(656.949786650271,-19.4292814977269,20.1634263572471));
#6696=CARTESIAN_POINT('Ctrl Pts',(656.745652649093,-19.0713374708084,20.5023127733732));
#6697=CARTESIAN_POINT('Ctrl Pts',(656.591746487602,-18.9055959824705,20.6545403149374));
#6698=CARTESIAN_POINT('Ctrl Pts',(656.236700001097,-18.6418437677898,20.8928996567453));
#6699=CARTESIAN_POINT('Ctrl Pts',(656.011862013526,-18.5262512524429,20.9949631518197));
#6700=CARTESIAN_POINT('Ctrl Pts',(655.519128710351,-18.372360736368,21.1297615748677));
#6701=CARTESIAN_POINT('Ctrl Pts',(655.251226119599,-18.3342040957584,21.1626312205046));
#6702=CARTESIAN_POINT('Ctrl Pts',(655.000009760261,-18.3342040957584,21.1626312205046));
#6703=CARTESIAN_POINT('Origin',(655.000009760261,0.,0.));
#6704=CARTESIAN_POINT('',(655.000009760261,21.1626312205046,-18.3342040957584));
#6705=CARTESIAN_POINT('',(653.000009760261,19.7989898732233,-19.7989898732233));
#6706=CARTESIAN_POINT('Ctrl Pts',(655.000009760261,21.1626312205046,-18.3342040957584));
#6707=CARTESIAN_POINT('Ctrl Pts',(655.251226119599,21.1626312205046,-18.3342040957584));
#6708=CARTESIAN_POINT('Ctrl Pts',(655.519128710351,21.1297615748677,-18.372360736368));
#6709=CARTESIAN_POINT('Ctrl Pts',(656.011862013526,20.9949631518197,-18.5262512524429));
#6710=CARTESIAN_POINT('Ctrl Pts',(656.236700001097,20.8928996567453,-18.6418437677898));
#6711=CARTESIAN_POINT('Ctrl Pts',(656.591746487602,20.6545403149374,-18.9055959824705));
#6712=CARTESIAN_POINT('Ctrl Pts',(656.745652649093,20.5023127733732,-19.0713374708084));
#6713=CARTESIAN_POINT('Ctrl Pts',(656.949786650271,20.1634263572471,-19.4292814977269));
#6714=CARTESIAN_POINT('Ctrl Pts',(657.000009760261,19.9766265077874,-19.6213532386593));
#6715=CARTESIAN_POINT('Ctrl Pts',(657.000009760261,19.6213532386593,-19.9766265077874));
#6716=CARTESIAN_POINT('Ctrl Pts',(656.949786650271,19.4292814977269,-20.1634263572471));
#6717=CARTESIAN_POINT('Ctrl Pts',(656.745652649093,19.0713374708084,-20.5023127733732));
#6718=CARTESIAN_POINT('Ctrl Pts',(656.591746487602,18.9055959824705,-20.6545403149374));
#6719=CARTESIAN_POINT('Ctrl Pts',(656.236700001097,18.6418437677898,-20.8928996567453));
#6720=CARTESIAN_POINT('Ctrl Pts',(656.011862013526,18.5262512524429,-20.9949631518197));
#6721=CARTESIAN_POINT('Ctrl Pts',(655.519128710351,18.372360736368,-21.1297615748677));
#6722=CARTESIAN_POINT('Ctrl Pts',(655.251226119599,18.3342040957584,-21.1626312205046));
#6723=CARTESIAN_POINT('Ctrl Pts',(654.748793400922,18.3342040957584,-21.1626312205046));
#6724=CARTESIAN_POINT('Ctrl Pts',(654.480890810171,18.372360736368,-21.1297615748677));
#6725=CARTESIAN_POINT('Ctrl Pts',(653.988157506995,18.5262512524429,-20.9949631518197));
#6726=CARTESIAN_POINT('Ctrl Pts',(653.763319519425,18.6418437677898,-20.8928996567453));
#6727=CARTESIAN_POINT('Ctrl Pts',(653.408273032919,18.9055959824705,-20.6545403149374));
#6728=CARTESIAN_POINT('Ctrl Pts',(653.254366871428,19.0713374708084,-20.5023127733732));
#6729=CARTESIAN_POINT('Ctrl Pts',(653.05023287025,19.4292814977269,-20.1634263572471));
#6730=CARTESIAN_POINT('Ctrl Pts',(653.000009760261,19.6213532386593,-19.9766265077874));
#6731=CARTESIAN_POINT('Ctrl Pts',(653.000009760261,19.7989898732233,-19.7989898732233));
#6732=CARTESIAN_POINT('Ctrl Pts',(653.000009760261,19.7989898732233,-19.7989898732233));
#6733=CARTESIAN_POINT('Ctrl Pts',(653.000009760261,19.9766265077874,-19.6213532386593));
#6734=CARTESIAN_POINT('Ctrl Pts',(653.05023287025,20.1634263572471,-19.4292814977269));
#6735=CARTESIAN_POINT('Ctrl Pts',(653.254366871428,20.5023127733732,-19.0713374708084));
#6736=CARTESIAN_POINT('Ctrl Pts',(653.408273032919,20.6545403149374,-18.9055959824705));
#6737=CARTESIAN_POINT('Ctrl Pts',(653.763319519425,20.8928996567453,-18.6418437677898));
#6738=CARTESIAN_POINT('Ctrl Pts',(653.988157506995,20.9949631518197,-18.5262512524429));
#6739=CARTESIAN_POINT('Ctrl Pts',(654.480890810171,21.1297615748677,-18.372360736368));
#6740=CARTESIAN_POINT('Ctrl Pts',(654.748793400922,21.1626312205046,-18.3342040957584));
#6741=CARTESIAN_POINT('Ctrl Pts',(655.000009760261,21.1626312205046,-18.3342040957584));
#6742=CARTESIAN_POINT('',(653.000009760261,21.2132037516978,-21.2132037516978));
#6743=CARTESIAN_POINT('',(653.000009760261,1.73191211247101E-16,1.73191211247101E-16));
#6744=CARTESIAN_POINT('',(655.000009760261,22.580224367696,-19.7517972429498));
#6745=CARTESIAN_POINT('Ctrl Pts',(655.000009760261,22.580224367696,-19.7517972429498));
#6746=CARTESIAN_POINT('Ctrl Pts',(654.748805282914,22.580224367696,-19.7517972429498));
#6747=CARTESIAN_POINT('Ctrl Pts',(654.480907783702,22.5471806871847,-19.789773290069));
#6748=CARTESIAN_POINT('Ctrl Pts',(653.988171191235,22.4117456543493,-19.9430223516283));
#6749=CARTESIAN_POINT('Ctrl Pts',(653.763325767591,22.3092285410856,-20.0581638158886));
#6750=CARTESIAN_POINT('Ctrl Pts',(653.408266746925,22.0700123726553,-20.3210769299267));
#6751=CARTESIAN_POINT('Ctrl Pts',(653.254358799733,21.9173286613971,-20.4863727412496));
#6752=CARTESIAN_POINT('Ctrl Pts',(653.050228246361,21.5778041564116,-20.8436832525371));
#6753=CARTESIAN_POINT('Ctrl Pts',(653.000009760261,21.3908320222867,-21.0355754811088));
#6754=CARTESIAN_POINT('Ctrl Pts',(653.000009760261,21.2132037516978,-21.2132037516978));
#6755=CARTESIAN_POINT('Ctrl Pts',(653.000009760261,21.2132037516978,-21.2132037516978));
#6756=CARTESIAN_POINT('Ctrl Pts',(653.000009760261,21.0355754811088,-21.3908320222867));
#6757=CARTESIAN_POINT('Ctrl Pts',(653.050228246361,20.8436832525371,-21.5778041564116));
#6758=CARTESIAN_POINT('Ctrl Pts',(653.254358799733,20.4863727412496,-21.9173286613971));
#6759=CARTESIAN_POINT('Ctrl Pts',(653.408266746925,20.3210769299267,-22.0700123726553));
#6760=CARTESIAN_POINT('Ctrl Pts',(653.763325767591,20.0581638158886,-22.3092285410856));
#6761=CARTESIAN_POINT('Ctrl Pts',(653.988171191235,19.9430223516283,-22.4117456543493));
#6762=CARTESIAN_POINT('Ctrl Pts',(654.480907783702,19.789773290069,-22.5471806871847));
#6763=CARTESIAN_POINT('Ctrl Pts',(654.748805282914,19.7517972429498,-22.580224367696));
#6764=CARTESIAN_POINT('Ctrl Pts',(655.251214237607,19.7517972429498,-22.580224367696));
#6765=CARTESIAN_POINT('Ctrl Pts',(655.519111736819,19.789773290069,-22.5471806871847));
#6766=CARTESIAN_POINT('Ctrl Pts',(656.011848329286,19.9430223516283,-22.4117456543493));
#6767=CARTESIAN_POINT('Ctrl Pts',(656.23669375293,20.0581638158886,-22.3092285410856));
#6768=CARTESIAN_POINT('Ctrl Pts',(656.591752773596,20.3210769299267,-22.0700123726553));
#6769=CARTESIAN_POINT('Ctrl Pts',(656.745660720788,20.4863727412496,-21.9173286613971));
#6770=CARTESIAN_POINT('Ctrl Pts',(656.94979127416,20.8436832525371,-21.5778041564116));
#6771=CARTESIAN_POINT('Ctrl Pts',(657.000009760261,21.0355754811088,-21.3908320222867));
#6772=CARTESIAN_POINT('Ctrl Pts',(657.000009760261,21.3908320222867,-21.0355754811088));
#6773=CARTESIAN_POINT('Ctrl Pts',(656.94979127416,21.5778041564116,-20.8436832525371));
#6774=CARTESIAN_POINT('Ctrl Pts',(656.745660720788,21.9173286613971,-20.4863727412496));
#6775=CARTESIAN_POINT('Ctrl Pts',(656.591752773596,22.0700123726553,-20.3210769299267));
#6776=CARTESIAN_POINT('Ctrl Pts',(656.23669375293,22.3092285410856,-20.0581638158886));
#6777=CARTESIAN_POINT('Ctrl Pts',(656.011848329286,22.4117456543493,-19.9430223516283));
#6778=CARTESIAN_POINT('Ctrl Pts',(655.519111736819,22.5471806871847,-19.789773290069));
#6779=CARTESIAN_POINT('Ctrl Pts',(655.251214237607,22.580224367696,-19.7517972429498));
#6780=CARTESIAN_POINT('Ctrl Pts',(655.000009760261,22.580224367696,-19.7517972429498));
#6781=CARTESIAN_POINT('Origin',(449.976174678758,0.00850904022022169,-0.00850904022022169));
#6782=CARTESIAN_POINT('',(449.976174678758,-1.99149095977981,-29.9338268615826));
#6783=CARTESIAN_POINT('',(447.976174678758,0.0085090402202148,-29.9999992403054));
#6784=CARTESIAN_POINT('Ctrl Pts',(449.976174678758,-1.99149095977981,-29.9338268615826));
#6785=CARTESIAN_POINT('Ctrl Pts',(450.227378968473,-1.99149095977981,-29.9338268615826));
#6786=CARTESIAN_POINT('Ctrl Pts',(450.495276648067,-1.94127251318465,-29.9373002212628));
#6787=CARTESIAN_POINT('Ctrl Pts',(450.988014297047,-1.73714143191191,-29.9498384492137));
#6788=CARTESIAN_POINT('Ctrl Pts',(451.212860561564,-1.58323285858345,-29.9587213867149));
#6789=CARTESIAN_POINT('Ctrl Pts',(451.56791986959,-1.22817223682577,-29.9753766600387));
#6790=CARTESIAN_POINT('Ctrl Pts',(451.721827405412,-1.00332643556272,-29.9842308358903));
#6791=CARTESIAN_POINT('Ctrl Pts',(451.925956852701,-0.510590131670957,-29.9966674894584));
#6792=CARTESIAN_POINT('Ctrl Pts',(451.976174678758,-0.242693422921538,-30.000070490036));
#6793=CARTESIAN_POINT('Ctrl Pts',(451.976174678758,0.259715196868762,-29.9999279895273));
#6794=CARTESIAN_POINT('Ctrl Pts',(451.925955532281,0.527613610741593,-29.9963729244551));
#6795=CARTESIAN_POINT('Ctrl Pts',(451.721823867018,1.02035084573235,-29.983656363049));
#6796=CARTESIAN_POINT('Ctrl Pts',(451.567915502863,1.24519600334638,-29.9746743336437));
#6797=CARTESIAN_POINT('Ctrl Pts',(451.21285676399,1.60025341724381,-29.9578170619526));
#6798=CARTESIAN_POINT('Ctrl Pts',(450.988012186776,1.75416055060382,-29.9488464696212));
#6799=CARTESIAN_POINT('Ctrl Pts',(450.495276658993,1.95829042508815,-29.9361918541659));
#6800=CARTESIAN_POINT('Ctrl Pts',(450.227379342722,2.00850904022024,-29.9326897932251));
#6801=CARTESIAN_POINT('Ctrl Pts',(449.724970014794,2.00850904022024,-29.9326897932251));
#6802=CARTESIAN_POINT('Ctrl Pts',(449.457072698523,1.95829042508815,-29.9361918541659));
#6803=CARTESIAN_POINT('Ctrl Pts',(448.96433717074,1.75416055060384,-29.9488464696212));
#6804=CARTESIAN_POINT('Ctrl Pts',(448.739492593526,1.60025341724381,-29.9578170619526));
#6805=CARTESIAN_POINT('Ctrl Pts',(448.384433854653,1.24519600334638,-29.9746743336437));
#6806=CARTESIAN_POINT('Ctrl Pts',(448.230525490498,1.02035084573237,-29.983656363049));
#6807=CARTESIAN_POINT('Ctrl Pts',(448.026393825235,0.527613610741619,-29.9963729244551));
#6808=CARTESIAN_POINT('Ctrl Pts',(447.976174678758,0.259715196868753,-29.9999279895273));
#6809=CARTESIAN_POINT('Ctrl Pts',(447.976174678758,0.008509040220206,-29.9999992403054));
#6810=CARTESIAN_POINT('Ctrl Pts',(447.976174678758,0.00850904022021877,
-29.9999992403054));
#6811=CARTESIAN_POINT('Ctrl Pts',(447.976174678758,-0.242693422921534,-30.000070490036));
#6812=CARTESIAN_POINT('Ctrl Pts',(448.026392504815,-0.510590131670957,-29.9966674894584));
#6813=CARTESIAN_POINT('Ctrl Pts',(448.230521952104,-1.00332643556272,-29.9842308358903));
#6814=CARTESIAN_POINT('Ctrl Pts',(448.384429487926,-1.22817223682577,-29.9753766600387));
#6815=CARTESIAN_POINT('Ctrl Pts',(448.739488795953,-1.58323285858345,-29.9587213867149));
#6816=CARTESIAN_POINT('Ctrl Pts',(448.964335060469,-1.73714143191183,-29.9498384492137));
#6817=CARTESIAN_POINT('Ctrl Pts',(449.457072709449,-1.9412725131846,-29.9373002212628));
#6818=CARTESIAN_POINT('Ctrl Pts',(449.724970389043,-1.99149095977981,-29.9338268615826));
#6819=CARTESIAN_POINT('Ctrl Pts',(449.976174678758,-1.99149095977982,-29.9338268615826));
#6820=CARTESIAN_POINT('',(447.976174678758,0.00850904022021561,-27.9999987070756));
#6821=CARTESIAN_POINT('',(447.976174678758,0.00850904022022145,-0.00850904022022169));
#6822=CARTESIAN_POINT('',(449.976174678758,-1.99149095977981,-27.9290881297101));
#6823=CARTESIAN_POINT('Ctrl Pts',(449.976174678758,-1.99149095977981,-27.9290881297101));
#6824=CARTESIAN_POINT('Ctrl Pts',(449.724958535498,-1.99149095977981,-27.9290881297101));
#6825=CARTESIAN_POINT('Ctrl Pts',(449.457055737667,-1.94126788824816,-27.9328112060736));
#6826=CARTESIAN_POINT('Ctrl Pts',(448.964321221133,-1.73713329228436,-27.9462489574175));
#6827=CARTESIAN_POINT('Ctrl Pts',(448.739482267875,-1.58322642775983,-27.9557684352151));
#6828=CARTESIAN_POINT('Ctrl Pts',(448.384435451053,-1.22817810269684,-27.9736156537066));
#6829=CARTESIAN_POINT('Ctrl Pts',(448.230529761891,-1.0033396726171,-27.9831029435367));
#6830=CARTESIAN_POINT('Ctrl Pts',(448.0263970308,-0.510606670886015,-27.996428730719));
#6831=CARTESIAN_POINT('Ctrl Pts',(447.976174678758,-0.242704977653444,-28.0000750495856));
#6832=CARTESIAN_POINT('Ctrl Pts',(447.976174678758,0.00850904022021518,
-27.9999987070756));
#6833=CARTESIAN_POINT('Ctrl Pts',(447.976174678758,0.00850904022021518,
-27.9999987070756));
#6834=CARTESIAN_POINT('Ctrl Pts',(447.976174678758,0.259727299211664,-27.9999223632767));
#6835=CARTESIAN_POINT('Ctrl Pts',(448.026398547081,0.527630950497679,-27.9961131000564));
#6836=CARTESIAN_POINT('Ctrl Pts',(448.230533825023,1.02036502133263,-27.9824873511088));
#6837=CARTESIAN_POINT('Ctrl Pts',(448.384440465267,1.24520271204777,-27.9728630313059));
#6838=CARTESIAN_POINT('Ctrl Pts',(448.73948662784,1.60024735346775,-27.954799300716));
#6839=CARTESIAN_POINT('Ctrl Pts',(448.964323643336,1.75415256436459,-27.9451858527889));
#6840=CARTESIAN_POINT('Ctrl Pts',(449.457055723764,1.9582857747804,-27.9316233043027));
#6841=CARTESIAN_POINT('Ctrl Pts',(449.724958104497,2.00850904022024,-27.9278694396002));
#6842=CARTESIAN_POINT('Ctrl Pts',(450.227391253019,2.00850904022024,-27.9278694396002));
#6843=CARTESIAN_POINT('Ctrl Pts',(450.495293633753,1.95828577478038,-27.9316233043027));
#6844=CARTESIAN_POINT('Ctrl Pts',(450.98802571418,1.75415256436456,-27.9451858527889));
#6845=CARTESIAN_POINT('Ctrl Pts',(451.212862729676,1.60024735346775,-27.954799300716));
#6846=CARTESIAN_POINT('Ctrl Pts',(451.56790889225,1.24520271204777,-27.9728630313059));
#6847=CARTESIAN_POINT('Ctrl Pts',(451.721815532494,1.02036502133258,-27.9824873511088));
#6848=CARTESIAN_POINT('Ctrl Pts',(451.925950810435,0.527630950497628,-27.9961131000564));
#6849=CARTESIAN_POINT('Ctrl Pts',(451.976174678758,0.259727299211665,-27.9999223632767));
#6850=CARTESIAN_POINT('Ctrl Pts',(451.976174678758,-0.242704977653443,-28.0000750495856));
#6851=CARTESIAN_POINT('Ctrl Pts',(451.925952326717,-0.510606670886015,-27.996428730719));
#6852=CARTESIAN_POINT('Ctrl Pts',(451.721819595625,-1.0033396726171,-27.9831029435367));
#6853=CARTESIAN_POINT('Ctrl Pts',(451.567913906464,-1.22817810269683,-27.9736156537066));
#6854=CARTESIAN_POINT('Ctrl Pts',(451.212867089642,-1.58322642775983,-27.9557684352151));
#6855=CARTESIAN_POINT('Ctrl Pts',(450.988028136383,-1.73713329228436,-27.9462489574175));
#6856=CARTESIAN_POINT('Ctrl Pts',(450.495293619849,-1.94126788824816,-27.9328112060736));
#6857=CARTESIAN_POINT('Ctrl Pts',(450.227390822018,-1.99149095977982,-27.9290881297101));
#6858=CARTESIAN_POINT('Ctrl Pts',(449.976174678758,-1.99149095977982,-27.9290881297101));
#6859=CARTESIAN_POINT('Origin',(449.976174678758,0.00850904022022169,-0.00850904022022169));
#6860=CARTESIAN_POINT('',(449.976174678758,-1.9914909597798,27.9290881297101));
#6861=CARTESIAN_POINT('',(451.976156577715,-2.29601845929049E-9,28.));
#6862=CARTESIAN_POINT('Ctrl Pts',(449.976174678758,-1.9914909597798,27.9290881297101));
#6863=CARTESIAN_POINT('Ctrl Pts',(450.227390822018,-1.9914909597798,27.9290881297101));
#6864=CARTESIAN_POINT('Ctrl Pts',(450.495293619849,-1.94126788824815,27.9328112060736));
#6865=CARTESIAN_POINT('Ctrl Pts',(450.988028136383,-1.73713329228435,27.9462489574175));
#6866=CARTESIAN_POINT('Ctrl Pts',(451.212867089642,-1.58322642775982,27.9557684352151));
#6867=CARTESIAN_POINT('Ctrl Pts',(451.567913906464,-1.22817810269682,27.9736156537066));
#6868=CARTESIAN_POINT('Ctrl Pts',(451.721819595625,-1.00333967261709,27.9831029435367));
#6869=CARTESIAN_POINT('Ctrl Pts',(451.924800795997,-0.513386221158162,27.9963535587795));
#6870=CARTESIAN_POINT('Ctrl Pts',(451.975098266163,-0.248747542735712,27.9999999999592));
#6871=CARTESIAN_POINT('Ctrl Pts',(451.976156577715,-4.59203279568055E-9,
28.));
#6872=CARTESIAN_POINT('',(447.976192779801,-2.29602279609918E-9,28.));
#6873=CARTESIAN_POINT('Ctrl Pts',(447.976192779801,-4.59203633451644E-9,
28.));
#6874=CARTESIAN_POINT('Ctrl Pts',(447.977251091354,-0.248747542735716,27.9999999999592));
#6875=CARTESIAN_POINT('Ctrl Pts',(448.02754856152,-0.513386221158162,27.9963535587795));
#6876=CARTESIAN_POINT('Ctrl Pts',(448.230529761891,-1.00333967261709,27.9831029435367));
#6877=CARTESIAN_POINT('Ctrl Pts',(448.384435451053,-1.22817810269682,27.9736156537066));
#6878=CARTESIAN_POINT('Ctrl Pts',(448.739482267874,-1.58322642775982,27.9557684352151));
#6879=CARTESIAN_POINT('Ctrl Pts',(448.964321221133,-1.73713329228433,27.9462489574175));
#6880=CARTESIAN_POINT('Ctrl Pts',(449.457055737667,-1.94126788824815,27.9328112060736));
#6881=CARTESIAN_POINT('Ctrl Pts',(449.724958535498,-1.9914909597798,27.9290881297101));
#6882=CARTESIAN_POINT('Ctrl Pts',(449.976174678758,-1.9914909597798,27.9290881297101));
#6883=CARTESIAN_POINT('',(447.976174678758,0.00850904022022561,27.9999987070756));
#6884=CARTESIAN_POINT('Ctrl Pts',(447.976174678758,0.00850904022022767,
27.9999987070756));
#6885=CARTESIAN_POINT('Ctrl Pts',(447.976174678758,0.00567479940705827,
27.9999995683852));
#6886=CARTESIAN_POINT('Ctrl Pts',(447.976180703496,0.00283843271202147,
28.0000000000005));
#6887=CARTESIAN_POINT('Ctrl Pts',(447.976192779801,-4.59203701942728E-9,
28.));
#6888=CARTESIAN_POINT('',(447.976174678758,0.00850904022022406,29.9999992403054));
#6889=CARTESIAN_POINT('',(447.976174678758,0.00850904022022145,-0.00850904022022169));
#6890=CARTESIAN_POINT('',(447.976192779801,-2.29608967072324E-9,30.0000004470348));
#6891=CARTESIAN_POINT('Ctrl Pts',(447.976192779801,-4.59217656006942E-9,
30.0000004470348));
#6892=CARTESIAN_POINT('Ctrl Pts',(447.976180703492,0.00283843373728766,
30.0000004470353));
#6893=CARTESIAN_POINT('Ctrl Pts',(447.976174678758,0.00567480043468513,
30.0000000441941));
#6894=CARTESIAN_POINT('Ctrl Pts',(447.976174678758,0.0085090402202286,29.9999992403054));
#6895=CARTESIAN_POINT('',(449.976174678758,-1.99149095977981,29.9338268615826));
#6896=CARTESIAN_POINT('Ctrl Pts',(449.976174678758,-1.99149095977981,29.9338268615826));
#6897=CARTESIAN_POINT('Ctrl Pts',(449.724970389043,-1.99149095977981,29.9338268615826));
#6898=CARTESIAN_POINT('Ctrl Pts',(449.457072709449,-1.94127251318464,29.9373002212628));
#6899=CARTESIAN_POINT('Ctrl Pts',(448.96433506047,-1.73714143191189,29.9498384492137));
#6900=CARTESIAN_POINT('Ctrl Pts',(448.739488795953,-1.58323285858343,29.9587213867149));
#6901=CARTESIAN_POINT('Ctrl Pts',(448.384429487926,-1.22817223682576,29.9753766600387));
#6902=CARTESIAN_POINT('Ctrl Pts',(448.230521952104,-1.00332643556271,29.9842308358903));
#6903=CARTESIAN_POINT('Ctrl Pts',(448.02754406956,-0.513369827416768,29.9965973299984));
#6904=CARTESIAN_POINT('Ctrl Pts',(447.977251042891,-0.248736151967973,30.0000004469968));
#6905=CARTESIAN_POINT('Ctrl Pts',(447.976192779801,-4.59218767179248E-9,
30.0000004470348));
#6906=CARTESIAN_POINT('',(451.976156577715,-2.29609078094626E-9,30.0000004470348));
#6907=CARTESIAN_POINT('Ctrl Pts',(451.976156577715,-4.59217823489677E-9,
30.0000004470348));
#6908=CARTESIAN_POINT('Ctrl Pts',(451.975098314625,-0.248736151967964,30.0000004469968));
#6909=CARTESIAN_POINT('Ctrl Pts',(451.924805287956,-0.513369827416768,29.9965973299984));
#6910=CARTESIAN_POINT('Ctrl Pts',(451.721827405412,-1.00332643556271,29.9842308358903));
#6911=CARTESIAN_POINT('Ctrl Pts',(451.56791986959,-1.22817223682576,29.9753766600387));
#6912=CARTESIAN_POINT('Ctrl Pts',(451.212860561564,-1.58323285858343,29.9587213867149));
#6913=CARTESIAN_POINT('Ctrl Pts',(450.988014297047,-1.73714143191189,29.9498384492137));
#6914=CARTESIAN_POINT('Ctrl Pts',(450.495276648067,-1.94127251318462,29.9373002212628));
#6915=CARTESIAN_POINT('Ctrl Pts',(450.227378968473,-1.9914909597798,29.9338268615826));
#6916=CARTESIAN_POINT('Ctrl Pts',(449.976174678758,-1.9914909597798,29.9338268615826));
#6917=CARTESIAN_POINT('Ctrl Pts',(447.976174678758,0.00850904022021995,
29.9999992403054));
#6918=CARTESIAN_POINT('Ctrl Pts',(447.976174678758,0.259715196868767,29.9999279895273));
#6919=CARTESIAN_POINT('Ctrl Pts',(448.026393825235,0.527613610741632,29.9963729244551));
#6920=CARTESIAN_POINT('Ctrl Pts',(448.230525490498,1.02035084573239,29.983656363049));
#6921=CARTESIAN_POINT('Ctrl Pts',(448.384433854653,1.24519600334639,29.9746743336437));
#6922=CARTESIAN_POINT('Ctrl Pts',(448.739492593526,1.60025341724382,29.9578170619526));
#6923=CARTESIAN_POINT('Ctrl Pts',(448.96433717074,1.7541605506039,29.9488464696212));
#6924=CARTESIAN_POINT('Ctrl Pts',(449.457072698523,1.95829042508818,29.9361918541659));
#6925=CARTESIAN_POINT('Ctrl Pts',(449.724970014794,2.00850904022026,29.9326897932251));
#6926=CARTESIAN_POINT('Ctrl Pts',(450.227379342722,2.00850904022026,29.9326897932251));
#6927=CARTESIAN_POINT('Ctrl Pts',(450.495276658993,1.95829042508817,29.9361918541659));
#6928=CARTESIAN_POINT('Ctrl Pts',(450.988012186776,1.75416055060385,29.9488464696212));
#6929=CARTESIAN_POINT('Ctrl Pts',(451.21285676399,1.60025341724382,29.9578170619526));
#6930=CARTESIAN_POINT('Ctrl Pts',(451.567915502863,1.24519600334639,29.9746743336437));
#6931=CARTESIAN_POINT('Ctrl Pts',(451.721823867018,1.02035084573239,29.983656363049));
#6932=CARTESIAN_POINT('Ctrl Pts',(451.925955532281,0.527613610741632,29.9963729244551));
#6933=CARTESIAN_POINT('Ctrl Pts',(451.976174678758,0.259715196868775,29.9999279895273));
#6934=CARTESIAN_POINT('Ctrl Pts',(451.976174678758,0.00567480043468502,
30.0000000441941));
#6935=CARTESIAN_POINT('Ctrl Pts',(451.976168654024,0.00283843373728754,
30.0000004470353));
#6936=CARTESIAN_POINT('Ctrl Pts',(451.976156577715,-4.59217668397465E-9,
30.0000004470348));
#6937=CARTESIAN_POINT('Ctrl Pts',(451.976156577715,-4.59203684012537E-9,
28.));
#6938=CARTESIAN_POINT('Ctrl Pts',(451.97616865402,0.00283843271202184,28.0000000000005));
#6939=CARTESIAN_POINT('Ctrl Pts',(451.976174678758,0.00567479940705882,
27.9999995683852));
#6940=CARTESIAN_POINT('Ctrl Pts',(451.976174678758,0.259727299211677,27.9999223632767));
#6941=CARTESIAN_POINT('Ctrl Pts',(451.925950810435,0.52763095049764,27.9961131000564));
#6942=CARTESIAN_POINT('Ctrl Pts',(451.721815532494,1.02036502133259,27.9824873511088));
#6943=CARTESIAN_POINT('Ctrl Pts',(451.56790889225,1.24520271204778,27.9728630313059));
#6944=CARTESIAN_POINT('Ctrl Pts',(451.212862729676,1.60024735346776,27.954799300716));
#6945=CARTESIAN_POINT('Ctrl Pts',(450.98802571418,1.75415256436457,27.945185852789));
#6946=CARTESIAN_POINT('Ctrl Pts',(450.495293633753,1.95828577478039,27.9316233043027));
#6947=CARTESIAN_POINT('Ctrl Pts',(450.227391253019,2.00850904022026,27.9278694396002));
#6948=CARTESIAN_POINT('Ctrl Pts',(449.724958104497,2.00850904022026,27.9278694396002));
#6949=CARTESIAN_POINT('Ctrl Pts',(449.457055723764,1.95828577478041,27.9316233043027));
#6950=CARTESIAN_POINT('Ctrl Pts',(448.964323643336,1.75415256436461,27.9451858527889));
#6951=CARTESIAN_POINT('Ctrl Pts',(448.73948662784,1.60024735346776,27.954799300716));
#6952=CARTESIAN_POINT('Ctrl Pts',(448.384440465267,1.24520271204778,27.9728630313059));
#6953=CARTESIAN_POINT('Ctrl Pts',(448.230533825023,1.02036502133259,27.9824873511088));
#6954=CARTESIAN_POINT('Ctrl Pts',(448.026398547081,0.527630950497639,27.9961131000564));
#6955=CARTESIAN_POINT('Ctrl Pts',(447.976174678758,0.259727299211678,27.9999223632767));
#6956=CARTESIAN_POINT('Ctrl Pts',(447.976174678758,0.00850904022022952,
27.9999987070756));
#6957=CARTESIAN_POINT('Origin',(470.000007003546,0.00850904022022169,-0.00850904022022169));
#6958=CARTESIAN_POINT('',(470.000007003546,-1.99149095977981,-29.9338268615826));
#6959=CARTESIAN_POINT('',(468.000007003546,0.00850904022021702,-29.9999992403054));
#6960=CARTESIAN_POINT('Ctrl Pts',(470.000007003546,-1.99149095977981,-29.9338268615826));
#6961=CARTESIAN_POINT('Ctrl Pts',(470.251211293261,-1.99149095977981,-29.9338268615826));
#6962=CARTESIAN_POINT('Ctrl Pts',(470.519108972855,-1.94127251318465,-29.9373002212628));
#6963=CARTESIAN_POINT('Ctrl Pts',(471.011846621834,-1.73714143191191,-29.9498384492137));
#6964=CARTESIAN_POINT('Ctrl Pts',(471.236692886351,-1.58323285858345,-29.9587213867149));
#6965=CARTESIAN_POINT('Ctrl Pts',(471.591752194378,-1.22817223682577,-29.9753766600387));
#6966=CARTESIAN_POINT('Ctrl Pts',(471.7456597302,-1.00332643556272,-29.9842308358903));
#6967=CARTESIAN_POINT('Ctrl Pts',(471.949789177489,-0.510590131670957,-29.9966674894584));
#6968=CARTESIAN_POINT('Ctrl Pts',(472.000007003546,-0.242693422921538,-30.000070490036));
#6969=CARTESIAN_POINT('Ctrl Pts',(472.000007003546,0.259715196868762,-29.9999279895273));
#6970=CARTESIAN_POINT('Ctrl Pts',(471.949787857069,0.527613610741593,-29.9963729244551));
#6971=CARTESIAN_POINT('Ctrl Pts',(471.745656191805,1.02035084573235,-29.983656363049));
#6972=CARTESIAN_POINT('Ctrl Pts',(471.59174782765,1.24519600334638,-29.9746743336437));
#6973=CARTESIAN_POINT('Ctrl Pts',(471.236689088778,1.60025341724381,-29.9578170619526));
#6974=CARTESIAN_POINT('Ctrl Pts',(471.011844511564,1.75416055060382,-29.9488464696212));
#6975=CARTESIAN_POINT('Ctrl Pts',(470.519108983781,1.95829042508815,-29.9361918541659));
#6976=CARTESIAN_POINT('Ctrl Pts',(470.25121166751,2.00850904022024,-29.9326897932251));
#6977=CARTESIAN_POINT('Ctrl Pts',(469.748802339581,2.00850904022024,-29.9326897932251));
#6978=CARTESIAN_POINT('Ctrl Pts',(469.48090502331,1.95829042508815,-29.9361918541659));
#6979=CARTESIAN_POINT('Ctrl Pts',(468.988169495528,1.75416055060384,-29.9488464696212));
#6980=CARTESIAN_POINT('Ctrl Pts',(468.763324918314,1.60025341724381,-29.9578170619526));
#6981=CARTESIAN_POINT('Ctrl Pts',(468.408266179441,1.24519600334638,-29.9746743336437));
#6982=CARTESIAN_POINT('Ctrl Pts',(468.254357815286,1.02035084573237,-29.983656363049));
#6983=CARTESIAN_POINT('Ctrl Pts',(468.050226150023,0.527613610741619,-29.9963729244551));
#6984=CARTESIAN_POINT('Ctrl Pts',(468.000007003546,0.259715196868763,-29.9999279895273));
#6985=CARTESIAN_POINT('Ctrl Pts',(468.000007003546,0.00850904022021579,
-29.9999992403054));
#6986=CARTESIAN_POINT('Ctrl Pts',(468.000007003546,0.00850904022021905,
-29.9999992403054));
#6987=CARTESIAN_POINT('Ctrl Pts',(468.000007003546,-0.242693422921534,-30.000070490036));
#6988=CARTESIAN_POINT('Ctrl Pts',(468.050224829602,-0.510590131670957,-29.9966674894584));
#6989=CARTESIAN_POINT('Ctrl Pts',(468.254354276892,-1.00332643556272,-29.9842308358903));
#6990=CARTESIAN_POINT('Ctrl Pts',(468.408261812713,-1.22817223682577,-29.9753766600387));
#6991=CARTESIAN_POINT('Ctrl Pts',(468.76332112074,-1.58323285858345,-29.9587213867149));
#6992=CARTESIAN_POINT('Ctrl Pts',(468.988167385257,-1.73714143191183,-29.9498384492137));
#6993=CARTESIAN_POINT('Ctrl Pts',(469.480905034237,-1.9412725131846,-29.9373002212628));
#6994=CARTESIAN_POINT('Ctrl Pts',(469.748802713831,-1.99149095977982,-29.9338268615826));
#6995=CARTESIAN_POINT('Ctrl Pts',(470.000007003546,-1.99149095977982,-29.9338268615826));
#6996=CARTESIAN_POINT('',(468.000007003546,0.00850904022021593,-27.9999987070756));
#6997=CARTESIAN_POINT('',(468.000007003546,0.00850904022022145,-0.00850904022022169));
#6998=CARTESIAN_POINT('',(470.000007003546,-1.99149095977982,-27.9290881297101));
#6999=CARTESIAN_POINT('Ctrl Pts',(470.000007003546,-1.99149095977982,-27.9290881297101));
#7000=CARTESIAN_POINT('Ctrl Pts',(469.748790860286,-1.99149095977982,-27.9290881297101));
#7001=CARTESIAN_POINT('Ctrl Pts',(469.480888062454,-1.94126788824816,-27.9328112060736));
#7002=CARTESIAN_POINT('Ctrl Pts',(468.988153545921,-1.73713329228436,-27.9462489574175));
#7003=CARTESIAN_POINT('Ctrl Pts',(468.763314592662,-1.58322642775983,-27.9557684352151));
#7004=CARTESIAN_POINT('Ctrl Pts',(468.40826777584,-1.22817810269684,-27.9736156537066));
#7005=CARTESIAN_POINT('Ctrl Pts',(468.254362086679,-1.0033396726171,-27.9831029435367));
#7006=CARTESIAN_POINT('Ctrl Pts',(468.050229355587,-0.510606670886015,-27.996428730719));
#7007=CARTESIAN_POINT('Ctrl Pts',(468.000007003546,-0.242704977653446,-28.0000750495856));
#7008=CARTESIAN_POINT('Ctrl Pts',(468.000007003546,0.00850904022021294,
-27.9999987070756));
#7009=CARTESIAN_POINT('Ctrl Pts',(468.000007003546,0.00850904022021662,
-27.9999987070756));
#7010=CARTESIAN_POINT('Ctrl Pts',(468.000007003546,0.259727299211666,-27.9999223632767));
#7011=CARTESIAN_POINT('Ctrl Pts',(468.050230871869,0.527630950497679,-27.9961131000564));
#7012=CARTESIAN_POINT('Ctrl Pts',(468.25436614981,1.02036502133263,-27.9824873511088));
#7013=CARTESIAN_POINT('Ctrl Pts',(468.408272790054,1.24520271204777,-27.9728630313059));
#7014=CARTESIAN_POINT('Ctrl Pts',(468.763318952628,1.60024735346775,-27.954799300716));
#7015=CARTESIAN_POINT('Ctrl Pts',(468.988155968124,1.75415256436459,-27.9451858527889));
#7016=CARTESIAN_POINT('Ctrl Pts',(469.480888048551,1.9582857747804,-27.9316233043027));
#7017=CARTESIAN_POINT('Ctrl Pts',(469.748790429285,2.00850904022024,-27.9278694396002));
#7018=CARTESIAN_POINT('Ctrl Pts',(470.251223577807,2.00850904022024,-27.9278694396002));
#7019=CARTESIAN_POINT('Ctrl Pts',(470.51912595854,1.95828577478038,-27.9316233043027));
#7020=CARTESIAN_POINT('Ctrl Pts',(471.011858038968,1.75415256436456,-27.9451858527889));
#7021=CARTESIAN_POINT('Ctrl Pts',(471.236695054464,1.60024735346775,-27.954799300716));
#7022=CARTESIAN_POINT('Ctrl Pts',(471.591741217037,1.24520271204777,-27.9728630313059));
#7023=CARTESIAN_POINT('Ctrl Pts',(471.745647857281,1.02036502133258,-27.9824873511088));
#7024=CARTESIAN_POINT('Ctrl Pts',(471.949783135223,0.527630950497628,-27.9961131000564));
#7025=CARTESIAN_POINT('Ctrl Pts',(472.000007003546,0.259727299211665,-27.9999223632767));
#7026=CARTESIAN_POINT('Ctrl Pts',(472.000007003546,-0.242704977653443,-28.0000750495856));
#7027=CARTESIAN_POINT('Ctrl Pts',(471.949784651504,-0.510606670886015,-27.996428730719));
#7028=CARTESIAN_POINT('Ctrl Pts',(471.745651920413,-1.0033396726171,-27.9831029435367));
#7029=CARTESIAN_POINT('Ctrl Pts',(471.591746231251,-1.22817810269683,-27.9736156537066));
#7030=CARTESIAN_POINT('Ctrl Pts',(471.236699414429,-1.58322642775983,-27.9557684352151));
#7031=CARTESIAN_POINT('Ctrl Pts',(471.011860461171,-1.73713329228436,-27.9462489574175));
#7032=CARTESIAN_POINT('Ctrl Pts',(470.519125944637,-1.94126788824816,-27.9328112060736));
#7033=CARTESIAN_POINT('Ctrl Pts',(470.251223146806,-1.99149095977981,-27.9290881297101));
#7034=CARTESIAN_POINT('Ctrl Pts',(470.000007003546,-1.99149095977981,-27.9290881297101));
#7035=CARTESIAN_POINT('Origin',(470.000007003546,0.00850904022022169,-0.00850904022022169));
#7036=CARTESIAN_POINT('',(470.000007003546,-1.99149095977981,27.9290881297101));
#7037=CARTESIAN_POINT('',(471.999988902503,-2.29601526739929E-9,28.));
#7038=CARTESIAN_POINT('Ctrl Pts',(470.000007003546,-1.99149095977981,27.9290881297101));
#7039=CARTESIAN_POINT('Ctrl Pts',(470.251223146806,-1.99149095977981,27.9290881297101));
#7040=CARTESIAN_POINT('Ctrl Pts',(470.519125944637,-1.94126788824815,27.9328112060736));
#7041=CARTESIAN_POINT('Ctrl Pts',(471.011860461171,-1.73713329228435,27.9462489574175));
#7042=CARTESIAN_POINT('Ctrl Pts',(471.236699414429,-1.58322642775982,27.9557684352151));
#7043=CARTESIAN_POINT('Ctrl Pts',(471.591746231251,-1.22817810269682,27.9736156537066));
#7044=CARTESIAN_POINT('Ctrl Pts',(471.745651920413,-1.00333967261709,27.9831029435367));
#7045=CARTESIAN_POINT('Ctrl Pts',(471.948633120784,-0.513386221158162,27.9963535587795));
#7046=CARTESIAN_POINT('Ctrl Pts',(471.99893059095,-0.248747542735713,27.9999999999592));
#7047=CARTESIAN_POINT('Ctrl Pts',(471.999988902503,-4.59203348956994E-9,
28.));
#7048=CARTESIAN_POINT('',(468.000025104589,-2.29602182465403E-9,28.));
#7049=CARTESIAN_POINT('Ctrl Pts',(468.000025104589,-4.59203702840583E-9,
28.));
#7050=CARTESIAN_POINT('Ctrl Pts',(468.001083416141,-0.248747542735716,27.9999999999592));
#7051=CARTESIAN_POINT('Ctrl Pts',(468.051380886307,-0.513386221158162,27.9963535587795));
#7052=CARTESIAN_POINT('Ctrl Pts',(468.254362086679,-1.00333967261709,27.9831029435367));
#7053=CARTESIAN_POINT('Ctrl Pts',(468.40826777584,-1.22817810269682,27.9736156537066));
#7054=CARTESIAN_POINT('Ctrl Pts',(468.763314592662,-1.58322642775982,27.9557684352151));
#7055=CARTESIAN_POINT('Ctrl Pts',(468.988153545921,-1.73713329228433,27.9462489574175));
#7056=CARTESIAN_POINT('Ctrl Pts',(469.480888062454,-1.94126788824815,27.9328112060736));
#7057=CARTESIAN_POINT('Ctrl Pts',(469.748790860286,-1.99149095977981,27.9290881297101));
#7058=CARTESIAN_POINT('Ctrl Pts',(470.000007003546,-1.99149095977981,27.9290881297101));
#7059=CARTESIAN_POINT('',(468.000007003546,0.00850904022022593,27.9999987070756));
#7060=CARTESIAN_POINT('Ctrl Pts',(468.000007003546,0.00850904022022767,
27.9999987070756));
#7061=CARTESIAN_POINT('Ctrl Pts',(468.000007003546,0.00567479940705827,
27.9999995683852));
#7062=CARTESIAN_POINT('Ctrl Pts',(468.000013028284,0.00283843271202147,
28.0000000000005));
#7063=CARTESIAN_POINT('Ctrl Pts',(468.000025104589,-4.59203701911895E-9,
28.));
#7064=CARTESIAN_POINT('',(468.000007003546,0.00850904022022812,29.9999992403054));
#7065=CARTESIAN_POINT('',(468.000007003546,0.00850904022022145,-0.00850904022022169));
#7066=CARTESIAN_POINT('',(468.000025104589,-2.29608842172234E-9,30.0000004470348));
#7067=CARTESIAN_POINT('Ctrl Pts',(468.000025104589,-4.59217679723799E-9,
30.0000004470348));
#7068=CARTESIAN_POINT('Ctrl Pts',(468.00001302828,0.00283843373728762,30.0000004470353));
#7069=CARTESIAN_POINT('Ctrl Pts',(468.000007003546,0.00567480043468494,
30.0000000441941));
#7070=CARTESIAN_POINT('Ctrl Pts',(468.000007003546,0.0085090402202286,29.9999992403054));
#7071=CARTESIAN_POINT('',(470.000007003546,-1.9914909597798,29.9338268615826));
#7072=CARTESIAN_POINT('Ctrl Pts',(470.000007003546,-1.9914909597798,29.9338268615826));
#7073=CARTESIAN_POINT('Ctrl Pts',(469.748802713831,-1.9914909597798,29.9338268615826));
#7074=CARTESIAN_POINT('Ctrl Pts',(469.480905034237,-1.94127251318464,29.9373002212628));
#7075=CARTESIAN_POINT('Ctrl Pts',(468.988167385257,-1.73714143191189,29.9498384492137));
#7076=CARTESIAN_POINT('Ctrl Pts',(468.76332112074,-1.58323285858343,29.9587213867149));
#7077=CARTESIAN_POINT('Ctrl Pts',(468.408261812713,-1.22817223682576,29.9753766600387));
#7078=CARTESIAN_POINT('Ctrl Pts',(468.254354276892,-1.00332643556271,29.9842308358903));
#7079=CARTESIAN_POINT('Ctrl Pts',(468.051376394348,-0.513369827416768,29.9965973299984));
#7080=CARTESIAN_POINT('Ctrl Pts',(468.001083367679,-0.248736151967965,30.0000004469968));
#7081=CARTESIAN_POINT('Ctrl Pts',(468.000025104589,-4.59218010839813E-9,
30.0000004470348));
#7082=CARTESIAN_POINT('',(471.999988902503,-2.29609150953012E-9,30.0000004470348));
#7083=CARTESIAN_POINT('Ctrl Pts',(471.999988902503,-4.592174557283E-9,30.0000004470348));
#7084=CARTESIAN_POINT('Ctrl Pts',(471.998930639413,-0.24873615196796,30.0000004469968));
#7085=CARTESIAN_POINT('Ctrl Pts',(471.948637612744,-0.513369827416768,29.9965973299984));
#7086=CARTESIAN_POINT('Ctrl Pts',(471.7456597302,-1.00332643556271,29.9842308358903));
#7087=CARTESIAN_POINT('Ctrl Pts',(471.591752194378,-1.22817223682576,29.9753766600387));
#7088=CARTESIAN_POINT('Ctrl Pts',(471.236692886351,-1.58323285858343,29.9587213867149));
#7089=CARTESIAN_POINT('Ctrl Pts',(471.011846621834,-1.73714143191189,29.9498384492137));
#7090=CARTESIAN_POINT('Ctrl Pts',(470.519108972855,-1.94127251318462,29.9373002212628));
#7091=CARTESIAN_POINT('Ctrl Pts',(470.251211293261,-1.99149095977979,29.9338268615826));
#7092=CARTESIAN_POINT('Ctrl Pts',(470.000007003546,-1.99149095977979,29.9338268615826));
#7093=CARTESIAN_POINT('Ctrl Pts',(468.000007003546,0.00850904022022737,
29.9999992403054));
#7094=CARTESIAN_POINT('Ctrl Pts',(468.000007003546,0.259715196868774,29.9999279895273));
#7095=CARTESIAN_POINT('Ctrl Pts',(468.050226150023,0.527613610741632,29.9963729244551));
#7096=CARTESIAN_POINT('Ctrl Pts',(468.254357815286,1.02035084573239,29.983656363049));
#7097=CARTESIAN_POINT('Ctrl Pts',(468.408266179441,1.24519600334639,29.9746743336437));
#7098=CARTESIAN_POINT('Ctrl Pts',(468.763324918314,1.60025341724382,29.9578170619526));
#7099=CARTESIAN_POINT('Ctrl Pts',(468.988169495528,1.7541605506039,29.9488464696212));
#7100=CARTESIAN_POINT('Ctrl Pts',(469.480905023311,1.95829042508818,29.9361918541659));
#7101=CARTESIAN_POINT('Ctrl Pts',(469.748802339581,2.00850904022026,29.9326897932251));
#7102=CARTESIAN_POINT('Ctrl Pts',(470.25121166751,2.00850904022026,29.9326897932251));
#7103=CARTESIAN_POINT('Ctrl Pts',(470.519108983781,1.95829042508817,29.9361918541659));
#7104=CARTESIAN_POINT('Ctrl Pts',(471.011844511564,1.75416055060385,29.9488464696212));
#7105=CARTESIAN_POINT('Ctrl Pts',(471.236689088778,1.60025341724382,29.9578170619526));
#7106=CARTESIAN_POINT('Ctrl Pts',(471.59174782765,1.24519600334639,29.9746743336437));
#7107=CARTESIAN_POINT('Ctrl Pts',(471.745656191805,1.02035084573239,29.983656363049));
#7108=CARTESIAN_POINT('Ctrl Pts',(471.949787857069,0.527613610741632,29.9963729244551));
#7109=CARTESIAN_POINT('Ctrl Pts',(472.000007003546,0.259715196868775,29.9999279895273));
#7110=CARTESIAN_POINT('Ctrl Pts',(472.000007003546,0.00567480043468502,
30.0000000441941));
#7111=CARTESIAN_POINT('Ctrl Pts',(472.000000978812,0.00283843373728754,
30.0000004470353));
#7112=CARTESIAN_POINT('Ctrl Pts',(471.999988902503,-4.59217700316314E-9,
30.0000004470348));
#7113=CARTESIAN_POINT('Ctrl Pts',(471.999988902503,-4.59203684012537E-9,
28.));
#7114=CARTESIAN_POINT('Ctrl Pts',(472.000000978807,0.00283843271202184,
28.0000000000005));
#7115=CARTESIAN_POINT('Ctrl Pts',(472.000007003546,0.00567479940705882,
27.9999995683852));
#7116=CARTESIAN_POINT('Ctrl Pts',(472.000007003546,0.259727299211677,27.9999223632767));
#7117=CARTESIAN_POINT('Ctrl Pts',(471.949783135223,0.52763095049764,27.9961131000564));
#7118=CARTESIAN_POINT('Ctrl Pts',(471.745647857281,1.02036502133259,27.9824873511088));
#7119=CARTESIAN_POINT('Ctrl Pts',(471.591741217037,1.24520271204778,27.9728630313059));
#7120=CARTESIAN_POINT('Ctrl Pts',(471.236695054464,1.60024735346776,27.954799300716));
#7121=CARTESIAN_POINT('Ctrl Pts',(471.011858038968,1.75415256436457,27.945185852789));
#7122=CARTESIAN_POINT('Ctrl Pts',(470.51912595854,1.95828577478039,27.9316233043027));
#7123=CARTESIAN_POINT('Ctrl Pts',(470.251223577807,2.00850904022026,27.9278694396002));
#7124=CARTESIAN_POINT('Ctrl Pts',(469.748790429285,2.00850904022026,27.9278694396002));
#7125=CARTESIAN_POINT('Ctrl Pts',(469.480888048551,1.95828577478041,27.9316233043027));
#7126=CARTESIAN_POINT('Ctrl Pts',(468.988155968124,1.75415256436461,27.9451858527889));
#7127=CARTESIAN_POINT('Ctrl Pts',(468.763318952628,1.60024735346776,27.954799300716));
#7128=CARTESIAN_POINT('Ctrl Pts',(468.408272790054,1.24520271204778,27.9728630313059));
#7129=CARTESIAN_POINT('Ctrl Pts',(468.25436614981,1.02036502133259,27.9824873511088));
#7130=CARTESIAN_POINT('Ctrl Pts',(468.050230871869,0.527630950497639,27.9961131000564));
#7131=CARTESIAN_POINT('Ctrl Pts',(468.000007003546,0.259727299211676,27.9999223632767));
#7132=CARTESIAN_POINT('Ctrl Pts',(468.000007003546,0.00850904022022696,
27.9999987070756));
#7133=CARTESIAN_POINT('Origin',(449.976174678758,0.,0.));
#7134=CARTESIAN_POINT('',(449.976174678758,-29.9332595422231,2.00000000000003));
#7135=CARTESIAN_POINT('',(447.976174678758,-30.0000004470348,2.44929359829474E-16));
#7136=CARTESIAN_POINT('Ctrl Pts',(449.976174678758,-29.9332595422231,2.00000000000003));
#7137=CARTESIAN_POINT('Ctrl Pts',(450.227379156105,-29.9332595422231,2.00000000000003));
#7138=CARTESIAN_POINT('Ctrl Pts',(450.495276655317,-29.9367472520989,1.94978146899447));
#7139=CARTESIAN_POINT('Ctrl Pts',(450.988013247784,-29.9493436726098,1.74565098822718));
#7140=CARTESIAN_POINT('Ctrl Pts',(451.212858671428,-29.9582704368075,1.59174313207657));
#7141=CARTESIAN_POINT('Ctrl Pts',(451.567917692093,-29.9750267077402,1.23668411141089));
#7142=CARTESIAN_POINT('Ctrl Pts',(451.721825639285,-29.983944809221,1.01183863471539));
#7143=CARTESIAN_POINT('Ctrl Pts',(451.925956192657,-29.9965214148873,0.519101869340458));
#7144=CARTESIAN_POINT('Ctrl Pts',(451.976174678758,-30.0000004470348,0.251204309327768));
#7145=CARTESIAN_POINT('Ctrl Pts',(451.976174678758,-30.0000004470348,-0.251204309327768));
#7146=CARTESIAN_POINT('Ctrl Pts',(451.925956192657,-29.9965214148873,-0.519101869340458));
#7147=CARTESIAN_POINT('Ctrl Pts',(451.721825639285,-29.983944809221,-1.01183863471539));
#7148=CARTESIAN_POINT('Ctrl Pts',(451.567917692093,-29.9750267077402,-1.23668411141089));
#7149=CARTESIAN_POINT('Ctrl Pts',(451.212858671428,-29.9582704368075,-1.59174313207657));
#7150=CARTESIAN_POINT('Ctrl Pts',(450.988013247784,-29.9493436726098,-1.74565098822718));
#7151=CARTESIAN_POINT('Ctrl Pts',(450.495276655317,-29.9367472520989,-1.94978146899447));
#7152=CARTESIAN_POINT('Ctrl Pts',(450.227379156105,-29.9332595422231,-2.00000000000003));
#7153=CARTESIAN_POINT('Ctrl Pts',(449.724970201411,-29.9332595422231,-2.00000000000003));
#7154=CARTESIAN_POINT('Ctrl Pts',(449.4570727022,-29.9367472520989,-1.94978146899447));
#7155=CARTESIAN_POINT('Ctrl Pts',(448.964336109733,-29.9493436726098,-1.74565098822718));
#7156=CARTESIAN_POINT('Ctrl Pts',(448.739490686089,-29.9582704368075,-1.59174313207657));
#7157=CARTESIAN_POINT('Ctrl Pts',(448.384431665423,-29.9750267077402,-1.23668411141089));
#7158=CARTESIAN_POINT('Ctrl Pts',(448.230523718231,-29.983944809221,-1.01183863471539));
#7159=CARTESIAN_POINT('Ctrl Pts',(448.026393164859,-29.9965214148873,-0.519101869340458));
#7160=CARTESIAN_POINT('Ctrl Pts',(447.976174678758,-30.0000004470348,-0.251204309327767));
#7161=CARTESIAN_POINT('Ctrl Pts',(447.976174678758,-30.0000004470348,1.04083408558608E-15));
#7162=CARTESIAN_POINT('Ctrl Pts',(447.976174678758,-30.0000004470348,-1.52655665885959E-15));
#7163=CARTESIAN_POINT('Ctrl Pts',(447.976174678758,-30.0000004470348,0.251204309327767));
#7164=CARTESIAN_POINT('Ctrl Pts',(448.026393164859,-29.9965214148873,0.519101869340457));
#7165=CARTESIAN_POINT('Ctrl Pts',(448.230523718231,-29.983944809221,1.01183863471539));
#7166=CARTESIAN_POINT('Ctrl Pts',(448.384431665423,-29.9750267077402,1.23668411141089));
#7167=CARTESIAN_POINT('Ctrl Pts',(448.739490686089,-29.9582704368075,1.59174313207657));
#7168=CARTESIAN_POINT('Ctrl Pts',(448.964336109733,-29.9493436726098,1.74565098822718));
#7169=CARTESIAN_POINT('Ctrl Pts',(449.4570727022,-29.9367472520989,1.94978146899447));
#7170=CARTESIAN_POINT('Ctrl Pts',(449.724970201411,-29.9332595422231,2.00000000000003));
#7171=CARTESIAN_POINT('Ctrl Pts',(449.976174678758,-29.9332595422231,2.00000000000003));
#7172=CARTESIAN_POINT('',(447.976174678758,-28.,-2.15002307361488E-15));
#7173=CARTESIAN_POINT('',(447.976174678758,0.,2.44929359829474E-16));
#7174=CARTESIAN_POINT('',(449.976174678758,-27.9284800875379,2.00000000000004));
#7175=CARTESIAN_POINT('Ctrl Pts',(449.976174678758,-27.9284800875379,2.00000000000004));
#7176=CARTESIAN_POINT('Ctrl Pts',(449.724958319419,-27.9284800875379,2.00000000000004));
#7177=CARTESIAN_POINT('Ctrl Pts',(449.457055728668,-27.9322185575352,1.94977683135258));
#7178=CARTESIAN_POINT('Ctrl Pts',(448.964322425493,-27.9457187059815,1.7456429248453));
#7179=CARTESIAN_POINT('Ctrl Pts',(448.739484437922,-27.955285167959,1.59173688391035));
#7180=CARTESIAN_POINT('Ctrl Pts',(448.384437951417,-27.9732406405612,1.23669039740516));
#7181=CARTESIAN_POINT('Ctrl Pts',(448.230531789926,-27.9827964439655,1.0118523401541));
#7182=CARTESIAN_POINT('Ctrl Pts',(448.026397788747,-27.99627220979,0.519118808540026));
#7183=CARTESIAN_POINT('Ctrl Pts',(447.976174678758,-28.,0.251216137774806));
#7184=CARTESIAN_POINT('Ctrl Pts',(447.976174678758,-28.,2.74086309204336E-15));
#7185=CARTESIAN_POINT('Ctrl Pts',(447.976174678758,-28.,-4.54497550705923E-15));
#7186=CARTESIAN_POINT('Ctrl Pts',(447.976174678758,-28.,-0.251216137774808));
#7187=CARTESIAN_POINT('Ctrl Pts',(448.026397788747,-27.99627220979,-0.519118808540025));
#7188=CARTESIAN_POINT('Ctrl Pts',(448.230531789926,-27.9827964439655,-1.0118523401541));
#7189=CARTESIAN_POINT('Ctrl Pts',(448.384437951417,-27.9732406405612,-1.23669039740516));
#7190=CARTESIAN_POINT('Ctrl Pts',(448.739484437922,-27.955285167959,-1.59173688391035));
#7191=CARTESIAN_POINT('Ctrl Pts',(448.964322425493,-27.9457187059815,-1.7456429248453));
#7192=CARTESIAN_POINT('Ctrl Pts',(449.457055728668,-27.9322185575352,-1.94977683135258));
#7193=CARTESIAN_POINT('Ctrl Pts',(449.724958319419,-27.9284800875379,-2.00000000000003));
#7194=CARTESIAN_POINT('Ctrl Pts',(450.227391038097,-27.9284800875379,-2.00000000000003));
#7195=CARTESIAN_POINT('Ctrl Pts',(450.495293628848,-27.9322185575352,-1.94977683135258));
#7196=CARTESIAN_POINT('Ctrl Pts',(450.988026932023,-27.9457187059815,-1.7456429248453));
#7197=CARTESIAN_POINT('Ctrl Pts',(451.212864919594,-27.955285167959,-1.59173688391035));
#7198=CARTESIAN_POINT('Ctrl Pts',(451.567911406099,-27.9732406405612,-1.23669039740516));
#7199=CARTESIAN_POINT('Ctrl Pts',(451.721817567591,-27.9827964439655,-1.01185234015402));
#7200=CARTESIAN_POINT('Ctrl Pts',(451.925951568769,-27.99627220979,-0.519118808539941));
#7201=CARTESIAN_POINT('Ctrl Pts',(451.976174678758,-28.,-0.251216137774804));
#7202=CARTESIAN_POINT('Ctrl Pts',(451.976174678758,-28.,0.251216137774803));
#7203=CARTESIAN_POINT('Ctrl Pts',(451.925951568769,-27.99627220979,0.519118808539965));
#7204=CARTESIAN_POINT('Ctrl Pts',(451.721817567591,-27.9827964439655,1.01185234015402));
#7205=CARTESIAN_POINT('Ctrl Pts',(451.567911406099,-27.9732406405612,1.23669039740516));
#7206=CARTESIAN_POINT('Ctrl Pts',(451.212864919594,-27.955285167959,1.59173688391035));
#7207=CARTESIAN_POINT('Ctrl Pts',(450.988026932023,-27.9457187059815,1.74564292484537));
#7208=CARTESIAN_POINT('Ctrl Pts',(450.495293628848,-27.9322185575352,1.94977683135263));
#7209=CARTESIAN_POINT('Ctrl Pts',(450.227391038097,-27.9284800875379,2.00000000000003));
#7210=CARTESIAN_POINT('Ctrl Pts',(449.976174678758,-27.9284800875379,2.00000000000003));
#7211=CARTESIAN_POINT('Origin',(449.976174678758,0.,0.));
#7212=CARTESIAN_POINT('',(449.976174678758,27.9284800875379,2.00000000000003));
#7213=CARTESIAN_POINT('',(447.976174678758,28.,2.72454989387995E-15));
#7214=CARTESIAN_POINT('Ctrl Pts',(449.976174678758,27.9284800875379,2.00000000000003));
#7215=CARTESIAN_POINT('Ctrl Pts',(450.227391038097,27.9284800875379,2.00000000000003));
#7216=CARTESIAN_POINT('Ctrl Pts',(450.495293628848,27.9322185575352,1.94977683135258));
#7217=CARTESIAN_POINT('Ctrl Pts',(450.988026932023,27.9457187059815,1.7456429248453));
#7218=CARTESIAN_POINT('Ctrl Pts',(451.212864919594,27.955285167959,1.59173688391035));
#7219=CARTESIAN_POINT('Ctrl Pts',(451.567911406099,27.9732406405612,1.23669039740516));
#7220=CARTESIAN_POINT('Ctrl Pts',(451.721817567591,27.9827964439655,1.0118523401541));
#7221=CARTESIAN_POINT('Ctrl Pts',(451.925951568769,27.99627220979,0.519118808540025));
#7222=CARTESIAN_POINT('Ctrl Pts',(451.976174678758,28.,0.251216137774803));
#7223=CARTESIAN_POINT('Ctrl Pts',(451.976174678758,28.,-0.251216137774804));
#7224=CARTESIAN_POINT('Ctrl Pts',(451.925951568769,27.99627220979,-0.519118808540026));
#7225=CARTESIAN_POINT('Ctrl Pts',(451.721817567591,27.9827964439655,-1.0118523401541));
#7226=CARTESIAN_POINT('Ctrl Pts',(451.567911406099,27.9732406405612,-1.23669039740516));
#7227=CARTESIAN_POINT('Ctrl Pts',(451.212864919594,27.955285167959,-1.59173688391035));
#7228=CARTESIAN_POINT('Ctrl Pts',(450.988026932023,27.9457187059815,-1.7456429248453));
#7229=CARTESIAN_POINT('Ctrl Pts',(450.495293628848,27.9322185575352,-1.94977683135258));
#7230=CARTESIAN_POINT('Ctrl Pts',(450.227391038097,27.9284800875379,-2.00000000000003));
#7231=CARTESIAN_POINT('Ctrl Pts',(449.724958319419,27.9284800875379,-2.00000000000003));
#7232=CARTESIAN_POINT('Ctrl Pts',(449.457055728668,27.9322185575352,-1.94977683135258));
#7233=CARTESIAN_POINT('Ctrl Pts',(448.964322425493,27.9457187059815,-1.7456429248453));
#7234=CARTESIAN_POINT('Ctrl Pts',(448.739484437922,27.955285167959,-1.59173688391035));
#7235=CARTESIAN_POINT('Ctrl Pts',(448.384437951417,27.9732406405612,-1.23669039740516));
#7236=CARTESIAN_POINT('Ctrl Pts',(448.230531789926,27.9827964439655,-1.0118523401541));
#7237=CARTESIAN_POINT('Ctrl Pts',(448.026397788747,27.99627220979,-0.519118808540025));
#7238=CARTESIAN_POINT('Ctrl Pts',(447.976174678758,28.,-0.251216137774808));
#7239=CARTESIAN_POINT('Ctrl Pts',(447.976174678758,28.,-5.06539254985228E-15));
#7240=CARTESIAN_POINT('Ctrl Pts',(447.976174678758,28.,5.62050406216485E-15));
#7241=CARTESIAN_POINT('Ctrl Pts',(447.976174678758,28.,0.251216137774809));
#7242=CARTESIAN_POINT('Ctrl Pts',(448.026397788747,27.99627220979,0.519118808540025));
#7243=CARTESIAN_POINT('Ctrl Pts',(448.230531789926,27.9827964439655,1.0118523401541));
#7244=CARTESIAN_POINT('Ctrl Pts',(448.384437951417,27.9732406405612,1.23669039740516));
#7245=CARTESIAN_POINT('Ctrl Pts',(448.739484437922,27.955285167959,1.59173688391035));
#7246=CARTESIAN_POINT('Ctrl Pts',(448.964322425493,27.9457187059815,1.74564292484529));
#7247=CARTESIAN_POINT('Ctrl Pts',(449.457055728668,27.9322185575352,1.94977683135259));
#7248=CARTESIAN_POINT('Ctrl Pts',(449.724958319419,27.9284800875379,2.00000000000003));
#7249=CARTESIAN_POINT('Ctrl Pts',(449.976174678758,27.9284800875379,2.00000000000003));
#7250=CARTESIAN_POINT('',(447.976174678758,30.0000004470348,2.44929359829474E-16));
#7251=CARTESIAN_POINT('',(447.976174678758,0.,2.44929359829474E-16));
#7252=CARTESIAN_POINT('',(449.976174678758,29.9332595422231,2.00000000000003));
#7253=CARTESIAN_POINT('Ctrl Pts',(449.976174678758,29.9332595422231,2.00000000000003));
#7254=CARTESIAN_POINT('Ctrl Pts',(449.724970201411,29.9332595422231,2.00000000000003));
#7255=CARTESIAN_POINT('Ctrl Pts',(449.4570727022,29.9367472520989,1.94978146899447));
#7256=CARTESIAN_POINT('Ctrl Pts',(448.964336109733,29.9493436726098,1.74565098822718));
#7257=CARTESIAN_POINT('Ctrl Pts',(448.739490686089,29.9582704368075,1.59174313207657));
#7258=CARTESIAN_POINT('Ctrl Pts',(448.384431665423,29.9750267077402,1.23668411141089));
#7259=CARTESIAN_POINT('Ctrl Pts',(448.230523718231,29.983944809221,1.01183863471539));
#7260=CARTESIAN_POINT('Ctrl Pts',(448.026393164859,29.9965214148873,0.519101869340457));
#7261=CARTESIAN_POINT('Ctrl Pts',(447.976174678758,30.0000004470348,0.251204309327768));
#7262=CARTESIAN_POINT('Ctrl Pts',(447.976174678758,30.0000004470348,2.08166817117217E-16));
#7263=CARTESIAN_POINT('Ctrl Pts',(447.976174678758,30.0000004470348,-3.05311331771918E-15));
#7264=CARTESIAN_POINT('Ctrl Pts',(447.976174678758,30.0000004470348,-0.251204309327771));
#7265=CARTESIAN_POINT('Ctrl Pts',(448.026393164859,29.9965214148873,-0.5191018693405));
#7266=CARTESIAN_POINT('Ctrl Pts',(448.230523718231,29.983944809221,-1.01183863471543));
#7267=CARTESIAN_POINT('Ctrl Pts',(448.384431665423,29.9750267077402,-1.23668411141089));
#7268=CARTESIAN_POINT('Ctrl Pts',(448.739490686089,29.9582704368075,-1.59174313207657));
#7269=CARTESIAN_POINT('Ctrl Pts',(448.964336109733,29.9493436726098,-1.74565098822718));
#7270=CARTESIAN_POINT('Ctrl Pts',(449.4570727022,29.9367472520989,-1.94978146899447));
#7271=CARTESIAN_POINT('Ctrl Pts',(449.724970201411,29.9332595422231,-2.00000000000003));
#7272=CARTESIAN_POINT('Ctrl Pts',(450.227379156105,29.9332595422231,-2.00000000000003));
#7273=CARTESIAN_POINT('Ctrl Pts',(450.495276655317,29.9367472520989,-1.94978146899447));
#7274=CARTESIAN_POINT('Ctrl Pts',(450.988013247784,29.9493436726098,-1.74565098822718));
#7275=CARTESIAN_POINT('Ctrl Pts',(451.212858671428,29.9582704368075,-1.59174313207657));
#7276=CARTESIAN_POINT('Ctrl Pts',(451.567917692093,29.9750267077402,-1.23668411141089));
#7277=CARTESIAN_POINT('Ctrl Pts',(451.721825639285,29.983944809221,-1.01183863471539));
#7278=CARTESIAN_POINT('Ctrl Pts',(451.925956192657,29.9965214148873,-0.519101869340458));
#7279=CARTESIAN_POINT('Ctrl Pts',(451.976174678758,30.0000004470348,-0.251204309327768));
#7280=CARTESIAN_POINT('Ctrl Pts',(451.976174678758,30.0000004470348,0.251204309327768));
#7281=CARTESIAN_POINT('Ctrl Pts',(451.925956192657,29.9965214148873,0.519101869340458));
#7282=CARTESIAN_POINT('Ctrl Pts',(451.721825639285,29.983944809221,1.01183863471539));
#7283=CARTESIAN_POINT('Ctrl Pts',(451.567917692093,29.9750267077402,1.23668411141089));
#7284=CARTESIAN_POINT('Ctrl Pts',(451.212858671428,29.9582704368075,1.59174313207657));
#7285=CARTESIAN_POINT('Ctrl Pts',(450.988013247784,29.9493436726098,1.74565098822718));
#7286=CARTESIAN_POINT('Ctrl Pts',(450.495276655317,29.9367472520989,1.94978146899447));
#7287=CARTESIAN_POINT('Ctrl Pts',(450.227379156105,29.9332595422231,2.00000000000003));
#7288=CARTESIAN_POINT('Ctrl Pts',(449.976174678758,29.9332595422231,2.00000000000003));
#7289=CARTESIAN_POINT('Origin',(470.000007003546,0.,0.));
#7290=CARTESIAN_POINT('',(470.000007003546,-29.9332595422231,2.00000000000002));
#7291=CARTESIAN_POINT('',(468.000007003546,-30.0000004470348,2.44929359829474E-16));
#7292=CARTESIAN_POINT('Ctrl Pts',(470.000007003546,-29.9332595422231,2.00000000000002));
#7293=CARTESIAN_POINT('Ctrl Pts',(470.251211480892,-29.9332595422231,2.00000000000002));
#7294=CARTESIAN_POINT('Ctrl Pts',(470.519108980104,-29.9367472520989,1.94978146899447));
#7295=CARTESIAN_POINT('Ctrl Pts',(471.011845572571,-29.9493436726098,1.74565098822718));
#7296=CARTESIAN_POINT('Ctrl Pts',(471.236690996215,-29.9582704368075,1.59174313207657));
#7297=CARTESIAN_POINT('Ctrl Pts',(471.591750016881,-29.9750267077402,1.23668411141089));
#7298=CARTESIAN_POINT('Ctrl Pts',(471.745657964073,-29.983944809221,1.01183863471539));
#7299=CARTESIAN_POINT('Ctrl Pts',(471.949788517445,-29.9965214148873,0.519101869340458));
#7300=CARTESIAN_POINT('Ctrl Pts',(472.000007003546,-30.0000004470348,0.251204309327768));
#7301=CARTESIAN_POINT('Ctrl Pts',(472.000007003546,-30.0000004470348,-0.251204309327768));
#7302=CARTESIAN_POINT('Ctrl Pts',(471.949788517445,-29.9965214148873,-0.519101869340458));
#7303=CARTESIAN_POINT('Ctrl Pts',(471.745657964073,-29.983944809221,-1.01183863471539));
#7304=CARTESIAN_POINT('Ctrl Pts',(471.591750016881,-29.9750267077402,-1.23668411141089));
#7305=CARTESIAN_POINT('Ctrl Pts',(471.236690996215,-29.9582704368075,-1.59174313207657));
#7306=CARTESIAN_POINT('Ctrl Pts',(471.011845572571,-29.9493436726098,-1.74565098822718));
#7307=CARTESIAN_POINT('Ctrl Pts',(470.519108980104,-29.9367472520989,-1.94978146899447));
#7308=CARTESIAN_POINT('Ctrl Pts',(470.251211480892,-29.9332595422231,-2.00000000000003));
#7309=CARTESIAN_POINT('Ctrl Pts',(469.748802526199,-29.9332595422231,-2.00000000000003));
#7310=CARTESIAN_POINT('Ctrl Pts',(469.480905026987,-29.9367472520989,-1.94978146899447));
#7311=CARTESIAN_POINT('Ctrl Pts',(468.98816843452,-29.9493436726098,-1.74565098822718));
#7312=CARTESIAN_POINT('Ctrl Pts',(468.763323010876,-29.9582704368075,-1.59174313207657));
#7313=CARTESIAN_POINT('Ctrl Pts',(468.40826399021,-29.9750267077402,-1.23668411141089));
#7314=CARTESIAN_POINT('Ctrl Pts',(468.254356043019,-29.983944809221,-1.01183863471539));
#7315=CARTESIAN_POINT('Ctrl Pts',(468.050225489647,-29.9965214148873,-0.519101869340458));
#7316=CARTESIAN_POINT('Ctrl Pts',(468.000007003546,-30.0000004470348,-0.251204309327773));
#7317=CARTESIAN_POINT('Ctrl Pts',(468.000007003546,-30.0000004470348,-4.92661467177413E-15));
#7318=CARTESIAN_POINT('Ctrl Pts',(468.000007003546,-30.0000004470348,4.57966997657877E-15));
#7319=CARTESIAN_POINT('Ctrl Pts',(468.000007003546,-30.0000004470348,0.251204309327773));
#7320=CARTESIAN_POINT('Ctrl Pts',(468.050225489647,-29.9965214148873,0.519101869340457));
#7321=CARTESIAN_POINT('Ctrl Pts',(468.254356043019,-29.983944809221,1.01183863471539));
#7322=CARTESIAN_POINT('Ctrl Pts',(468.40826399021,-29.9750267077402,1.23668411141089));
#7323=CARTESIAN_POINT('Ctrl Pts',(468.763323010876,-29.9582704368075,1.59174313207657));
#7324=CARTESIAN_POINT('Ctrl Pts',(468.98816843452,-29.9493436726098,1.74565098822718));
#7325=CARTESIAN_POINT('Ctrl Pts',(469.480905026987,-29.9367472520989,1.94978146899447));
#7326=CARTESIAN_POINT('Ctrl Pts',(469.748802526199,-29.9332595422231,2.00000000000003));
#7327=CARTESIAN_POINT('Ctrl Pts',(470.000007003546,-29.9332595422231,2.00000000000003));
#7328=CARTESIAN_POINT('',(468.000007003546,-28.,-3.72862143675378E-15));
#7329=CARTESIAN_POINT('',(468.000007003546,0.,2.44929359829474E-16));
#7330=CARTESIAN_POINT('',(470.000007003546,-27.9284800875379,2.00000000000003));
#7331=CARTESIAN_POINT('Ctrl Pts',(470.000007003546,-27.9284800875379,2.00000000000003));
#7332=CARTESIAN_POINT('Ctrl Pts',(469.748790644207,-27.9284800875379,2.00000000000002));
#7333=CARTESIAN_POINT('Ctrl Pts',(469.480888053456,-27.9322185575352,1.94977683135258));
#7334=CARTESIAN_POINT('Ctrl Pts',(468.98815475028,-27.9457187059815,1.7456429248453));
#7335=CARTESIAN_POINT('Ctrl Pts',(468.76331676271,-27.955285167959,1.59173688391035));
#7336=CARTESIAN_POINT('Ctrl Pts',(468.408270276205,-27.9732406405612,1.23669039740516));
#7337=CARTESIAN_POINT('Ctrl Pts',(468.254364114713,-27.9827964439655,1.0118523401541));
#7338=CARTESIAN_POINT('Ctrl Pts',(468.050230113535,-27.99627220979,0.519118808540026));
#7339=CARTESIAN_POINT('Ctrl Pts',(468.000007003546,-28.,0.251216137774809));
#7340=CARTESIAN_POINT('Ctrl Pts',(468.000007003546,-28.,5.34294830600857E-15));
#7341=CARTESIAN_POINT('Ctrl Pts',(468.000007003546,-28.,-7.70217223333702E-15));
#7342=CARTESIAN_POINT('Ctrl Pts',(468.000007003546,-28.,-0.251216137774811));
#7343=CARTESIAN_POINT('Ctrl Pts',(468.050230113535,-27.99627220979,-0.519118808540025));
#7344=CARTESIAN_POINT('Ctrl Pts',(468.254364114713,-27.9827964439655,-1.0118523401541));
#7345=CARTESIAN_POINT('Ctrl Pts',(468.408270276205,-27.9732406405612,-1.23669039740516));
#7346=CARTESIAN_POINT('Ctrl Pts',(468.76331676271,-27.955285167959,-1.59173688391035));
#7347=CARTESIAN_POINT('Ctrl Pts',(468.98815475028,-27.9457187059815,-1.7456429248453));
#7348=CARTESIAN_POINT('Ctrl Pts',(469.480888053456,-27.9322185575352,-1.94977683135258));
#7349=CARTESIAN_POINT('Ctrl Pts',(469.748790644207,-27.9284800875379,-2.00000000000003));
#7350=CARTESIAN_POINT('Ctrl Pts',(470.251223362885,-27.9284800875379,-2.00000000000003));
#7351=CARTESIAN_POINT('Ctrl Pts',(470.519125953636,-27.9322185575352,-1.94977683135258));
#7352=CARTESIAN_POINT('Ctrl Pts',(471.011859256811,-27.9457187059815,-1.7456429248453));
#7353=CARTESIAN_POINT('Ctrl Pts',(471.236697244382,-27.955285167959,-1.59173688391035));
#7354=CARTESIAN_POINT('Ctrl Pts',(471.591743730887,-27.9732406405612,-1.23669039740516));
#7355=CARTESIAN_POINT('Ctrl Pts',(471.745649892378,-27.9827964439655,-1.01185234015402));
#7356=CARTESIAN_POINT('Ctrl Pts',(471.949783893557,-27.99627220979,-0.519118808539941));
#7357=CARTESIAN_POINT('Ctrl Pts',(472.000007003546,-28.,-0.251216137774804));
#7358=CARTESIAN_POINT('Ctrl Pts',(472.000007003546,-28.,0.251216137774803));
#7359=CARTESIAN_POINT('Ctrl Pts',(471.949783893557,-27.99627220979,0.519118808539965));
#7360=CARTESIAN_POINT('Ctrl Pts',(471.745649892378,-27.9827964439655,1.01185234015402));
#7361=CARTESIAN_POINT('Ctrl Pts',(471.591743730887,-27.9732406405612,1.23669039740516));
#7362=CARTESIAN_POINT('Ctrl Pts',(471.236697244382,-27.955285167959,1.59173688391035));
#7363=CARTESIAN_POINT('Ctrl Pts',(471.011859256811,-27.9457187059815,1.74564292484537));
#7364=CARTESIAN_POINT('Ctrl Pts',(470.519125953636,-27.9322185575352,1.94977683135263));
#7365=CARTESIAN_POINT('Ctrl Pts',(470.251223362885,-27.9284800875379,2.00000000000003));
#7366=CARTESIAN_POINT('Ctrl Pts',(470.000007003546,-27.9284800875379,2.00000000000004));
#7367=CARTESIAN_POINT('Origin',(470.000007003546,0.,0.));
#7368=CARTESIAN_POINT('',(470.000007003546,27.9284800875379,2.00000000000003));
#7369=CARTESIAN_POINT('',(468.000007003546,28.,4.63274571745444E-15));
#7370=CARTESIAN_POINT('Ctrl Pts',(470.000007003546,27.9284800875379,2.00000000000003));
#7371=CARTESIAN_POINT('Ctrl Pts',(470.251223362885,27.9284800875379,2.00000000000002));
#7372=CARTESIAN_POINT('Ctrl Pts',(470.519125953636,27.9322185575352,1.94977683135258));
#7373=CARTESIAN_POINT('Ctrl Pts',(471.011859256811,27.9457187059815,1.7456429248453));
#7374=CARTESIAN_POINT('Ctrl Pts',(471.236697244382,27.955285167959,1.59173688391035));
#7375=CARTESIAN_POINT('Ctrl Pts',(471.591743730887,27.9732406405612,1.23669039740516));
#7376=CARTESIAN_POINT('Ctrl Pts',(471.745649892378,27.9827964439655,1.0118523401541));
#7377=CARTESIAN_POINT('Ctrl Pts',(471.949783893557,27.99627220979,0.519118808540025));
#7378=CARTESIAN_POINT('Ctrl Pts',(472.000007003546,28.,0.251216137774803));
#7379=CARTESIAN_POINT('Ctrl Pts',(472.000007003546,28.,-0.251216137774804));
#7380=CARTESIAN_POINT('Ctrl Pts',(471.949783893557,27.99627220979,-0.519118808540026));
#7381=CARTESIAN_POINT('Ctrl Pts',(471.745649892378,27.9827964439655,-1.0118523401541));
#7382=CARTESIAN_POINT('Ctrl Pts',(471.591743730887,27.9732406405612,-1.23669039740516));
#7383=CARTESIAN_POINT('Ctrl Pts',(471.236697244382,27.955285167959,-1.59173688391035));
#7384=CARTESIAN_POINT('Ctrl Pts',(471.011859256811,27.9457187059815,-1.7456429248453));
#7385=CARTESIAN_POINT('Ctrl Pts',(470.519125953636,27.9322185575352,-1.94977683135258));
#7386=CARTESIAN_POINT('Ctrl Pts',(470.251223362885,27.9284800875379,-2.00000000000003));
#7387=CARTESIAN_POINT('Ctrl Pts',(469.748790644207,27.9284800875379,-2.00000000000003));
#7388=CARTESIAN_POINT('Ctrl Pts',(469.480888053456,27.9322185575352,-1.94977683135258));
#7389=CARTESIAN_POINT('Ctrl Pts',(468.98815475028,27.9457187059815,-1.7456429248453));
#7390=CARTESIAN_POINT('Ctrl Pts',(468.76331676271,27.955285167959,-1.59173688391035));
#7391=CARTESIAN_POINT('Ctrl Pts',(468.408270276205,27.9732406405612,-1.23669039740516));
#7392=CARTESIAN_POINT('Ctrl Pts',(468.254364114713,27.9827964439655,-1.0118523401541));
#7393=CARTESIAN_POINT('Ctrl Pts',(468.050230113535,27.99627220979,-0.519118808540025));
#7394=CARTESIAN_POINT('Ctrl Pts',(468.000007003546,28.,-0.25121613777481));
#7395=CARTESIAN_POINT('Ctrl Pts',(468.000007003546,28.,-7.28583859910259E-15));
#7396=CARTESIAN_POINT('Ctrl Pts',(468.000007003546,28.,9.0205620750794E-15));
#7397=CARTESIAN_POINT('Ctrl Pts',(468.000007003546,28.,0.251216137774812));
#7398=CARTESIAN_POINT('Ctrl Pts',(468.050230113535,27.99627220979,0.519118808540025));
#7399=CARTESIAN_POINT('Ctrl Pts',(468.254364114713,27.9827964439655,1.0118523401541));
#7400=CARTESIAN_POINT('Ctrl Pts',(468.408270276205,27.9732406405612,1.23669039740516));
#7401=CARTESIAN_POINT('Ctrl Pts',(468.76331676271,27.955285167959,1.59173688391035));
#7402=CARTESIAN_POINT('Ctrl Pts',(468.98815475028,27.9457187059815,1.74564292484529));
#7403=CARTESIAN_POINT('Ctrl Pts',(469.480888053456,27.9322185575352,1.94977683135259));
#7404=CARTESIAN_POINT('Ctrl Pts',(469.748790644207,27.9284800875379,2.00000000000003));
#7405=CARTESIAN_POINT('Ctrl Pts',(470.000007003546,27.9284800875379,2.00000000000003));
#7406=CARTESIAN_POINT('',(468.000007003546,30.0000004470348,2.44929359829474E-16));
#7407=CARTESIAN_POINT('',(468.000007003546,0.,2.44929359829474E-16));
#7408=CARTESIAN_POINT('',(470.000007003546,29.9332595422231,2.00000000000003));
#7409=CARTESIAN_POINT('Ctrl Pts',(470.000007003546,29.9332595422231,2.00000000000003));
#7410=CARTESIAN_POINT('Ctrl Pts',(469.748802526199,29.9332595422231,2.00000000000003));
#7411=CARTESIAN_POINT('Ctrl Pts',(469.480905026987,29.9367472520989,1.94978146899447));
#7412=CARTESIAN_POINT('Ctrl Pts',(468.98816843452,29.9493436726098,1.74565098822718));
#7413=CARTESIAN_POINT('Ctrl Pts',(468.763323010876,29.9582704368075,1.59174313207657));
#7414=CARTESIAN_POINT('Ctrl Pts',(468.40826399021,29.9750267077402,1.23668411141089));
#7415=CARTESIAN_POINT('Ctrl Pts',(468.254356043019,29.983944809221,1.01183863471539));
#7416=CARTESIAN_POINT('Ctrl Pts',(468.050225489647,29.9965214148873,0.519101869340457));
#7417=CARTESIAN_POINT('Ctrl Pts',(468.000007003546,30.0000004470348,0.251204309327771));
#7418=CARTESIAN_POINT('Ctrl Pts',(468.000007003546,30.0000004470348,2.56739074444567E-15));
#7419=CARTESIAN_POINT('Ctrl Pts',(468.000007003546,30.0000004470348,-5.27355936696949E-15));
#7420=CARTESIAN_POINT('Ctrl Pts',(468.000007003546,30.0000004470348,-0.251204309327774));
#7421=CARTESIAN_POINT('Ctrl Pts',(468.050225489647,29.9965214148873,-0.5191018693405));
#7422=CARTESIAN_POINT('Ctrl Pts',(468.254356043019,29.983944809221,-1.01183863471543));
#7423=CARTESIAN_POINT('Ctrl Pts',(468.40826399021,29.9750267077402,-1.23668411141089));
#7424=CARTESIAN_POINT('Ctrl Pts',(468.763323010876,29.9582704368075,-1.59174313207657));
#7425=CARTESIAN_POINT('Ctrl Pts',(468.98816843452,29.9493436726098,-1.74565098822718));
#7426=CARTESIAN_POINT('Ctrl Pts',(469.480905026987,29.9367472520989,-1.94978146899447));
#7427=CARTESIAN_POINT('Ctrl Pts',(469.748802526199,29.9332595422231,-2.00000000000003));
#7428=CARTESIAN_POINT('Ctrl Pts',(470.251211480892,29.9332595422231,-2.00000000000003));
#7429=CARTESIAN_POINT('Ctrl Pts',(470.519108980104,29.9367472520989,-1.94978146899447));
#7430=CARTESIAN_POINT('Ctrl Pts',(471.011845572571,29.9493436726098,-1.74565098822718));
#7431=CARTESIAN_POINT('Ctrl Pts',(471.236690996215,29.9582704368075,-1.59174313207657));
#7432=CARTESIAN_POINT('Ctrl Pts',(471.591750016881,29.9750267077402,-1.23668411141089));
#7433=CARTESIAN_POINT('Ctrl Pts',(471.745657964073,29.983944809221,-1.01183863471539));
#7434=CARTESIAN_POINT('Ctrl Pts',(471.949788517445,29.9965214148873,-0.519101869340458));
#7435=CARTESIAN_POINT('Ctrl Pts',(472.000007003546,30.0000004470348,-0.251204309327768));
#7436=CARTESIAN_POINT('Ctrl Pts',(472.000007003546,30.0000004470348,0.251204309327768));
#7437=CARTESIAN_POINT('Ctrl Pts',(471.949788517445,29.9965214148873,0.519101869340458));
#7438=CARTESIAN_POINT('Ctrl Pts',(471.745657964073,29.983944809221,1.01183863471539));
#7439=CARTESIAN_POINT('Ctrl Pts',(471.591750016881,29.9750267077402,1.23668411141089));
#7440=CARTESIAN_POINT('Ctrl Pts',(471.236690996215,29.9582704368075,1.59174313207657));
#7441=CARTESIAN_POINT('Ctrl Pts',(471.011845572571,29.9493436726098,1.74565098822718));
#7442=CARTESIAN_POINT('Ctrl Pts',(470.519108980104,29.9367472520989,1.94978146899447));
#7443=CARTESIAN_POINT('Ctrl Pts',(470.251211480892,29.9332595422231,2.00000000000003));
#7444=CARTESIAN_POINT('Ctrl Pts',(470.000007003546,29.9332595422231,2.00000000000003));
#7445=CARTESIAN_POINT('Origin',(665.,0.,-28.));
#7446=CARTESIAN_POINT('',(665.000009909272,-3.67394045218804E-15,30.0000004470348));
#7447=CARTESIAN_POINT('Origin',(665.000009909272,0.,0.));
#7448=CARTESIAN_POINT('',(665.,-3.42901103761259E-15,28.));
#7449=CARTESIAN_POINT('Origin',(665.,0.,0.));
#7450=CARTESIAN_POINT('Origin',(552.488087339379,0.,0.));
#7451=CARTESIAN_POINT('',(552.488087339379,-3.42901103761259E-15,28.));
#7452=CARTESIAN_POINT('',(552.488087339379,-3.42901103761259E-15,28.));
#7453=CARTESIAN_POINT('',(439.976174678758,-3.42901103761259E-15,28.));
#7454=CARTESIAN_POINT('',(552.488087339379,-3.42901103761259E-15,28.));
#7455=CARTESIAN_POINT('Origin',(439.976174678758,0.,0.));
#7456=CARTESIAN_POINT('Origin',(439.976174678758,0.,-30.));
#7457=CARTESIAN_POINT('',(439.976174678758,-3.67394045218804E-15,30.0000004470348));
#7458=CARTESIAN_POINT('Origin',(439.976174678758,0.,0.));
#7459=CARTESIAN_POINT('Origin',(552.488092294015,0.,0.));
#7460=CARTESIAN_POINT('',(552.488092294015,-3.67394045218804E-15,30.0000004470348));
#7461=CARTESIAN_POINT('',(552.488092294015,-3.67394045218804E-15,30.0000004470348));
#7462=CARTESIAN_POINT('',(552.488092294015,-3.67394045218804E-15,30.0000004470348));
#7463=CARTESIAN_POINT('Origin',(470.000007003546,0.00850904022022169,-0.00850904022022169));
#7464=CARTESIAN_POINT('',(470.000007003546,-1.99149095977981,-27.6784476399439));
#7465=CARTESIAN_POINT('',(468.000007003546,0.00850904022021734,-27.7499986954276));
#7466=CARTESIAN_POINT('Ctrl Pts',(470.000007003546,-1.99149095977981,-27.6784476399439));
#7467=CARTESIAN_POINT('Ctrl Pts',(470.251224812222,-1.99149095977981,-27.6784476399439));
#7468=CARTESIAN_POINT('Ctrl Pts',(470.51912832875,-1.94126723851687,-27.6822044871462));
#7469=CARTESIAN_POINT('Ctrl Pts',(471.011862404867,-1.73713214904782,-27.6957638571834));
#7470=CARTESIAN_POINT('Ctrl Pts',(471.236700331095,-1.58322552475215,-27.7053693858357));
#7471=CARTESIAN_POINT('Ctrl Pts',(471.591745393518,-1.22817892677192,-27.7233777135707));
#7472=CARTESIAN_POINT('Ctrl Pts',(471.745650823416,-1.0033415319595,-27.7329505698096));
#7473=CARTESIAN_POINT('Ctrl Pts',(471.949784015816,-0.510608993869942,-27.7463965226476));
#7474=CARTESIAN_POINT('Ctrl Pts',(472.000007003546,-0.242706600516027,-27.7500757262057));
#7475=CARTESIAN_POINT('Ctrl Pts',(472.000007003546,0.259728998995558,-27.7499216633255));
#7476=CARTESIAN_POINT('Ctrl Pts',(471.949782472021,0.527633385933717,-27.7460780448802));
#7477=CARTESIAN_POINT('Ctrl Pts',(471.745646686574,1.02036701251137,-27.7323294193434));
#7478=CARTESIAN_POINT('Ctrl Pts',(471.591740288352,1.24520365450852,-27.7226182923884));
#7479=CARTESIAN_POINT('Ctrl Pts',(471.236695892146,1.60024650201034,-27.7043914899079));
#7480=CARTESIAN_POINT('Ctrl Pts',(471.011859938868,1.75415144266273,-27.6946911368587));
#7481=CARTESIAN_POINT('Ctrl Pts',(470.5191283431,1.95828512147732,-27.6810058317325));
#7482=CARTESIAN_POINT('Ctrl Pts',(470.25122525122,2.00850904022024,-27.6772179135721));
#7483=CARTESIAN_POINT('Ctrl Pts',(469.748788755871,2.00850904022024,-27.6772179135721));
#7484=CARTESIAN_POINT('Ctrl Pts',(469.480885663992,1.95828512147732,-27.6810058317325));
#7485=CARTESIAN_POINT('Ctrl Pts',(468.988154068224,1.75415144266273,-27.6946911368587));
#7486=CARTESIAN_POINT('Ctrl Pts',(468.763318114946,1.60024650201034,-27.7043914899079));
#7487=CARTESIAN_POINT('Ctrl Pts',(468.40827371874,1.24520365450852,-27.7226182923884));
#7488=CARTESIAN_POINT('Ctrl Pts',(468.254367320518,1.02036701251137,-27.7323294193434));
#7489=CARTESIAN_POINT('Ctrl Pts',(468.050231535071,0.527633385933717,-27.7460780448802));
#7490=CARTESIAN_POINT('Ctrl Pts',(468.000007003546,0.259728998995557,-27.7499216633255));
#7491=CARTESIAN_POINT('Ctrl Pts',(468.000007003546,0.00850904022021516,
-27.7499986954276));
#7492=CARTESIAN_POINT('Ctrl Pts',(468.000007003546,0.00850904022021884,
-27.7499986954276));
#7493=CARTESIAN_POINT('Ctrl Pts',(468.000007003546,-0.242706600516023,-27.7500757262057));
#7494=CARTESIAN_POINT('Ctrl Pts',(468.050229991276,-0.510608993869942,-27.7463965226476));
#7495=CARTESIAN_POINT('Ctrl Pts',(468.254363183676,-1.0033415319595,-27.7329505698096));
#7496=CARTESIAN_POINT('Ctrl Pts',(468.408268613574,-1.22817892677192,-27.7233777135707));
#7497=CARTESIAN_POINT('Ctrl Pts',(468.763313675996,-1.58322552475215,-27.7053693858357));
#7498=CARTESIAN_POINT('Ctrl Pts',(468.988151602225,-1.73713214904782,-27.6957638571834));
#7499=CARTESIAN_POINT('Ctrl Pts',(469.480885678341,-1.94126723851687,-27.6822044871462));
#7500=CARTESIAN_POINT('Ctrl Pts',(469.74878919487,-1.99149095977982,-27.6784476399439));
#7501=CARTESIAN_POINT('Ctrl Pts',(470.000007003546,-1.99149095977982,-27.6784476399439));
#7502=CARTESIAN_POINT('',(468.000007003546,0.00850904022021657,-22.4999983910274));
#7503=CARTESIAN_POINT('',(468.000007003546,0.00850904022022145,-0.00850904022022169));
#7504=CARTESIAN_POINT('',(470.000007003546,-1.99149095977982,-22.4116925678788));
#7505=CARTESIAN_POINT('Ctrl Pts',(470.000007003546,-1.99149095977982,-22.4116925678788));
#7506=CARTESIAN_POINT('Ctrl Pts',(469.748740279212,-1.99149095977982,-22.4116925678788));
#7507=CARTESIAN_POINT('Ctrl Pts',(469.480815698748,-1.94124816261312,-22.4163343331231));
#7508=CARTESIAN_POINT('Ctrl Pts',(468.98809459237,-1.73709861186045,-22.4330777589737));
#7509=CARTESIAN_POINT('Ctrl Pts',(468.763286809833,-1.58319905910412,-22.4449350669118));
#7510=CARTESIAN_POINT('Ctrl Pts',(468.408293209962,-1.22820312263716,-22.4671570439274));
#7511=CARTESIAN_POINT('Ctrl Pts',(468.254395374011,-1.00339609348174,-22.4789670149209));
#7512=CARTESIAN_POINT('Ctrl Pts',(468.05024863932,-0.510677139230692,-22.4955544638673));
#7513=CARTESIAN_POINT('Ctrl Pts',(468.000007003546,-0.242754203767281,-22.5000934136586));
#7514=CARTESIAN_POINT('Ctrl Pts',(468.000007003546,0.00850904022022508,
-22.4999983910274));
#7515=CARTESIAN_POINT('Ctrl Pts',(468.000007003546,0.00850904022021669,
-22.4999983910274));
#7516=CARTESIAN_POINT('Ctrl Pts',(468.000007003546,0.259778859593633,-22.4999033659095));
#7517=CARTESIAN_POINT('Ctrl Pts',(468.050250990751,0.527704831614943,-22.49516154487));
#7518=CARTESIAN_POINT('Ctrl Pts',(468.254401674265,1.02042544311227,-22.478200489255));
#7519=CARTESIAN_POINT('Ctrl Pts',(468.408300984357,1.24523132407764,-22.4662197586085));
#7520=CARTESIAN_POINT('Ctrl Pts',(468.763293565211,1.60022154831202,-22.4437278916729));
#7521=CARTESIAN_POINT('Ctrl Pts',(468.988098341511,1.75411853620535,-22.4317533550012));
#7522=CARTESIAN_POINT('Ctrl Pts',(469.480815668224,1.95826593988442,-22.4148541142566));
#7523=CARTESIAN_POINT('Ctrl Pts',(469.748739602624,2.00850904022025,-22.4101738376871));
#7524=CARTESIAN_POINT('Ctrl Pts',(470.251274404468,2.00850904022025,-22.4101738376871));
#7525=CARTESIAN_POINT('Ctrl Pts',(470.519198338868,1.95826593988437,-22.4148541142566));
#7526=CARTESIAN_POINT('Ctrl Pts',(471.011915665581,1.7541185362052,-22.4317533550012));
#7527=CARTESIAN_POINT('Ctrl Pts',(471.23672044188,1.60022154831202,-22.4437278916729));
#7528=CARTESIAN_POINT('Ctrl Pts',(471.591713022735,1.24523132407764,-22.4662197586085));
#7529=CARTESIAN_POINT('Ctrl Pts',(471.745612332826,1.02042544311224,-22.478200489255));
#7530=CARTESIAN_POINT('Ctrl Pts',(471.949763016341,0.527704831614917,-22.49516154487));
#7531=CARTESIAN_POINT('Ctrl Pts',(472.000007003546,0.259778859593634,-22.4999033659095));
#7532=CARTESIAN_POINT('Ctrl Pts',(472.000007003546,-0.242754203767288,-22.5000934136586));
#7533=CARTESIAN_POINT('Ctrl Pts',(471.949765367772,-0.510677139230691,-22.4955544638673));
#7534=CARTESIAN_POINT('Ctrl Pts',(471.745618633081,-1.00339609348174,-22.4789670149209));
#7535=CARTESIAN_POINT('Ctrl Pts',(471.591720797129,-1.22820312263715,-22.4671570439274));
#7536=CARTESIAN_POINT('Ctrl Pts',(471.236727197258,-1.58319905910412,-22.4449350669118));
#7537=CARTESIAN_POINT('Ctrl Pts',(471.011919414721,-1.73709861186045,-22.4330777589737));
#7538=CARTESIAN_POINT('Ctrl Pts',(470.519198308343,-1.94124816261312,-22.4163343331231));
#7539=CARTESIAN_POINT('Ctrl Pts',(470.25127372788,-1.99149095977981,-22.4116925678788));
#7540=CARTESIAN_POINT('Ctrl Pts',(470.000007003546,-1.99149095977981,-22.4116925678788));
#7541=CARTESIAN_POINT('Origin',(470.000007003546,0.00850904022022169,-0.00850904022022169));
#7542=CARTESIAN_POINT('',(470.000007003546,-1.9914909597798,22.4116925678788));
#7543=CARTESIAN_POINT('',(471.999988902503,-2.29571822351809E-9,22.5));
#7544=CARTESIAN_POINT('Ctrl Pts',(470.000007003546,-1.9914909597798,22.4116925678788));
#7545=CARTESIAN_POINT('Ctrl Pts',(470.25127372788,-1.99149095977979,22.4116925678788));
#7546=CARTESIAN_POINT('Ctrl Pts',(470.519198308343,-1.94124816261311,22.4163343331231));
#7547=CARTESIAN_POINT('Ctrl Pts',(471.011919414721,-1.73709861186044,22.4330777589737));
#7548=CARTESIAN_POINT('Ctrl Pts',(471.236727197258,-1.58319905910411,22.4449350669118));
#7549=CARTESIAN_POINT('Ctrl Pts',(471.591720797129,-1.22820312263714,22.4671570439274));
#7550=CARTESIAN_POINT('Ctrl Pts',(471.745618633081,-1.00339609348173,22.4789670149209));
#7551=CARTESIAN_POINT('Ctrl Pts',(471.948613981896,-0.51345607001075,22.495460910794));
#7552=CARTESIAN_POINT('Ctrl Pts',(471.998930384485,-0.248796070644154,22.4999999999492));
#7553=CARTESIAN_POINT('Ctrl Pts',(471.999988902503,-4.59142550368608E-9,
22.5));
#7554=CARTESIAN_POINT('',(468.000025104589,-2.29571808474021E-9,22.5));
#7555=CARTESIAN_POINT('Ctrl Pts',(468.000025104589,-4.59143487119285E-9,
22.5));
#7556=CARTESIAN_POINT('Ctrl Pts',(468.001083622606,-0.248796070644164,22.4999999999492));
#7557=CARTESIAN_POINT('Ctrl Pts',(468.051400025196,-0.51345607001075,22.495460910794));
#7558=CARTESIAN_POINT('Ctrl Pts',(468.254395374011,-1.00339609348173,22.4789670149209));
#7559=CARTESIAN_POINT('Ctrl Pts',(468.408293209962,-1.22820312263715,22.4671570439274));
#7560=CARTESIAN_POINT('Ctrl Pts',(468.763286809833,-1.58319905910411,22.4449350669118));
#7561=CARTESIAN_POINT('Ctrl Pts',(468.98809459237,-1.73709861186044,22.4330777589737));
#7562=CARTESIAN_POINT('Ctrl Pts',(469.480815698748,-1.94124816261311,22.4163343331231));
#7563=CARTESIAN_POINT('Ctrl Pts',(469.748740279212,-1.9914909597798,22.4116925678788));
#7564=CARTESIAN_POINT('Ctrl Pts',(470.000007003546,-1.9914909597798,22.4116925678788));
#7565=CARTESIAN_POINT('',(468.000007003546,0.00850904022022927,22.4999983910274));
#7566=CARTESIAN_POINT('Ctrl Pts',(468.000007003546,0.00850904022022657,
22.4999983910274));
#7567=CARTESIAN_POINT('Ctrl Pts',(468.000007003546,0.00567479503200104,
22.4999994628811));
#7568=CARTESIAN_POINT('Ctrl Pts',(468.000013028303,0.00283842834701711,
22.5000000000006));
#7569=CARTESIAN_POINT('Ctrl Pts',(468.000025104589,-4.59143846232812E-9,
22.5));
#7570=CARTESIAN_POINT('',(468.000007003546,0.00850904022023003,27.7499986954276));
#7571=CARTESIAN_POINT('',(468.000007003546,0.00850904022022145,-0.00850904022022169));
#7572=CARTESIAN_POINT('',(468.000025104589,-2.29601140100509E-9,27.75));
#7573=CARTESIAN_POINT('Ctrl Pts',(468.000025104589,-4.59201712890339E-9,
27.75));
#7574=CARTESIAN_POINT('Ctrl Pts',(468.000013028285,0.00283843256804358,
27.7500000000005));
#7575=CARTESIAN_POINT('Ctrl Pts',(468.000007003546,0.00567479926274921,
27.7499995644969));
#7576=CARTESIAN_POINT('Ctrl Pts',(468.000007003546,0.00850904022022814,
27.7499986954276));
#7577=CARTESIAN_POINT('',(470.000007003546,-1.9914909597798,27.6784476399439));
#7578=CARTESIAN_POINT('Ctrl Pts',(470.000007003546,-1.9914909597798,27.6784476399439));
#7579=CARTESIAN_POINT('Ctrl Pts',(469.74878919487,-1.99149095977979,27.6784476399439));
#7580=CARTESIAN_POINT('Ctrl Pts',(469.480885678341,-1.94126723851686,27.6822044871462));
#7581=CARTESIAN_POINT('Ctrl Pts',(468.988151602225,-1.7371321490478,27.6957638571834));
#7582=CARTESIAN_POINT('Ctrl Pts',(468.763313675996,-1.58322552475214,27.7053693858357));
#7583=CARTESIAN_POINT('Ctrl Pts',(468.408268613574,-1.22817892677191,27.7233777135707));
#7584=CARTESIAN_POINT('Ctrl Pts',(468.254363183676,-1.00334153195949,27.7329505698097));
#7585=CARTESIAN_POINT('Ctrl Pts',(468.051381517218,-0.513388523712187,27.7463206733292));
#7586=CARTESIAN_POINT('Ctrl Pts',(468.001083422948,-0.248749142571847,27.7499999999588));
#7587=CARTESIAN_POINT('Ctrl Pts',(468.000025104589,-4.59202072200515E-9,
27.75));
#7588=CARTESIAN_POINT('',(471.999988902503,-2.29601317042303E-9,27.75));
#7589=CARTESIAN_POINT('Ctrl Pts',(471.999988902503,-4.59202023628258E-9,
27.75));
#7590=CARTESIAN_POINT('Ctrl Pts',(471.998930584144,-0.248749142571846,27.7499999999588));
#7591=CARTESIAN_POINT('Ctrl Pts',(471.948632489874,-0.513388523712161,27.7463206733292));
#7592=CARTESIAN_POINT('Ctrl Pts',(471.745650823416,-1.00334153195949,27.7329505698097));
#7593=CARTESIAN_POINT('Ctrl Pts',(471.591745393518,-1.22817892677191,27.7233777135707));
#7594=CARTESIAN_POINT('Ctrl Pts',(471.236700331095,-1.58322552475214,27.7053693858357));
#7595=CARTESIAN_POINT('Ctrl Pts',(471.011862404867,-1.7371321490478,27.6957638571834));
#7596=CARTESIAN_POINT('Ctrl Pts',(470.51912832875,-1.94126723851686,27.6822044871462));
#7597=CARTESIAN_POINT('Ctrl Pts',(470.251224812222,-1.9914909597798,27.6784476399439));
#7598=CARTESIAN_POINT('Ctrl Pts',(470.000007003546,-1.99149095977981,27.6784476399439));
#7599=CARTESIAN_POINT('Ctrl Pts',(468.000007003546,0.00850904022023147,
27.7499986954276));
#7600=CARTESIAN_POINT('Ctrl Pts',(468.000007003546,0.259728998995574,27.7499216633255));
#7601=CARTESIAN_POINT('Ctrl Pts',(468.050231535071,0.52763338593373,27.7460780448802));
#7602=CARTESIAN_POINT('Ctrl Pts',(468.254367320518,1.02036701251138,27.7323294193434));
#7603=CARTESIAN_POINT('Ctrl Pts',(468.40827371874,1.24520365450853,27.7226182923884));
#7604=CARTESIAN_POINT('Ctrl Pts',(468.763318114946,1.60024650201035,27.7043914899079));
#7605=CARTESIAN_POINT('Ctrl Pts',(468.988154068224,1.75415144266279,27.6946911368587));
#7606=CARTESIAN_POINT('Ctrl Pts',(469.480885663992,1.95828512147737,27.6810058317325));
#7607=CARTESIAN_POINT('Ctrl Pts',(469.748788755871,2.00850904022026,27.6772179135721));
#7608=CARTESIAN_POINT('Ctrl Pts',(470.25122525122,2.00850904022026,27.6772179135721));
#7609=CARTESIAN_POINT('Ctrl Pts',(470.5191283431,1.95828512147736,27.6810058317325));
#7610=CARTESIAN_POINT('Ctrl Pts',(471.011859938868,1.75415144266271,27.6946911368587));
#7611=CARTESIAN_POINT('Ctrl Pts',(471.236695892146,1.60024650201036,27.7043914899079));
#7612=CARTESIAN_POINT('Ctrl Pts',(471.591740288352,1.24520365450853,27.7226182923884));
#7613=CARTESIAN_POINT('Ctrl Pts',(471.745646686574,1.02036701251138,27.7323294193434));
#7614=CARTESIAN_POINT('Ctrl Pts',(471.949782472021,0.52763338593373,27.7460780448802));
#7615=CARTESIAN_POINT('Ctrl Pts',(472.000007003546,0.25972899899557,27.7499216633255));
#7616=CARTESIAN_POINT('Ctrl Pts',(472.000007003546,0.00567479926274931,
27.7499995644969));
#7617=CARTESIAN_POINT('Ctrl Pts',(472.000000978807,0.00283843256804435,
27.7500000000005));
#7618=CARTESIAN_POINT('Ctrl Pts',(471.999988902503,-4.59201597169508E-9,
27.75));
#7619=CARTESIAN_POINT('Ctrl Pts',(471.999988902503,-4.59143892658244E-9,
22.5));
#7620=CARTESIAN_POINT('Ctrl Pts',(472.000000978789,0.00283842834701701,
22.5000000000006));
#7621=CARTESIAN_POINT('Ctrl Pts',(472.000007003546,0.00567479503200128,
22.4999994628811));
#7622=CARTESIAN_POINT('Ctrl Pts',(472.000007003546,0.259778859593643,22.4999033659095));
#7623=CARTESIAN_POINT('Ctrl Pts',(471.949763016341,0.527704831614953,22.49516154487));
#7624=CARTESIAN_POINT('Ctrl Pts',(471.745612332826,1.02042544311228,22.478200489255));
#7625=CARTESIAN_POINT('Ctrl Pts',(471.591713022735,1.24523132407765,22.4662197586085));
#7626=CARTESIAN_POINT('Ctrl Pts',(471.23672044188,1.60022154831203,22.4437278916729));
#7627=CARTESIAN_POINT('Ctrl Pts',(471.011915665581,1.75411853620524,22.4317533550012));
#7628=CARTESIAN_POINT('Ctrl Pts',(470.519198338868,1.95826593988438,22.4148541142566));
#7629=CARTESIAN_POINT('Ctrl Pts',(470.251274404468,2.00850904022026,22.4101738376871));
#7630=CARTESIAN_POINT('Ctrl Pts',(469.748739602624,2.00850904022026,22.4101738376871));
#7631=CARTESIAN_POINT('Ctrl Pts',(469.480815668224,1.95826593988445,22.4148541142566));
#7632=CARTESIAN_POINT('Ctrl Pts',(468.988098341511,1.75411853620536,22.4317533550012));
#7633=CARTESIAN_POINT('Ctrl Pts',(468.763293565211,1.60022154831203,22.4437278916729));
#7634=CARTESIAN_POINT('Ctrl Pts',(468.408300984357,1.24523132407765,22.4662197586085));
#7635=CARTESIAN_POINT('Ctrl Pts',(468.254401674265,1.02042544311231,22.478200489255));
#7636=CARTESIAN_POINT('Ctrl Pts',(468.050250990751,0.527704831614968,22.49516154487));
#7637=CARTESIAN_POINT('Ctrl Pts',(468.000007003546,0.259778859593654,22.4999033659095));
#7638=CARTESIAN_POINT('Ctrl Pts',(468.000007003546,0.00850904022023716,
22.4999983910274));
#7639=CARTESIAN_POINT('Origin',(470.000007003546,0.,0.));
#7640=CARTESIAN_POINT('',(470.000007003546,-27.6778340915614,2.00000000000003));
#7641=CARTESIAN_POINT('',(468.000007003546,-27.75,2.44929359829474E-16));
#7642=CARTESIAN_POINT('Ctrl Pts',(470.000007003546,-27.6778340915614,2.00000000000003));
#7643=CARTESIAN_POINT('Ctrl Pts',(470.251225032309,-27.6778340915614,2.00000000000003));
#7644=CARTESIAN_POINT('Ctrl Pts',(470.519128338009,-27.6816064736923,1.94977617983271));
#7645=CARTESIAN_POINT('Ctrl Pts',(471.011861178731,-27.6952288097648,1.74564179231312));
#7646=CARTESIAN_POINT('Ctrl Pts',(471.236698121736,-27.7048817497065,1.5917360065561));
#7647=CARTESIAN_POINT('Ctrl Pts',(471.591742847801,-27.7229993128227,1.23669128049148));
#7648=CARTESIAN_POINT('Ctrl Pts',(471.745648758591,-27.7326413029688,1.01185426528966));
#7649=CARTESIAN_POINT('Ctrl Pts',(471.949783244115,-27.7462385898545,0.519121187709643));
#7650=CARTESIAN_POINT('Ctrl Pts',(472.000007003546,-27.75,0.251217799085215));
#7651=CARTESIAN_POINT('Ctrl Pts',(472.000007003546,-27.75,-0.251217799085215));
#7652=CARTESIAN_POINT('Ctrl Pts',(471.949783244115,-27.7462385898545,-0.519121187709643));
#7653=CARTESIAN_POINT('Ctrl Pts',(471.745648758591,-27.7326413029688,-1.01185426528966));
#7654=CARTESIAN_POINT('Ctrl Pts',(471.591742847801,-27.7229993128227,-1.23669128049148));
#7655=CARTESIAN_POINT('Ctrl Pts',(471.236698121736,-27.7048817497065,-1.5917360065561));
#7656=CARTESIAN_POINT('Ctrl Pts',(471.011861178731,-27.6952288097649,-1.74564179231312));
#7657=CARTESIAN_POINT('Ctrl Pts',(470.519128338009,-27.6816064736923,-1.94977617983271));
#7658=CARTESIAN_POINT('Ctrl Pts',(470.251225032309,-27.6778340915614,-2.00000000000003));
#7659=CARTESIAN_POINT('Ctrl Pts',(469.748788974782,-27.6778340915614,-2.00000000000003));
#7660=CARTESIAN_POINT('Ctrl Pts',(469.480885669083,-27.6816064736923,-1.94977617983272));
#7661=CARTESIAN_POINT('Ctrl Pts',(468.988152828361,-27.6952288097648,-1.7456417923132));
#7662=CARTESIAN_POINT('Ctrl Pts',(468.763315885356,-27.7048817497065,-1.5917360065561));
#7663=CARTESIAN_POINT('Ctrl Pts',(468.408271159291,-27.7229993128227,-1.23669128049148));
#7664=CARTESIAN_POINT('Ctrl Pts',(468.2543652485,-27.7326413029688,-1.01185426528968));
#7665=CARTESIAN_POINT('Ctrl Pts',(468.050230762976,-27.7462385898545,-0.51912118770967));
#7666=CARTESIAN_POINT('Ctrl Pts',(468.000007003546,-27.75,-0.251217799085218));
#7667=CARTESIAN_POINT('Ctrl Pts',(468.000007003546,-27.75,-2.42861286636753E-15));
#7668=CARTESIAN_POINT('Ctrl Pts',(468.000007003546,-27.75,-4.02455846426619E-15));
#7669=CARTESIAN_POINT('Ctrl Pts',(468.000007003546,-27.75,0.251217799085211));
#7670=CARTESIAN_POINT('Ctrl Pts',(468.050230762976,-27.7462385898545,0.519121187709643));
#7671=CARTESIAN_POINT('Ctrl Pts',(468.2543652485,-27.7326413029688,1.01185426528966));
#7672=CARTESIAN_POINT('Ctrl Pts',(468.408271159291,-27.7229993128227,1.23669128049148));
#7673=CARTESIAN_POINT('Ctrl Pts',(468.763315885356,-27.7048817497065,1.5917360065561));
#7674=CARTESIAN_POINT('Ctrl Pts',(468.98815282836,-27.6952288097648,1.74564179231312));
#7675=CARTESIAN_POINT('Ctrl Pts',(469.480885669083,-27.6816064736923,1.94977617983271));
#7676=CARTESIAN_POINT('Ctrl Pts',(469.748788974782,-27.6778340915614,2.00000000000002));
#7677=CARTESIAN_POINT('Ctrl Pts',(470.000007003546,-27.6778340915614,2.00000000000002));
#7678=CARTESIAN_POINT('',(468.000007003546,-22.5,1.3367711130985E-15));
#7679=CARTESIAN_POINT('',(468.000007003546,0.,2.44929359829474E-16));
#7680=CARTESIAN_POINT('',(470.000007003546,-22.410934831015,2.00000000000003));
#7681=CARTESIAN_POINT('Ctrl Pts',(470.000007003546,-22.410934831015,2.00000000000003));
#7682=CARTESIAN_POINT('Ctrl Pts',(469.748739940048,-22.410934831015,2.00000000000003));
#7683=CARTESIAN_POINT('Ctrl Pts',(469.48081568034,-22.4155958508801,1.94975705100667));
#7684=CARTESIAN_POINT('Ctrl Pts',(468.988096456495,-22.432417181328,1.74560856864433));
#7685=CARTESIAN_POINT('Ctrl Pts',(468.763290172108,-22.4443331019186,1.5917102933088));
#7686=CARTESIAN_POINT('Ctrl Pts',(468.408297086666,-22.4666900201457,1.23671720786639));
#7687=CARTESIAN_POINT('Ctrl Pts',(468.254398518624,-22.4785853682386,1.01191075766178));
#7688=CARTESIAN_POINT('Ctrl Pts',(468.050249814718,-22.4953596161935,0.519190982024811));
#7689=CARTESIAN_POINT('Ctrl Pts',(468.000007003546,-22.5,0.251266530619376));
#7690=CARTESIAN_POINT('Ctrl Pts',(468.000007003546,-22.5,-6.80011602582908E-15));
#7691=CARTESIAN_POINT('Ctrl Pts',(468.000007003546,-22.5,2.4980018054066E-15));
#7692=CARTESIAN_POINT('Ctrl Pts',(468.000007003546,-22.5,-0.25126653061938));
#7693=CARTESIAN_POINT('Ctrl Pts',(468.050249814718,-22.4953596161935,-0.519190982024851));
#7694=CARTESIAN_POINT('Ctrl Pts',(468.254398518624,-22.4785853682386,-1.01191075766181));
#7695=CARTESIAN_POINT('Ctrl Pts',(468.408297086666,-22.4666900201457,-1.23671720786639));
#7696=CARTESIAN_POINT('Ctrl Pts',(468.763290172108,-22.4443331019186,-1.5917102933088));
#7697=CARTESIAN_POINT('Ctrl Pts',(468.988096456495,-22.432417181328,-1.74560856864438));
#7698=CARTESIAN_POINT('Ctrl Pts',(469.48081568034,-22.4155958508801,-1.94975705100668));
#7699=CARTESIAN_POINT('Ctrl Pts',(469.748739940048,-22.410934831015,-2.00000000000003));
#7700=CARTESIAN_POINT('Ctrl Pts',(470.251274067044,-22.410934831015,-2.00000000000003));
#7701=CARTESIAN_POINT('Ctrl Pts',(470.519198326751,-22.4155958508801,-1.94975705100667));
#7702=CARTESIAN_POINT('Ctrl Pts',(471.011917550596,-22.432417181328,-1.74560856864433));
#7703=CARTESIAN_POINT('Ctrl Pts',(471.236723834983,-22.4443331019186,-1.5917102933088));
#7704=CARTESIAN_POINT('Ctrl Pts',(471.591716920426,-22.4666900201457,-1.23671720786639));
#7705=CARTESIAN_POINT('Ctrl Pts',(471.745615488468,-22.4785853682386,-1.01191075766178));
#7706=CARTESIAN_POINT('Ctrl Pts',(471.949764192374,-22.4953596161935,-0.519190982024811));
#7707=CARTESIAN_POINT('Ctrl Pts',(472.000007003546,-22.5,-0.251266530619383));
#7708=CARTESIAN_POINT('Ctrl Pts',(472.000007003546,-22.5,0.251266530619382));
#7709=CARTESIAN_POINT('Ctrl Pts',(471.949764192374,-22.4953596161935,0.51919098202481));
#7710=CARTESIAN_POINT('Ctrl Pts',(471.745615488468,-22.4785853682386,1.01191075766178));
#7711=CARTESIAN_POINT('Ctrl Pts',(471.591716920426,-22.4666900201457,1.23671720786639));
#7712=CARTESIAN_POINT('Ctrl Pts',(471.236723834983,-22.4443331019186,1.5917102933088));
#7713=CARTESIAN_POINT('Ctrl Pts',(471.011917550596,-22.432417181328,1.74560856864438));
#7714=CARTESIAN_POINT('Ctrl Pts',(470.519198326751,-22.4155958508801,1.94975705100668));
#7715=CARTESIAN_POINT('Ctrl Pts',(470.251274067044,-22.410934831015,2.00000000000002));
#7716=CARTESIAN_POINT('Ctrl Pts',(470.000007003546,-22.410934831015,2.00000000000003));
#7717=CARTESIAN_POINT('Origin',(470.000007003546,0.,0.));
#7718=CARTESIAN_POINT('',(470.000007003546,22.410934831015,2.00000000000003));
#7719=CARTESIAN_POINT('',(468.000007003546,22.5,1.16329876550082E-15));
#7720=CARTESIAN_POINT('Ctrl Pts',(470.000007003546,22.410934831015,2.00000000000003));
#7721=CARTESIAN_POINT('Ctrl Pts',(470.251274067044,22.410934831015,2.00000000000003));
#7722=CARTESIAN_POINT('Ctrl Pts',(470.519198326751,22.4155958508801,1.94975705100667));
#7723=CARTESIAN_POINT('Ctrl Pts',(471.011917550596,22.432417181328,1.74560856864433));
#7724=CARTESIAN_POINT('Ctrl Pts',(471.236723834983,22.4443331019186,1.5917102933088));
#7725=CARTESIAN_POINT('Ctrl Pts',(471.591716920426,22.4666900201457,1.23671720786639));
#7726=CARTESIAN_POINT('Ctrl Pts',(471.745615488468,22.4785853682386,1.01191075766178));
#7727=CARTESIAN_POINT('Ctrl Pts',(471.949764192374,22.4953596161935,0.51919098202481));
#7728=CARTESIAN_POINT('Ctrl Pts',(472.000007003546,22.5,0.251266530619382));
#7729=CARTESIAN_POINT('Ctrl Pts',(472.000007003546,22.5,-0.251266530619383));
#7730=CARTESIAN_POINT('Ctrl Pts',(471.949764192374,22.4953596161935,-0.519190982024811));
#7731=CARTESIAN_POINT('Ctrl Pts',(471.745615488468,22.4785853682386,-1.01191075766178));
#7732=CARTESIAN_POINT('Ctrl Pts',(471.591716920426,22.4666900201457,-1.23671720786639));
#7733=CARTESIAN_POINT('Ctrl Pts',(471.236723834983,22.4443331019186,-1.5917102933088));
#7734=CARTESIAN_POINT('Ctrl Pts',(471.011917550596,22.432417181328,-1.74560856864431));
#7735=CARTESIAN_POINT('Ctrl Pts',(470.519198326751,22.4155958508801,-1.94975705100667));
#7736=CARTESIAN_POINT('Ctrl Pts',(470.251274067044,22.410934831015,-2.00000000000003));
#7737=CARTESIAN_POINT('Ctrl Pts',(469.748739940048,22.410934831015,-2.00000000000003));
#7738=CARTESIAN_POINT('Ctrl Pts',(469.48081568034,22.4155958508801,-1.94975705100671));
#7739=CARTESIAN_POINT('Ctrl Pts',(468.988096456495,22.432417181328,-1.74560856864441));
#7740=CARTESIAN_POINT('Ctrl Pts',(468.763290172108,22.4443331019186,-1.5917102933088));
#7741=CARTESIAN_POINT('Ctrl Pts',(468.408297086666,22.4666900201457,-1.23671720786639));
#7742=CARTESIAN_POINT('Ctrl Pts',(468.254398518624,22.4785853682386,-1.01191075766181));
#7743=CARTESIAN_POINT('Ctrl Pts',(468.050249814718,22.4953596161935,-0.519190982024851));
#7744=CARTESIAN_POINT('Ctrl Pts',(468.000007003546,22.5,-0.251266530619382));
#7745=CARTESIAN_POINT('Ctrl Pts',(468.000007003546,22.5,1.56125112837913E-16));
#7746=CARTESIAN_POINT('Ctrl Pts',(468.000007003546,22.5,2.0122792321331E-15));
#7747=CARTESIAN_POINT('Ctrl Pts',(468.000007003546,22.5,0.251266530619384));
#7748=CARTESIAN_POINT('Ctrl Pts',(468.050249814718,22.4953596161935,0.519190982024811));
#7749=CARTESIAN_POINT('Ctrl Pts',(468.254398518624,22.4785853682386,1.01191075766178));
#7750=CARTESIAN_POINT('Ctrl Pts',(468.408297086666,22.4666900201457,1.23671720786639));
#7751=CARTESIAN_POINT('Ctrl Pts',(468.763290172108,22.4443331019186,1.5917102933088));
#7752=CARTESIAN_POINT('Ctrl Pts',(468.988096456495,22.432417181328,1.74560856864431));
#7753=CARTESIAN_POINT('Ctrl Pts',(469.48081568034,22.4155958508801,1.94975705100667));
#7754=CARTESIAN_POINT('Ctrl Pts',(469.748739940048,22.410934831015,2.00000000000003));
#7755=CARTESIAN_POINT('Ctrl Pts',(470.000007003546,22.410934831015,2.00000000000003));
#7756=CARTESIAN_POINT('',(468.000007003546,27.75,2.44929359829474E-16));
#7757=CARTESIAN_POINT('',(468.000007003546,0.,2.44929359829474E-16));
#7758=CARTESIAN_POINT('',(470.000007003546,27.6778340915614,2.00000000000003));
#7759=CARTESIAN_POINT('Ctrl Pts',(470.000007003546,27.6778340915614,2.00000000000003));
#7760=CARTESIAN_POINT('Ctrl Pts',(469.748788974782,27.6778340915614,2.00000000000003));
#7761=CARTESIAN_POINT('Ctrl Pts',(469.480885669083,27.6816064736923,1.94977617983271));
#7762=CARTESIAN_POINT('Ctrl Pts',(468.98815282836,27.6952288097648,1.74564179231312));
#7763=CARTESIAN_POINT('Ctrl Pts',(468.763315885356,27.7048817497065,1.5917360065561));
#7764=CARTESIAN_POINT('Ctrl Pts',(468.408271159291,27.7229993128227,1.23669128049148));
#7765=CARTESIAN_POINT('Ctrl Pts',(468.2543652485,27.7326413029688,1.01185426528966));
#7766=CARTESIAN_POINT('Ctrl Pts',(468.050230762976,27.7462385898545,0.519121187709643));
#7767=CARTESIAN_POINT('Ctrl Pts',(468.000007003546,27.75,0.251217799085215));
#7768=CARTESIAN_POINT('Ctrl Pts',(468.000007003546,27.75,-7.63278329429795E-16));
#7769=CARTESIAN_POINT('Ctrl Pts',(468.000007003546,27.75,6.93889390390723E-17));
#7770=CARTESIAN_POINT('Ctrl Pts',(468.000007003546,27.75,-0.251217799085215));
#7771=CARTESIAN_POINT('Ctrl Pts',(468.050230762976,27.7462385898545,-0.519121187709695));
#7772=CARTESIAN_POINT('Ctrl Pts',(468.2543652485,27.7326413029688,-1.01185426528971));
#7773=CARTESIAN_POINT('Ctrl Pts',(468.408271159291,27.7229993128227,-1.23669128049148));
#7774=CARTESIAN_POINT('Ctrl Pts',(468.763315885356,27.7048817497065,-1.5917360065561));
#7775=CARTESIAN_POINT('Ctrl Pts',(468.988152828361,27.6952288097648,-1.7456417923132));
#7776=CARTESIAN_POINT('Ctrl Pts',(469.480885669083,27.6816064736923,-1.94977617983272));
#7777=CARTESIAN_POINT('Ctrl Pts',(469.748788974782,27.6778340915614,-2.00000000000003));
#7778=CARTESIAN_POINT('Ctrl Pts',(470.251225032309,27.6778340915614,-2.00000000000003));
#7779=CARTESIAN_POINT('Ctrl Pts',(470.519128338009,27.6816064736923,-1.94977617983271));
#7780=CARTESIAN_POINT('Ctrl Pts',(471.011861178731,27.6952288097649,-1.74564179231312));
#7781=CARTESIAN_POINT('Ctrl Pts',(471.236698121736,27.7048817497065,-1.5917360065561));
#7782=CARTESIAN_POINT('Ctrl Pts',(471.591742847801,27.7229993128227,-1.23669128049148));
#7783=CARTESIAN_POINT('Ctrl Pts',(471.745648758591,27.7326413029688,-1.01185426528966));
#7784=CARTESIAN_POINT('Ctrl Pts',(471.949783244115,27.7462385898545,-0.519121187709643));
#7785=CARTESIAN_POINT('Ctrl Pts',(472.000007003546,27.75,-0.251217799085215));
#7786=CARTESIAN_POINT('Ctrl Pts',(472.000007003546,27.75,0.251217799085215));
#7787=CARTESIAN_POINT('Ctrl Pts',(471.949783244115,27.7462385898545,0.519121187709643));
#7788=CARTESIAN_POINT('Ctrl Pts',(471.745648758591,27.7326413029688,1.01185426528966));
#7789=CARTESIAN_POINT('Ctrl Pts',(471.591742847801,27.7229993128227,1.23669128049148));
#7790=CARTESIAN_POINT('Ctrl Pts',(471.236698121736,27.7048817497065,1.5917360065561));
#7791=CARTESIAN_POINT('Ctrl Pts',(471.011861178731,27.6952288097648,1.74564179231312));
#7792=CARTESIAN_POINT('Ctrl Pts',(470.519128338009,27.6816064736923,1.94977617983271));
#7793=CARTESIAN_POINT('Ctrl Pts',(470.251225032309,27.6778340915614,2.00000000000003));
#7794=CARTESIAN_POINT('Ctrl Pts',(470.000007003546,27.6778340915614,2.00000000000003));
#7795=CARTESIAN_POINT('Origin',(469.976174678758,0.,0.));
#7796=CARTESIAN_POINT('',(479.976174678758,-2.75545529808154E-15,22.5));
#7797=CARTESIAN_POINT('Origin',(479.976174678758,0.,0.));
#7798=CARTESIAN_POINT('',(469.976174678758,-2.75545529808154E-15,22.5));
#7799=CARTESIAN_POINT('',(459.976174678758,-2.75545529808154E-15,22.5));
#7800=CARTESIAN_POINT('',(469.976174678758,-2.75545529808154E-15,22.5));
#7801=CARTESIAN_POINT('Origin',(459.976174678758,0.,0.));
#7802=CARTESIAN_POINT('Origin',(459.976174678758,0.,-27.75));
#7803=CARTESIAN_POINT('',(459.976174678758,-3.39839486763391E-15,27.75));
#7804=CARTESIAN_POINT('Origin',(459.976174678758,0.,0.));
#7805=CARTESIAN_POINT('Origin',(469.976174678758,0.,0.));
#7806=CARTESIAN_POINT('',(479.976174678758,-3.39839486763391E-15,27.75));
#7807=CARTESIAN_POINT('Origin',(479.976174678758,0.,0.));
#7808=CARTESIAN_POINT('',(469.976174678758,-3.39839486763391E-15,27.75));
#7809=CARTESIAN_POINT('',(469.976174678758,-3.39839486763391E-15,27.75));
#7810=CARTESIAN_POINT('Origin',(479.976174678758,0.,-22.5));
#7811=CARTESIAN_POINT('Origin',(655.000009760261,0.00850904022022169,-0.00850904022022169));
#7812=CARTESIAN_POINT('',(655.00000976026,-20.9775017006544,-18.1660926563486));
#7813=CARTESIAN_POINT('',(653.000009760261,-19.6137022927625,-19.6307203732029));
#7814=CARTESIAN_POINT('Ctrl Pts',(655.00000976026,-20.9775017006544,-18.1660926563486));
#7815=CARTESIAN_POINT('Ctrl Pts',(655.251227477428,-20.9775017006544,-18.1660926563486));
#7816=CARTESIAN_POINT('Ctrl Pts',(655.51913108041,-20.9446401380942,-18.2042581034782));
#7817=CARTESIAN_POINT('Ctrl Pts',(656.011865665443,-20.8098641086555,-18.3581730945174));
#7818=CARTESIAN_POINT('Ctrl Pts',(656.236703997032,-20.7078136950812,-18.473780004846));
#7819=CARTESIAN_POINT('Ctrl Pts',(656.591749200682,-20.4694591082948,-18.7375382259875));
#7820=CARTESIAN_POINT('Ctrl Pts',(656.745654433303,-20.3172237325525,-18.9032711683418));
#7821=CARTESIAN_POINT('Ctrl Pts',(656.949787092064,-19.9782727702619,-19.2611489319516));
#7822=CARTESIAN_POINT('Ctrl Pts',(657.000009760261,-19.7914149744866,-19.4531617524941));
#7823=CARTESIAN_POINT('Ctrl Pts',(657.000009760261,-19.4359852911263,-19.8082833100788));
#7824=CARTESIAN_POINT('Ctrl Pts',(656.949784908808,-19.2438060621034,-19.9949786845426));
#7825=CARTESIAN_POINT('Ctrl Pts',(656.745648582924,-18.8856245372892,-20.3336280626053));
#7826=CARTESIAN_POINT('Ctrl Pts',(656.591741980886,-18.7197540770258,-20.4857244148077));
#7827=CARTESIAN_POINT('Ctrl Pts',(656.236697719408,-18.4557811316092,-20.7238567763613));
#7828=CARTESIAN_POINT('Ctrl Pts',(656.011862177993,-18.3400810805246,-20.8258106818928));
#7829=CARTESIAN_POINT('Ctrl Pts',(655.519131100703,-18.1860415650471,-20.960459365584));
#7830=CARTESIAN_POINT('Ctrl Pts',(655.251228098267,-18.1478448494779,-20.9932900546646));
#7831=CARTESIAN_POINT('Ctrl Pts',(654.748791422255,-18.1478448494779,-20.9932900546646));
#7832=CARTESIAN_POINT('Ctrl Pts',(654.480888419818,-18.1860415650471,-20.960459365584));
#7833=CARTESIAN_POINT('Ctrl Pts',(653.988157342528,-18.3400810805246,-20.8258106818928));
#7834=CARTESIAN_POINT('Ctrl Pts',(653.763321801113,-18.4557811316092,-20.7238567763613));
#7835=CARTESIAN_POINT('Ctrl Pts',(653.408277539635,-18.7197540770258,-20.4857244148077));
#7836=CARTESIAN_POINT('Ctrl Pts',(653.254370937597,-18.8856245372892,-20.3336280626053));
#7837=CARTESIAN_POINT('Ctrl Pts',(653.050234611713,-19.2438060621034,-19.9949786845426));
#7838=CARTESIAN_POINT('Ctrl Pts',(653.000009760261,-19.4359852911263,-19.8082833100788));
#7839=CARTESIAN_POINT('Ctrl Pts',(653.000009760261,-19.6137022927625,-19.6307203732029));
#7840=CARTESIAN_POINT('Ctrl Pts',(653.000009760261,-19.6137022927625,-19.6307203732029));
#7841=CARTESIAN_POINT('Ctrl Pts',(653.000009760261,-19.7914149744866,-19.4531617524941));
#7842=CARTESIAN_POINT('Ctrl Pts',(653.050232428457,-19.9782727702619,-19.2611489319516));
#7843=CARTESIAN_POINT('Ctrl Pts',(653.254365087219,-20.3172237325525,-18.9032711683418));
#7844=CARTESIAN_POINT('Ctrl Pts',(653.40827031984,-20.4694591082948,-18.7375382259875));
#7845=CARTESIAN_POINT('Ctrl Pts',(653.763315523489,-20.7078136950812,-18.473780004846));
#7846=CARTESIAN_POINT('Ctrl Pts',(653.988153855078,-20.8098641086554,-18.3581730945175));
#7847=CARTESIAN_POINT('Ctrl Pts',(654.480888440111,-20.9446401380942,-18.2042581034783));
#7848=CARTESIAN_POINT('Ctrl Pts',(654.748792043093,-20.9775017006544,-18.1660926563486));
#7849=CARTESIAN_POINT('Ctrl Pts',(655.000009760261,-20.9775017006544,-18.1660926563486));
#7850=CARTESIAN_POINT('',(653.000009760261,-15.9013912610461,-15.9184093414865));
#7851=CARTESIAN_POINT('',(653.000009760261,0.00850904022022152,-0.00850904022022152));
#7852=CARTESIAN_POINT('',(655.000009760261,-17.2533855763765,-14.4419765320707));
#7853=CARTESIAN_POINT('Ctrl Pts',(655.000009760261,-17.2533855763765,-14.4419765320707));
#7854=CARTESIAN_POINT('Ctrl Pts',(654.748743176922,-17.2533855763765,-14.4419765320707));
#7855=CARTESIAN_POINT('Ctrl Pts',(654.480818464931,-17.2211351829266,-14.480780094647));
#7856=CARTESIAN_POINT('Ctrl Pts',(653.988096583057,-17.0885959138281,-14.6369525105608));
#7857=CARTESIAN_POINT('Ctrl Pts',(653.763288182877,-16.9881393406888,-14.7541435163176));
#7858=CARTESIAN_POINT('Ctrl Pts',(653.40829436704,-16.7527922626004,-15.0208381720423));
#7859=CARTESIAN_POINT('Ctrl Pts',(653.254396831413,-16.6021554215671,-15.188126823722));
#7860=CARTESIAN_POINT('Ctrl Pts',(653.050250909355,-16.265425132623,-15.5482058871565));
#7861=CARTESIAN_POINT('Ctrl Pts',(653.000009760261,-16.0791552646628,-15.7408353821166));
#7862=CARTESIAN_POINT('Ctrl Pts',(653.000009760261,-15.9013912610461,-15.9184093414866));
#7863=CARTESIAN_POINT('Ctrl Pts',(653.000009760261,-15.9013912610461,-15.9184093414865));
#7864=CARTESIAN_POINT('Ctrl Pts',(653.000009760261,-15.7236206785258,-16.0959898727267));
#7865=CARTESIAN_POINT('Ctrl Pts',(653.050254234781,-15.5307852757427,-16.2820599059808));
#7866=CARTESIAN_POINT('Ctrl Pts',(653.25440574132,-15.1703309483605,-16.6184182454703));
#7867=CARTESIAN_POINT('Ctrl Pts',(653.408305361696,-15.0028726852021,-16.7688831786441));
#7868=CARTESIAN_POINT('Ctrl Pts',(653.763297736425,-14.7359138517749,-17.0039546545633));
#7869=CARTESIAN_POINT('Ctrl Pts',(653.988101885144,-14.6186081821431,-17.1042914341008));
#7870=CARTESIAN_POINT('Ctrl Pts',(654.480818421762,-14.4622820984016,-17.2366727412237));
#7871=CARTESIAN_POINT('Ctrl Pts',(654.748742220082,-14.4234397213282,-17.2688849265149));
#7872=CARTESIAN_POINT('Ctrl Pts',(655.251277300439,-14.4234397213282,-17.2688849265149));
#7873=CARTESIAN_POINT('Ctrl Pts',(655.519201098759,-14.4622820984016,-17.2366727412237));
#7874=CARTESIAN_POINT('Ctrl Pts',(656.011917635377,-14.6186081821431,-17.1042914341008));
#7875=CARTESIAN_POINT('Ctrl Pts',(656.236721784096,-14.7359138517749,-17.0039546545633));
#7876=CARTESIAN_POINT('Ctrl Pts',(656.591714158825,-15.0028726852021,-16.7688831786441));
#7877=CARTESIAN_POINT('Ctrl Pts',(656.745613779201,-15.1703309483605,-16.6184182454703));
#7878=CARTESIAN_POINT('Ctrl Pts',(656.94976528574,-15.5307852757427,-16.2820599059808));
#7879=CARTESIAN_POINT('Ctrl Pts',(657.000009760261,-15.7236206785258,-16.0959898727267));
#7880=CARTESIAN_POINT('Ctrl Pts',(657.000009760261,-16.0791552646628,-15.7408353821166));
#7881=CARTESIAN_POINT('Ctrl Pts',(656.949768611166,-16.265425132623,-15.5482058871565));
#7882=CARTESIAN_POINT('Ctrl Pts',(656.745622689108,-16.6021554215671,-15.188126823722));
#7883=CARTESIAN_POINT('Ctrl Pts',(656.591725153482,-16.7527922626004,-15.0208381720423));
#7884=CARTESIAN_POINT('Ctrl Pts',(656.236731337644,-16.9881393406888,-14.7541435163176));
#7885=CARTESIAN_POINT('Ctrl Pts',(656.011922937464,-17.0885959138283,-14.6369525105606));
#7886=CARTESIAN_POINT('Ctrl Pts',(655.51920105559,-17.2211351829267,-14.4807800946469));
#7887=CARTESIAN_POINT('Ctrl Pts',(655.251276343599,-17.2533855763765,-14.4419765320707));
#7888=CARTESIAN_POINT('Ctrl Pts',(655.000009760261,-17.2533855763765,-14.4419765320707));
#7889=CARTESIAN_POINT('Origin',(655.000009760261,0.00850904022022169,-0.00850904022022169));
#7890=CARTESIAN_POINT('',(655.000009760261,14.4419765320708,17.2533855763765));
#7891=CARTESIAN_POINT('',(653.000009760261,15.9184093414866,15.9013912610461));
#7892=CARTESIAN_POINT('Ctrl Pts',(655.000009760261,14.4419765320708,17.2533855763765));
#7893=CARTESIAN_POINT('Ctrl Pts',(655.251276343599,14.4419765320707,17.2533855763765));
#7894=CARTESIAN_POINT('Ctrl Pts',(655.519201055591,14.480780094647,17.2211351829266));
#7895=CARTESIAN_POINT('Ctrl Pts',(656.011922937464,14.6369525105608,17.0885959138281));
#7896=CARTESIAN_POINT('Ctrl Pts',(656.236731337645,14.7541435163176,16.9881393406888));
#7897=CARTESIAN_POINT('Ctrl Pts',(656.591725153482,15.0208381720424,16.7527922626004));
#7898=CARTESIAN_POINT('Ctrl Pts',(656.745622689108,15.188126823722,16.6021554215671));
#7899=CARTESIAN_POINT('Ctrl Pts',(656.949768611166,15.5482058871566,16.265425132623));
#7900=CARTESIAN_POINT('Ctrl Pts',(657.000009760261,15.7408353821166,16.0791552646628));
#7901=CARTESIAN_POINT('Ctrl Pts',(657.000009760261,16.0959898727267,15.7236206785258));
#7902=CARTESIAN_POINT('Ctrl Pts',(656.94976528574,16.2820599059808,15.5307852757427));
#7903=CARTESIAN_POINT('Ctrl Pts',(656.745613779201,16.6184182454703,15.1703309483605));
#7904=CARTESIAN_POINT('Ctrl Pts',(656.591714158825,16.7688831786441,15.0028726852021));
#7905=CARTESIAN_POINT('Ctrl Pts',(656.236721784096,17.0039546545633,14.7359138517749));
#7906=CARTESIAN_POINT('Ctrl Pts',(656.011917635377,17.1042914341008,14.6186081821431));
#7907=CARTESIAN_POINT('Ctrl Pts',(655.519201098759,17.2366727412237,14.4622820984016));
#7908=CARTESIAN_POINT('Ctrl Pts',(655.251277300439,17.2688849265149,14.4234397213282));
#7909=CARTESIAN_POINT('Ctrl Pts',(654.748742220082,17.2688849265149,14.4234397213282));
#7910=CARTESIAN_POINT('Ctrl Pts',(654.480818421762,17.2366727412237,14.4622820984016));
#7911=CARTESIAN_POINT('Ctrl Pts',(653.988101885144,17.1042914341008,14.6186081821431));
#7912=CARTESIAN_POINT('Ctrl Pts',(653.763297736425,17.0039546545633,14.7359138517749));
#7913=CARTESIAN_POINT('Ctrl Pts',(653.408305361696,16.7688831786441,15.0028726852021));
#7914=CARTESIAN_POINT('Ctrl Pts',(653.25440574132,16.6184182454703,15.1703309483605));
#7915=CARTESIAN_POINT('Ctrl Pts',(653.050254234781,16.2820599059808,15.5307852757427));
#7916=CARTESIAN_POINT('Ctrl Pts',(653.000009760261,16.0959898727267,15.7236206785258));
#7917=CARTESIAN_POINT('Ctrl Pts',(653.000009760261,15.9184093414866,15.9013912610461));
#7918=CARTESIAN_POINT('Ctrl Pts',(653.000009760261,15.9184093414865,15.9013912610461));
#7919=CARTESIAN_POINT('Ctrl Pts',(653.000009760261,15.7408353821166,16.0791552646628));
#7920=CARTESIAN_POINT('Ctrl Pts',(653.050250909355,15.5482058871566,16.265425132623));
#7921=CARTESIAN_POINT('Ctrl Pts',(653.254396831413,15.188126823722,16.6021554215671));
#7922=CARTESIAN_POINT('Ctrl Pts',(653.40829436704,15.0208381720424,16.7527922626004));
#7923=CARTESIAN_POINT('Ctrl Pts',(653.763288182877,14.7541435163176,16.9881393406888));
#7924=CARTESIAN_POINT('Ctrl Pts',(653.988096583057,14.6369525105609,17.0885959138281));
#7925=CARTESIAN_POINT('Ctrl Pts',(654.480818464931,14.480780094647,17.2211351829266));
#7926=CARTESIAN_POINT('Ctrl Pts',(654.748743176922,14.4419765320707,17.2533855763765));
#7927=CARTESIAN_POINT('Ctrl Pts',(655.000009760261,14.4419765320707,17.2533855763765));
#7928=CARTESIAN_POINT('',(653.000009760261,19.6307203732029,19.6137022927625));
#7929=CARTESIAN_POINT('',(653.000009760261,0.00850904022022152,-0.00850904022022152));
#7930=CARTESIAN_POINT('',(655.000009760261,18.1660926563486,20.9775017006544));
#7931=CARTESIAN_POINT('Ctrl Pts',(655.000009760261,18.1660926563486,20.9775017006544));
#7932=CARTESIAN_POINT('Ctrl Pts',(654.748792043093,18.1660926563486,20.9775017006544));
#7933=CARTESIAN_POINT('Ctrl Pts',(654.480888440111,18.2042581034782,20.9446401380942));
#7934=CARTESIAN_POINT('Ctrl Pts',(653.988153855078,18.3581730945174,20.8098641086555));
#7935=CARTESIAN_POINT('Ctrl Pts',(653.76331552349,18.473780004846,20.7078136950812));
#7936=CARTESIAN_POINT('Ctrl Pts',(653.40827031984,18.7375382259875,20.4694591082948));
#7937=CARTESIAN_POINT('Ctrl Pts',(653.254365087219,18.9032711683418,20.3172237325525));
#7938=CARTESIAN_POINT('Ctrl Pts',(653.050232428457,19.2611489319516,19.9782727702619));
#7939=CARTESIAN_POINT('Ctrl Pts',(653.000009760261,19.4531617524941,19.7914149744866));
#7940=CARTESIAN_POINT('Ctrl Pts',(653.000009760261,19.6307203732029,19.6137022927625));
#7941=CARTESIAN_POINT('Ctrl Pts',(653.000009760261,19.6307203732029,19.6137022927625));
#7942=CARTESIAN_POINT('Ctrl Pts',(653.000009760261,19.8082833100788,19.4359852911263));
#7943=CARTESIAN_POINT('Ctrl Pts',(653.050234611713,19.9949786845426,19.2438060621034));
#7944=CARTESIAN_POINT('Ctrl Pts',(653.254370937597,20.3336280626053,18.8856245372892));
#7945=CARTESIAN_POINT('Ctrl Pts',(653.408277539635,20.4857244148077,18.7197540770258));
#7946=CARTESIAN_POINT('Ctrl Pts',(653.763321801113,20.7238567763613,18.4557811316091));
#7947=CARTESIAN_POINT('Ctrl Pts',(653.988157342528,20.8258106818928,18.3400810805246));
#7948=CARTESIAN_POINT('Ctrl Pts',(654.480888419818,20.960459365584,18.1860415650471));
#7949=CARTESIAN_POINT('Ctrl Pts',(654.748791422255,20.9932900546646,18.1478448494779));
#7950=CARTESIAN_POINT('Ctrl Pts',(655.251228098267,20.9932900546646,18.1478448494779));
#7951=CARTESIAN_POINT('Ctrl Pts',(655.519131100703,20.960459365584,18.1860415650471));
#7952=CARTESIAN_POINT('Ctrl Pts',(656.011862177993,20.8258106818928,18.3400810805246));
#7953=CARTESIAN_POINT('Ctrl Pts',(656.236697719408,20.7238567763613,18.4557811316091));
#7954=CARTESIAN_POINT('Ctrl Pts',(656.591741980886,20.4857244148077,18.7197540770258));
#7955=CARTESIAN_POINT('Ctrl Pts',(656.745648582924,20.3336280626053,18.8856245372892));
#7956=CARTESIAN_POINT('Ctrl Pts',(656.949784908808,19.9949786845426,19.2438060621034));
#7957=CARTESIAN_POINT('Ctrl Pts',(657.000009760261,19.8082833100788,19.4359852911263));
#7958=CARTESIAN_POINT('Ctrl Pts',(657.000009760261,19.4531617524941,19.7914149744866));
#7959=CARTESIAN_POINT('Ctrl Pts',(656.949787092064,19.2611489319516,19.9782727702619));
#7960=CARTESIAN_POINT('Ctrl Pts',(656.745654433303,18.9032711683418,20.3172237325525));
#7961=CARTESIAN_POINT('Ctrl Pts',(656.591749200682,18.7375382259875,20.4694591082948));
#7962=CARTESIAN_POINT('Ctrl Pts',(656.236703997032,18.473780004846,20.7078136950812));
#7963=CARTESIAN_POINT('Ctrl Pts',(656.011865665443,18.3581730945174,20.8098641086555));
#7964=CARTESIAN_POINT('Ctrl Pts',(655.51913108041,18.2042581034782,20.9446401380942));
#7965=CARTESIAN_POINT('Ctrl Pts',(655.251227477429,18.1660926563486,20.9775017006544));
#7966=CARTESIAN_POINT('Ctrl Pts',(655.000009760261,18.1660926563486,20.9775017006544));
#7967=CARTESIAN_POINT('Origin',(655.000004805624,0.,0.));
#7968=CARTESIAN_POINT('',(645.000009611249,-2.75545529808154E-15,22.5));
#7969=CARTESIAN_POINT('Origin',(645.000009611249,0.,0.));
#7970=CARTESIAN_POINT('',(665.,-2.75545529808154E-15,22.5));
#7971=CARTESIAN_POINT('',(655.000004805624,-2.75545529808154E-15,22.5));
#7972=CARTESIAN_POINT('Origin',(665.,0.,0.));
#7973=CARTESIAN_POINT('',(655.000009760261,17.2611375541136,-14.4327104293673));
#7974=CARTESIAN_POINT('',(653.000009760261,15.9099025766973,-15.9099025766973));
#7975=CARTESIAN_POINT('Ctrl Pts',(655.000009760261,17.2611375541136,-14.4327104293673));
#7976=CARTESIAN_POINT('Ctrl Pts',(654.748742696763,17.2611375541136,-14.4327104293673));
#7977=CARTESIAN_POINT('Ctrl Pts',(654.480818437055,17.2289062629274,-14.4715333980612));
#7978=CARTESIAN_POINT('Ctrl Pts',(653.98809921321,17.0964459635084,-14.6277826511369));
#7979=CARTESIAN_POINT('Ctrl Pts',(653.763292928823,16.9960492776595,-14.7450309934933));
#7980=CARTESIAN_POINT('Ctrl Pts',(653.408299843381,16.7608399881536,-15.0118577399687));
#7981=CARTESIAN_POINT('Ctrl Pts',(653.254401275339,16.6102891040605,-15.179231186664));
#7982=CARTESIAN_POINT('Ctrl Pts',(653.050252571433,16.2737447939611,-15.5394978657198));
#7983=CARTESIAN_POINT('Ctrl Pts',(653.000009760261,16.0875748443835,-15.7322303090111));
#7984=CARTESIAN_POINT('Ctrl Pts',(653.000009760261,15.9099025766973,-15.9099025766973));
#7985=CARTESIAN_POINT('Ctrl Pts',(653.000009760261,15.9099025766973,-15.9099025766973));
#7986=CARTESIAN_POINT('Ctrl Pts',(653.000009760261,15.7322303090111,-16.0875748443835));
#7987=CARTESIAN_POINT('Ctrl Pts',(653.050252571433,15.5394978657198,-16.2737447939611));
#7988=CARTESIAN_POINT('Ctrl Pts',(653.254401275339,15.179231186664,-16.6102891040605));
#7989=CARTESIAN_POINT('Ctrl Pts',(653.408299843381,15.0118577399687,-16.7608399881536));
#7990=CARTESIAN_POINT('Ctrl Pts',(653.763292928823,14.7450309934933,-16.9960492776595));
#7991=CARTESIAN_POINT('Ctrl Pts',(653.98809921321,14.6277826511369,-17.0964459635084));
#7992=CARTESIAN_POINT('Ctrl Pts',(654.480818437055,14.4715333980612,-17.2289062629275));
#7993=CARTESIAN_POINT('Ctrl Pts',(654.748742696763,14.4327104293674,-17.2611375541136));
#7994=CARTESIAN_POINT('Ctrl Pts',(655.251276823759,14.4327104293674,-17.2611375541136));
#7995=CARTESIAN_POINT('Ctrl Pts',(655.519201083466,14.4715333980612,-17.2289062629275));
#7996=CARTESIAN_POINT('Ctrl Pts',(656.011920307311,14.6277826511369,-17.0964459635084));
#7997=CARTESIAN_POINT('Ctrl Pts',(656.236726591698,14.7450309934933,-16.9960492776595));
#7998=CARTESIAN_POINT('Ctrl Pts',(656.59171967714,15.0118577399687,-16.7608399881536));
#7999=CARTESIAN_POINT('Ctrl Pts',(656.745618245183,15.179231186664,-16.6102891040605));
#8000=CARTESIAN_POINT('Ctrl Pts',(656.949766949088,15.5394978657198,-16.2737447939611));
#8001=CARTESIAN_POINT('Ctrl Pts',(657.000009760261,15.7322303090111,-16.0875748443835));
#8002=CARTESIAN_POINT('Ctrl Pts',(657.000009760261,16.0875748443835,-15.7322303090111));
#8003=CARTESIAN_POINT('Ctrl Pts',(656.949766949088,16.2737447939611,-15.5394978657198));
#8004=CARTESIAN_POINT('Ctrl Pts',(656.745618245183,16.6102891040605,-15.179231186664));
#8005=CARTESIAN_POINT('Ctrl Pts',(656.59171967714,16.7608399881536,-15.0118577399687));
#8006=CARTESIAN_POINT('Ctrl Pts',(656.236726591698,16.9960492776595,-14.7450309934933));
#8007=CARTESIAN_POINT('Ctrl Pts',(656.011920307311,17.0964459635084,-14.6277826511368));
#8008=CARTESIAN_POINT('Ctrl Pts',(655.519201083466,17.2289062629275,-14.4715333980612));
#8009=CARTESIAN_POINT('Ctrl Pts',(655.251276823759,17.2611375541136,-14.4327104293674));
#8010=CARTESIAN_POINT('Ctrl Pts',(655.000009760261,17.2611375541136,-14.4327104293674));
#8011=CARTESIAN_POINT('',(655.000009760261,-14.4327104293674,17.2611375541136));
#8012=CARTESIAN_POINT('',(653.000009760261,-15.9099025766973,15.9099025766973));
#8013=CARTESIAN_POINT('Ctrl Pts',(655.000009760261,-14.4327104293674,17.2611375541136));
#8014=CARTESIAN_POINT('Ctrl Pts',(655.251276823759,-14.4327104293674,17.2611375541136));
#8015=CARTESIAN_POINT('Ctrl Pts',(655.519201083466,-14.4715333980612,17.2289062629275));
#8016=CARTESIAN_POINT('Ctrl Pts',(656.011920307311,-14.6277826511369,17.0964459635084));
#8017=CARTESIAN_POINT('Ctrl Pts',(656.236726591698,-14.7450309934933,16.9960492776595));
#8018=CARTESIAN_POINT('Ctrl Pts',(656.59171967714,-15.0118577399687,16.7608399881536));
#8019=CARTESIAN_POINT('Ctrl Pts',(656.745618245183,-15.179231186664,16.6102891040605));
#8020=CARTESIAN_POINT('Ctrl Pts',(656.949766949088,-15.5394978657198,16.2737447939611));
#8021=CARTESIAN_POINT('Ctrl Pts',(657.000009760261,-15.7322303090111,16.0875748443835));
#8022=CARTESIAN_POINT('Ctrl Pts',(657.000009760261,-16.0875748443835,15.7322303090111));
#8023=CARTESIAN_POINT('Ctrl Pts',(656.949766949088,-16.2737447939611,15.5394978657198));
#8024=CARTESIAN_POINT('Ctrl Pts',(656.745618245183,-16.6102891040605,15.179231186664));
#8025=CARTESIAN_POINT('Ctrl Pts',(656.59171967714,-16.7608399881536,15.0118577399687));
#8026=CARTESIAN_POINT('Ctrl Pts',(656.236726591698,-16.9960492776595,14.7450309934933));
#8027=CARTESIAN_POINT('Ctrl Pts',(656.011920307311,-17.0964459635084,14.6277826511369));
#8028=CARTESIAN_POINT('Ctrl Pts',(655.519201083466,-17.2289062629274,14.4715333980612));
#8029=CARTESIAN_POINT('Ctrl Pts',(655.251276823759,-17.2611375541136,14.4327104293674));
#8030=CARTESIAN_POINT('Ctrl Pts',(654.748742696763,-17.2611375541136,14.4327104293674));
#8031=CARTESIAN_POINT('Ctrl Pts',(654.480818437055,-17.2289062629274,14.4715333980612));
#8032=CARTESIAN_POINT('Ctrl Pts',(653.98809921321,-17.0964459635084,14.6277826511369));
#8033=CARTESIAN_POINT('Ctrl Pts',(653.763292928823,-16.9960492776595,14.7450309934933));
#8034=CARTESIAN_POINT('Ctrl Pts',(653.408299843381,-16.7608399881536,15.0118577399687));
#8035=CARTESIAN_POINT('Ctrl Pts',(653.254401275339,-16.6102891040605,15.179231186664));
#8036=CARTESIAN_POINT('Ctrl Pts',(653.050252571433,-16.2737447939611,15.5394978657198));
#8037=CARTESIAN_POINT('Ctrl Pts',(653.000009760261,-16.0875748443835,15.7322303090111));
#8038=CARTESIAN_POINT('Ctrl Pts',(653.000009760261,-15.9099025766973,15.9099025766973));
#8039=CARTESIAN_POINT('Ctrl Pts',(653.000009760261,-15.9099025766973,15.9099025766973));
#8040=CARTESIAN_POINT('Ctrl Pts',(653.000009760261,-15.7322303090111,16.0875748443835));
#8041=CARTESIAN_POINT('Ctrl Pts',(653.050252571433,-15.5394978657198,16.2737447939611));
#8042=CARTESIAN_POINT('Ctrl Pts',(653.254401275339,-15.179231186664,16.6102891040605));
#8043=CARTESIAN_POINT('Ctrl Pts',(653.408299843381,-15.0118577399687,16.7608399881536));
#8044=CARTESIAN_POINT('Ctrl Pts',(653.763292928823,-14.7450309934933,16.9960492776595));
#8045=CARTESIAN_POINT('Ctrl Pts',(653.98809921321,-14.6277826511369,17.0964459635084));
#8046=CARTESIAN_POINT('Ctrl Pts',(654.480818437055,-14.4715333980612,17.2289062629275));
#8047=CARTESIAN_POINT('Ctrl Pts',(654.748742696763,-14.4327104293674,17.2611375541136));
#8048=CARTESIAN_POINT('Ctrl Pts',(655.000009760261,-14.4327104293674,17.2611375541136));
#8049=CARTESIAN_POINT('Origin',(655.000009760261,0.,0.));
#8050=CARTESIAN_POINT('',(655.000009760261,-18.1569706123262,20.9853977370724));
#8051=CARTESIAN_POINT('',(653.000009760261,-19.6222131779267,19.6222131779267));
#8052=CARTESIAN_POINT('Ctrl Pts',(655.000009760261,-18.1569706123262,20.9853977370724));
#8053=CARTESIAN_POINT('Ctrl Pts',(655.251227789024,-18.1569706123262,20.9853977370724));
#8054=CARTESIAN_POINT('Ctrl Pts',(655.519131094723,-18.1951516931295,20.9525516102409));
#8055=CARTESIAN_POINT('Ctrl Pts',(656.011863935446,-18.3491289490305,20.817839246765));
#8056=CARTESIAN_POINT('Ctrl Pts',(656.236700878451,-18.4647824330943,20.7158370812835));
#8057=CARTESIAN_POINT('Ctrl Pts',(656.591745604515,-18.7286480182572,20.4775935995967));
#8058=CARTESIAN_POINT('Ctrl Pts',(656.745651515306,-18.8944497129845,20.3254277381022));
#8059=CARTESIAN_POINT('Ctrl Pts',(656.94978600083,-19.2524793472189,19.9866275713931));
#8060=CARTESIAN_POINT('Ctrl Pts',(657.000009760261,-19.4445753686388,19.7998509872146));
#8061=CARTESIAN_POINT('Ctrl Pts',(657.000009760261,-19.7998509872146,19.4445753686388));
#8062=CARTESIAN_POINT('Ctrl Pts',(656.94978600083,-19.9866275713931,19.2524793472189));
#8063=CARTESIAN_POINT('Ctrl Pts',(656.745651515306,-20.3254277381022,18.8944497129845));
#8064=CARTESIAN_POINT('Ctrl Pts',(656.591745604515,-20.4775935995967,18.7286480182572));
#8065=CARTESIAN_POINT('Ctrl Pts',(656.236700878451,-20.7158370812835,18.4647824330943));
#8066=CARTESIAN_POINT('Ctrl Pts',(656.011863935446,-20.817839246765,18.3491289490305));
#8067=CARTESIAN_POINT('Ctrl Pts',(655.519131094723,-20.9525516102409,18.1951516931295));
#8068=CARTESIAN_POINT('Ctrl Pts',(655.251227789024,-20.9853977370724,18.1569706123262));
#8069=CARTESIAN_POINT('Ctrl Pts',(654.748791731497,-20.9853977370724,18.1569706123262));
#8070=CARTESIAN_POINT('Ctrl Pts',(654.480888425798,-20.9525516102409,18.1951516931296));
#8071=CARTESIAN_POINT('Ctrl Pts',(653.988155585075,-20.817839246765,18.3491289490305));
#8072=CARTESIAN_POINT('Ctrl Pts',(653.76331864207,-20.7158370812835,18.4647824330943));
#8073=CARTESIAN_POINT('Ctrl Pts',(653.408273916006,-20.4775935995967,18.7286480182572));
#8074=CARTESIAN_POINT('Ctrl Pts',(653.254368005215,-20.3254277381022,18.8944497129845));
#8075=CARTESIAN_POINT('Ctrl Pts',(653.050233519691,-19.9866275713931,19.2524793472189));
#8076=CARTESIAN_POINT('Ctrl Pts',(653.00000976026,-19.7998509872146,19.4445753686388));
#8077=CARTESIAN_POINT('Ctrl Pts',(653.00000976026,-19.6222131779267,19.6222131779267));
#8078=CARTESIAN_POINT('Ctrl Pts',(653.00000976026,-19.6222131779267,19.6222131779267));
#8079=CARTESIAN_POINT('Ctrl Pts',(653.00000976026,-19.4445753686388,19.7998509872146));
#8080=CARTESIAN_POINT('Ctrl Pts',(653.050233519691,-19.2524793472189,19.9866275713931));
#8081=CARTESIAN_POINT('Ctrl Pts',(653.254368005215,-18.8944497129845,20.3254277381022));
#8082=CARTESIAN_POINT('Ctrl Pts',(653.408273916006,-18.7286480182572,20.4775935995967));
#8083=CARTESIAN_POINT('Ctrl Pts',(653.76331864207,-18.4647824330943,20.7158370812835));
#8084=CARTESIAN_POINT('Ctrl Pts',(653.988155585075,-18.3491289490305,20.817839246765));
#8085=CARTESIAN_POINT('Ctrl Pts',(654.480888425798,-18.1951516931295,20.9525516102409));
#8086=CARTESIAN_POINT('Ctrl Pts',(654.748791731497,-18.1569706123262,20.9853977370724));
#8087=CARTESIAN_POINT('Ctrl Pts',(655.000009760261,-18.1569706123262,20.9853977370724));
#8088=CARTESIAN_POINT('',(653.000009760261,1.73191211247101E-16,1.73191211247101E-16));
#8089=CARTESIAN_POINT('Origin',(655.000009760261,0.,0.));
#8090=CARTESIAN_POINT('',(653.000009760261,19.6222131779267,-19.6222131779267));
#8091=CARTESIAN_POINT('',(653.000009760261,1.73191211247101E-16,1.73191211247101E-16));
#8092=CARTESIAN_POINT('',(655.000009760261,20.9853977370724,-18.1569706123262));
#8093=CARTESIAN_POINT('Ctrl Pts',(655.000009760261,20.9853977370724,-18.1569706123262));
#8094=CARTESIAN_POINT('Ctrl Pts',(654.748791731497,20.9853977370724,-18.1569706123262));
#8095=CARTESIAN_POINT('Ctrl Pts',(654.480888425798,20.9525516102409,-18.1951516931296));
#8096=CARTESIAN_POINT('Ctrl Pts',(653.988155585075,20.817839246765,-18.3491289490305));
#8097=CARTESIAN_POINT('Ctrl Pts',(653.76331864207,20.7158370812835,-18.4647824330943));
#8098=CARTESIAN_POINT('Ctrl Pts',(653.408273916006,20.4775935995967,-18.7286480182572));
#8099=CARTESIAN_POINT('Ctrl Pts',(653.254368005215,20.3254277381022,-18.8944497129845));
#8100=CARTESIAN_POINT('Ctrl Pts',(653.050233519691,19.9866275713931,-19.2524793472189));
#8101=CARTESIAN_POINT('Ctrl Pts',(653.000009760261,19.7998509872146,-19.4445753686388));
#8102=CARTESIAN_POINT('Ctrl Pts',(653.000009760261,19.6222131779267,-19.6222131779267));
#8103=CARTESIAN_POINT('Ctrl Pts',(653.000009760261,19.6222131779267,-19.6222131779267));
#8104=CARTESIAN_POINT('Ctrl Pts',(653.000009760261,19.4445753686388,-19.7998509872146));
#8105=CARTESIAN_POINT('Ctrl Pts',(653.050233519691,19.2524793472189,-19.9866275713931));
#8106=CARTESIAN_POINT('Ctrl Pts',(653.254368005215,18.8944497129845,-20.3254277381022));
#8107=CARTESIAN_POINT('Ctrl Pts',(653.408273916006,18.7286480182572,-20.4775935995967));
#8108=CARTESIAN_POINT('Ctrl Pts',(653.76331864207,18.4647824330943,-20.7158370812835));
#8109=CARTESIAN_POINT('Ctrl Pts',(653.988155585075,18.3491289490305,-20.817839246765));
#8110=CARTESIAN_POINT('Ctrl Pts',(654.480888425798,18.1951516931295,-20.9525516102409));
#8111=CARTESIAN_POINT('Ctrl Pts',(654.748791731497,18.1569706123262,-20.9853977370724));
#8112=CARTESIAN_POINT('Ctrl Pts',(655.251227789024,18.1569706123262,-20.9853977370724));
#8113=CARTESIAN_POINT('Ctrl Pts',(655.519131094723,18.1951516931295,-20.9525516102409));
#8114=CARTESIAN_POINT('Ctrl Pts',(656.011863935446,18.3491289490305,-20.817839246765));
#8115=CARTESIAN_POINT('Ctrl Pts',(656.236700878451,18.4647824330943,-20.7158370812835));
#8116=CARTESIAN_POINT('Ctrl Pts',(656.591745604515,18.7286480182572,-20.4775935995967));
#8117=CARTESIAN_POINT('Ctrl Pts',(656.745651515306,18.8944497129845,-20.3254277381022));
#8118=CARTESIAN_POINT('Ctrl Pts',(656.94978600083,19.2524793472189,-19.9866275713931));
#8119=CARTESIAN_POINT('Ctrl Pts',(657.000009760261,19.4445753686388,-19.7998509872146));
#8120=CARTESIAN_POINT('Ctrl Pts',(657.000009760261,19.7998509872146,-19.4445753686388));
#8121=CARTESIAN_POINT('Ctrl Pts',(656.94978600083,19.9866275713931,-19.2524793472189));
#8122=CARTESIAN_POINT('Ctrl Pts',(656.745651515306,20.3254277381022,-18.8944497129845));
#8123=CARTESIAN_POINT('Ctrl Pts',(656.591745604515,20.4775935995967,-18.7286480182572));
#8124=CARTESIAN_POINT('Ctrl Pts',(656.236700878451,20.7158370812835,-18.4647824330943));
#8125=CARTESIAN_POINT('Ctrl Pts',(656.011863935446,20.8178392467651,-18.3491289490304));
#8126=CARTESIAN_POINT('Ctrl Pts',(655.519131094723,20.952551610241,-18.1951516931295));
#8127=CARTESIAN_POINT('Ctrl Pts',(655.251227789024,20.9853977370724,-18.1569706123262));
#8128=CARTESIAN_POINT('Ctrl Pts',(655.000009760261,20.9853977370724,-18.1569706123262));
#8129=CARTESIAN_POINT('Origin',(645.000009611249,0.,-27.75));
#8130=CARTESIAN_POINT('',(645.000009611249,-3.39839486763391E-15,27.75));
#8131=CARTESIAN_POINT('Origin',(645.000009611249,0.,0.));
#8132=CARTESIAN_POINT('Origin',(655.000004805624,0.,0.));
#8133=CARTESIAN_POINT('',(665.,-3.39839486763391E-15,27.75));
#8134=CARTESIAN_POINT('Origin',(665.,0.,0.));
#8135=CARTESIAN_POINT('',(655.000004805624,-3.39839486763391E-15,27.75));
#8136=CARTESIAN_POINT('Origin',(665.,0.,0.));
#8137=CARTESIAN_POINT('Origin',(615.997106128609,0.,0.));
#8138=CARTESIAN_POINT('',(595.000009909272,-3.70455662216672E-15,30.2500004470348));
#8139=CARTESIAN_POINT('Origin',(595.000009909272,0.,0.));
#8140=CARTESIAN_POINT('',(610.000009089708,3.70455662216672E-15,30.2500004470348));
#8141=CARTESIAN_POINT('',(615.997106128609,-3.70455662216672E-15,30.2500004470348));
#8142=CARTESIAN_POINT('Origin',(610.000009089708,0.,0.));
#8143=CARTESIAN_POINT('',(603.0000089854,19.9380359728776,22.7494450171833));
#8144=CARTESIAN_POINT('',(601.0000089854,21.3984877947454,21.3814697143049));
#8145=CARTESIAN_POINT('Ctrl Pts',(603.0000089854,19.9380359728776,22.7494450171833));
#8146=CARTESIAN_POINT('Ctrl Pts',(602.748806090427,19.9380359728776,22.7494450171833));
#8147=CARTESIAN_POINT('Ctrl Pts',(602.480908907515,19.975976841863,22.7163670540016));
#8148=CARTESIAN_POINT('Ctrl Pts',(601.988170482424,20.129094615512,22.5808000934181));
#8149=CARTESIAN_POINT('Ctrl Pts',(601.76332306384,20.2441411476573,22.4781863543467));
#8150=CARTESIAN_POINT('Ctrl Pts',(601.408262247748,20.5068585726263,22.2387693781256));
#8151=CARTESIAN_POINT('Ctrl Pts',(601.254354672418,20.6720397265428,22.0859692016918));
#8152=CARTESIAN_POINT('Ctrl Pts',(601.050226039241,21.0291376919911,21.7462325464567));
#8153=CARTESIAN_POINT('Ctrl Pts',(601.0000089854,21.220932930324,21.5591658993655));
#8154=CARTESIAN_POINT('Ctrl Pts',(601.0000089854,21.3984877947454,21.3814697143049));
#8155=CARTESIAN_POINT('Ctrl Pts',(601.0000089854,21.3984877947454,21.3814697143049));
#8156=CARTESIAN_POINT('Ctrl Pts',(601.0000089854,21.5760462903245,21.2037698951966));
#8157=CARTESIAN_POINT('Ctrl Pts',(601.050227875793,21.7629638085049,21.0118221739627));
#8158=CARTESIAN_POINT('Ctrl Pts',(601.254359593932,22.1024237911554,20.6544457044303));
#8159=CARTESIAN_POINT('Ctrl Pts',(601.408268321395,22.2550965421933,20.4891383911348));
#8160=CARTESIAN_POINT('Ctrl Pts',(601.763328345949,22.4943100432783,20.2262238009247));
#8161=CARTESIAN_POINT('Ctrl Pts',(601.988173417713,22.5968354413113,20.1110917601574));
#8162=CARTESIAN_POINT('Ctrl Pts',(602.480908892501,22.7322857992657,19.9578597576887));
#8163=CARTESIAN_POINT('Ctrl Pts',(602.748805570056,22.7653354679122,19.9198902627255));
#8164=CARTESIAN_POINT('Ctrl Pts',(603.251212400744,22.7653354679122,19.9198902627255));
#8165=CARTESIAN_POINT('Ctrl Pts',(603.519109078299,22.7322857992656,19.9578597576887));
#8166=CARTESIAN_POINT('Ctrl Pts',(604.011844553087,22.5968354413112,20.1110917601575));
#8167=CARTESIAN_POINT('Ctrl Pts',(604.236689624852,22.4943100432783,20.2262238009247));
#8168=CARTESIAN_POINT('Ctrl Pts',(604.591749649405,22.2550965421933,20.4891383911348));
#8169=CARTESIAN_POINT('Ctrl Pts',(604.745658376868,22.1024237911553,20.6544457044303));
#8170=CARTESIAN_POINT('Ctrl Pts',(604.949790095007,21.7629638085049,21.0118221739627));
#8171=CARTESIAN_POINT('Ctrl Pts',(605.0000089854,21.5760462903245,21.2037698951966));
#8172=CARTESIAN_POINT('Ctrl Pts',(605.0000089854,21.220932930324,21.5591658993655));
#8173=CARTESIAN_POINT('Ctrl Pts',(604.94979193156,21.0291376919911,21.7462325464567));
#8174=CARTESIAN_POINT('Ctrl Pts',(604.745663298382,20.6720397265428,22.0859692016918));
#8175=CARTESIAN_POINT('Ctrl Pts',(604.591755723052,20.5068585726263,22.2387693781256));
#8176=CARTESIAN_POINT('Ctrl Pts',(604.23669490696,20.2441411476573,22.4781863543467));
#8177=CARTESIAN_POINT('Ctrl Pts',(604.011847488377,20.129094615512,22.5808000934181));
#8178=CARTESIAN_POINT('Ctrl Pts',(603.519109063285,19.975976841863,22.7163670540016));
#8179=CARTESIAN_POINT('Ctrl Pts',(603.251211880373,19.9380359728776,22.7494450171833));
#8180=CARTESIAN_POINT('Ctrl Pts',(603.0000089854,19.9380359728776,22.7494450171833));
#8181=CARTESIAN_POINT('',(603.0000089854,-22.7494450171833,-19.9380359728776));
#8182=CARTESIAN_POINT('',(601.0000089854,-21.381469714305,-21.3984877947454));
#8183=CARTESIAN_POINT('Ctrl Pts',(603.0000089854,-22.7494450171833,-19.9380359728776));
#8184=CARTESIAN_POINT('Ctrl Pts',(603.251211880373,-22.7494450171833,-19.9380359728776));
#8185=CARTESIAN_POINT('Ctrl Pts',(603.519109063285,-22.7163670540016,-19.975976841863));
#8186=CARTESIAN_POINT('Ctrl Pts',(604.011847488377,-22.5808000934181,-20.1290946155119));
#8187=CARTESIAN_POINT('Ctrl Pts',(604.23669490696,-22.4781863543467,-20.2441411476572));
#8188=CARTESIAN_POINT('Ctrl Pts',(604.591755723052,-22.2387693781256,-20.5068585726263));
#8189=CARTESIAN_POINT('Ctrl Pts',(604.745663298382,-22.0859692016918,-20.6720397265428));
#8190=CARTESIAN_POINT('Ctrl Pts',(604.94979193156,-21.7462325464567,-21.0291376919911));
#8191=CARTESIAN_POINT('Ctrl Pts',(605.0000089854,-21.5591658993655,-21.220932930324));
#8192=CARTESIAN_POINT('Ctrl Pts',(605.0000089854,-21.2037698951966,-21.5760462903245));
#8193=CARTESIAN_POINT('Ctrl Pts',(604.949790095007,-21.0118221739627,-21.7629638085049));
#8194=CARTESIAN_POINT('Ctrl Pts',(604.745658376868,-20.6544457044303,-22.1024237911553));
#8195=CARTESIAN_POINT('Ctrl Pts',(604.591749649405,-20.4891383911348,-22.2550965421933));
#8196=CARTESIAN_POINT('Ctrl Pts',(604.236689624852,-20.2262238009247,-22.4943100432783));
#8197=CARTESIAN_POINT('Ctrl Pts',(604.011844553087,-20.1110917601575,-22.5968354413113));
#8198=CARTESIAN_POINT('Ctrl Pts',(603.519109078299,-19.9578597576887,-22.7322857992656));
#8199=CARTESIAN_POINT('Ctrl Pts',(603.251212400744,-19.9198902627255,-22.7653354679122));
#8200=CARTESIAN_POINT('Ctrl Pts',(602.748805570056,-19.9198902627255,-22.7653354679122));
#8201=CARTESIAN_POINT('Ctrl Pts',(602.480908892501,-19.9578597576887,-22.7322857992656));
#8202=CARTESIAN_POINT('Ctrl Pts',(601.988173417713,-20.1110917601574,-22.5968354413113));
#8203=CARTESIAN_POINT('Ctrl Pts',(601.763328345949,-20.2262238009247,-22.4943100432783));
#8204=CARTESIAN_POINT('Ctrl Pts',(601.408268321395,-20.4891383911348,-22.2550965421933));
#8205=CARTESIAN_POINT('Ctrl Pts',(601.254359593932,-20.6544457044303,-22.1024237911553));
#8206=CARTESIAN_POINT('Ctrl Pts',(601.050227875793,-21.0118221739627,-21.7629638085049));
#8207=CARTESIAN_POINT('Ctrl Pts',(601.0000089854,-21.2037698951966,-21.5760462903245));
#8208=CARTESIAN_POINT('Ctrl Pts',(601.0000089854,-21.381469714305,-21.3984877947454));
#8209=CARTESIAN_POINT('Ctrl Pts',(601.0000089854,-21.381469714305,-21.3984877947454));
#8210=CARTESIAN_POINT('Ctrl Pts',(601.0000089854,-21.5591658993655,-21.220932930324));
#8211=CARTESIAN_POINT('Ctrl Pts',(601.050226039241,-21.7462325464567,-21.0291376919911));
#8212=CARTESIAN_POINT('Ctrl Pts',(601.254354672418,-22.0859692016918,-20.6720397265428));
#8213=CARTESIAN_POINT('Ctrl Pts',(601.408262247748,-22.2387693781256,-20.5068585726263));
#8214=CARTESIAN_POINT('Ctrl Pts',(601.76332306384,-22.4781863543467,-20.2441411476572));
#8215=CARTESIAN_POINT('Ctrl Pts',(601.988170482424,-22.5808000934181,-20.1290946155119));
#8216=CARTESIAN_POINT('Ctrl Pts',(602.480908907515,-22.7163670540016,-19.975976841863));
#8217=CARTESIAN_POINT('Ctrl Pts',(602.748806090427,-22.7494450171833,-19.9380359728776));
#8218=CARTESIAN_POINT('Ctrl Pts',(603.0000089854,-22.7494450171833,-19.9380359728776));
#8219=CARTESIAN_POINT('Origin',(603.0000089854,0.00850904022022169,-0.00850904022022169));
#8220=CARTESIAN_POINT('',(603.0000089854,-23.6351671534896,-20.8237581091838));
#8221=CARTESIAN_POINT('',(601.0000089854,-22.2653532579496,-22.2823713383901));
#8222=CARTESIAN_POINT('Ctrl Pts',(603.0000089854,-23.6351671534896,-20.8237581091838));
#8223=CARTESIAN_POINT('Ctrl Pts',(603.251205761943,-23.6351671534896,-20.8237581091838));
#8224=CARTESIAN_POINT('Ctrl Pts',(603.519100292387,-23.6019938687455,-20.8616002804649));
#8225=CARTESIAN_POINT('Ctrl Pts',(604.01184030083,-23.4660787046203,-21.0143672532071));
#8226=CARTESIAN_POINT('Ctrl Pts',(604.236691471522,-23.3632170148175,-21.1291670500718));
#8227=CARTESIAN_POINT('Ctrl Pts',(604.591758735694,-23.1233325330971,-21.3914258877279));
#8228=CARTESIAN_POINT('Ctrl Pts',(604.745667279161,-22.9702837994882,-21.5563638588162));
#8229=CARTESIAN_POINT('Ctrl Pts',(604.949794250281,-22.6302011996306,-21.9131183154392));
#8230=CARTESIAN_POINT('Ctrl Pts',(605.0000089854,-22.4430424550747,-22.104817850746));
#8231=CARTESIAN_POINT('Ctrl Pts',(605.0000089854,-22.0876607099822,-22.4599281743173));
#8232=CARTESIAN_POINT('Ctrl Pts',(604.949792556879,-21.895814815171,-22.6469436519272));
#8233=CARTESIAN_POINT('Ctrl Pts',(604.745662741185,-21.5387929690091,-22.9867605510762));
#8234=CARTESIAN_POINT('Ctrl Pts',(604.59175313532,-21.3737338407733,-23.1396869603981));
#8235=CARTESIAN_POINT('Ctrl Pts',(604.236686600603,-21.1112855803646,-23.3793762012598));
#8236=CARTESIAN_POINT('Ctrl Pts',(604.011837593703,-20.9964036387699,-23.4821531347427));
#8237=CARTESIAN_POINT('Ctrl Pts',(603.519100305448,-20.8435269689658,-23.6179564128225));
#8238=CARTESIAN_POINT('Ctrl Pts',(603.251206241039,-20.8056573311235,-23.6511025363102));
#8239=CARTESIAN_POINT('Ctrl Pts',(602.748811729761,-20.8056573311235,-23.6511025363102));
#8240=CARTESIAN_POINT('Ctrl Pts',(602.480917665353,-20.8435269689658,-23.6179564128225));
#8241=CARTESIAN_POINT('Ctrl Pts',(601.988180377097,-20.9964036387698,-23.4821531347427));
#8242=CARTESIAN_POINT('Ctrl Pts',(601.763331370198,-21.1112855803646,-23.3793762012598));
#8243=CARTESIAN_POINT('Ctrl Pts',(601.40826483548,-21.3737338407733,-23.1396869603981));
#8244=CARTESIAN_POINT('Ctrl Pts',(601.254355229615,-21.5387929690091,-22.9867605510762));
#8245=CARTESIAN_POINT('Ctrl Pts',(601.050225413921,-21.895814815171,-22.6469436519272));
#8246=CARTESIAN_POINT('Ctrl Pts',(601.0000089854,-22.0876607099822,-22.4599281743173));
#8247=CARTESIAN_POINT('Ctrl Pts',(601.0000089854,-22.2653532579496,-22.2823713383901));
#8248=CARTESIAN_POINT('Ctrl Pts',(601.0000089854,-22.2653532579496,-22.2823713383901));
#8249=CARTESIAN_POINT('Ctrl Pts',(601.0000089854,-22.4430424550747,-22.104817850746));
#8250=CARTESIAN_POINT('Ctrl Pts',(601.050223720519,-22.6302011996306,-21.9131183154392));
#8251=CARTESIAN_POINT('Ctrl Pts',(601.25435069164,-22.9702837994882,-21.5563638588162));
#8252=CARTESIAN_POINT('Ctrl Pts',(601.408259235107,-23.1233325330971,-21.3914258877279));
#8253=CARTESIAN_POINT('Ctrl Pts',(601.763326499278,-23.3632170148175,-21.1291670500718));
#8254=CARTESIAN_POINT('Ctrl Pts',(601.98817766997,-23.4660787046203,-21.0143672532071));
#8255=CARTESIAN_POINT('Ctrl Pts',(602.480917678413,-23.6019938687455,-20.8616002804649));
#8256=CARTESIAN_POINT('Ctrl Pts',(602.748812208857,-23.6351671534896,-20.8237581091838));
#8257=CARTESIAN_POINT('Ctrl Pts',(603.0000089854,-23.6351671534896,-20.8237581091838));
#8258=CARTESIAN_POINT('',(601.0000089854,0.00850904022022152,-0.00850904022022152));
#8259=CARTESIAN_POINT('Origin',(603.0000089854,0.00850904022022169,-0.00850904022022169));
#8260=CARTESIAN_POINT('',(601.0000089854,22.2823713383901,22.2653532579496));
#8261=CARTESIAN_POINT('',(601.0000089854,0.00850904022022152,-0.00850904022022152));
#8262=CARTESIAN_POINT('',(603.0000089854,20.8237581091838,23.6351671534896));
#8263=CARTESIAN_POINT('Ctrl Pts',(603.0000089854,20.8237581091838,23.6351671534896));
#8264=CARTESIAN_POINT('Ctrl Pts',(602.748812208857,20.8237581091838,23.6351671534896));
#8265=CARTESIAN_POINT('Ctrl Pts',(602.480917678413,20.8616002804649,23.6019938687455));
#8266=CARTESIAN_POINT('Ctrl Pts',(601.98817766997,21.0143672532071,23.4660787046203));
#8267=CARTESIAN_POINT('Ctrl Pts',(601.763326499278,21.1291670500718,23.3632170148175));
#8268=CARTESIAN_POINT('Ctrl Pts',(601.408259235107,21.3914258877279,23.1233325330971));
#8269=CARTESIAN_POINT('Ctrl Pts',(601.25435069164,21.5563638588162,22.9702837994882));
#8270=CARTESIAN_POINT('Ctrl Pts',(601.050223720519,21.9131183154393,22.6302011996306));
#8271=CARTESIAN_POINT('Ctrl Pts',(601.0000089854,22.104817850746,22.4430424550747));
#8272=CARTESIAN_POINT('Ctrl Pts',(601.0000089854,22.2823713383901,22.2653532579496));
#8273=CARTESIAN_POINT('Ctrl Pts',(601.0000089854,22.2823713383901,22.2653532579496));
#8274=CARTESIAN_POINT('Ctrl Pts',(601.0000089854,22.4599281743173,22.0876607099822));
#8275=CARTESIAN_POINT('Ctrl Pts',(601.050225413921,22.6469436519273,21.895814815171));
#8276=CARTESIAN_POINT('Ctrl Pts',(601.254355229615,22.9867605510763,21.5387929690091));
#8277=CARTESIAN_POINT('Ctrl Pts',(601.40826483548,23.1396869603981,21.3737338407732));
#8278=CARTESIAN_POINT('Ctrl Pts',(601.763331370198,23.3793762012598,21.1112855803646));
#8279=CARTESIAN_POINT('Ctrl Pts',(601.988180377097,23.4821531347427,20.9964036387698));
#8280=CARTESIAN_POINT('Ctrl Pts',(602.480917665352,23.6179564128225,20.8435269689658));
#8281=CARTESIAN_POINT('Ctrl Pts',(602.748811729761,23.6511025363102,20.8056573311235));
#8282=CARTESIAN_POINT('Ctrl Pts',(603.251206241039,23.6511025363102,20.8056573311235));
#8283=CARTESIAN_POINT('Ctrl Pts',(603.519100305448,23.6179564128225,20.8435269689658));
#8284=CARTESIAN_POINT('Ctrl Pts',(604.011837593703,23.4821531347427,20.9964036387699));
#8285=CARTESIAN_POINT('Ctrl Pts',(604.236686600603,23.3793762012598,21.1112855803646));
#8286=CARTESIAN_POINT('Ctrl Pts',(604.59175313532,23.1396869603981,21.3737338407732));
#8287=CARTESIAN_POINT('Ctrl Pts',(604.745662741185,22.9867605510763,21.5387929690091));
#8288=CARTESIAN_POINT('Ctrl Pts',(604.949792556879,22.6469436519272,21.895814815171));
#8289=CARTESIAN_POINT('Ctrl Pts',(605.0000089854,22.4599281743173,22.0876607099822));
#8290=CARTESIAN_POINT('Ctrl Pts',(605.0000089854,22.104817850746,22.4430424550747));
#8291=CARTESIAN_POINT('Ctrl Pts',(604.949794250281,21.9131183154393,22.6302011996306));
#8292=CARTESIAN_POINT('Ctrl Pts',(604.745667279161,21.5563638588162,22.9702837994882));
#8293=CARTESIAN_POINT('Ctrl Pts',(604.591758735694,21.3914258877279,23.1233325330971));
#8294=CARTESIAN_POINT('Ctrl Pts',(604.236691471522,21.1291670500718,23.3632170148175));
#8295=CARTESIAN_POINT('Ctrl Pts',(604.01184030083,21.0143672532071,23.4660787046203));
#8296=CARTESIAN_POINT('Ctrl Pts',(603.519100292387,20.8616002804649,23.6019938687455));
#8297=CARTESIAN_POINT('Ctrl Pts',(603.251205761943,20.8237581091838,23.6351671534896));
#8298=CARTESIAN_POINT('Ctrl Pts',(603.0000089854,20.8237581091838,23.6351671534896));
#8299=CARTESIAN_POINT('Origin',(602.50000949949,0.,0.));
#8300=CARTESIAN_POINT('',(595.000009909272,0.,-31.5000004470348));
#8301=CARTESIAN_POINT('',(610.000009089708,0.,-31.5000004470348));
#8302=CARTESIAN_POINT('',(602.50000949949,0.,-31.5000004470348));
#8303=CARTESIAN_POINT('',(595.000009909272,31.5000004470348,5.78645620809021E-15));
#8304=CARTESIAN_POINT('Origin',(595.000009909272,0.,0.));
#8305=CARTESIAN_POINT('',(610.000009089708,31.5000004470348,5.78645620809021E-15));
#8306=CARTESIAN_POINT('',(602.50000949949,31.5000004470348,5.78645620809021E-15));
#8307=CARTESIAN_POINT('Origin',(610.000009089708,0.,0.));
#8308=CARTESIAN_POINT('Origin',(602.50000949949,0.,0.));
#8309=CARTESIAN_POINT('',(610.000009089708,-31.5000004470348,-1.92881873603007E-15));
#8310=CARTESIAN_POINT('Origin',(610.000009089708,0.,0.));
#8311=CARTESIAN_POINT('',(595.000009909272,-31.5000004470348,-1.92881873603007E-15));
#8312=CARTESIAN_POINT('',(602.50000949949,-31.5000004470348,-1.92881873603007E-15));
#8313=CARTESIAN_POINT('Origin',(595.000009909272,0.,0.));
#8314=CARTESIAN_POINT('Origin',(602.50000949949,0.,0.));
#8315=CARTESIAN_POINT('',(610.000009089708,-3.85763747206014E-15,31.5000004470348));
#8316=CARTESIAN_POINT('Origin',(610.000009089708,0.,0.));
#8317=CARTESIAN_POINT('',(595.000009909272,-3.85763747206014E-15,31.5000004470348));
#8318=CARTESIAN_POINT('',(602.50000949949,-3.85763747206014E-15,31.5000004470348));
#8319=CARTESIAN_POINT('Origin',(595.000009909272,0.,0.));
#8320=CARTESIAN_POINT('Origin',(595.000009909272,0.,-31.5000004470348));
#8321=CARTESIAN_POINT('Origin',(595.000009909272,0.,0.));
#8322=CARTESIAN_POINT('Origin',(602.50000949949,0.,0.));
#8323=CARTESIAN_POINT('Origin',(610.000009089708,0.,0.));
#8324=CARTESIAN_POINT('Origin',(610.000009089708,0.,-30.0000004470348));
#8325=CARTESIAN_POINT('Origin',(645.000009909272,-59.0000004470348,-1.));
#8326=CARTESIAN_POINT('',(625.000009909272,-86.5000004470348,-1.00000000000001));
#8327=CARTESIAN_POINT('',(595.000009909272,-31.5000004470348,-1.));
#8328=CARTESIAN_POINT('',(625.000009909272,-86.5000004470348,-1.00000000000001));
#8329=CARTESIAN_POINT('',(665.000009909272,-31.5000004470348,-1.));
#8330=CARTESIAN_POINT('',(595.000009909272,-31.5000004470348,-1.));
#8331=CARTESIAN_POINT('',(695.000009909272,-86.5000004470348,-1.00000000000001));
#8332=CARTESIAN_POINT('',(695.000009909272,-86.5000004470348,-1.00000000000001));
#8333=CARTESIAN_POINT('',(625.000009909272,-86.5000004470348,-1.00000000000001));
#8334=CARTESIAN_POINT('Origin',(625.000009909272,-86.5000004470348,-5.29659743368529E-15));
#8335=CARTESIAN_POINT('',(595.000009909272,-31.5000004470348,0.999999999999998));
#8336=CARTESIAN_POINT('',(595.000009909272,-31.5000004470348,-1.92881873603007E-15));
#8337=CARTESIAN_POINT('',(595.000009909272,-31.5000004470348,-1.92881873603007E-15));
#8338=CARTESIAN_POINT('',(595.000009909272,-31.5000004470348,-1.92881873603007E-15));
#8339=CARTESIAN_POINT('',(625.000009909272,-86.5000004470348,0.999999999999995));
#8340=CARTESIAN_POINT('',(625.000009909272,-86.5000004470348,-5.29659743368529E-15));
#8341=CARTESIAN_POINT('',(625.000009909272,-86.5000004470348,0.999999999999995));
#8342=CARTESIAN_POINT('Origin',(595.000009909272,-31.5000004470348,-1.92881873603007E-15));
#8343=CARTESIAN_POINT('',(665.000009909272,-31.5000004470348,0.999999999999998));
#8344=CARTESIAN_POINT('',(665.000009909272,-31.5000004470348,-1.92881873603007E-15));
#8345=CARTESIAN_POINT('',(610.000009089708,-31.5000004470348,-1.92881873603007E-15));
#8346=CARTESIAN_POINT('',(602.50000949949,-31.5000004470348,-1.92881873603007E-15));
#8347=CARTESIAN_POINT('',(595.000009909272,-31.5000004470348,0.999999999999998));
#8348=CARTESIAN_POINT('',(620.00000923872,-31.5000004470348,-1.92881873603007E-15));
#8349=CARTESIAN_POINT('',(636.965166627471,-31.5000004470348,-1.92881873603007E-15));
#8350=CARTESIAN_POINT('',(628.482587933096,-31.5000004470348,-1.92881873603007E-15));
#8351=CARTESIAN_POINT('Origin',(665.000009909272,-31.5000004470348,-1.92881873603007E-15));
#8352=CARTESIAN_POINT('',(695.000009909272,-86.5000004470348,0.999999999999995));
#8353=CARTESIAN_POINT('',(695.000009909272,-86.5000004470348,-5.29659743368529E-15));
#8354=CARTESIAN_POINT('',(695.000009909272,-86.5000004470348,0.999999999999995));
#8355=CARTESIAN_POINT('Origin',(695.000009909272,-86.5000004470348,-5.29659743368529E-15));
#8356=CARTESIAN_POINT('',(625.000009909272,-86.5000004470348,0.999999999999995));
#8357=CARTESIAN_POINT('Origin',(645.000009909272,-59.0000004470348,0.999999999999996));
#8358=CARTESIAN_POINT('Origin',(645.000009909272,-1.,-59.0000004470348));
#8359=CARTESIAN_POINT('',(595.000009909272,-1.,-31.5000004470348));
#8360=CARTESIAN_POINT('',(625.000009909272,-1.,-86.5000004470348));
#8361=CARTESIAN_POINT('',(625.000009909272,-1.,-86.5000004470348));
#8362=CARTESIAN_POINT('',(695.000009909272,-1.,-86.5000004470348));
#8363=CARTESIAN_POINT('',(625.000009909272,-1.,-86.5000004470348));
#8364=CARTESIAN_POINT('',(665.000009909272,-1.,-31.5000004470348));
#8365=CARTESIAN_POINT('',(695.000009909272,-1.,-86.5000004470348));
#8366=CARTESIAN_POINT('',(595.000009909272,-1.,-31.5000004470348));
#8367=CARTESIAN_POINT('Origin',(695.000009909272,0.,-86.5000004470348));
#8368=CARTESIAN_POINT('',(625.000009909272,1.,-86.5000004470348));
#8369=CARTESIAN_POINT('',(625.000009909272,0.,-86.5000004470348));
#8370=CARTESIAN_POINT('',(695.000009909272,1.,-86.5000004470348));
#8371=CARTESIAN_POINT('',(625.000009909272,1.,-86.5000004470348));
#8372=CARTESIAN_POINT('',(695.000009909272,0.,-86.5000004470348));
#8373=CARTESIAN_POINT('Origin',(665.000009909272,0.,-31.5000004470348));
#8374=CARTESIAN_POINT('',(665.000009909272,1.,-31.5000004470348));
#8375=CARTESIAN_POINT('',(695.000009909272,1.,-86.5000004470348));
#8376=CARTESIAN_POINT('',(665.000009909272,0.,-31.5000004470348));
#8377=CARTESIAN_POINT('Origin',(595.000009909272,0.,-31.5000004470348));
#8378=CARTESIAN_POINT('',(595.000009909272,1.,-31.5000004470348));
#8379=CARTESIAN_POINT('',(595.000009909272,1.,-31.5000004470348));
#8380=CARTESIAN_POINT('',(595.000009909272,0.,-31.5000004470348));
#8381=CARTESIAN_POINT('',(595.000009909272,0.,-31.5000004470348));
#8382=CARTESIAN_POINT('',(610.000009089708,0.,-31.5000004470348));
#8383=CARTESIAN_POINT('',(602.50000949949,0.,-31.5000004470348));
#8384=CARTESIAN_POINT('',(595.000009909272,0.,-31.5000004470348));
#8385=CARTESIAN_POINT('',(620.00000923872,0.,-31.5000004470348));
#8386=CARTESIAN_POINT('',(636.965166627471,0.,-31.5000004470348));
#8387=CARTESIAN_POINT('',(628.482587933096,0.,-31.5000004470348));
#8388=CARTESIAN_POINT('Origin',(625.000009909272,0.,-86.5000004470348));
#8389=CARTESIAN_POINT('',(625.000009909272,1.,-86.5000004470348));
#8390=CARTESIAN_POINT('Origin',(645.000009909272,1.,-59.0000004470348));
#8391=CARTESIAN_POINT('Origin',(645.000009909272,-1.00000000000001,59.0000004470348));
#8392=CARTESIAN_POINT('',(625.000009909272,-1.00000000000001,86.5000004470348));
#8393=CARTESIAN_POINT('',(595.000009909272,-1.,31.5000004470348));
#8394=CARTESIAN_POINT('',(625.000009909272,-1.00000000000001,86.5000004470348));
#8395=CARTESIAN_POINT('',(665.000009909272,-1.,31.5000004470348));
#8396=CARTESIAN_POINT('',(595.000009909272,-1.,31.5000004470348));
#8397=CARTESIAN_POINT('',(695.000009909272,-1.00000000000001,86.5000004470348));
#8398=CARTESIAN_POINT('',(695.000009909272,-1.00000000000001,86.5000004470348));
#8399=CARTESIAN_POINT('',(625.000009909272,-1.00000000000001,86.5000004470348));
#8400=CARTESIAN_POINT('Origin',(625.000009909272,-1.05931948673706E-14,
86.5000004470348));
#8401=CARTESIAN_POINT('',(595.000009909272,0.999999999999996,31.5000004470348));
#8402=CARTESIAN_POINT('',(595.000009909272,-3.85763747206014E-15,31.5000004470348));
#8403=CARTESIAN_POINT('',(595.000009909272,-3.85763747206014E-15,31.5000004470348));
#8404=CARTESIAN_POINT('',(595.000009909272,-3.85763747206014E-15,31.5000004470348));
#8405=CARTESIAN_POINT('',(625.000009909272,0.99999999999999,86.5000004470348));
#8406=CARTESIAN_POINT('',(625.000009909272,-1.05931948673706E-14,86.5000004470348));
#8407=CARTESIAN_POINT('',(625.000009909272,0.99999999999999,86.5000004470348));
#8408=CARTESIAN_POINT('Origin',(595.000009909272,-3.85763747206014E-15,
31.5000004470348));
#8409=CARTESIAN_POINT('',(665.000009909272,0.999999999999996,31.5000004470348));
#8410=CARTESIAN_POINT('',(665.000009909272,-3.85763747206014E-15,31.5000004470348));
#8411=CARTESIAN_POINT('',(610.000009089708,-3.85763747206014E-15,31.5000004470348));
#8412=CARTESIAN_POINT('',(602.50000949949,-3.85763747206014E-15,31.5000004470348));
#8413=CARTESIAN_POINT('',(595.000009909272,0.999999999999996,31.5000004470348));
#8414=CARTESIAN_POINT('',(620.00000923872,-3.85763747206014E-15,31.5000004470348));
#8415=CARTESIAN_POINT('',(636.965166627471,-3.85763747206014E-15,31.5000004470348));
#8416=CARTESIAN_POINT('',(628.482587933096,-3.85763747206014E-15,31.5000004470348));
#8417=CARTESIAN_POINT('Origin',(665.000009909272,-3.85763747206014E-15,
31.5000004470348));
#8418=CARTESIAN_POINT('',(695.000009909272,0.99999999999999,86.5000004470348));
#8419=CARTESIAN_POINT('',(695.000009909272,-1.05931948673706E-14,86.5000004470348));
#8420=CARTESIAN_POINT('',(695.000009909272,0.99999999999999,86.5000004470348));
#8421=CARTESIAN_POINT('Origin',(695.000009909272,-1.05931948673706E-14,
86.5000004470348));
#8422=CARTESIAN_POINT('',(625.000009909272,0.99999999999999,86.5000004470348));
#8423=CARTESIAN_POINT('Origin',(645.000009909272,0.999999999999993,59.0000004470348));
#8424=CARTESIAN_POINT('Origin',(615.997106128609,0.,0.));
#8425=CARTESIAN_POINT('',(620.00000923872,-3.70455662216672E-15,30.2500004470348));
#8426=CARTESIAN_POINT('Origin',(620.00000923872,0.,0.));
#8427=CARTESIAN_POINT('',(636.994202347945,-3.70455662216672E-15,30.2500004470348));
#8428=CARTESIAN_POINT('',(615.997106128609,-3.70455662216672E-15,30.2500004470348));
#8429=CARTESIAN_POINT('Origin',(636.994202347945,0.,0.));
#8430=CARTESIAN_POINT('',(630.000009909272,-22.7573919461754,-19.9289648214291));
#8431=CARTESIAN_POINT('',(628.000009909272,-21.3899804469944,-21.3899804469944));
#8432=CARTESIAN_POINT('Ctrl Pts',(630.000009909272,-22.7573919461754,-19.9289648214291));
#8433=CARTESIAN_POINT('Ctrl Pts',(630.251213065429,-22.7573919461754,-19.9289648214291));
#8434=CARTESIAN_POINT('Ctrl Pts',(630.519109998179,-22.7243281294642,-19.9669200030016));
#8435=CARTESIAN_POINT('Ctrl Pts',(631.011846956155,-22.5888194645331,-20.120094893434));
#8436=CARTESIAN_POINT('Ctrl Pts',(631.236693206794,-22.4862498910867,-20.2351841828024));
#8437=CARTESIAN_POINT('Ctrl Pts',(631.59175362164,-22.2469346463146,-20.4980001921667));
#8438=CARTESIAN_POINT('Ctrl Pts',(631.745661767535,-22.0941981848114,-20.663244420374));
#8439=CARTESIAN_POINT('Ctrl Pts',(631.949791937481,-21.7545998690129,-21.0204816296969));
#8440=CARTESIAN_POINT('Ctrl Pts',(632.000009909272,-21.5676077872484,-21.2123531067404));
#8441=CARTESIAN_POINT('Ctrl Pts',(632.000009909272,-21.2123531067404,-21.5676077872484));
#8442=CARTESIAN_POINT('Ctrl Pts',(631.949791937481,-21.0204816296969,-21.754599869013));
#8443=CARTESIAN_POINT('Ctrl Pts',(631.745661767535,-20.6632444203739,-22.0941981848115));
#8444=CARTESIAN_POINT('Ctrl Pts',(631.59175362164,-20.4980001921667,-22.2469346463146));
#8445=CARTESIAN_POINT('Ctrl Pts',(631.236693206794,-20.2351841828024,-22.4862498910867));
#8446=CARTESIAN_POINT('Ctrl Pts',(631.011846956155,-20.1200948934341,-22.5888194645331));
#8447=CARTESIAN_POINT('Ctrl Pts',(630.519109998179,-19.9669200030016,-22.7243281294641));
#8448=CARTESIAN_POINT('Ctrl Pts',(630.251213065429,-19.9289648214291,-22.7573919461754));
#8449=CARTESIAN_POINT('Ctrl Pts',(629.748806753116,-19.9289648214291,-22.7573919461754));
#8450=CARTESIAN_POINT('Ctrl Pts',(629.480909820366,-19.9669200030016,-22.7243281294642));
#8451=CARTESIAN_POINT('Ctrl Pts',(628.98817286239,-20.120094893434,-22.5888194645332));
#8452=CARTESIAN_POINT('Ctrl Pts',(628.76332661175,-20.2351841828024,-22.4862498910867));
#8453=CARTESIAN_POINT('Ctrl Pts',(628.408266196905,-20.4980001921667,-22.2469346463146));
#8454=CARTESIAN_POINT('Ctrl Pts',(628.254358051009,-20.6632444203739,-22.0941981848115));
#8455=CARTESIAN_POINT('Ctrl Pts',(628.050227881064,-21.0204816296969,-21.754599869013));
#8456=CARTESIAN_POINT('Ctrl Pts',(628.000009909272,-21.2123531067404,-21.5676077872484));
#8457=CARTESIAN_POINT('Ctrl Pts',(628.000009909272,-21.3899804469944,-21.3899804469944));
#8458=CARTESIAN_POINT('Ctrl Pts',(628.000009909272,-21.3899804469944,-21.3899804469944));
#8459=CARTESIAN_POINT('Ctrl Pts',(628.000009909272,-21.5676077872484,-21.2123531067404));
#8460=CARTESIAN_POINT('Ctrl Pts',(628.050227881064,-21.7545998690129,-21.0204816296969));
#8461=CARTESIAN_POINT('Ctrl Pts',(628.254358051009,-22.0941981848114,-20.663244420374));
#8462=CARTESIAN_POINT('Ctrl Pts',(628.408266196905,-22.2469346463146,-20.4980001921667));
#8463=CARTESIAN_POINT('Ctrl Pts',(628.76332661175,-22.4862498910867,-20.2351841828024));
#8464=CARTESIAN_POINT('Ctrl Pts',(628.98817286239,-22.5888194645331,-20.120094893434));
#8465=CARTESIAN_POINT('Ctrl Pts',(629.480909820366,-22.7243281294642,-19.9669200030016));
#8466=CARTESIAN_POINT('Ctrl Pts',(629.748806753116,-22.7573919461754,-19.9289648214291));
#8467=CARTESIAN_POINT('Ctrl Pts',(630.000009909272,-22.7573919461754,-19.9289648214291));
#8468=CARTESIAN_POINT('',(630.000009909272,19.9289648214291,22.7573919461754));
#8469=CARTESIAN_POINT('',(628.000009909272,21.3899804469944,21.3899804469944));
#8470=CARTESIAN_POINT('Ctrl Pts',(630.000009909272,19.9289648214291,22.7573919461754));
#8471=CARTESIAN_POINT('Ctrl Pts',(629.748806753116,19.9289648214291,22.7573919461754));
#8472=CARTESIAN_POINT('Ctrl Pts',(629.480909820366,19.9669200030016,22.7243281294642));
#8473=CARTESIAN_POINT('Ctrl Pts',(628.98817286239,20.120094893434,22.5888194645331));
#8474=CARTESIAN_POINT('Ctrl Pts',(628.76332661175,20.2351841828024,22.4862498910867));
#8475=CARTESIAN_POINT('Ctrl Pts',(628.408266196905,20.4980001921667,22.2469346463146));
#8476=CARTESIAN_POINT('Ctrl Pts',(628.254358051009,20.6632444203739,22.0941981848115));
#8477=CARTESIAN_POINT('Ctrl Pts',(628.050227881064,21.0204816296969,21.754599869013));
#8478=CARTESIAN_POINT('Ctrl Pts',(628.000009909272,21.2123531067404,21.5676077872484));
#8479=CARTESIAN_POINT('Ctrl Pts',(628.000009909272,21.3899804469944,21.3899804469944));
#8480=CARTESIAN_POINT('Ctrl Pts',(628.000009909272,21.3899804469944,21.3899804469944));
#8481=CARTESIAN_POINT('Ctrl Pts',(628.000009909272,21.5676077872484,21.2123531067404));
#8482=CARTESIAN_POINT('Ctrl Pts',(628.050227881064,21.754599869013,21.0204816296969));
#8483=CARTESIAN_POINT('Ctrl Pts',(628.254358051009,22.0941981848115,20.6632444203739));
#8484=CARTESIAN_POINT('Ctrl Pts',(628.408266196905,22.2469346463146,20.4980001921667));
#8485=CARTESIAN_POINT('Ctrl Pts',(628.76332661175,22.4862498910867,20.2351841828024));
#8486=CARTESIAN_POINT('Ctrl Pts',(628.98817286239,22.5888194645332,20.120094893434));
#8487=CARTESIAN_POINT('Ctrl Pts',(629.480909820366,22.7243281294642,19.9669200030016));
#8488=CARTESIAN_POINT('Ctrl Pts',(629.748806753116,22.7573919461754,19.9289648214291));
#8489=CARTESIAN_POINT('Ctrl Pts',(630.251213065429,22.7573919461754,19.9289648214291));
#8490=CARTESIAN_POINT('Ctrl Pts',(630.519109998179,22.7243281294641,19.9669200030016));
#8491=CARTESIAN_POINT('Ctrl Pts',(631.011846956155,22.5888194645331,20.1200948934341));
#8492=CARTESIAN_POINT('Ctrl Pts',(631.236693206794,22.4862498910867,20.2351841828024));
#8493=CARTESIAN_POINT('Ctrl Pts',(631.59175362164,22.2469346463146,20.4980001921667));
#8494=CARTESIAN_POINT('Ctrl Pts',(631.745661767535,22.0941981848114,20.663244420374));
#8495=CARTESIAN_POINT('Ctrl Pts',(631.949791937481,21.7545998690129,21.0204816296969));
#8496=CARTESIAN_POINT('Ctrl Pts',(632.000009909272,21.5676077872484,21.2123531067404));
#8497=CARTESIAN_POINT('Ctrl Pts',(632.000009909272,21.2123531067404,21.5676077872484));
#8498=CARTESIAN_POINT('Ctrl Pts',(631.949791937481,21.0204816296969,21.754599869013));
#8499=CARTESIAN_POINT('Ctrl Pts',(631.745661767535,20.6632444203739,22.0941981848115));
#8500=CARTESIAN_POINT('Ctrl Pts',(631.59175362164,20.4980001921667,22.2469346463146));
#8501=CARTESIAN_POINT('Ctrl Pts',(631.236693206794,20.2351841828024,22.4862498910867));
#8502=CARTESIAN_POINT('Ctrl Pts',(631.011846956155,20.120094893434,22.5888194645331));
#8503=CARTESIAN_POINT('Ctrl Pts',(630.519109998179,19.9669200030016,22.7243281294642));
#8504=CARTESIAN_POINT('Ctrl Pts',(630.251213065429,19.9289648214291,22.7573919461754));
#8505=CARTESIAN_POINT('Ctrl Pts',(630.000009909272,19.9289648214291,22.7573919461754));
#8506=CARTESIAN_POINT('Origin',(630.000009909272,0.,0.));
#8507=CARTESIAN_POINT('',(630.000009909272,-23.6431364800855,-20.8147093553392));
#8508=CARTESIAN_POINT('',(628.000009909272,-22.2738639234776,-22.2738639234776));
#8509=CARTESIAN_POINT('Ctrl Pts',(630.000009909272,-23.6431364800855,-20.8147093553392));
#8510=CARTESIAN_POINT('Ctrl Pts',(630.251206926287,-23.6431364800855,-20.8147093553392));
#8511=CARTESIAN_POINT('Ctrl Pts',(630.519101226033,-23.6099767752563,-20.8525652595535));
#8512=CARTESIAN_POINT('Ctrl Pts',(631.01183988179,-23.4741175489943,-21.0053870830761));
#8513=CARTESIAN_POINT('Ctrl Pts',(631.236689975623,-23.3712982328763,-21.1202279550268));
#8514=CARTESIAN_POINT('Ctrl Pts',(631.591756870014,-23.1315113660258,-21.3825815057729));
#8515=CARTESIAN_POINT('Ctrl Pts',(631.745665939608,-22.9785237966792,-21.547580050513));
#8516=CARTESIAN_POINT('Ctrl Pts',(631.94979432775,-22.6385740501673,-21.9044681944664));
#8517=CARTESIAN_POINT('Ctrl Pts',(632.000009909272,-22.4514869399203,-22.0962409070349));
#8518=CARTESIAN_POINT('Ctrl Pts',(632.000009909272,-22.0962409070349,-22.4514869399203));
#8519=CARTESIAN_POINT('Ctrl Pts',(631.94979432775,-21.9044681944664,-22.6385740501673));
#8520=CARTESIAN_POINT('Ctrl Pts',(631.745665939608,-21.547580050513,-22.9785237966792));
#8521=CARTESIAN_POINT('Ctrl Pts',(631.591756870014,-21.3825815057729,-23.1315113660258));
#8522=CARTESIAN_POINT('Ctrl Pts',(631.236689975623,-21.1202279550268,-23.3712982328763));
#8523=CARTESIAN_POINT('Ctrl Pts',(631.01183988179,-21.0053870830761,-23.4741175489943));
#8524=CARTESIAN_POINT('Ctrl Pts',(630.519101226033,-20.8525652595535,-23.6099767752563));
#8525=CARTESIAN_POINT('Ctrl Pts',(630.251206926287,-20.8147093553392,-23.6431364800855));
#8526=CARTESIAN_POINT('Ctrl Pts',(629.748812892257,-20.8147093553392,-23.6431364800855));
#8527=CARTESIAN_POINT('Ctrl Pts',(629.480918592511,-20.8525652595535,-23.6099767752563));
#8528=CARTESIAN_POINT('Ctrl Pts',(628.988179936754,-21.0053870830761,-23.4741175489943));
#8529=CARTESIAN_POINT('Ctrl Pts',(628.763329842921,-21.1202279550268,-23.3712982328763));
#8530=CARTESIAN_POINT('Ctrl Pts',(628.40826294853,-21.3825815057729,-23.1315113660258));
#8531=CARTESIAN_POINT('Ctrl Pts',(628.254353878936,-21.547580050513,-22.9785237966792));
#8532=CARTESIAN_POINT('Ctrl Pts',(628.050225490794,-21.9044681944664,-22.6385740501673));
#8533=CARTESIAN_POINT('Ctrl Pts',(628.000009909272,-22.0962409070349,-22.4514869399203));
#8534=CARTESIAN_POINT('Ctrl Pts',(628.000009909272,-22.2738639234776,-22.2738639234776));
#8535=CARTESIAN_POINT('Ctrl Pts',(628.000009909272,-22.2738639234776,-22.2738639234776));
#8536=CARTESIAN_POINT('Ctrl Pts',(628.000009909272,-22.4514869399203,-22.0962409070349));
#8537=CARTESIAN_POINT('Ctrl Pts',(628.050225490794,-22.6385740501673,-21.9044681944664));
#8538=CARTESIAN_POINT('Ctrl Pts',(628.254353878936,-22.9785237966792,-21.547580050513));
#8539=CARTESIAN_POINT('Ctrl Pts',(628.40826294853,-23.1315113660258,-21.3825815057729));
#8540=CARTESIAN_POINT('Ctrl Pts',(628.763329842921,-23.3712982328763,-21.1202279550268));
#8541=CARTESIAN_POINT('Ctrl Pts',(628.988179936754,-23.4741175489943,-21.0053870830762));
#8542=CARTESIAN_POINT('Ctrl Pts',(629.480918592511,-23.6099767752562,-20.8525652595535));
#8543=CARTESIAN_POINT('Ctrl Pts',(629.748812892257,-23.6431364800855,-20.8147093553392));
#8544=CARTESIAN_POINT('Ctrl Pts',(630.000009909272,-23.6431364800855,-20.8147093553392));
#8545=CARTESIAN_POINT('',(628.000009909272,-1.73191211247101E-16,1.73191211247101E-16));
#8546=CARTESIAN_POINT('Origin',(630.000009909272,0.,0.));
#8547=CARTESIAN_POINT('',(628.000009909272,22.2738639234776,22.2738639234776));
#8548=CARTESIAN_POINT('',(628.000009909272,-1.73191211247101E-16,1.73191211247101E-16));
#8549=CARTESIAN_POINT('',(630.000009909272,20.8147093553392,23.6431364800855));
#8550=CARTESIAN_POINT('Ctrl Pts',(630.000009909272,20.8147093553392,23.6431364800855));
#8551=CARTESIAN_POINT('Ctrl Pts',(629.748812892257,20.8147093553392,23.6431364800855));
#8552=CARTESIAN_POINT('Ctrl Pts',(629.480918592511,20.8525652595535,23.6099767752563));
#8553=CARTESIAN_POINT('Ctrl Pts',(628.988179936754,21.0053870830761,23.4741175489943));
#8554=CARTESIAN_POINT('Ctrl Pts',(628.763329842921,21.1202279550268,23.3712982328763));
#8555=CARTESIAN_POINT('Ctrl Pts',(628.40826294853,21.3825815057729,23.1315113660258));
#8556=CARTESIAN_POINT('Ctrl Pts',(628.254353878936,21.547580050513,22.9785237966792));
#8557=CARTESIAN_POINT('Ctrl Pts',(628.050225490794,21.9044681944664,22.6385740501673));
#8558=CARTESIAN_POINT('Ctrl Pts',(628.000009909272,22.0962409070349,22.4514869399203));
#8559=CARTESIAN_POINT('Ctrl Pts',(628.000009909272,22.2738639234776,22.2738639234776));
#8560=CARTESIAN_POINT('Ctrl Pts',(628.000009909272,22.2738639234776,22.2738639234776));
#8561=CARTESIAN_POINT('Ctrl Pts',(628.000009909272,22.4514869399203,22.0962409070349));
#8562=CARTESIAN_POINT('Ctrl Pts',(628.050225490794,22.6385740501674,21.9044681944663));
#8563=CARTESIAN_POINT('Ctrl Pts',(628.254353878936,22.9785237966792,21.5475800505129));
#8564=CARTESIAN_POINT('Ctrl Pts',(628.40826294853,23.1315113660258,21.3825815057729));
#8565=CARTESIAN_POINT('Ctrl Pts',(628.763329842921,23.3712982328763,21.1202279550268));
#8566=CARTESIAN_POINT('Ctrl Pts',(628.988179936754,23.4741175489943,21.0053870830761));
#8567=CARTESIAN_POINT('Ctrl Pts',(629.480918592511,23.6099767752563,20.8525652595535));
#8568=CARTESIAN_POINT('Ctrl Pts',(629.748812892257,23.6431364800855,20.8147093553392));
#8569=CARTESIAN_POINT('Ctrl Pts',(630.251206926287,23.6431364800855,20.8147093553392));
#8570=CARTESIAN_POINT('Ctrl Pts',(630.519101226033,23.6099767752563,20.8525652595535));
#8571=CARTESIAN_POINT('Ctrl Pts',(631.01183988179,23.4741175489943,21.0053870830761));
#8572=CARTESIAN_POINT('Ctrl Pts',(631.236689975623,23.3712982328763,21.1202279550268));
#8573=CARTESIAN_POINT('Ctrl Pts',(631.591756870014,23.1315113660258,21.3825815057729));
#8574=CARTESIAN_POINT('Ctrl Pts',(631.745665939608,22.9785237966792,21.547580050513));
#8575=CARTESIAN_POINT('Ctrl Pts',(631.94979432775,22.6385740501673,21.9044681944664));
#8576=CARTESIAN_POINT('Ctrl Pts',(632.000009909272,22.4514869399203,22.0962409070349));
#8577=CARTESIAN_POINT('Ctrl Pts',(632.000009909272,22.0962409070349,22.4514869399203));
#8578=CARTESIAN_POINT('Ctrl Pts',(631.94979432775,21.9044681944664,22.6385740501673));
#8579=CARTESIAN_POINT('Ctrl Pts',(631.745665939608,21.547580050513,22.9785237966792));
#8580=CARTESIAN_POINT('Ctrl Pts',(631.591756870014,21.3825815057729,23.1315113660258));
#8581=CARTESIAN_POINT('Ctrl Pts',(631.236689975623,21.1202279550268,23.3712982328763));
#8582=CARTESIAN_POINT('Ctrl Pts',(631.01183988179,21.0053870830761,23.4741175489943));
#8583=CARTESIAN_POINT('Ctrl Pts',(630.519101226033,20.8525652595535,23.6099767752563));
#8584=CARTESIAN_POINT('Ctrl Pts',(630.251206926287,20.8147093553392,23.6431364800855));
#8585=CARTESIAN_POINT('Ctrl Pts',(630.000009909272,20.8147093553392,23.6431364800855));
#8586=CARTESIAN_POINT('Origin',(628.482587933096,0.,0.));
#8587=CARTESIAN_POINT('',(620.00000923872,-3.85763747206014E-15,31.5000004470348));
#8588=CARTESIAN_POINT('',(636.965166627471,-3.85763747206014E-15,31.5000004470348));
#8589=CARTESIAN_POINT('',(628.482587933096,-3.85763747206014E-15,31.5000004470348));
#8590=CARTESIAN_POINT('',(636.965166627471,31.5000004470348,5.78645620809021E-15));
#8591=CARTESIAN_POINT('Origin',(636.965166627471,0.,0.));
#8592=CARTESIAN_POINT('',(620.00000923872,31.5000004470348,5.78645620809021E-15));
#8593=CARTESIAN_POINT('',(628.482587933096,31.5000004470348,5.78645620809021E-15));
#8594=CARTESIAN_POINT('Origin',(620.00000923872,0.,0.));
#8595=CARTESIAN_POINT('Origin',(628.482587933096,0.,0.));
#8596=CARTESIAN_POINT('',(620.00000923872,-31.5000004470348,-1.92881873603007E-15));
#8597=CARTESIAN_POINT('',(636.965166627471,-31.5000004470348,-1.92881873603007E-15));
#8598=CARTESIAN_POINT('',(628.482587933096,-31.5000004470348,-1.92881873603007E-15));
#8599=CARTESIAN_POINT('Origin',(636.965166627471,0.,0.));
#8600=CARTESIAN_POINT('Origin',(620.00000923872,0.,0.));
#8601=CARTESIAN_POINT('Origin',(628.482587933096,0.,0.));
#8602=CARTESIAN_POINT('',(620.00000923872,0.,-31.5000004470348));
#8603=CARTESIAN_POINT('',(636.965166627471,0.,-31.5000004470348));
#8604=CARTESIAN_POINT('',(628.482587933096,0.,-31.5000004470348));
#8605=CARTESIAN_POINT('Origin',(620.00000923872,0.,0.));
#8606=CARTESIAN_POINT('Origin',(636.965166627471,0.,0.));
#8607=CARTESIAN_POINT('Origin',(620.00000923872,0.,-31.5000004470348));
#8608=CARTESIAN_POINT('Origin',(620.00000923872,0.,0.));
#8609=CARTESIAN_POINT('Origin',(628.482587933096,0.,0.));
#8610=CARTESIAN_POINT('Origin',(636.965166627471,0.,0.));
#8611=CARTESIAN_POINT('Origin',(636.982588059756,0.,0.));
#8612=CARTESIAN_POINT('',(636.982588059756,-3.76578896212409E-15,30.7500004470348));
#8613=CARTESIAN_POINT('Origin',(645.000009909272,59.0000004470348,1.00000000000001));
#8614=CARTESIAN_POINT('',(625.000009909272,86.5000004470348,1.00000000000002));
#8615=CARTESIAN_POINT('',(595.000009909272,31.5000004470348,1.00000000000001));
#8616=CARTESIAN_POINT('',(625.000009909272,86.5000004470348,1.00000000000002));
#8617=CARTESIAN_POINT('',(665.000009909272,31.5000004470348,1.00000000000001));
#8618=CARTESIAN_POINT('',(595.000009909272,31.5000004470348,1.00000000000001));
#8619=CARTESIAN_POINT('',(695.000009909272,86.5000004470348,1.00000000000002));
#8620=CARTESIAN_POINT('',(695.000009909272,86.5000004470348,1.00000000000002));
#8621=CARTESIAN_POINT('',(625.000009909272,86.5000004470348,1.00000000000002));
#8622=CARTESIAN_POINT('Origin',(625.000009909272,86.5000004470348,1.58897923010559E-14));
#8623=CARTESIAN_POINT('',(595.000009909272,31.5000004470348,-0.999999999999994));
#8624=CARTESIAN_POINT('',(595.000009909272,31.5000004470348,5.78645620809021E-15));
#8625=CARTESIAN_POINT('',(595.000009909272,31.5000004470348,5.78645620809021E-15));
#8626=CARTESIAN_POINT('',(595.000009909272,31.5000004470348,5.78645620809021E-15));
#8627=CARTESIAN_POINT('',(625.000009909272,86.5000004470348,-0.999999999999984));
#8628=CARTESIAN_POINT('',(625.000009909272,86.5000004470348,1.58897923010559E-14));
#8629=CARTESIAN_POINT('',(625.000009909272,86.5000004470348,-0.999999999999984));
#8630=CARTESIAN_POINT('Origin',(595.000009909272,31.5000004470348,5.78645620809021E-15));
#8631=CARTESIAN_POINT('',(665.000009909272,31.5000004470348,-0.999999999999994));
#8632=CARTESIAN_POINT('',(665.000009909272,31.5000004470348,5.78645620809021E-15));
#8633=CARTESIAN_POINT('',(610.000009089708,31.5000004470348,5.78645620809021E-15));
#8634=CARTESIAN_POINT('',(602.50000949949,31.5000004470348,5.78645620809021E-15));
#8635=CARTESIAN_POINT('',(595.000009909272,31.5000004470348,-0.999999999999994));
#8636=CARTESIAN_POINT('',(620.00000923872,31.5000004470348,5.78645620809021E-15));
#8637=CARTESIAN_POINT('',(636.965166627471,31.5000004470348,5.78645620809021E-15));
#8638=CARTESIAN_POINT('',(628.482587933096,31.5000004470348,5.78645620809021E-15));
#8639=CARTESIAN_POINT('Origin',(665.000009909272,31.5000004470348,5.78645620809021E-15));
#8640=CARTESIAN_POINT('',(695.000009909272,86.5000004470348,-0.999999999999984));
#8641=CARTESIAN_POINT('',(695.000009909272,86.5000004470348,1.58897923010559E-14));
#8642=CARTESIAN_POINT('',(695.000009909272,86.5000004470348,-0.999999999999984));
#8643=CARTESIAN_POINT('Origin',(695.000009909272,86.5000004470348,1.58897923010559E-14));
#8644=CARTESIAN_POINT('',(625.000009909272,86.5000004470348,-0.999999999999984));
#8645=CARTESIAN_POINT('Origin',(645.000009909272,59.0000004470348,-0.999999999999989));
#8646=CARTESIAN_POINT('Origin',(274.976174678758,0.00850904022022169,-0.00850904022022169));
#8647=CARTESIAN_POINT('',(274.976174678758,-1.99149095977978,-27.6784476399439));
#8648=CARTESIAN_POINT('',(272.976174678758,0.00850904022021526,-27.7499986954276));
#8649=CARTESIAN_POINT('Ctrl Pts',(274.976174678758,-1.99149095977978,-27.6784476399439));
#8650=CARTESIAN_POINT('Ctrl Pts',(275.227392487434,-1.99149095977978,-27.6784476399439));
#8651=CARTESIAN_POINT('Ctrl Pts',(275.495296003963,-1.94126723851685,-27.6822044871462));
#8652=CARTESIAN_POINT('Ctrl Pts',(275.988030080079,-1.73713214904778,-27.6957638571833));
#8653=CARTESIAN_POINT('Ctrl Pts',(276.212868006308,-1.58322552475212,-27.7053693858357));
#8654=CARTESIAN_POINT('Ctrl Pts',(276.56791306873,-1.2281789267719,-27.7233777135707));
#8655=CARTESIAN_POINT('Ctrl Pts',(276.721818498628,-1.00334153195952,-27.7329505698096));
#8656=CARTESIAN_POINT('Ctrl Pts',(276.925951691028,-0.510608993869957,-27.7463965226476));
#8657=CARTESIAN_POINT('Ctrl Pts',(276.976174678758,-0.242706600516023,-27.7500757262057));
#8658=CARTESIAN_POINT('Ctrl Pts',(276.976174678758,0.259728998995554,-27.7499216633255));
#8659=CARTESIAN_POINT('Ctrl Pts',(276.925950147233,0.527633385933731,-27.7460780448802));
#8660=CARTESIAN_POINT('Ctrl Pts',(276.721814361786,1.02036701251138,-27.7323294193434));
#8661=CARTESIAN_POINT('Ctrl Pts',(276.567907963564,1.2452036545085,-27.7226182923884));
#8662=CARTESIAN_POINT('Ctrl Pts',(276.212863567358,1.60024650201031,-27.7043914899079));
#8663=CARTESIAN_POINT('Ctrl Pts',(275.98802761408,1.75415144266272,-27.6946911368587));
#8664=CARTESIAN_POINT('Ctrl Pts',(275.495296018312,1.95828512147731,-27.6810058317325));
#8665=CARTESIAN_POINT('Ctrl Pts',(275.227392926433,2.00850904022021,-27.6772179135721));
#8666=CARTESIAN_POINT('Ctrl Pts',(274.724956431084,2.00850904022021,-27.6772179135721));
#8667=CARTESIAN_POINT('Ctrl Pts',(274.457053339204,1.95828512147732,-27.6810058317325));
#8668=CARTESIAN_POINT('Ctrl Pts',(273.964321743437,1.75415144266275,-27.6946911368586));
#8669=CARTESIAN_POINT('Ctrl Pts',(273.739485790158,1.60024650201031,-27.7043914899079));
#8670=CARTESIAN_POINT('Ctrl Pts',(273.384441393952,1.2452036545085,-27.7226182923884));
#8671=CARTESIAN_POINT('Ctrl Pts',(273.23053499573,1.02036701251142,-27.7323294193434));
#8672=CARTESIAN_POINT('Ctrl Pts',(273.026399210283,0.527633385933765,-27.7460780448802));
#8673=CARTESIAN_POINT('Ctrl Pts',(272.976174678758,0.259728998995551,-27.7499216633255));
#8674=CARTESIAN_POINT('Ctrl Pts',(272.976174678758,0.00850904022021322,
-27.7499986954276));
#8675=CARTESIAN_POINT('Ctrl Pts',(272.976174678758,0.00850904022021502,
-27.7499986954276));
#8676=CARTESIAN_POINT('Ctrl Pts',(272.976174678758,-0.242706600516024,-27.7500757262057));
#8677=CARTESIAN_POINT('Ctrl Pts',(273.026397666488,-0.510608993869957,-27.7463965226476));
#8678=CARTESIAN_POINT('Ctrl Pts',(273.230530858888,-1.00334153195952,-27.7329505698096));
#8679=CARTESIAN_POINT('Ctrl Pts',(273.384436288786,-1.2281789267719,-27.7233777135707));
#8680=CARTESIAN_POINT('Ctrl Pts',(273.739481351209,-1.58322552475212,-27.7053693858357));
#8681=CARTESIAN_POINT('Ctrl Pts',(273.964319277437,-1.73713214904778,-27.6957638571833));
#8682=CARTESIAN_POINT('Ctrl Pts',(274.457053353554,-1.94126723851685,-27.6822044871462));
#8683=CARTESIAN_POINT('Ctrl Pts',(274.724956870082,-1.99149095977977,-27.6784476399439));
#8684=CARTESIAN_POINT('Ctrl Pts',(274.976174678758,-1.99149095977978,-27.6784476399439));
#8685=CARTESIAN_POINT('',(272.976174678758,0.00850904022021741,-22.7499984087084));
#8686=CARTESIAN_POINT('',(272.976174678758,0.00850904022022145,-0.00850904022022169));
#8687=CARTESIAN_POINT('',(274.976174678758,-1.99149095977978,-22.6626667397532));
#8688=CARTESIAN_POINT('Ctrl Pts',(274.976174678758,-1.99149095977978,-22.6626667397532));
#8689=CARTESIAN_POINT('Ctrl Pts',(274.724911080909,-1.99149095977978,-22.6626667397532));
#8690=CARTESIAN_POINT('Ctrl Pts',(274.456987844146,-1.94124938142291,-22.6672569704703));
#8691=CARTESIAN_POINT('Ctrl Pts',(273.964265906827,-1.73710075302735,-22.6838151258803));
#8692=CARTESIAN_POINT('Ctrl Pts',(273.739456198887,-1.5832007473831,-22.6955414711507));
#8693=CARTESIAN_POINT('Ctrl Pts',(273.384459313601,-1.22820157662628,-22.7175185113318));
#8694=CARTESIAN_POINT('Ctrl Pts',(273.230560993488,-1.00339260903107,-22.7291984847302));
#8695=CARTESIAN_POINT('Ctrl Pts',(273.026415123958,-0.510672788520032,-22.7456033946836));
#8696=CARTESIAN_POINT('Ctrl Pts',(272.976174678758,-0.242751164781609,-22.7500923859981));
#8697=CARTESIAN_POINT('Ctrl Pts',(272.976174678758,0.0085090402202101,-22.7499984087084));
#8698=CARTESIAN_POINT('Ctrl Pts',(272.976174678758,0.00850904022021842,
-22.7499984087084));
#8699=CARTESIAN_POINT('Ctrl Pts',(272.976174678758,0.25977567644008,-22.7499044290133));
#8700=CARTESIAN_POINT('Ctrl Pts',(273.026417423797,0.52770027010969,-22.7452148016722));
#8701=CARTESIAN_POINT('Ctrl Pts',(273.230567155558,1.02042171154818,-22.7284404102184));
#8702=CARTESIAN_POINT('Ctrl Pts',(273.384466917515,1.24522955624168,-22.7165915679052));
#8703=CARTESIAN_POINT('Ctrl Pts',(273.739462806407,1.6002231400779,-22.6943476312901));
#8704=CARTESIAN_POINT('Ctrl Pts',(273.964269574142,1.75412063716109,-22.6825053631328));
#8705=CARTESIAN_POINT('Ctrl Pts',(274.456987814832,1.95826716549457,-22.6657931363996));
#8706=CARTESIAN_POINT('Ctrl Pts',(274.724910419662,2.00850904022021,-22.6611648296232));
#8707=CARTESIAN_POINT('Ctrl Pts',(275.227438937855,2.00850904022021,-22.6611648296232));
#8708=CARTESIAN_POINT('Ctrl Pts',(275.495361542684,1.95826716549457,-22.6657931363996));
#8709=CARTESIAN_POINT('Ctrl Pts',(275.988079783375,1.75412063716109,-22.6825053631328));
#8710=CARTESIAN_POINT('Ctrl Pts',(276.212886551109,1.6002231400779,-22.6943476312901));
#8711=CARTESIAN_POINT('Ctrl Pts',(276.567882440002,1.24522955624168,-22.7165915679052));
#8712=CARTESIAN_POINT('Ctrl Pts',(276.721782201958,1.02042171154818,-22.7284404102184));
#8713=CARTESIAN_POINT('Ctrl Pts',(276.925931933719,0.52770027010969,-22.7452148016722));
#8714=CARTESIAN_POINT('Ctrl Pts',(276.976174678758,0.259775676440078,-22.7499044290133));
#8715=CARTESIAN_POINT('Ctrl Pts',(276.976174678758,-0.242751164781601,-22.750092385998));
#8716=CARTESIAN_POINT('Ctrl Pts',(276.925934233558,-0.510672788520031,-22.7456033946836));
#8717=CARTESIAN_POINT('Ctrl Pts',(276.721788364028,-1.00339260903107,-22.7291984847302));
#8718=CARTESIAN_POINT('Ctrl Pts',(276.567890043915,-1.22820157662627,-22.7175185113318));
#8719=CARTESIAN_POINT('Ctrl Pts',(276.21289315863,-1.5832007473831,-22.6955414711507));
#8720=CARTESIAN_POINT('Ctrl Pts',(275.988083450689,-1.73710075302739,-22.6838151258803));
#8721=CARTESIAN_POINT('Ctrl Pts',(275.49536151337,-1.94124938142293,-22.6672569704703));
#8722=CARTESIAN_POINT('Ctrl Pts',(275.227438276607,-1.99149095977977,-22.6626667397532));
#8723=CARTESIAN_POINT('Ctrl Pts',(274.976174678758,-1.99149095977977,-22.6626667397532));
#8724=CARTESIAN_POINT('Origin',(274.976174678758,0.00850904022022169,-0.00850904022022169));
#8725=CARTESIAN_POINT('',(274.976174678758,-1.99149095977977,22.6626667397532));
#8726=CARTESIAN_POINT('',(276.976156577715,-2.29573909020236E-9,22.75));
#8727=CARTESIAN_POINT('Ctrl Pts',(274.976174678758,-1.99149095977977,22.6626667397532));
#8728=CARTESIAN_POINT('Ctrl Pts',(275.227438276607,-1.99149095977977,22.6626667397532));
#8729=CARTESIAN_POINT('Ctrl Pts',(275.49536151337,-1.9412493814229,22.6672569704703));
#8730=CARTESIAN_POINT('Ctrl Pts',(275.988083450689,-1.73710075302734,22.6838151258803));
#8731=CARTESIAN_POINT('Ctrl Pts',(276.21289315863,-1.58320074738309,22.6955414711507));
#8732=CARTESIAN_POINT('Ctrl Pts',(276.567890043915,-1.22820157662626,22.7175185113318));
#8733=CARTESIAN_POINT('Ctrl Pts',(276.721788364028,-1.00339260903106,22.7291984847302));
#8734=CARTESIAN_POINT('Ctrl Pts',(276.924782838745,-0.51345175753225,22.7455108700184));
#8735=CARTESIAN_POINT('Ctrl Pts',(276.975098072444,-0.248793074747171,22.7499999999498));
#8736=CARTESIAN_POINT('Ctrl Pts',(276.976156577715,-4.59147588005582E-9,
22.75));
#8737=CARTESIAN_POINT('',(272.976192779801,-2.29574113717606E-9,22.75));
#8738=CARTESIAN_POINT('Ctrl Pts',(272.976192779801,-4.59147643516733E-9,
22.75));
#8739=CARTESIAN_POINT('Ctrl Pts',(272.977251285072,-0.248793074747172,22.7499999999498));
#8740=CARTESIAN_POINT('Ctrl Pts',(273.027566518771,-0.51345175753229,22.7455108700184));
#8741=CARTESIAN_POINT('Ctrl Pts',(273.230560993488,-1.0033926090311,22.7291984847302));
#8742=CARTESIAN_POINT('Ctrl Pts',(273.384459313601,-1.22820157662627,22.7175185113318));
#8743=CARTESIAN_POINT('Ctrl Pts',(273.739456198887,-1.58320074738309,22.6955414711507));
#8744=CARTESIAN_POINT('Ctrl Pts',(273.964265906827,-1.73710075302731,22.6838151258803));
#8745=CARTESIAN_POINT('Ctrl Pts',(274.456987844146,-1.94124938142289,22.6672569704703));
#8746=CARTESIAN_POINT('Ctrl Pts',(274.724911080909,-1.99149095977977,22.6626667397532));
#8747=CARTESIAN_POINT('Ctrl Pts',(274.976174678758,-1.99149095977977,22.6626667397532));
#8748=CARTESIAN_POINT('',(272.976174678758,0.00850904022022486,22.7499984087084));
#8749=CARTESIAN_POINT('Ctrl Pts',(272.976174678758,0.00850904022022654,
22.7499984087084));
#8750=CARTESIAN_POINT('Ctrl Pts',(272.976174678758,0.00567479530196043,
22.7499994687834));
#8751=CARTESIAN_POINT('Ctrl Pts',(272.976180703514,0.00283842861635574,
22.7500000000006));
#8752=CARTESIAN_POINT('Ctrl Pts',(272.976192779801,-4.59147598068937E-9,
22.75));
#8753=CARTESIAN_POINT('',(272.976174678758,0.0085090402202268,27.7499986954276));
#8754=CARTESIAN_POINT('',(272.976174678758,0.00850904022022145,-0.00850904022022169));
#8755=CARTESIAN_POINT('',(272.976192779801,-2.29600966628161E-9,27.75));
#8756=CARTESIAN_POINT('Ctrl Pts',(272.976192779801,-4.59201718554617E-9,
27.75));
#8757=CARTESIAN_POINT('Ctrl Pts',(272.976180703497,0.00283843256804382,
27.7500000000005));
#8758=CARTESIAN_POINT('Ctrl Pts',(272.976174678758,0.00567479926274918,
27.7499995644969));
#8759=CARTESIAN_POINT('Ctrl Pts',(272.976174678758,0.00850904022022808,
27.7499986954276));
#8760=CARTESIAN_POINT('',(274.976174678758,-1.99149095977976,27.6784476399439));
#8761=CARTESIAN_POINT('Ctrl Pts',(274.976174678758,-1.99149095977976,27.6784476399439));
#8762=CARTESIAN_POINT('Ctrl Pts',(274.724956870082,-1.99149095977976,27.6784476399439));
#8763=CARTESIAN_POINT('Ctrl Pts',(274.457053353554,-1.94126723851684,27.6822044871462));
#8764=CARTESIAN_POINT('Ctrl Pts',(273.964319277437,-1.73713214904777,27.6957638571833));
#8765=CARTESIAN_POINT('Ctrl Pts',(273.739481351209,-1.58322552475211,27.7053693858357));
#8766=CARTESIAN_POINT('Ctrl Pts',(273.384436288786,-1.22817892677189,27.7233777135707));
#8767=CARTESIAN_POINT('Ctrl Pts',(273.230530858888,-1.00334153195951,27.7329505698096));
#8768=CARTESIAN_POINT('Ctrl Pts',(273.02754919243,-0.513388523712201,27.7463206733292));
#8769=CARTESIAN_POINT('Ctrl Pts',(272.97725109816,-0.248749142571838,27.7499999999588));
#8770=CARTESIAN_POINT('Ctrl Pts',(272.976192779801,-4.59201593416836E-9,
27.75));
#8771=CARTESIAN_POINT('',(276.976156577715,-2.29600918055904E-9,27.75));
#8772=CARTESIAN_POINT('Ctrl Pts',(276.976156577715,-4.59201954239319E-9,
27.75));
#8773=CARTESIAN_POINT('Ctrl Pts',(276.975098259356,-0.248749142571842,27.7499999999588));
#8774=CARTESIAN_POINT('Ctrl Pts',(276.924800165086,-0.513388523712184,27.7463206733292));
#8775=CARTESIAN_POINT('Ctrl Pts',(276.721818498628,-1.00334153195948,27.7329505698096));
#8776=CARTESIAN_POINT('Ctrl Pts',(276.56791306873,-1.22817892677189,27.7233777135707));
#8777=CARTESIAN_POINT('Ctrl Pts',(276.212868006308,-1.58322552475211,27.7053693858357));
#8778=CARTESIAN_POINT('Ctrl Pts',(275.988030080079,-1.73713214904777,27.6957638571833));
#8779=CARTESIAN_POINT('Ctrl Pts',(275.495296003963,-1.94126723851684,27.6822044871462));
#8780=CARTESIAN_POINT('Ctrl Pts',(275.227392487434,-1.99149095977976,27.6784476399439));
#8781=CARTESIAN_POINT('Ctrl Pts',(274.976174678758,-1.99149095977976,27.6784476399439));
#8782=CARTESIAN_POINT('Ctrl Pts',(272.976174678758,0.00850904022022557,
27.7499986954276));
#8783=CARTESIAN_POINT('Ctrl Pts',(272.976174678758,0.259728998995564,27.7499216633255));
#8784=CARTESIAN_POINT('Ctrl Pts',(273.026399210283,0.527633385933743,27.7460780448802));
#8785=CARTESIAN_POINT('Ctrl Pts',(273.23053499573,1.0203670125114,27.7323294193434));
#8786=CARTESIAN_POINT('Ctrl Pts',(273.384441393952,1.24520365450851,27.7226182923884));
#8787=CARTESIAN_POINT('Ctrl Pts',(273.739485790158,1.60024650201032,27.7043914899079));
#8788=CARTESIAN_POINT('Ctrl Pts',(273.964321743436,1.75415144266273,27.6946911368587));
#8789=CARTESIAN_POINT('Ctrl Pts',(274.457053339204,1.95828512147733,27.6810058317325));
#8790=CARTESIAN_POINT('Ctrl Pts',(274.724956431084,2.00850904022022,27.6772179135721));
#8791=CARTESIAN_POINT('Ctrl Pts',(275.227392926433,2.00850904022022,27.6772179135721));
#8792=CARTESIAN_POINT('Ctrl Pts',(275.495296018312,1.95828512147733,27.6810058317325));
#8793=CARTESIAN_POINT('Ctrl Pts',(275.98802761408,1.75415144266273,27.6946911368587));
#8794=CARTESIAN_POINT('Ctrl Pts',(276.212863567358,1.60024650201032,27.7043914899079));
#8795=CARTESIAN_POINT('Ctrl Pts',(276.567907963564,1.24520365450851,27.7226182923884));
#8796=CARTESIAN_POINT('Ctrl Pts',(276.721814361786,1.0203670125114,27.7323294193434));
#8797=CARTESIAN_POINT('Ctrl Pts',(276.925950147233,0.527633385933749,27.7460780448802));
#8798=CARTESIAN_POINT('Ctrl Pts',(276.976174678758,0.259728998995566,27.7499216633255));
#8799=CARTESIAN_POINT('Ctrl Pts',(276.976174678758,0.00567479926274898,
27.7499995644969));
#8800=CARTESIAN_POINT('Ctrl Pts',(276.976168654019,0.00283843256804379,
27.7500000000005));
#8801=CARTESIAN_POINT('Ctrl Pts',(276.976156577715,-4.59201705547463E-9,
27.75));
#8802=CARTESIAN_POINT('Ctrl Pts',(276.976156577715,-4.59147566606264E-9,
22.75));
#8803=CARTESIAN_POINT('Ctrl Pts',(276.976168654002,0.00283842861635608,
22.7500000000006));
#8804=CARTESIAN_POINT('Ctrl Pts',(276.976174678758,0.00567479530196093,
22.7499994687834));
#8805=CARTESIAN_POINT('Ctrl Pts',(276.976174678758,0.259775676440089,22.7499044290133));
#8806=CARTESIAN_POINT('Ctrl Pts',(276.925931933719,0.5277002701097,22.7452148016722));
#8807=CARTESIAN_POINT('Ctrl Pts',(276.721782201958,1.02042171154819,22.7284404102184));
#8808=CARTESIAN_POINT('Ctrl Pts',(276.567882440002,1.24522955624169,22.7165915679052));
#8809=CARTESIAN_POINT('Ctrl Pts',(276.212886551109,1.60022314007791,22.6943476312901));
#8810=CARTESIAN_POINT('Ctrl Pts',(275.988079783375,1.7541206371611,22.6825053631328));
#8811=CARTESIAN_POINT('Ctrl Pts',(275.495361542684,1.95826716549458,22.6657931363996));
#8812=CARTESIAN_POINT('Ctrl Pts',(275.227438937855,2.00850904022022,22.6611648296232));
#8813=CARTESIAN_POINT('Ctrl Pts',(274.724910419662,2.00850904022022,22.6611648296232));
#8814=CARTESIAN_POINT('Ctrl Pts',(274.456987814832,1.95826716549458,22.6657931363996));
#8815=CARTESIAN_POINT('Ctrl Pts',(273.964269574142,1.7541206371611,22.6825053631328));
#8816=CARTESIAN_POINT('Ctrl Pts',(273.739462806407,1.60022314007791,22.6943476312901));
#8817=CARTESIAN_POINT('Ctrl Pts',(273.384466917515,1.24522955624169,22.7165915679052));
#8818=CARTESIAN_POINT('Ctrl Pts',(273.230567155558,1.0204217115482,22.7284404102184));
#8819=CARTESIAN_POINT('Ctrl Pts',(273.026417423797,0.5277002701097,22.7452148016722));
#8820=CARTESIAN_POINT('Ctrl Pts',(272.976174678758,0.259775676440087,22.7499044290133));
#8821=CARTESIAN_POINT('Ctrl Pts',(272.976174678758,0.00850904022022585,
22.7499984087084));
#8822=CARTESIAN_POINT('Origin',(274.976174678758,0.,0.));
#8823=CARTESIAN_POINT('',(274.976174678758,-27.6778340915614,1.99999999999999));
#8824=CARTESIAN_POINT('',(272.976174678758,-27.75,2.4492935982947E-16));
#8825=CARTESIAN_POINT('Ctrl Pts',(274.976174678758,-27.6778340915614,1.99999999999999));
#8826=CARTESIAN_POINT('Ctrl Pts',(275.227392707521,-27.6778340915614,1.99999999999999));
#8827=CARTESIAN_POINT('Ctrl Pts',(275.495296013221,-27.6816064736923,1.94977617983265));
#8828=CARTESIAN_POINT('Ctrl Pts',(275.988028853943,-27.6952288097649,1.7456417923131));
#8829=CARTESIAN_POINT('Ctrl Pts',(276.212865796948,-27.7048817497065,1.59173600655608));
#8830=CARTESIAN_POINT('Ctrl Pts',(276.567910523013,-27.7229993128227,1.23669128049146));
#8831=CARTESIAN_POINT('Ctrl Pts',(276.721816433803,-27.7326413029688,1.01185426528963));
#8832=CARTESIAN_POINT('Ctrl Pts',(276.925950919328,-27.7462385898545,0.519121187709619));
#8833=CARTESIAN_POINT('Ctrl Pts',(276.976174678758,-27.75,0.251217799085209));
#8834=CARTESIAN_POINT('Ctrl Pts',(276.976174678758,-27.75,-0.251217799085209));
#8835=CARTESIAN_POINT('Ctrl Pts',(276.925950919328,-27.7462385898545,-0.519121187709619));
#8836=CARTESIAN_POINT('Ctrl Pts',(276.721816433803,-27.7326413029688,-1.01185426528963));
#8837=CARTESIAN_POINT('Ctrl Pts',(276.567910523013,-27.7229993128227,-1.23669128049146));
#8838=CARTESIAN_POINT('Ctrl Pts',(276.212865796948,-27.7048817497065,-1.59173600655608));
#8839=CARTESIAN_POINT('Ctrl Pts',(275.988028853943,-27.6952288097649,-1.74564179231308));
#8840=CARTESIAN_POINT('Ctrl Pts',(275.495296013221,-27.6816064736923,-1.94977617983265));
#8841=CARTESIAN_POINT('Ctrl Pts',(275.227392707522,-27.6778340915614,-1.99999999999999));
#8842=CARTESIAN_POINT('Ctrl Pts',(274.724956649995,-27.6778340915614,-1.99999999999999));
#8843=CARTESIAN_POINT('Ctrl Pts',(274.457053344295,-27.6816064736923,-1.94977617983265));
#8844=CARTESIAN_POINT('Ctrl Pts',(273.964320503573,-27.6952288097649,-1.7456417923131));
#8845=CARTESIAN_POINT('Ctrl Pts',(273.739483560568,-27.7048817497065,-1.59173600655608));
#8846=CARTESIAN_POINT('Ctrl Pts',(273.384438834503,-27.7229993128227,-1.23669128049146));
#8847=CARTESIAN_POINT('Ctrl Pts',(273.230532923713,-27.7326413029688,-1.01185426528963));
#8848=CARTESIAN_POINT('Ctrl Pts',(273.026398438189,-27.7462385898545,-0.51912118770962));
#8849=CARTESIAN_POINT('Ctrl Pts',(272.976174678758,-27.75,-0.251217799085211));
#8850=CARTESIAN_POINT('Ctrl Pts',(272.976174678758,-27.75,-2.4980018054066E-15));
#8851=CARTESIAN_POINT('Ctrl Pts',(272.976174678758,-27.75,1.52655665885959E-15));
#8852=CARTESIAN_POINT('Ctrl Pts',(272.976174678758,-27.75,0.251217799085211));
#8853=CARTESIAN_POINT('Ctrl Pts',(273.026398438189,-27.7462385898545,0.519121187709666));
#8854=CARTESIAN_POINT('Ctrl Pts',(273.230532923713,-27.7326413029688,1.01185426528967));
#8855=CARTESIAN_POINT('Ctrl Pts',(273.384438834503,-27.7229993128227,1.23669128049146));
#8856=CARTESIAN_POINT('Ctrl Pts',(273.739483560568,-27.7048817497065,1.59173600655608));
#8857=CARTESIAN_POINT('Ctrl Pts',(273.964320503573,-27.6952288097649,1.7456417923131));
#8858=CARTESIAN_POINT('Ctrl Pts',(274.457053344295,-27.6816064736923,1.94977617983265));
#8859=CARTESIAN_POINT('Ctrl Pts',(274.724956649995,-27.6778340915614,1.99999999999999));
#8860=CARTESIAN_POINT('Ctrl Pts',(274.976174678758,-27.6778340915614,1.99999999999999));
#8861=CARTESIAN_POINT('',(272.976174678758,-22.75,1.89188262541108E-15));
#8862=CARTESIAN_POINT('',(272.976174678758,0.,2.4492935982947E-16));
#8863=CARTESIAN_POINT('',(274.976174678758,-22.6619173946072,1.99999999999999));
#8864=CARTESIAN_POINT('Ctrl Pts',(274.976174678758,-22.6619173946072,1.99999999999999));
#8865=CARTESIAN_POINT('Ctrl Pts',(274.724910749433,-22.6619173946072,1.99999999999999));
#8866=CARTESIAN_POINT('Ctrl Pts',(274.456987826411,-22.6665266623467,1.94975827322143));
#8867=CARTESIAN_POINT('Ctrl Pts',(273.964267730268,-22.6831618506626,1.74561068982348));
#8868=CARTESIAN_POINT('Ctrl Pts',(273.739459487572,-22.6949461557187,1.59171193355963));
#8869=CARTESIAN_POINT('Ctrl Pts',(273.384463105297,-22.7170566404912,1.23671555128492));
#8870=CARTESIAN_POINT('Ctrl Pts',(273.230564069132,-22.7288210457092,1.01190714989126));
#8871=CARTESIAN_POINT('Ctrl Pts',(273.026416273568,-22.7454106922285,0.51918652599512));
#8872=CARTESIAN_POINT('Ctrl Pts',(272.976174678758,-22.75,0.251263419575521));
#8873=CARTESIAN_POINT('Ctrl Pts',(272.976174678758,-22.75,8.32667268468867E-16));
#8874=CARTESIAN_POINT('Ctrl Pts',(272.976174678758,-22.75,3.53883589099269E-15));
#8875=CARTESIAN_POINT('Ctrl Pts',(272.976174678758,-22.75,-0.251263419575517));
#8876=CARTESIAN_POINT('Ctrl Pts',(273.026416273568,-22.7454106922285,-0.51918652599512));
#8877=CARTESIAN_POINT('Ctrl Pts',(273.230564069132,-22.7288210457092,-1.01190714989126));
#8878=CARTESIAN_POINT('Ctrl Pts',(273.384463105297,-22.7170566404912,-1.23671555128492));
#8879=CARTESIAN_POINT('Ctrl Pts',(273.739459487572,-22.6949461557187,-1.59171193355963));
#8880=CARTESIAN_POINT('Ctrl Pts',(273.964267730268,-22.6831618506626,-1.74561068982348));
#8881=CARTESIAN_POINT('Ctrl Pts',(274.456987826411,-22.6665266623467,-1.94975827322143));
#8882=CARTESIAN_POINT('Ctrl Pts',(274.724910749433,-22.6619173946072,-1.99999999999999));
#8883=CARTESIAN_POINT('Ctrl Pts',(275.227438608083,-22.6619173946072,-1.99999999999999));
#8884=CARTESIAN_POINT('Ctrl Pts',(275.495361531106,-22.6665266623467,-1.94975827322143));
#8885=CARTESIAN_POINT('Ctrl Pts',(275.988081627249,-22.6831618506626,-1.74561068982348));
#8886=CARTESIAN_POINT('Ctrl Pts',(276.212889869945,-22.6949461557187,-1.59171193355963));
#8887=CARTESIAN_POINT('Ctrl Pts',(276.567886252219,-22.7170566404912,-1.23671555128492));
#8888=CARTESIAN_POINT('Ctrl Pts',(276.721785288384,-22.7288210457092,-1.01190714989123));
#8889=CARTESIAN_POINT('Ctrl Pts',(276.925933083948,-22.7454106922285,-0.519186525995093));
#8890=CARTESIAN_POINT('Ctrl Pts',(276.976174678758,-22.75,-0.251263419575521));
#8891=CARTESIAN_POINT('Ctrl Pts',(276.976174678758,-22.75,0.25126341957552));
#8892=CARTESIAN_POINT('Ctrl Pts',(276.925933083948,-22.7454106922285,0.51918652599512));
#8893=CARTESIAN_POINT('Ctrl Pts',(276.721785288384,-22.7288210457092,1.01190714989126));
#8894=CARTESIAN_POINT('Ctrl Pts',(276.567886252219,-22.7170566404912,1.23671555128492));
#8895=CARTESIAN_POINT('Ctrl Pts',(276.212889869945,-22.6949461557187,1.59171193355963));
#8896=CARTESIAN_POINT('Ctrl Pts',(275.988081627249,-22.6831618506626,1.7456106898235));
#8897=CARTESIAN_POINT('Ctrl Pts',(275.495361531106,-22.6665266623467,1.94975827322145));
#8898=CARTESIAN_POINT('Ctrl Pts',(275.227438608083,-22.6619173946072,1.99999999999999));
#8899=CARTESIAN_POINT('Ctrl Pts',(274.976174678758,-22.6619173946072,1.99999999999999));
#8900=CARTESIAN_POINT('Origin',(274.976174678758,0.,0.));
#8901=CARTESIAN_POINT('',(274.976174678758,22.6619173946072,1.99999999999999));
#8902=CARTESIAN_POINT('',(272.976174678758,22.75,5.73492783668705E-16));
#8903=CARTESIAN_POINT('Ctrl Pts',(274.976174678758,22.6619173946072,1.99999999999999));
#8904=CARTESIAN_POINT('Ctrl Pts',(275.227438608083,22.6619173946072,1.99999999999999));
#8905=CARTESIAN_POINT('Ctrl Pts',(275.495361531106,22.6665266623467,1.94975827322143));
#8906=CARTESIAN_POINT('Ctrl Pts',(275.988081627249,22.6831618506626,1.74561068982348));
#8907=CARTESIAN_POINT('Ctrl Pts',(276.212889869945,22.6949461557187,1.59171193355963));
#8908=CARTESIAN_POINT('Ctrl Pts',(276.567886252219,22.7170566404912,1.23671555128492));
#8909=CARTESIAN_POINT('Ctrl Pts',(276.721785288384,22.7288210457092,1.01190714989126));
#8910=CARTESIAN_POINT('Ctrl Pts',(276.925933083948,22.7454106922285,0.51918652599512));
#8911=CARTESIAN_POINT('Ctrl Pts',(276.976174678758,22.75,0.25126341957552));
#8912=CARTESIAN_POINT('Ctrl Pts',(276.976174678758,22.75,-0.251263419575521));
#8913=CARTESIAN_POINT('Ctrl Pts',(276.925933083948,22.7454106922285,-0.519186525995121));
#8914=CARTESIAN_POINT('Ctrl Pts',(276.721785288384,22.7288210457092,-1.01190714989126));
#8915=CARTESIAN_POINT('Ctrl Pts',(276.567886252219,22.7170566404912,-1.23671555128492));
#8916=CARTESIAN_POINT('Ctrl Pts',(276.212889869945,22.6949461557187,-1.59171193355963));
#8917=CARTESIAN_POINT('Ctrl Pts',(275.988081627249,22.6831618506626,-1.74561068982348));
#8918=CARTESIAN_POINT('Ctrl Pts',(275.495361531106,22.6665266623467,-1.94975827322143));
#8919=CARTESIAN_POINT('Ctrl Pts',(275.227438608083,22.6619173946072,-1.99999999999999));
#8920=CARTESIAN_POINT('Ctrl Pts',(274.724910749433,22.6619173946072,-1.99999999999999));
#8921=CARTESIAN_POINT('Ctrl Pts',(274.456987826411,22.6665266623467,-1.94975827322145));
#8922=CARTESIAN_POINT('Ctrl Pts',(273.964267730268,22.6831618506626,-1.7456106898235));
#8923=CARTESIAN_POINT('Ctrl Pts',(273.739459487572,22.6949461557187,-1.59171193355963));
#8924=CARTESIAN_POINT('Ctrl Pts',(273.384463105297,22.7170566404912,-1.23671555128492));
#8925=CARTESIAN_POINT('Ctrl Pts',(273.230564069132,22.7288210457092,-1.01190714989127));
#8926=CARTESIAN_POINT('Ctrl Pts',(273.026416273568,22.7454106922285,-0.519186525995134));
#8927=CARTESIAN_POINT('Ctrl Pts',(272.976174678758,22.75,-0.251263419575521));
#8928=CARTESIAN_POINT('Ctrl Pts',(272.976174678758,22.75,-2.77555756156289E-16));
#8929=CARTESIAN_POINT('Ctrl Pts',(272.976174678758,22.75,7.97972798949331E-16));
#8930=CARTESIAN_POINT('Ctrl Pts',(272.976174678758,22.75,0.251263419575521));
#8931=CARTESIAN_POINT('Ctrl Pts',(273.026416273568,22.7454106922285,0.51918652599512));
#8932=CARTESIAN_POINT('Ctrl Pts',(273.230564069132,22.7288210457092,1.01190714989126));
#8933=CARTESIAN_POINT('Ctrl Pts',(273.384463105297,22.7170566404912,1.23671555128492));
#8934=CARTESIAN_POINT('Ctrl Pts',(273.739459487572,22.6949461557187,1.59171193355963));
#8935=CARTESIAN_POINT('Ctrl Pts',(273.964267730268,22.6831618506626,1.74561068982348));
#8936=CARTESIAN_POINT('Ctrl Pts',(274.456987826411,22.6665266623467,1.94975827322143));
#8937=CARTESIAN_POINT('Ctrl Pts',(274.724910749433,22.6619173946072,1.99999999999999));
#8938=CARTESIAN_POINT('Ctrl Pts',(274.976174678758,22.6619173946072,1.99999999999999));
#8939=CARTESIAN_POINT('',(272.976174678758,27.75,2.4492935982947E-16));
#8940=CARTESIAN_POINT('',(272.976174678758,0.,2.4492935982947E-16));
#8941=CARTESIAN_POINT('',(274.976174678758,27.6778340915614,1.99999999999999));
#8942=CARTESIAN_POINT('Ctrl Pts',(274.976174678758,27.6778340915614,1.99999999999999));
#8943=CARTESIAN_POINT('Ctrl Pts',(274.724956649995,27.6778340915614,1.99999999999999));
#8944=CARTESIAN_POINT('Ctrl Pts',(274.457053344295,27.6816064736923,1.94977617983265));
#8945=CARTESIAN_POINT('Ctrl Pts',(273.964320503573,27.6952288097649,1.7456417923131));
#8946=CARTESIAN_POINT('Ctrl Pts',(273.739483560568,27.7048817497065,1.59173600655608));
#8947=CARTESIAN_POINT('Ctrl Pts',(273.384438834503,27.7229993128227,1.23669128049146));
#8948=CARTESIAN_POINT('Ctrl Pts',(273.230532923713,27.7326413029688,1.01185426528963));
#8949=CARTESIAN_POINT('Ctrl Pts',(273.026398438189,27.7462385898545,0.519121187709619));
#8950=CARTESIAN_POINT('Ctrl Pts',(272.976174678758,27.75,0.251217799085211));
#8951=CARTESIAN_POINT('Ctrl Pts',(272.976174678758,27.75,2.22044604925031E-15));
#8952=CARTESIAN_POINT('Ctrl Pts',(272.976174678758,27.75,-1.38777878078145E-16));
#8953=CARTESIAN_POINT('Ctrl Pts',(272.976174678758,27.75,-0.251217799085209));
#8954=CARTESIAN_POINT('Ctrl Pts',(273.026398438189,27.7462385898545,-0.51912118770962));
#8955=CARTESIAN_POINT('Ctrl Pts',(273.230532923713,27.7326413029688,-1.01185426528963));
#8956=CARTESIAN_POINT('Ctrl Pts',(273.384438834503,27.7229993128227,-1.23669128049146));
#8957=CARTESIAN_POINT('Ctrl Pts',(273.739483560568,27.7048817497065,-1.59173600655608));
#8958=CARTESIAN_POINT('Ctrl Pts',(273.964320503573,27.6952288097649,-1.74564179231309));
#8959=CARTESIAN_POINT('Ctrl Pts',(274.457053344295,27.6816064736923,-1.94977617983265));
#8960=CARTESIAN_POINT('Ctrl Pts',(274.724956649995,27.6778340915614,-1.99999999999999));
#8961=CARTESIAN_POINT('Ctrl Pts',(275.227392707522,27.6778340915614,-1.99999999999999));
#8962=CARTESIAN_POINT('Ctrl Pts',(275.495296013221,27.6816064736923,-1.94977617983264));
#8963=CARTESIAN_POINT('Ctrl Pts',(275.988028853943,27.6952288097649,-1.74564179231308));
#8964=CARTESIAN_POINT('Ctrl Pts',(276.212865796948,27.7048817497065,-1.59173600655608));
#8965=CARTESIAN_POINT('Ctrl Pts',(276.567910523013,27.7229993128227,-1.23669128049146));
#8966=CARTESIAN_POINT('Ctrl Pts',(276.721816433803,27.7326413029688,-1.01185426528963));
#8967=CARTESIAN_POINT('Ctrl Pts',(276.925950919328,27.7462385898545,-0.51912118770962));
#8968=CARTESIAN_POINT('Ctrl Pts',(276.976174678758,27.75,-0.251217799085209));
#8969=CARTESIAN_POINT('Ctrl Pts',(276.976174678758,27.75,0.251217799085209));
#8970=CARTESIAN_POINT('Ctrl Pts',(276.925950919328,27.7462385898545,0.519121187709619));
#8971=CARTESIAN_POINT('Ctrl Pts',(276.721816433803,27.7326413029688,1.01185426528963));
#8972=CARTESIAN_POINT('Ctrl Pts',(276.567910523013,27.7229993128227,1.23669128049146));
#8973=CARTESIAN_POINT('Ctrl Pts',(276.212865796948,27.7048817497065,1.59173600655608));
#8974=CARTESIAN_POINT('Ctrl Pts',(275.988028853943,27.6952288097649,1.74564179231309));
#8975=CARTESIAN_POINT('Ctrl Pts',(275.495296013221,27.6816064736923,1.94977617983265));
#8976=CARTESIAN_POINT('Ctrl Pts',(275.227392707522,27.6778340915614,1.99999999999999));
#8977=CARTESIAN_POINT('Ctrl Pts',(274.976174678758,27.6778340915614,2.));
#8978=CARTESIAN_POINT('Origin',(229.999996379811,0.,-0.00850904022022169));
#8979=CARTESIAN_POINT('',(229.999996379811,-2.,-27.6778340915614));
#8980=CARTESIAN_POINT('',(227.999996379811,-6.4047777600251E-15,-27.75));
#8981=CARTESIAN_POINT('Ctrl Pts',(229.999996379811,-2.,-27.6778340915614));
#8982=CARTESIAN_POINT('Ctrl Pts',(230.251214408574,-2.,-27.6778340915614));
#8983=CARTESIAN_POINT('Ctrl Pts',(230.519117714274,-1.94977617983265,-27.6816064736923));
#8984=CARTESIAN_POINT('Ctrl Pts',(231.011850554996,-1.74564179231311,-27.6952288097649));
#8985=CARTESIAN_POINT('Ctrl Pts',(231.236687498001,-1.59173600655609,-27.7048817497065));
#8986=CARTESIAN_POINT('Ctrl Pts',(231.591732224066,-1.23669128049146,-27.7229993128227));
#8987=CARTESIAN_POINT('Ctrl Pts',(231.745638134856,-1.01185426528964,-27.7326413029688));
#8988=CARTESIAN_POINT('Ctrl Pts',(231.949772620381,-0.519121187709625,-27.7462385898545));
#8989=CARTESIAN_POINT('Ctrl Pts',(231.999996379811,-0.251217799085215,-27.75));
#8990=CARTESIAN_POINT('Ctrl Pts',(231.999996379811,0.251217799085203,-27.75));
#8991=CARTESIAN_POINT('Ctrl Pts',(231.949772620381,0.519121187709613,-27.7462385898545));
#8992=CARTESIAN_POINT('Ctrl Pts',(231.745638134856,1.01185426528963,-27.7326413029688));
#8993=CARTESIAN_POINT('Ctrl Pts',(231.591732224066,1.23669128049145,-27.7229993128227));
#8994=CARTESIAN_POINT('Ctrl Pts',(231.236687498001,1.59173600655607,-27.7048817497065));
#8995=CARTESIAN_POINT('Ctrl Pts',(231.011850554996,1.74564179231307,-27.6952288097649));
#8996=CARTESIAN_POINT('Ctrl Pts',(230.519117714274,1.94977617983264,-27.6816064736923));
#8997=CARTESIAN_POINT('Ctrl Pts',(230.251214408574,1.99999999999999,-27.6778340915614));
#8998=CARTESIAN_POINT('Ctrl Pts',(229.748778351048,1.99999999999999,-27.6778340915614));
#8999=CARTESIAN_POINT('Ctrl Pts',(229.480875045348,1.94977617983264,-27.6816064736923));
#9000=CARTESIAN_POINT('Ctrl Pts',(228.988142204626,1.7456417923131,-27.6952288097649));
#9001=CARTESIAN_POINT('Ctrl Pts',(228.763305261621,1.59173600655607,-27.7048817497065));
#9002=CARTESIAN_POINT('Ctrl Pts',(228.408260535556,1.23669128049145,-27.7229993128227));
#9003=CARTESIAN_POINT('Ctrl Pts',(228.254354624766,1.01185426528963,-27.7326413029688));
#9004=CARTESIAN_POINT('Ctrl Pts',(228.050220139242,0.519121187709613,-27.7462385898545));
#9005=CARTESIAN_POINT('Ctrl Pts',(227.999996379811,0.251217799085205,-27.75));
#9006=CARTESIAN_POINT('Ctrl Pts',(227.999996379811,-3.60822483003176E-15,
-27.75));
#9007=CARTESIAN_POINT('Ctrl Pts',(227.999996379811,-4.02455846426619E-15,
-27.75));
#9008=CARTESIAN_POINT('Ctrl Pts',(227.999996379811,-0.251217799085213,-27.75));
#9009=CARTESIAN_POINT('Ctrl Pts',(228.050220139242,-0.519121187709672,-27.7462385898545));
#9010=CARTESIAN_POINT('Ctrl Pts',(228.254354624766,-1.01185426528968,-27.7326413029688));
#9011=CARTESIAN_POINT('Ctrl Pts',(228.408260535556,-1.23669128049146,-27.7229993128227));
#9012=CARTESIAN_POINT('Ctrl Pts',(228.763305261621,-1.59173600655609,-27.7048817497065));
#9013=CARTESIAN_POINT('Ctrl Pts',(228.988142204626,-1.74564179231311,-27.6952288097649));
#9014=CARTESIAN_POINT('Ctrl Pts',(229.480875045348,-1.94977617983265,-27.6816064736923));
#9015=CARTESIAN_POINT('Ctrl Pts',(229.748778351048,-2.,-27.6778340915614));
#9016=CARTESIAN_POINT('Ctrl Pts',(229.999996379811,-2.,-27.6778340915614));
#9017=CARTESIAN_POINT('',(227.999996379811,-4.90241788646982E-15,-22.75));
#9018=CARTESIAN_POINT('',(227.999996379811,-2.4492935982947E-16,-0.00850904022022169));
#9019=CARTESIAN_POINT('',(229.999996379811,-2.,-22.6619173946072));
#9020=CARTESIAN_POINT('Ctrl Pts',(229.999996379811,-2.,-22.6619173946072));
#9021=CARTESIAN_POINT('Ctrl Pts',(229.748732450486,-2.,-22.6619173946072));
#9022=CARTESIAN_POINT('Ctrl Pts',(229.480809527464,-1.94975827322143,-22.6665266623467));
#9023=CARTESIAN_POINT('Ctrl Pts',(228.988089431321,-1.74561068982348,-22.6831618506626));
#9024=CARTESIAN_POINT('Ctrl Pts',(228.763281188625,-1.59171193355963,-22.6949461557187));
#9025=CARTESIAN_POINT('Ctrl Pts',(228.40828480635,-1.23671555128492,-22.7170566404912));
#9026=CARTESIAN_POINT('Ctrl Pts',(228.254385770185,-1.01190714989126,-22.7288210457092));
#9027=CARTESIAN_POINT('Ctrl Pts',(228.050237974621,-0.519186525995125,-22.7454106922285));
#9028=CARTESIAN_POINT('Ctrl Pts',(227.999996379811,-0.251263419575527,-22.75));
#9029=CARTESIAN_POINT('Ctrl Pts',(227.999996379811,-6.93889390390723E-15,
-22.75));
#9030=CARTESIAN_POINT('Ctrl Pts',(227.999996379811,-4.5102810375397E-15,
-22.75));
#9031=CARTESIAN_POINT('Ctrl Pts',(227.999996379811,0.251263419575516,-22.75));
#9032=CARTESIAN_POINT('Ctrl Pts',(228.050237974621,0.519186525995115,-22.7454106922285));
#9033=CARTESIAN_POINT('Ctrl Pts',(228.254385770185,1.01190714989125,-22.7288210457092));
#9034=CARTESIAN_POINT('Ctrl Pts',(228.40828480635,1.23671555128491,-22.7170566404912));
#9035=CARTESIAN_POINT('Ctrl Pts',(228.763281188625,1.59171193355962,-22.6949461557187));
#9036=CARTESIAN_POINT('Ctrl Pts',(228.988089431321,1.74561068982351,-22.6831618506626));
#9037=CARTESIAN_POINT('Ctrl Pts',(229.480809527464,1.94975827322144,-22.6665266623467));
#9038=CARTESIAN_POINT('Ctrl Pts',(229.748732450486,1.99999999999999,-22.6619173946072));
#9039=CARTESIAN_POINT('Ctrl Pts',(230.251260309136,1.99999999999999,-22.6619173946072));
#9040=CARTESIAN_POINT('Ctrl Pts',(230.519183232159,1.94975827322142,-22.6665266623467));
#9041=CARTESIAN_POINT('Ctrl Pts',(231.011903328302,1.74561068982347,-22.6831618506626));
#9042=CARTESIAN_POINT('Ctrl Pts',(231.236711570998,1.59171193355962,-22.6949461557187));
#9043=CARTESIAN_POINT('Ctrl Pts',(231.591707953272,1.23671555128491,-22.7170566404912));
#9044=CARTESIAN_POINT('Ctrl Pts',(231.745606989437,1.01190714989123,-22.7288210457092));
#9045=CARTESIAN_POINT('Ctrl Pts',(231.949754785001,0.519186525995088,-22.7454106922285));
#9046=CARTESIAN_POINT('Ctrl Pts',(231.999996379811,0.251263419575516,-22.75));
#9047=CARTESIAN_POINT('Ctrl Pts',(231.999996379811,-0.251263419575525,-22.75));
#9048=CARTESIAN_POINT('Ctrl Pts',(231.949754785001,-0.519186525995125,-22.7454106922285));
#9049=CARTESIAN_POINT('Ctrl Pts',(231.745606989437,-1.01190714989126,-22.7288210457092));
#9050=CARTESIAN_POINT('Ctrl Pts',(231.591707953272,-1.23671555128492,-22.7170566404912));
#9051=CARTESIAN_POINT('Ctrl Pts',(231.236711570998,-1.59171193355963,-22.6949461557187));
#9052=CARTESIAN_POINT('Ctrl Pts',(231.011903328302,-1.74561068982348,-22.6831618506626));
#9053=CARTESIAN_POINT('Ctrl Pts',(230.519183232159,-1.94975827322143,-22.6665266623467));
#9054=CARTESIAN_POINT('Ctrl Pts',(230.251260309136,-2.,-22.6619173946072));
#9055=CARTESIAN_POINT('Ctrl Pts',(229.999996379811,-2.,-22.6619173946072));
#9056=CARTESIAN_POINT('Origin',(229.999996379811,0.,-0.00850904022022169));
#9057=CARTESIAN_POINT('',(229.999996379811,-1.99999999999999,22.6619173946072));
#9058=CARTESIAN_POINT('',(231.999996379811,7.58021376181127E-16,22.75));
#9059=CARTESIAN_POINT('Ctrl Pts',(229.999996379811,-1.99999999999999,22.6619173946072));
#9060=CARTESIAN_POINT('Ctrl Pts',(230.251260309136,-1.99999999999999,22.6619173946072));
#9061=CARTESIAN_POINT('Ctrl Pts',(230.519183232159,-1.94975827322142,22.6665266623467));
#9062=CARTESIAN_POINT('Ctrl Pts',(231.011903328302,-1.74561068982347,22.6831618506626));
#9063=CARTESIAN_POINT('Ctrl Pts',(231.236711570998,-1.59171193355962,22.6949461557187));
#9064=CARTESIAN_POINT('Ctrl Pts',(231.591707953272,-1.23671555128491,22.7170566404912));
#9065=CARTESIAN_POINT('Ctrl Pts',(231.745606989437,-1.01190714989125,22.7288210457092));
#9066=CARTESIAN_POINT('Ctrl Pts',(231.949754785001,-0.519186525995115,22.7454106922285));
#9067=CARTESIAN_POINT('Ctrl Pts',(231.999996379811,-0.251263419575515,22.75));
#9068=CARTESIAN_POINT('Ctrl Pts',(231.999996379811,4.92661467177413E-15,
22.75));
#9069=CARTESIAN_POINT('',(227.999996379811,4.06957193128223E-15,22.75));
#9070=CARTESIAN_POINT('Ctrl Pts',(227.999996379811,3.33066907387547E-15,
22.75));
#9071=CARTESIAN_POINT('Ctrl Pts',(227.999996379811,-0.251263419575517,22.75));
#9072=CARTESIAN_POINT('Ctrl Pts',(228.050237974621,-0.51918652599513,22.7454106922285));
#9073=CARTESIAN_POINT('Ctrl Pts',(228.254385770185,-1.01190714989127,22.7288210457092));
#9074=CARTESIAN_POINT('Ctrl Pts',(228.40828480635,-1.23671555128491,22.7170566404912));
#9075=CARTESIAN_POINT('Ctrl Pts',(228.763281188625,-1.59171193355962,22.6949461557187));
#9076=CARTESIAN_POINT('Ctrl Pts',(228.988089431321,-1.74561068982347,22.6831618506626));
#9077=CARTESIAN_POINT('Ctrl Pts',(229.480809527464,-1.94975827322142,22.6665266623467));
#9078=CARTESIAN_POINT('Ctrl Pts',(229.748732450486,-1.99999999999999,22.6619173946072));
#9079=CARTESIAN_POINT('Ctrl Pts',(229.999996379811,-1.99999999999999,22.6619173946072));
#9080=CARTESIAN_POINT('',(227.999996379811,5.91869781331414E-15,27.75));
#9081=CARTESIAN_POINT('',(227.999996379811,-2.4492935982947E-16,-0.00850904022022169));
#9082=CARTESIAN_POINT('',(229.999996379811,-1.99999999999999,27.6778340915614));
#9083=CARTESIAN_POINT('Ctrl Pts',(229.999996379811,-1.99999999999999,27.6778340915614));
#9084=CARTESIAN_POINT('Ctrl Pts',(229.748778351048,-1.99999999999998,27.6778340915614));
#9085=CARTESIAN_POINT('Ctrl Pts',(229.480875045348,-1.94977617983264,27.6816064736923));
#9086=CARTESIAN_POINT('Ctrl Pts',(228.988142204626,-1.74564179231309,27.6952288097649));
#9087=CARTESIAN_POINT('Ctrl Pts',(228.763305261621,-1.59173600655607,27.7048817497065));
#9088=CARTESIAN_POINT('Ctrl Pts',(228.408260535556,-1.23669128049145,27.7229993128227));
#9089=CARTESIAN_POINT('Ctrl Pts',(228.254354624766,-1.01185426528962,27.7326413029688));
#9090=CARTESIAN_POINT('Ctrl Pts',(228.050220139242,-0.519121187709613,27.7462385898545));
#9091=CARTESIAN_POINT('Ctrl Pts',(227.999996379811,-0.251217799085204,27.75));
#9092=CARTESIAN_POINT('Ctrl Pts',(227.999996379811,4.92661467177413E-15,
27.75));
#9093=CARTESIAN_POINT('',(231.999996379811,1.97841633525388E-15,27.75));
#9094=CARTESIAN_POINT('Ctrl Pts',(231.999996379811,8.18789480661053E-15,
27.75));
#9095=CARTESIAN_POINT('Ctrl Pts',(231.999996379811,-0.251217799085201,27.75));
#9096=CARTESIAN_POINT('Ctrl Pts',(231.949772620381,-0.519121187709615,27.7462385898545));
#9097=CARTESIAN_POINT('Ctrl Pts',(231.745638134856,-1.01185426528963,27.7326413029688));
#9098=CARTESIAN_POINT('Ctrl Pts',(231.591732224066,-1.23669128049145,27.7229993128227));
#9099=CARTESIAN_POINT('Ctrl Pts',(231.236687498001,-1.59173600655607,27.7048817497065));
#9100=CARTESIAN_POINT('Ctrl Pts',(231.011850554996,-1.74564179231309,27.6952288097649));
#9101=CARTESIAN_POINT('Ctrl Pts',(230.519117714274,-1.94977617983264,27.6816064736923));
#9102=CARTESIAN_POINT('Ctrl Pts',(230.251214408574,-1.99999999999998,27.6778340915614));
#9103=CARTESIAN_POINT('Ctrl Pts',(229.999996379811,-1.99999999999998,27.6778340915614));
#9104=CARTESIAN_POINT('Ctrl Pts',(227.999996379811,8.36136715420821E-15,
27.75));
#9105=CARTESIAN_POINT('Ctrl Pts',(227.999996379811,0.251217799085217,27.75));
#9106=CARTESIAN_POINT('Ctrl Pts',(228.050220139242,0.519121187709626,27.7462385898545));
#9107=CARTESIAN_POINT('Ctrl Pts',(228.254354624766,1.01185426528964,27.7326413029688));
#9108=CARTESIAN_POINT('Ctrl Pts',(228.408260535556,1.23669128049146,27.7229993128227));
#9109=CARTESIAN_POINT('Ctrl Pts',(228.763305261621,1.59173600655609,27.7048817497065));
#9110=CARTESIAN_POINT('Ctrl Pts',(228.988142204626,1.7456417923131,27.6952288097649));
#9111=CARTESIAN_POINT('Ctrl Pts',(229.480875045348,1.94977617983266,27.6816064736923));
#9112=CARTESIAN_POINT('Ctrl Pts',(229.748778351048,2.,27.6778340915614));
#9113=CARTESIAN_POINT('Ctrl Pts',(230.251214408574,2.,27.6778340915614));
#9114=CARTESIAN_POINT('Ctrl Pts',(230.519117714274,1.94977617983264,27.6816064736923));
#9115=CARTESIAN_POINT('Ctrl Pts',(231.011850554996,1.74564179231309,27.6952288097649));
#9116=CARTESIAN_POINT('Ctrl Pts',(231.236687498001,1.59173600655609,27.7048817497065));
#9117=CARTESIAN_POINT('Ctrl Pts',(231.591732224066,1.23669128049146,27.7229993128227));
#9118=CARTESIAN_POINT('Ctrl Pts',(231.745638134856,1.01185426528964,27.7326413029688));
#9119=CARTESIAN_POINT('Ctrl Pts',(231.949772620381,0.519121187709625,27.7462385898545));
#9120=CARTESIAN_POINT('Ctrl Pts',(231.999996379811,0.251217799085216,27.75));
#9121=CARTESIAN_POINT('Ctrl Pts',(231.999996379811,6.73072708679001E-15,
27.75));
#9122=CARTESIAN_POINT('Ctrl Pts',(231.999996379811,4.23272528138341E-15,
22.75));
#9123=CARTESIAN_POINT('Ctrl Pts',(231.999996379811,0.251263419575525,22.75));
#9124=CARTESIAN_POINT('Ctrl Pts',(231.949754785001,0.519186525995099,22.7454106922285));
#9125=CARTESIAN_POINT('Ctrl Pts',(231.745606989437,1.01190714989124,22.7288210457092));
#9126=CARTESIAN_POINT('Ctrl Pts',(231.591707953272,1.23671555128492,22.7170566404912));
#9127=CARTESIAN_POINT('Ctrl Pts',(231.236711570998,1.59171193355963,22.6949461557187));
#9128=CARTESIAN_POINT('Ctrl Pts',(231.011903328302,1.74561068982348,22.6831618506626));
#9129=CARTESIAN_POINT('Ctrl Pts',(230.519183232159,1.94975827322143,22.6665266623467));
#9130=CARTESIAN_POINT('Ctrl Pts',(230.251260309136,2.,22.6619173946072));
#9131=CARTESIAN_POINT('Ctrl Pts',(229.748732450486,2.,22.6619173946072));
#9132=CARTESIAN_POINT('Ctrl Pts',(229.480809527464,1.94975827322145,22.6665266623467));
#9133=CARTESIAN_POINT('Ctrl Pts',(228.988089431321,1.74561068982352,22.6831618506626));
#9134=CARTESIAN_POINT('Ctrl Pts',(228.763281188625,1.59171193355963,22.6949461557187));
#9135=CARTESIAN_POINT('Ctrl Pts',(228.40828480635,1.23671555128492,22.7170566404912));
#9136=CARTESIAN_POINT('Ctrl Pts',(228.254385770185,1.01190714989126,22.7288210457092));
#9137=CARTESIAN_POINT('Ctrl Pts',(228.050237974621,0.519186525995115,22.7454106922285));
#9138=CARTESIAN_POINT('Ctrl Pts',(227.999996379811,0.251263419575527,22.75));
#9139=CARTESIAN_POINT('Ctrl Pts',(227.999996379811,6.31439345255558E-15,
22.75));
#9140=CARTESIAN_POINT('Origin',(229.999996379811,0.,-0.00850904022022169));
#9141=CARTESIAN_POINT('',(229.999996379811,-27.6784476399439,1.99149095977977));
#9142=CARTESIAN_POINT('',(227.999996379811,-27.7499986954276,-0.00850904022022111));
#9143=CARTESIAN_POINT('Ctrl Pts',(229.999996379811,-27.6784476399439,1.99149095977977));
#9144=CARTESIAN_POINT('Ctrl Pts',(230.251214188487,-27.6784476399439,1.99149095977977));
#9145=CARTESIAN_POINT('Ctrl Pts',(230.519117705016,-27.6822044871462,1.94126723851684));
#9146=CARTESIAN_POINT('Ctrl Pts',(231.011851781132,-27.6957638571833,1.73713214904777));
#9147=CARTESIAN_POINT('Ctrl Pts',(231.236689707361,-27.7053693858357,1.58322552475212));
#9148=CARTESIAN_POINT('Ctrl Pts',(231.591734769783,-27.7233777135707,1.22817892677189));
#9149=CARTESIAN_POINT('Ctrl Pts',(231.745640199681,-27.7329505698096,1.00334153195951));
#9150=CARTESIAN_POINT('Ctrl Pts',(231.949773392081,-27.7463965226476,0.510608993869951));
#9151=CARTESIAN_POINT('Ctrl Pts',(231.999996379811,-27.7500757262057,0.242706600516017));
#9152=CARTESIAN_POINT('Ctrl Pts',(231.999996379811,-27.7499216633255,-0.25972899899556));
#9153=CARTESIAN_POINT('Ctrl Pts',(231.949771848286,-27.7460780448802,-0.527633385933729));
#9154=CARTESIAN_POINT('Ctrl Pts',(231.745636062839,-27.7323294193434,-1.02036701251139));
#9155=CARTESIAN_POINT('Ctrl Pts',(231.591729664617,-27.7226182923884,-1.2452036545085));
#9156=CARTESIAN_POINT('Ctrl Pts',(231.236685268411,-27.7043914899079,-1.60024650201032));
#9157=CARTESIAN_POINT('Ctrl Pts',(231.011849315133,-27.6946911368587,-1.75415144266271));
#9158=CARTESIAN_POINT('Ctrl Pts',(230.519117719365,-27.6810058317325,-1.95828512147731));
#9159=CARTESIAN_POINT('Ctrl Pts',(230.251214627486,-27.6772179135721,-2.00850904022021));
#9160=CARTESIAN_POINT('Ctrl Pts',(229.748778132137,-27.6772179135721,-2.00850904022021));
#9161=CARTESIAN_POINT('Ctrl Pts',(229.480875040257,-27.6810058317325,-1.95828512147732));
#9162=CARTESIAN_POINT('Ctrl Pts',(228.988143444489,-27.6946911368587,-1.75415144266273));
#9163=CARTESIAN_POINT('Ctrl Pts',(228.763307491211,-27.7043914899079,-1.60024650201032));
#9164=CARTESIAN_POINT('Ctrl Pts',(228.408263095005,-27.7226182923884,-1.2452036545085));
#9165=CARTESIAN_POINT('Ctrl Pts',(228.254356696783,-27.7323294193434,-1.0203670125114));
#9166=CARTESIAN_POINT('Ctrl Pts',(228.050220911336,-27.7460780448802,-0.527633385933742));
#9167=CARTESIAN_POINT('Ctrl Pts',(227.999996379811,-27.7499216633255,-0.259728998995561));
#9168=CARTESIAN_POINT('Ctrl Pts',(227.999996379811,-27.7499986954276,-0.00850904022022245));
#9169=CARTESIAN_POINT('Ctrl Pts',(227.999996379811,-27.7499986954276,-0.00850904022022078));
#9170=CARTESIAN_POINT('Ctrl Pts',(227.999996379811,-27.7500757262057,0.242706600516018));
#9171=CARTESIAN_POINT('Ctrl Pts',(228.050219367541,-27.7463965226476,0.510608993869951));
#9172=CARTESIAN_POINT('Ctrl Pts',(228.254352559941,-27.7329505698096,1.00334153195951));
#9173=CARTESIAN_POINT('Ctrl Pts',(228.408257989839,-27.7233777135707,1.22817892677189));
#9174=CARTESIAN_POINT('Ctrl Pts',(228.763303052262,-27.7053693858357,1.58322552475212));
#9175=CARTESIAN_POINT('Ctrl Pts',(228.98814097849,-27.6957638571833,1.73713214904777));
#9176=CARTESIAN_POINT('Ctrl Pts',(229.480875054607,-27.6822044871462,1.94126723851684));
#9177=CARTESIAN_POINT('Ctrl Pts',(229.748778571135,-27.6784476399439,1.99149095977977));
#9178=CARTESIAN_POINT('Ctrl Pts',(229.999996379811,-27.6784476399439,1.99149095977977));
#9179=CARTESIAN_POINT('',(227.999996379811,-22.7499984087084,-0.00850904022022077));
#9180=CARTESIAN_POINT('',(227.999996379811,0.,-0.00850904022022145));
#9181=CARTESIAN_POINT('',(229.999996379811,-22.6626667397532,1.99149095977977));
#9182=CARTESIAN_POINT('Ctrl Pts',(229.999996379811,-22.6626667397532,1.99149095977977));
#9183=CARTESIAN_POINT('Ctrl Pts',(229.748732781962,-22.6626667397532,1.99149095977977));
#9184=CARTESIAN_POINT('Ctrl Pts',(229.480809545199,-22.6672569704703,1.9412493814229));
#9185=CARTESIAN_POINT('Ctrl Pts',(228.98808760788,-22.6838151258803,1.73710075302734));
#9186=CARTESIAN_POINT('Ctrl Pts',(228.763277899939,-22.6955414711507,1.5832007473831));
#9187=CARTESIAN_POINT('Ctrl Pts',(228.408281014654,-22.7175185113318,1.22820157662627));
#9188=CARTESIAN_POINT('Ctrl Pts',(228.254382694541,-22.7291984847302,1.00339260903107));
#9189=CARTESIAN_POINT('Ctrl Pts',(228.050236825011,-22.7456033946836,0.510672788520027));
#9190=CARTESIAN_POINT('Ctrl Pts',(227.999996379811,-22.7500923859981,0.2427511647816));
#9191=CARTESIAN_POINT('Ctrl Pts',(227.999996379811,-22.7499984087084,-0.00850904022021912));
#9192=CARTESIAN_POINT('Ctrl Pts',(227.999996379811,-22.7499984087084,-0.00850904022022009));
#9193=CARTESIAN_POINT('Ctrl Pts',(227.999996379811,-22.7499044290133,-0.259775676440081));
#9194=CARTESIAN_POINT('Ctrl Pts',(228.05023912485,-22.7452148016722,-0.527700270109695));
#9195=CARTESIAN_POINT('Ctrl Pts',(228.254388856611,-22.7284404102184,-1.02042171154818));
#9196=CARTESIAN_POINT('Ctrl Pts',(228.408288618567,-22.7165915679052,-1.24522955624169));
#9197=CARTESIAN_POINT('Ctrl Pts',(228.76328450746,-22.6943476312901,-1.60022314007791));
#9198=CARTESIAN_POINT('Ctrl Pts',(228.988091275195,-22.6825053631328,-1.75412063716109));
#9199=CARTESIAN_POINT('Ctrl Pts',(229.480809515885,-22.6657931363996,-1.95826716549458));
#9200=CARTESIAN_POINT('Ctrl Pts',(229.748732120715,-22.6611648296232,-2.00850904022021));
#9201=CARTESIAN_POINT('Ctrl Pts',(230.251260638908,-22.6611648296232,-2.00850904022021));
#9202=CARTESIAN_POINT('Ctrl Pts',(230.519183243737,-22.6657931363996,-1.95826716549456));
#9203=CARTESIAN_POINT('Ctrl Pts',(231.011901484428,-22.6825053631328,-1.75412063716106));
#9204=CARTESIAN_POINT('Ctrl Pts',(231.236708252162,-22.6943476312901,-1.60022314007791));
#9205=CARTESIAN_POINT('Ctrl Pts',(231.591704141055,-22.7165915679052,-1.24522955624169));
#9206=CARTESIAN_POINT('Ctrl Pts',(231.745603903011,-22.7284404102184,-1.02042171154816));
#9207=CARTESIAN_POINT('Ctrl Pts',(231.949753634772,-22.7452148016722,-0.527700270109669));
#9208=CARTESIAN_POINT('Ctrl Pts',(231.999996379811,-22.7499044290133,-0.259775676440083));
#9209=CARTESIAN_POINT('Ctrl Pts',(231.999996379811,-22.750092385998,0.242751164781597));
#9210=CARTESIAN_POINT('Ctrl Pts',(231.949755934611,-22.7456033946836,0.510672788520027));
#9211=CARTESIAN_POINT('Ctrl Pts',(231.745610065081,-22.7291984847302,1.00339260903107));
#9212=CARTESIAN_POINT('Ctrl Pts',(231.591711744968,-22.7175185113318,1.22820157662627));
#9213=CARTESIAN_POINT('Ctrl Pts',(231.236714859683,-22.6955414711507,1.5832007473831));
#9214=CARTESIAN_POINT('Ctrl Pts',(231.011905151742,-22.6838151258803,1.73710075302734));
#9215=CARTESIAN_POINT('Ctrl Pts',(230.519183214423,-22.6672569704703,1.9412493814229));
#9216=CARTESIAN_POINT('Ctrl Pts',(230.25125997766,-22.6626667397532,1.99149095977977));
#9217=CARTESIAN_POINT('Ctrl Pts',(229.999996379811,-22.6626667397532,1.99149095977977));
#9218=CARTESIAN_POINT('Origin',(229.999996379811,0.,-0.00850904022022169));
#9219=CARTESIAN_POINT('',(229.999996379811,22.6626667397532,1.99149095977977));
#9220=CARTESIAN_POINT('',(227.999996379811,22.7499984087084,-0.00850904022022139));
#9221=CARTESIAN_POINT('Ctrl Pts',(229.999996379811,22.6626667397532,1.99149095977977));
#9222=CARTESIAN_POINT('Ctrl Pts',(230.25125997766,22.6626667397532,1.99149095977977));
#9223=CARTESIAN_POINT('Ctrl Pts',(230.519183214423,22.6672569704703,1.9412493814229));
#9224=CARTESIAN_POINT('Ctrl Pts',(231.011905151742,22.6838151258803,1.73710075302734));
#9225=CARTESIAN_POINT('Ctrl Pts',(231.236714859683,22.6955414711507,1.5832007473831));
#9226=CARTESIAN_POINT('Ctrl Pts',(231.591711744968,22.7175185113318,1.22820157662627));
#9227=CARTESIAN_POINT('Ctrl Pts',(231.745610065081,22.7291984847302,1.00339260903107));
#9228=CARTESIAN_POINT('Ctrl Pts',(231.949755934611,22.7456033946836,0.510672788520027));
#9229=CARTESIAN_POINT('Ctrl Pts',(231.999996379811,22.750092385998,0.242751164781597));
#9230=CARTESIAN_POINT('Ctrl Pts',(231.999996379811,22.7499044290133,-0.259775676440083));
#9231=CARTESIAN_POINT('Ctrl Pts',(231.949753634772,22.7452148016722,-0.527700270109695));
#9232=CARTESIAN_POINT('Ctrl Pts',(231.745603903011,22.7284404102184,-1.02042171154818));
#9233=CARTESIAN_POINT('Ctrl Pts',(231.591704141055,22.7165915679052,-1.24522955624169));
#9234=CARTESIAN_POINT('Ctrl Pts',(231.236708252162,22.6943476312901,-1.60022314007791));
#9235=CARTESIAN_POINT('Ctrl Pts',(231.011901484428,22.6825053631328,-1.75412063716107));
#9236=CARTESIAN_POINT('Ctrl Pts',(230.519183243737,22.6657931363996,-1.95826716549456));
#9237=CARTESIAN_POINT('Ctrl Pts',(230.251260638908,22.6611648296232,-2.00850904022021));
#9238=CARTESIAN_POINT('Ctrl Pts',(229.748732120715,22.6611648296232,-2.00850904022021));
#9239=CARTESIAN_POINT('Ctrl Pts',(229.480809515885,22.6657931363996,-1.95826716549458));
#9240=CARTESIAN_POINT('Ctrl Pts',(228.988091275195,22.6825053631328,-1.75412063716109));
#9241=CARTESIAN_POINT('Ctrl Pts',(228.76328450746,22.6943476312901,-1.60022314007791));
#9242=CARTESIAN_POINT('Ctrl Pts',(228.408288618567,22.7165915679052,-1.24522955624169));
#9243=CARTESIAN_POINT('Ctrl Pts',(228.254388856611,22.7284404102184,-1.0204217115482));
#9244=CARTESIAN_POINT('Ctrl Pts',(228.05023912485,22.7452148016722,-0.527700270109695));
#9245=CARTESIAN_POINT('Ctrl Pts',(227.999996379811,22.7499044290133,-0.259775676440085));
#9246=CARTESIAN_POINT('Ctrl Pts',(227.999996379811,22.7499984087084,-0.00850904022022328));
#9247=CARTESIAN_POINT('Ctrl Pts',(227.999996379811,22.7499984087084,-0.00850904022022134));
#9248=CARTESIAN_POINT('Ctrl Pts',(227.999996379811,22.7500923859981,0.242751164781598));
#9249=CARTESIAN_POINT('Ctrl Pts',(228.050236825011,22.7456033946836,0.510672788520067));
#9250=CARTESIAN_POINT('Ctrl Pts',(228.254382694541,22.7291984847302,1.00339260903111));
#9251=CARTESIAN_POINT('Ctrl Pts',(228.408281014654,22.7175185113318,1.22820157662627));
#9252=CARTESIAN_POINT('Ctrl Pts',(228.763277899939,22.6955414711507,1.5832007473831));
#9253=CARTESIAN_POINT('Ctrl Pts',(228.98808760788,22.6838151258803,1.73710075302734));
#9254=CARTESIAN_POINT('Ctrl Pts',(229.480809545199,22.6672569704703,1.9412493814229));
#9255=CARTESIAN_POINT('Ctrl Pts',(229.748732781962,22.6626667397532,1.99149095977977));
#9256=CARTESIAN_POINT('Ctrl Pts',(229.999996379811,22.6626667397532,1.99149095977977));
#9257=CARTESIAN_POINT('',(227.999996379811,27.7499986954276,-0.00850904022022229));
#9258=CARTESIAN_POINT('',(227.999996379811,0.,-0.00850904022022145));
#9259=CARTESIAN_POINT('',(229.999996379811,27.6784476399439,1.99149095977977));
#9260=CARTESIAN_POINT('Ctrl Pts',(229.999996379811,27.6784476399439,1.99149095977977));
#9261=CARTESIAN_POINT('Ctrl Pts',(229.748778571135,27.6784476399439,1.99149095977977));
#9262=CARTESIAN_POINT('Ctrl Pts',(229.480875054607,27.6822044871462,1.94126723851684));
#9263=CARTESIAN_POINT('Ctrl Pts',(228.98814097849,27.6957638571833,1.73713214904777));
#9264=CARTESIAN_POINT('Ctrl Pts',(228.763303052262,27.7053693858357,1.58322552475212));
#9265=CARTESIAN_POINT('Ctrl Pts',(228.408257989839,27.7233777135707,1.22817892677189));
#9266=CARTESIAN_POINT('Ctrl Pts',(228.254352559941,27.7329505698096,1.00334153195951));
#9267=CARTESIAN_POINT('Ctrl Pts',(228.050219367541,27.7463965226476,0.510608993869951));
#9268=CARTESIAN_POINT('Ctrl Pts',(227.999996379811,27.7500757262057,0.24270660051602));
#9269=CARTESIAN_POINT('Ctrl Pts',(227.999996379811,27.7499986954276,-0.00850904022021863));
#9270=CARTESIAN_POINT('Ctrl Pts',(227.999996379811,27.7499986954276,-0.00850904022022279));
#9271=CARTESIAN_POINT('Ctrl Pts',(227.999996379811,27.7499216633255,-0.259728998995561));
#9272=CARTESIAN_POINT('Ctrl Pts',(228.050220911336,27.7460780448802,-0.527633385933742));
#9273=CARTESIAN_POINT('Ctrl Pts',(228.254356696783,27.7323294193434,-1.0203670125114));
#9274=CARTESIAN_POINT('Ctrl Pts',(228.408263095005,27.7226182923884,-1.2452036545085));
#9275=CARTESIAN_POINT('Ctrl Pts',(228.763307491211,27.7043914899079,-1.60024650201032));
#9276=CARTESIAN_POINT('Ctrl Pts',(228.988143444489,27.6946911368587,-1.75415144266273));
#9277=CARTESIAN_POINT('Ctrl Pts',(229.480875040257,27.6810058317325,-1.95828512147732));
#9278=CARTESIAN_POINT('Ctrl Pts',(229.748778132137,27.6772179135721,-2.00850904022021));
#9279=CARTESIAN_POINT('Ctrl Pts',(230.251214627486,27.6772179135721,-2.00850904022021));
#9280=CARTESIAN_POINT('Ctrl Pts',(230.519117719365,27.6810058317325,-1.95828512147732));
#9281=CARTESIAN_POINT('Ctrl Pts',(231.011849315133,27.6946911368587,-1.75415144266273));
#9282=CARTESIAN_POINT('Ctrl Pts',(231.236685268411,27.7043914899079,-1.60024650201032));
#9283=CARTESIAN_POINT('Ctrl Pts',(231.591729664617,27.7226182923884,-1.2452036545085));
#9284=CARTESIAN_POINT('Ctrl Pts',(231.745636062839,27.7323294193434,-1.0203670125114));
#9285=CARTESIAN_POINT('Ctrl Pts',(231.949771848286,27.7460780448802,-0.527633385933742));
#9286=CARTESIAN_POINT('Ctrl Pts',(231.999996379811,27.7499216633255,-0.25972899899556));
#9287=CARTESIAN_POINT('Ctrl Pts',(231.999996379811,27.7500757262057,0.242706600516017));
#9288=CARTESIAN_POINT('Ctrl Pts',(231.949773392081,27.7463965226476,0.510608993869951));
#9289=CARTESIAN_POINT('Ctrl Pts',(231.745640199681,27.7329505698096,1.00334153195951));
#9290=CARTESIAN_POINT('Ctrl Pts',(231.591734769783,27.7233777135707,1.22817892677189));
#9291=CARTESIAN_POINT('Ctrl Pts',(231.236689707361,27.7053693858357,1.58322552475212));
#9292=CARTESIAN_POINT('Ctrl Pts',(231.011851781132,27.6957638571833,1.73713214904777));
#9293=CARTESIAN_POINT('Ctrl Pts',(230.519117705016,27.6822044871462,1.94126723851684));
#9294=CARTESIAN_POINT('Ctrl Pts',(230.251214188487,27.6784476399439,1.99149095977977));
#9295=CARTESIAN_POINT('Ctrl Pts',(229.999996379811,27.6784476399439,1.99149095977977));
#9296=CARTESIAN_POINT('Origin',(229.976174678758,0.,0.));
#9297=CARTESIAN_POINT('',(224.976174678758,-2.78607146806023E-15,22.75));
#9298=CARTESIAN_POINT('Origin',(224.976174678758,0.,0.));
#9299=CARTESIAN_POINT('',(229.976174678758,-2.78607146806023E-15,22.75));
#9300=CARTESIAN_POINT('',(244.976174678758,-2.78607146806023E-15,22.75));
#9301=CARTESIAN_POINT('',(229.976174678758,-2.78607146806023E-15,22.75));
#9302=CARTESIAN_POINT('Origin',(244.976174678758,0.,0.));
#9303=CARTESIAN_POINT('Origin',(244.976174678758,0.,-30.));
#9304=CARTESIAN_POINT('',(244.976174678758,3.06161699786838E-15,25.));
#9305=CARTESIAN_POINT('Origin',(244.976174678758,0.,0.));
#9306=CARTESIAN_POINT('Origin',(252.476174678758,0.,0.));
#9307=CARTESIAN_POINT('',(259.976174678758,3.06161699786838E-15,25.));
#9308=CARTESIAN_POINT('',(252.476174678758,-3.06161699786838E-15,25.));
#9309=CARTESIAN_POINT('Origin',(259.976174678758,0.,0.));
#9310=CARTESIAN_POINT('Origin',(259.976174678758,0.,-27.75));
#9311=CARTESIAN_POINT('',(259.976174678758,-2.78607146806023E-15,22.75));
#9312=CARTESIAN_POINT('Origin',(259.976174678758,0.,0.));
#9313=CARTESIAN_POINT('Origin',(274.976174678758,0.,0.));
#9314=CARTESIAN_POINT('',(274.976174678758,-2.78607146806023E-15,22.75));
#9315=CARTESIAN_POINT('',(284.976174678758,2.78607146806023E-15,22.75));
#9316=CARTESIAN_POINT('',(274.976174678758,-2.78607146806023E-15,22.75));
#9317=CARTESIAN_POINT('Origin',(284.976174678758,0.,0.));
#9318=CARTESIAN_POINT('Origin',(224.976174678758,0.,-27.75));
#9319=CARTESIAN_POINT('Origin',(229.976174678758,0.,0.));
#9320=CARTESIAN_POINT('',(239.976174678758,-3.39839486763391E-15,27.75));
#9321=CARTESIAN_POINT('Origin',(239.976174678758,0.,0.));
#9322=CARTESIAN_POINT('',(229.976174678758,-3.39839486763391E-15,27.75));
#9323=CARTESIAN_POINT('',(219.976174678758,-3.39839486763391E-15,27.75));
#9324=CARTESIAN_POINT('',(229.976174678758,-3.39839486763391E-15,27.75));
#9325=CARTESIAN_POINT('Origin',(219.976174678758,0.,0.));
#9326=CARTESIAN_POINT('Origin',(239.976174678758,0.,-30.));
#9327=CARTESIAN_POINT('',(239.976174678758,-3.67394039744206E-15,30.));
#9328=CARTESIAN_POINT('Origin',(239.976174678758,0.,0.));
#9329=CARTESIAN_POINT('Origin',(252.476174678758,0.,0.));
#9330=CARTESIAN_POINT('',(264.976174678758,-3.67394039744206E-15,30.));
#9331=CARTESIAN_POINT('Origin',(264.976174678758,0.,0.));
#9332=CARTESIAN_POINT('',(252.476174678758,-3.67394039744206E-15,30.));
#9333=CARTESIAN_POINT('Origin',(264.976174678758,0.,-27.75));
#9334=CARTESIAN_POINT('',(264.976174678758,-3.39839486763391E-15,27.75));
#9335=CARTESIAN_POINT('Origin',(264.976174678758,0.,0.));
#9336=CARTESIAN_POINT('Origin',(274.976174678758,0.,0.));
#9337=CARTESIAN_POINT('',(284.976174678758,-3.39839486763391E-15,27.75));
#9338=CARTESIAN_POINT('Origin',(284.976174678758,0.,0.));
#9339=CARTESIAN_POINT('',(274.976174678758,-3.39839486763391E-15,27.75));
#9340=CARTESIAN_POINT('',(274.976174678758,-3.39839486763391E-15,27.75));
#9341=CARTESIAN_POINT('Origin',(284.976174678758,0.,4.44089209850063E-15));
#9342=CARTESIAN_POINT('Origin',(219.976174678758,0.,-27.75));
#9343=UNCERTAINTY_MEASURE_WITH_UNIT(LENGTH_MEASURE(0.01),#9347,
'DISTANCE_ACCURACY_VALUE',
'Maximum model space distance between geometric entities at asserted c
onnectivities');
#9344=UNCERTAINTY_MEASURE_WITH_UNIT(LENGTH_MEASURE(0.01),#9347,
'DISTANCE_ACCURACY_VALUE',
'Maximum model space distance between geometric entities at asserted c
onnectivities');
#9345=(
GEOMETRIC_REPRESENTATION_CONTEXT(3)
GLOBAL_UNCERTAINTY_ASSIGNED_CONTEXT((#9343))
GLOBAL_UNIT_ASSIGNED_CONTEXT((#9347,#9349,#9350))
REPRESENTATION_CONTEXT('','3D')
);
#9346=(
GEOMETRIC_REPRESENTATION_CONTEXT(3)
GLOBAL_UNCERTAINTY_ASSIGNED_CONTEXT((#9344))
GLOBAL_UNIT_ASSIGNED_CONTEXT((#9347,#9349,#9350))
REPRESENTATION_CONTEXT('','3D')
);
#9347=(
LENGTH_UNIT()
NAMED_UNIT(*)
SI_UNIT(.MILLI.,.METRE.)
);
#9348=(
LENGTH_UNIT()
NAMED_UNIT(*)
SI_UNIT($,.METRE.)
);
#9349=(
NAMED_UNIT(*)
PLANE_ANGLE_UNIT()
SI_UNIT($,.RADIAN.)
);
#9350=(
NAMED_UNIT(*)
SI_UNIT($,.STERADIAN.)
SOLID_ANGLE_UNIT()
);
#9351=SHAPE_DEFINITION_REPRESENTATION(#9352,#9353);
#9352=PRODUCT_DEFINITION_SHAPE('',$,#9355);
#9353=SHAPE_REPRESENTATION('',(#3499),#9345);
#9354=PRODUCT_DEFINITION_CONTEXT('part definition',#9359,'design');
#9355=PRODUCT_DEFINITION('\X2\7BAD4F53\X0\','\X2\7BAD4F53\X0\ v3',#9356,
#9354);
#9356=PRODUCT_DEFINITION_FORMATION('',$,#9361);
#9357=PRODUCT_RELATED_PRODUCT_CATEGORY('\X2\7BAD4F53\X0\ v3',
'\X2\7BAD4F53\X0\ v3',(#9361));
#9358=APPLICATION_PROTOCOL_DEFINITION('international standard',
'automotive_design',2009,#9359);
#9359=APPLICATION_CONTEXT(
'Core Data for Automotive Mechanical Design Process');
#9360=PRODUCT_CONTEXT('part definition',#9359,'mechanical');
#9361=PRODUCT('\X2\7BAD4F53\X0\','\X2\7BAD4F53\X0\ v3',$,(#9360));
#9362=PRESENTATION_STYLE_ASSIGNMENT((#9363));
#9363=SURFACE_STYLE_USAGE(.BOTH.,#9364);
#9364=SURFACE_SIDE_STYLE('',(#9365));
#9365=SURFACE_STYLE_FILL_AREA(#9366);
#9366=FILL_AREA_STYLE('\X2\94A2\X0\ - \X2\7F0E5149\X0\',(#9367));
#9367=FILL_AREA_STYLE_COLOUR('\X2\94A2\X0\ - \X2\7F0E5149\X0\',#9368);
#9368=COLOUR_RGB('\X2\94A2\X0\ - \X2\7F0E5149\X0\',0.627450980392157,0.627450980392157,
0.627450980392157);
ENDSEC;
END-ISO-10303-21;
